{
"type": "FeatureCollection",
"name": "CUENCAS",
"crs": { "type": "name", "properties": { "name": "urn:ogc:def:crs:OGC:1.3:CRS84" } },
"features": [
{ "type": "Feature", "properties": { "ID_WS": 1, "HAS_WS": 14879.057 }, "geometry": { "type": "MultiPolygon", "coordinates": [ [ [ [ -95.774346937860074, 16.606891836119818 ], [ -95.767019992678456, 16.61424221450671 ], [ -95.766313340488281, 16.622546387006214 ], [ -95.770819091427896, 16.627083672673365 ], [ -95.764956834590166, 16.632975260000379 ], [ -95.760075548347857, 16.633686658812298 ], [ -95.750357734222007, 16.643378363820524 ], [ -95.749646674454425, 16.64825778576834 ], [ -95.746186658787209, 16.651742214431739 ], [ -95.745480007496369, 16.656591118785254 ], [ -95.742019992728459, 16.66007554834793 ], [ -95.741313340538227, 16.664924451802001 ], [ -95.727454461354299, 16.678808932886 ], [ -95.722575547523505, 16.679519992653596 ], [ -95.712855530058647, 16.689213731928319 ], [ -95.712146674529436, 16.698257785668332 ], [ -95.708686658862192, 16.701742214331752 ], [ -95.708333333216729, 16.712499999975098 ], [ -95.704166666258658, 16.712499999975147 ], [ -95.703315734933213, 16.71581590468038 ], [ -95.700000000199836, 16.716666666933282 ], [ -95.693408881514657, 16.717019992578614 ], [ -95.687858072492034, 16.722542995462938 ], [ -95.687146674579324, 16.727424451677194 ], [ -95.679519992853358, 16.735075548198058 ], [ -95.678813340663154, 16.739924451652204 ], [ -95.675353325895259, 16.743408881214947 ], [ -95.674646674604318, 16.748257785568462 ], [ -95.66701999197906, 16.755908881189992 ], [ -95.666313340688077, 16.773257785518403 ], [ -95.662853325920224, 16.77674221418194 ], [ -95.662146674629298, 16.785757785493434 ], [ -95.650353325945218, 16.797575548073162 ], [ -95.649646674654278, 16.806591118485457 ], [ -95.642019992028992, 16.81424221500631 ], [ -95.641800462395167, 16.81704311909796 ], [ -95.641313340738108, 16.823257785418544 ], [ -95.633686659012142, 16.830908881040049 ], [ -95.633333333366636, 16.833333333666459 ], [ -95.630876498851293, 16.832975260499996 ], [ -95.625353325995164, 16.8274244523767 ], [ -95.624886648065768, 16.824222232320654 ], [ -95.62464667470428, 16.822575548023192 ], [ -95.621186659037022, 16.819091118460491 ], [ -95.620480007746167, 16.810075548048161 ], [ -95.617019992078994, 16.806591118485368 ], [ -95.616313340788025, 16.801742215031222 ], [ -95.608686659062002, 16.794091118510472 ], [ -95.607980007771118, 16.78924221505622 ], [ -95.604519992103945, 16.78575778549347 ], [ -95.604166666458454, 16.783333333766425 ], [ -95.606377156880228, 16.782766045016956 ], [ -95.610289509952921, 16.779733954658358 ], [ -95.619945949845672, 16.778458319395948 ], [ -95.621400621241648, 16.772789510327687 ], [ -95.632766045516618, 16.760543823338825 ], [ -95.633900621216625, 16.747789510377579 ], [ -95.636932712474703, 16.74387715640562 ], [ -95.638067288174838, 16.735289510402673 ], [ -95.641099378533454, 16.731377156430668 ], [ -95.642233954233589, 16.728420002980748 ], [ -95.639090713448084, 16.724364429111819 ], [ -95.664340749911659, 16.709255709935757 ], [ -95.666860799542121, 16.707582950920266 ], [ -95.667794230019695, 16.706914970302179 ], [ -95.668571200101539, 16.70673018028447 ], [ -95.66939311006827, 16.706360571235113 ], [ -95.669928479837722, 16.706076030114442 ], [ -95.671074859908501, 16.705735819589453 ], [ -95.674699970032236, 16.704344079721135 ], [ -95.680445340467372, 16.700084149575741 ], [ -95.682521919551988, 16.699989030319298 ], [ -95.681056259878005, 16.698087849919627 ], [ -95.678506780313995, 16.697621771185794 ], [ -95.672114310018785, 16.696775179871853 ], [ -95.67136945014208, 16.696395260076713 ], [ -95.671746049539493, 16.695695400184281 ], [ -95.673413920272239, 16.694062420413125 ], [ -95.673226519617316, 16.691714949609025 ], [ -95.668024520134622, 16.688889680107412 ], [ -95.664644200259318, 16.689487661129963 ], [ -95.654772489513405, 16.675010150398862 ], [ -95.651585220230132, 16.671763710048541 ], [ -95.652668379936145, 16.662880049549891 ], [ -95.661302180153626, 16.648639380156023 ], [ -95.687746200035264, 16.638154109797863 ], [ -95.676525749610846, 16.637605460950493 ], [ -95.678445369903514, 16.628055280829525 ], [ -95.678851979984174, 16.626087509936696 ], [ -95.679659000042392, 16.621908599761081 ], [ -95.679499879593919, 16.619777139864606 ], [ -95.679355459854861, 16.617622290050253 ], [ -95.678300999642715, 16.611999710195814 ], [ -95.689121819932836, 16.614680341022208 ], [ -95.694201519227875, 16.614300570459225 ], [ -95.694664628798918, 16.614265940669693 ], [ -95.699681920058651, 16.613405620963011 ], [ -95.706275169384767, 16.612254199558677 ], [ -95.706562600168468, 16.612215750245387 ], [ -95.709273849977805, 16.611853139890634 ], [ -95.71238186036085, 16.611436250396288 ], [ -95.718719850268641, 16.610342850048585 ], [ -95.729223629637602, 16.608997829666542 ], [ -95.729932660352858, 16.608504950115911 ], [ -95.7316312501613, 16.607426710160791 ], [ -95.735568630367098, 16.603708419801631 ], [ -95.746347949937956, 16.587288620352268 ], [ -95.746751773626869, 16.582158021452724 ], [ -95.747575548372865, 16.582980007621376 ], [ -95.756591118785138, 16.583686658912292 ], [ -95.760075548347842, 16.587146674579383 ], [ -95.764212883917409, 16.587853325870316 ], [ -95.766049191285532, 16.586029895752009 ], [ -95.768408881364806, 16.583686658912274 ], [ -95.775000000049985, 16.583333333266783 ], [ -95.774646674404494, 16.606591118885142 ], [ -95.774346937860074, 16.606891836119818 ] ] ] ] } },
{ "type": "Feature", "properties": { "ID_WS": 2, "HAS_WS": 6742.994 }, "geometry": { "type": "MultiPolygon", "coordinates": [ [ [ [ -95.870475744297394, 16.344439974277716 ], [ -95.870266045041902, 16.343622843319611 ], [ -95.867233954683272, 16.339710490247061 ], [ -95.866666666833169, 16.337499999825216 ], [ -95.851742214231805, 16.337853325470615 ], [ -95.833687167628639, 16.355883111016752 ], [ -95.833333332966959, 16.370833333691508 ], [ -95.829166666908193, 16.370833333691461 ], [ -95.829166666908193, 16.374999999750273 ], [ -95.822575548222972, 16.375353325395675 ], [ -95.814924451702069, 16.382980008020979 ], [ -95.793408881314818, 16.383686659311966 ], [ -95.789924451752029, 16.387146674079879 ], [ -95.785075548297911, 16.387853325370738 ], [ -95.777424451777009, 16.395480007996039 ], [ -95.76666666703305, 16.395833333641466 ], [ -95.765757411974988, 16.392290242201014 ], [ -95.742657131821176, 16.391047498743198 ], [ -95.739360175001693, 16.387094174679358 ], [ -95.738059647676707, 16.385429888251409 ], [ -95.738004340095301, 16.385359110056065 ], [ -95.738050399600951, 16.385291977326961 ], [ -95.767163799699048, 16.342844509600901 ], [ -95.762717199606769, 16.342438539980449 ], [ -95.762935309864019, 16.342120279579923 ], [ -95.780373290263185, 16.334596399814902 ], [ -95.828213280279627, 16.31447868045387 ], [ -95.845598107750234, 16.318062857289323 ], [ -95.855333075767433, 16.314586434127847 ], [ -95.868157147684869, 16.321434862293557 ], [ -95.878674245418324, 16.32705003882737 ], [ -95.870475744297394, 16.344439974277716 ] ] ] ] } },
{ "type": "Feature", "properties": { "ID_WS": 3, "HAS_WS": 17080.458 }, "geometry": { "type": "MultiPolygon", "coordinates": [ [ [ [ -95.708333333216729, 16.712499999975098 ], [ -95.708686658862192, 16.701742214331752 ], [ -95.712146674529436, 16.698257785668332 ], [ -95.712855530058647, 16.689213731928319 ], [ -95.722575547523505, 16.679519992653596 ], [ -95.727454461354299, 16.678808932886 ], [ -95.741313340538227, 16.664924451802001 ], [ -95.742019992728459, 16.66007554834793 ], [ -95.745480007496369, 16.656591118785254 ], [ -95.746186658787209, 16.651742214431739 ], [ -95.749646674454425, 16.64825778576834 ], [ -95.750357734222007, 16.643378363820524 ], [ -95.760075548347857, 16.633686658812298 ], [ -95.764956834590166, 16.632975260000379 ], [ -95.770819091427896, 16.627083672673365 ], [ -95.766313340488281, 16.622546387006214 ], [ -95.767019992678456, 16.61424221450671 ], [ -95.774346937860074, 16.606891836119818 ], [ -95.774646674404494, 16.606591118885142 ], [ -95.775000000049985, 16.583333333266783 ], [ -95.775913323640978, 16.579774305839607 ], [ -95.791666666983105, 16.57916666630863 ], [ -95.8, 16.579166666308712 ], [ -95.80354309054114, 16.580075751394865 ], [ -95.804166666958082, 16.591666666283643 ], [ -95.804519992603574, 16.594091118910089 ], [ -95.810043165459717, 16.599641927033353 ], [ -95.812499999974989, 16.600000000199923 ], [ -95.8131176417657, 16.606326971812379 ], [ -95.816049025142433, 16.610339694621281 ], [ -95.817284308723885, 16.614660305728577 ], [ -95.820215691201199, 16.618673027638163 ], [ -95.821450974782692, 16.625469292473916 ], [ -95.817284308723856, 16.631173027613226 ], [ -95.816049025142405, 16.635493638720554 ], [ -95.813117641765729, 16.639506361529481 ], [ -95.811882358184207, 16.650736829940723 ], [ -95.820215691201227, 16.660339694521269 ], [ -95.82145097478265, 16.668826971687434 ], [ -95.824382358159298, 16.672839694496346 ], [ -95.825705634107692, 16.690859645955893 ], [ -95.835493469448068, 16.692284138802034 ], [ -95.839506530402048, 16.695215861223048 ], [ -95.841666666883199, 16.695833333041953 ], [ -95.844982401616491, 16.696684095294788 ], [ -95.846400620791997, 16.702210489522535 ], [ -95.849432712050017, 16.706122843494477 ], [ -95.85056728775011, 16.709079996944425 ], [ -95.846400620792011, 16.714456176511391 ], [ -95.84583333294195, 16.720833332991951 ], [ -95.838399589969072, 16.72149454783515 ], [ -95.836612616379099, 16.728458319495921 ], [ -95.826956176486348, 16.729733954758313 ], [ -95.810543823438636, 16.745266045092027 ], [ -95.807586669988751, 16.746400620792119 ], [ -95.802083333479032, 16.74213528111839 ], [ -95.798043823463686, 16.745266045091995 ], [ -95.792327880926891, 16.746732923885375 ], [ -95.791666666983119, 16.75416666685819 ], [ -95.787500000024934, 16.75416666685819 ], [ -95.786649067800241, 16.757482570664145 ], [ -95.783333333066835, 16.758333332917061 ], [ -95.772575548322877, 16.758686659461812 ], [ -95.769091118760088, 16.762146674229637 ], [ -95.764242214406678, 16.762853325520677 ], [ -95.756591118785124, 16.770480007246675 ], [ -95.750000000099874, 16.770833332892039 ], [ -95.749432712249842, 16.768622843369673 ], [ -95.733900621016829, 16.752210490321993 ], [ -95.732826317424752, 16.744079378524344 ], [ -95.732629055186749, 16.742586263245503 ], [ -95.727210489672331, 16.738067287775234 ], [ -95.722789509728102, 16.736932712075081 ], [ -95.718877156655438, 16.733900620817096 ], [ -95.713208516659719, 16.732445950320376 ], [ -95.711932712324796, 16.722789510427688 ], [ -95.708900621066761, 16.718877156455797 ], [ -95.708333333216729, 16.712499999975098 ] ] ] ] } },
{ "type": "Feature", "properties": { "ID_WS": 4, "HAS_WS": 11859.05 }, "geometry": { "type": "MultiPolygon", "coordinates": [ [ [ [ -95.633333333366636, 16.833333333666459 ], [ -95.633686659012142, 16.830908881040049 ], [ -95.641313340738108, 16.823257785418544 ], [ -95.641800462395167, 16.81704311909796 ], [ -95.642019992028992, 16.81424221500631 ], [ -95.649646674654278, 16.806591118485457 ], [ -95.650353325945218, 16.797575548073162 ], [ -95.662146674629298, 16.785757785493434 ], [ -95.662853325920224, 16.77674221418194 ], [ -95.666313340688077, 16.773257785518403 ], [ -95.66701999197906, 16.755908881189992 ], [ -95.674646674604318, 16.748257785568462 ], [ -95.675353325895259, 16.743408881214947 ], [ -95.678813340663154, 16.739924451652204 ], [ -95.679519992853358, 16.735075548198058 ], [ -95.687146674579324, 16.727424451677194 ], [ -95.687858072492034, 16.722542995462938 ], [ -95.693408881514657, 16.717019992578614 ], [ -95.700000000199836, 16.716666666933282 ], [ -95.703315734933213, 16.71581590468038 ], [ -95.704166666258658, 16.712499999975147 ], [ -95.708333333216729, 16.712499999975098 ], [ -95.708900621066761, 16.718877156455797 ], [ -95.711932712324796, 16.722789510427688 ], [ -95.713208516659719, 16.732445950320376 ], [ -95.718877156655438, 16.733900620817096 ], [ -95.722789509728102, 16.736932712075081 ], [ -95.727210489672331, 16.738067287775234 ], [ -95.732629055186749, 16.742586263245503 ], [ -95.732826317424752, 16.744079378524344 ], [ -95.733900621016829, 16.752210490321993 ], [ -95.749432712249842, 16.768622843369673 ], [ -95.750000000099874, 16.770833332892039 ], [ -95.746684265366511, 16.771684096044265 ], [ -95.745266045291729, 16.777210490272005 ], [ -95.74223395493307, 16.781122843344633 ], [ -95.741099379232992, 16.785543823288961 ], [ -95.738067287974914, 16.789456176361501 ], [ -95.736932712274836, 16.7980438232639 ], [ -95.733900621016858, 16.801956176336631 ], [ -95.732672119222968, 16.815767076689248 ], [ -95.725850931475307, 16.817517428986275 ], [ -95.724432712299802, 16.823043823213933 ], [ -95.717233954982987, 16.831122843244664 ], [ -95.716099378383532, 16.839710490147088 ], [ -95.713067288024931, 16.843622843219727 ], [ -95.711932712324781, 16.848043823163977 ], [ -95.690970527168076, 16.869942558702228 ], [ -95.684184265491481, 16.871684095844394 ], [ -95.683333333266674, 16.874999999650253 ], [ -95.679166666308618, 16.874999999650303 ], [ -95.676742214581523, 16.875353325295752 ], [ -95.673257785018777, 16.878813340962996 ], [ -95.670833333291739, 16.879166666608452 ], [ -95.670480007646162, 16.876742214881347 ], [ -95.667019991979089, 16.873257785318607 ], [ -95.666666666333526, 16.866666666633517 ], [ -95.666311984510472, 16.860048760741883 ], [ -95.648257785068708, 16.842019992328897 ], [ -95.64340888161459, 16.841313341037917 ], [ -95.635757785093702, 16.833686659311894 ], [ -95.633333333366636, 16.833333333666459 ] ] ] ] } },
{ "type": "Feature", "properties": { "ID_WS": 5, "HAS_WS": 3072.059 }, "geometry": { "type": "MultiPolygon", "coordinates": [ [ [ [ -95.833333332966959, 16.370833333691508 ], [ -95.833687167628639, 16.355883111016752 ], [ -95.851742214231805, 16.337853325470615 ], [ -95.866666666833169, 16.337499999825216 ], [ -95.867233954683272, 16.339710490247061 ], [ -95.870266045041902, 16.343622843319611 ], [ -95.870475744297394, 16.344439974277716 ], [ -95.851631319885868, 16.384395169857061 ], [ -95.853153119062199, 16.388936380482392 ], [ -95.855990399677054, 16.390162950362324 ], [ -95.854932119841891, 16.392934259908515 ], [ -95.858499969448175, 16.394664570438078 ], [ -95.860899259499377, 16.394709569841794 ], [ -95.86068815026195, 16.398773080989734 ], [ -95.8608012502457, 16.398426569811036 ], [ -95.861097180391056, 16.398954850948769 ], [ -95.861799660265035, 16.398718570501426 ], [ -95.862393169317244, 16.398258920473783 ], [ -95.863099318789011, 16.39794125029087 ], [ -95.863915419597646, 16.397878421195145 ], [ -95.864456770187815, 16.3978041702381 ], [ -95.864933229871582, 16.397734600859938 ], [ -95.865812999893706, 16.397537800644496 ], [ -95.866834279990513, 16.397089571167584 ], [ -95.86733128982317, 16.39699368990167 ], [ -95.867696289619957, 16.396926261184962 ], [ -95.868475320179883, 16.396953480612716 ], [ -95.869328850058579, 16.396780379825096 ], [ -95.869706619729698, 16.396766850342615 ], [ -95.86988537930209, 16.396929460179919 ], [ -95.86999236866032, 16.397239521097273 ], [ -95.87010474984875, 16.397540080931499 ], [ -95.870273879861912, 16.397920580534254 ], [ -95.870429628923219, 16.398272890786377 ], [ -95.870774769130449, 16.398427830132093 ], [ -95.871631828566493, 16.398036320700413 ], [ -95.873819999377048, 16.397054350832299 ], [ -95.874470179100712, 16.397358881041146 ], [ -95.875128920000549, 16.397308681343112 ], [ -95.875282249899215, 16.397578779928196 ], [ -95.875275549792377, 16.397976150504391 ], [ -95.874964678928706, 16.398292020496051 ], [ -95.874801458829495, 16.398833660147027 ], [ -95.875043659561015, 16.39943792068145 ], [ -95.875503250026142, 16.399713201268678 ], [ -95.876023060129981, 16.399894060045316 ], [ -95.877161420064283, 16.399653399840421 ], [ -95.877793319924777, 16.399327690482288 ], [ -95.878435938990791, 16.399060691107888 ], [ -95.878735059479581, 16.399357769770319 ], [ -95.879141649812951, 16.399689979995841 ], [ -95.879985089485075, 16.399424350902084 ], [ -95.879721153608031, 16.400000006440475 ], [ -95.879166666808217, 16.399999999700391 ], [ -95.879166666808203, 16.404166666658384 ], [ -95.875708516334981, 16.405054050204285 ], [ -95.8744327120001, 16.414710490097043 ], [ -95.871400621641314, 16.418622843169775 ], [ -95.870266045041916, 16.423043823114003 ], [ -95.867233954683286, 16.426956177086023 ], [ -95.866099378983151, 16.431377156130935 ], [ -95.858900620766988, 16.439456177061032 ], [ -95.857766045066924, 16.443877157005328 ], [ -95.855994475268645, 16.446163071548007 ], [ -95.854733954708195, 16.447789510077843 ], [ -95.853599379008088, 16.450746663527681 ], [ -95.857766045066953, 16.456122843094828 ], [ -95.858333332916999, 16.462499999575346 ], [ -95.855828908805577, 16.462365734966866 ], [ -95.85171288374255, 16.462144978707858 ], [ -95.845480007296544, 16.455881076550504 ], [ -95.845585088505558, 16.454026547977108 ], [ -95.846186659486705, 16.443408880915239 ], [ -95.846794273835854, 16.44279703494491 ], [ -95.850353325545527, 16.439213053439648 ], [ -95.849646674254615, 16.426742214881383 ], [ -95.846186659486747, 16.423257785318594 ], [ -95.845480007296544, 16.401742214931364 ], [ -95.84480769541112, 16.4010651771464 ], [ -95.84201999252862, 16.398257785368681 ], [ -95.841313341237651, 16.393408881015123 ], [ -95.837853325570563, 16.389924452351647 ], [ -95.837146674279538, 16.380908881040064 ], [ -95.833686659511656, 16.377424452376637 ], [ -95.833333332966959, 16.370833333691508 ] ] ] ] } },
{ "type": "Feature", "properties": { "ID_WS": 6, "HAS_WS": 13482.532 }, "geometry": { "type": "MultiPolygon", "coordinates": [ [ [ [ -95.739360175001693, 16.387094174679358 ], [ -95.742657131821176, 16.391047498743198 ], [ -95.765757411974988, 16.392290242201014 ], [ -95.76666666703305, 16.395833333641466 ], [ -95.777424451777009, 16.395480007996039 ], [ -95.785075548297911, 16.387853325370738 ], [ -95.789924451752029, 16.387146674079879 ], [ -95.793408881314818, 16.383686659311966 ], [ -95.814924451702069, 16.382980008020979 ], [ -95.822575548222972, 16.375353325395675 ], [ -95.829166666908193, 16.374999999750273 ], [ -95.829166666908193, 16.370833333691461 ], [ -95.833333332966959, 16.370833333691508 ], [ -95.833686659511656, 16.377424452376637 ], [ -95.837146674279538, 16.380908881040064 ], [ -95.837853325570563, 16.389924452351647 ], [ -95.841313341237651, 16.393408881015123 ], [ -95.84201999252862, 16.398257785368681 ], [ -95.84480769541112, 16.4010651771464 ], [ -95.845480007296544, 16.401742214931364 ], [ -95.846186659486747, 16.423257785318594 ], [ -95.849646674254615, 16.426742214881383 ], [ -95.850353325545527, 16.439213053439648 ], [ -95.846794273835854, 16.44279703494491 ], [ -95.846186659486705, 16.443408880915239 ], [ -95.845585088505558, 16.454026547977108 ], [ -95.845480007296544, 16.455881076550504 ], [ -95.85171288374255, 16.462144978707858 ], [ -95.855828908805577, 16.462365734966866 ], [ -95.858333332916999, 16.462499999575346 ], [ -95.858648200761607, 16.464660560258924 ], [ -95.858686659461739, 16.46492445220186 ], [ -95.866313341187691, 16.472575547823368 ], [ -95.867019992478617, 16.476713053364797 ], [ -95.862853325520518, 16.480908881739534 ], [ -95.862499999875126, 16.487500000424752 ], [ -95.852294356471887, 16.487258550708468 ], [ -95.847575548173054, 16.487146673879931 ], [ -95.839924451652109, 16.479519992154 ], [ -95.835075548197992, 16.478813340863052 ], [ -95.831250000387172, 16.475014580258797 ], [ -95.827424451677132, 16.478813340863034 ], [ -95.812499999974989, 16.479166666508572 ], [ -95.797575548272903, 16.479519992154 ], [ -95.793379550825648, 16.483686659112152 ], [ -95.789242214356676, 16.482980007821176 ], [ -95.785046216909393, 16.478813340863052 ], [ -95.77257554832282, 16.479519992153936 ], [ -95.769091118760088, 16.482980007821201 ], [ -95.764242214406607, 16.483686659112099 ], [ -95.760757785743223, 16.487146673879945 ], [ -95.755908881389701, 16.487853326070255 ], [ -95.747548930238921, 16.496186659087094 ], [ -95.739242214456596, 16.495480007796218 ], [ -95.735757785793197, 16.492019992129055 ], [ -95.720833333191734, 16.491666666483539 ], [ -95.7204800075463, 16.489242214756505 ], [ -95.712853325820248, 16.481591119134887 ], [ -95.712500000174884, 16.475000000449768 ], [ -95.710320113607452, 16.474806116862549 ], [ -95.72114811895122, 16.458072620959758 ], [ -95.724766590156136, 16.452940181207815 ], [ -95.734153090302854, 16.439624430108108 ], [ -95.735149657037013, 16.438191911501846 ], [ -95.756841180151582, 16.407003369801387 ], [ -95.749587749653926, 16.399805949569007 ], [ -95.74828197983939, 16.398510170440066 ], [ -95.746566970235776, 16.396315889704525 ], [ -95.739360175001693, 16.387094174679358 ] ] ] ] } },
{ "type": "Feature", "properties": { "ID_WS": 7, "HAS_WS": 4386.524 }, "geometry": { "type": "MultiPolygon", "coordinates": [ [ [ [ -95.8672393438803, 16.773509716973692 ], [ -95.87017737458612, 16.775959946994043 ], [ -95.870833332891991, 16.783333333766375 ], [ -95.866666666833169, 16.783333333766425 ], [ -95.866666666833197, 16.787499999825215 ], [ -95.847575548172969, 16.787853325470707 ], [ -95.844091118610237, 16.791313341137879 ], [ -95.8391753033155, 16.791475069371849 ], [ -95.822575548222915, 16.792019992428799 ], [ -95.814924451702026, 16.799646674154793 ], [ -95.804166666958082, 16.799999999800139 ], [ -95.800708516484832, 16.799112616254234 ], [ -95.799432712149894, 16.789456176361519 ], [ -95.796400620891973, 16.785543823288961 ], [ -95.795266045191838, 16.781122843344651 ], [ -95.792233954833137, 16.777210490272005 ], [ -95.791666666983119, 16.75416666685819 ], [ -95.792327880926891, 16.746732923885375 ], [ -95.798043823463686, 16.745266045091995 ], [ -95.802083333479032, 16.74213528111839 ], [ -95.807586669988751, 16.746400620792119 ], [ -95.810543823438636, 16.745266045092027 ], [ -95.826956176486348, 16.729733954758313 ], [ -95.836612616379099, 16.728458319495921 ], [ -95.838399589969072, 16.72149454783515 ], [ -95.84583333294195, 16.720833332991951 ], [ -95.846186659486747, 16.72325778561839 ], [ -95.849646674254558, 16.726742214281856 ], [ -95.849999999900021, 16.733333332967007 ], [ -95.850529480251296, 16.752248127848901 ], [ -95.853770786192825, 16.756250000337332 ], [ -95.849517992061621, 16.761500719082971 ], [ -95.85088636631275, 16.765894232832636 ], [ -95.854166666858106, 16.766666666833302 ], [ -95.855054050404092, 16.770124986379138 ], [ -95.864710490296872, 16.771400621641483 ], [ -95.8672393438803, 16.773509716973692 ] ] ] ] } },
{ "type": "Feature", "properties": { "ID_WS": 8, "HAS_WS": 11283.432 }, "geometry": { "type": "MultiPolygon", "coordinates": [ [ [ [ -95.795372246037545, 16.851796679436809 ], [ -95.795266045191838, 16.852210490122047 ], [ -95.793229835402187, 16.854837871163816 ], [ -95.792233954833151, 16.856122843194729 ], [ -95.79219136114304, 16.856758147723681 ], [ -95.791099379133016, 16.873043823114049 ], [ -95.788067287874981, 16.876956177086001 ], [ -95.786649067800283, 16.882482571313705 ], [ -95.781122843544367, 16.883900621416636 ], [ -95.778108148468689, 16.886414793043176 ], [ -95.777663879853279, 16.886368320131048 ], [ -95.777643350061481, 16.886369510065656 ], [ -95.754185198692127, 16.887668770817299 ], [ -95.744617450073903, 16.88819791997469 ], [ -95.74448520030866, 16.888205289932309 ], [ -95.717068629956557, 16.889604830518241 ], [ -95.717012490211204, 16.889607740824712 ], [ -95.694420750297525, 16.87291380124168 ], [ -95.694299450017894, 16.873030630208422 ], [ -95.686583321889856, 16.880539591575175 ], [ -95.685543823688505, 16.87973395445848 ], [ -95.680017598533354, 16.878315904355581 ], [ -95.679166666308618, 16.874999999650303 ], [ -95.683333333266674, 16.874999999650253 ], [ -95.684184265491481, 16.871684095844394 ], [ -95.690970527168076, 16.869942558702228 ], [ -95.711932712324781, 16.848043823163977 ], [ -95.713067288024931, 16.843622843219727 ], [ -95.716099378383532, 16.839710490147088 ], [ -95.717233954982987, 16.831122843244664 ], [ -95.724432712299802, 16.823043823213933 ], [ -95.725850931475307, 16.817517428986275 ], [ -95.732672119222968, 16.815767076689248 ], [ -95.733900621016858, 16.801956176336631 ], [ -95.736932712274836, 16.7980438232639 ], [ -95.738067287974914, 16.789456176361501 ], [ -95.741099379232992, 16.785543823288961 ], [ -95.74223395493307, 16.781122843344633 ], [ -95.745266045291729, 16.777210490272005 ], [ -95.746684265366511, 16.771684096044265 ], [ -95.750000000099874, 16.770833332892039 ], [ -95.756591118785124, 16.770480007246675 ], [ -95.764242214406678, 16.762853325520677 ], [ -95.769091118760088, 16.762146674229637 ], [ -95.772575548322877, 16.758686659461812 ], [ -95.783333333066835, 16.758333332917061 ], [ -95.786649067800241, 16.757482570664145 ], [ -95.787500000024934, 16.75416666685819 ], [ -95.791666666983119, 16.75416666685819 ], [ -95.792233954833137, 16.777210490272005 ], [ -95.795266045191838, 16.781122843344651 ], [ -95.796400620891973, 16.785543823288961 ], [ -95.799432712149894, 16.789456176361519 ], [ -95.800708516484832, 16.799112616254234 ], [ -95.804166666958082, 16.799999999800139 ], [ -95.804733954808128, 16.806377156280838 ], [ -95.807766045166815, 16.810289510252794 ], [ -95.808900620866964, 16.814710490197037 ], [ -95.811932712124957, 16.818622843269637 ], [ -95.813067287825064, 16.821579996719606 ], [ -95.808900620866993, 16.826956177185902 ], [ -95.807766045166801, 16.83137715623084 ], [ -95.800567287850001, 16.839456177160898 ], [ -95.799432712149923, 16.843877156205902 ], [ -95.796400620891944, 16.847789510177787 ], [ -95.795372246037545, 16.851796679436809 ] ] ] ] } },
{ "type": "Feature", "properties": { "ID_WS": 9, "HAS_WS": 20843.306 }, "geometry": { "type": "MultiPolygon", "coordinates": [ [ [ [ -95.941551653253356, 16.391275627692206 ], [ -95.947864879723198, 16.386648480625595 ], [ -95.943786950173319, 16.380516320229219 ], [ -95.944237220371861, 16.380086940311081 ], [ -95.945582550416887, 16.380098910283976 ], [ -95.945583324398683, 16.380099232439601 ], [ -95.946501909694859, 16.380481220542702 ], [ -95.947680549770013, 16.381346259806158 ], [ -95.949324339063054, 16.381718400786294 ], [ -95.95006065927582, 16.382498451120473 ], [ -95.950069492662209, 16.382497748835949 ], [ -95.951917169318477, 16.382350800794171 ], [ -95.953508398752831, 16.381325279949124 ], [ -95.954628078936111, 16.380367179679819 ], [ -95.955556478860146, 16.379259780063258 ], [ -95.956580579523518, 16.378213680555778 ], [ -95.956588828093032, 16.378215744514026 ], [ -95.959984830460229, 16.37906534008604 ], [ -95.960187337067637, 16.37977323412543 ], [ -95.960409058836674, 16.38054829036485 ], [ -95.960702628784489, 16.381893490024432 ], [ -95.961315339453776, 16.383892170876166 ], [ -95.961231180100384, 16.38637088135722 ], [ -95.9606739991426, 16.388726919813784 ], [ -95.960877660071787, 16.390736580152492 ], [ -95.961158600167977, 16.391794999644301 ], [ -95.961776779502102, 16.393472170740175 ], [ -95.963538689431758, 16.394440800010461 ], [ -95.965789709486273, 16.394740179832787 ], [ -95.965789802013191, 16.394739280199527 ], [ -95.965922968688886, 16.39344880054071 ], [ -95.966793459351706, 16.392063150276961 ], [ -95.96774308047668, 16.390644219615581 ], [ -95.970094119628385, 16.389950829579035 ], [ -95.9700993233633, 16.389952609411505 ], [ -95.972281067289344, 16.390698658986864 ], [ -95.972845149022831, 16.39089154097756 ], [ -95.975148660372042, 16.392174140623951 ], [ -95.977079090239812, 16.393617680376295 ], [ -95.977562249855765, 16.395547430768534 ], [ -95.977393062679113, 16.396435766864073 ], [ -95.97726659938985, 16.397099769907278 ], [ -95.976684079227951, 16.398894080522023 ], [ -95.976986679393988, 16.400330030641111 ], [ -95.977876320337927, 16.402051950765351 ], [ -95.97881371995048, 16.403670250333445 ], [ -95.979583089860526, 16.405059120398242 ], [ -95.98192926006277, 16.408019059834661 ], [ -95.982586258557902, 16.409137221107432 ], [ -95.983807508948104, 16.409728461212687 ], [ -95.984795480424992, 16.410653979647098 ], [ -95.985183339892373, 16.412366539565848 ], [ -95.984561738750983, 16.413569969847863 ], [ -95.98382202868244, 16.414743260682727 ], [ -95.983140199578742, 16.415563370156359 ], [ -95.983093199364106, 16.415969879932085 ], [ -95.983195258601981, 16.416249110060697 ], [ -95.98307305964461, 16.416326090322009 ], [ -95.98309371906916, 16.416768740936018 ], [ -95.983059169995428, 16.417239019732548 ], [ -95.983010079717943, 16.417669229628213 ], [ -95.982689428878231, 16.418164819730062 ], [ -95.982938379158, 16.418559860684912 ], [ -95.982947785573131, 16.418559510753358 ], [ -95.983659078624967, 16.418533061020572 ], [ -95.984079950112204, 16.418493350674687 ], [ -95.984631139099832, 16.418239771115733 ], [ -95.984640409038548, 16.418240451653272 ], [ -95.985117680447914, 16.418275479729203 ], [ -95.985398970079984, 16.418612481261004 ], [ -95.985408235573331, 16.418612146224596 ], [ -95.9858846889652, 16.418594910218619 ], [ -95.986167258619133, 16.418292509632053 ], [ -95.987137919546129, 16.418204091287159 ], [ -95.987587260316886, 16.417973920788423 ], [ -95.988039049093842, 16.417903550362354 ], [ -95.988044058533148, 16.417904708933463 ], [ -95.988560030232705, 16.418024020972258 ], [ -95.988563455258472, 16.418022928566689 ], [ -95.988944738800399, 16.417901309702373 ], [ -95.989692798619259, 16.417758200417207 ], [ -95.989697346010516, 16.417759620015225 ], [ -95.990177229644416, 16.417909449568306 ], [ -95.990220769379448, 16.418234401013262 ], [ -95.990230395425812, 16.418232911495963 ], [ -95.990918859967877, 16.418126380604612 ], [ -95.990924652920569, 16.418127412839162 ], [ -95.991336908995905, 16.41820086053675 ], [ -95.991338221235267, 16.418199734027638 ], [ -95.991699028670411, 16.417890020780447 ], [ -95.991708753955081, 16.417890551428481 ], [ -95.992400018902501, 16.417928291243815 ], [ -95.993149119146139, 16.418931181004481 ], [ -95.992977310328314, 16.419689779700796 ], [ -95.993192910437784, 16.420700290601022 ], [ -95.993825568674055, 16.421720919736334 ], [ -95.994118108753241, 16.423164860631697 ], [ -95.995935919996356, 16.424196750829463 ], [ -95.996899138826649, 16.425363199814381 ], [ -95.999084229583445, 16.42561826075999 ], [ -95.999999999906549, 16.426438980601915 ], [ -96.000706369855266, 16.427339971315771 ], [ -96.001132879622773, 16.427689379946344 ], [ -96.001645518926878, 16.427832880091312 ], [ -96.002290489099323, 16.427920310073173 ], [ -96.00229357715304, 16.427919788562431 ], [ -96.003249429329742, 16.427758320615681 ], [ -96.003752369723387, 16.427717740239654 ], [ -96.003755654802092, 16.427718670719379 ], [ -96.004300770362846, 16.427873140827518 ], [ -96.004681720347079, 16.428026660741736 ], [ -96.005144749921101, 16.428318980592739 ], [ -96.006308309553376, 16.429055719950785 ], [ -96.007852030243967, 16.430003311118845 ], [ -96.00822069011312, 16.430191251212396 ], [ -96.008932569357597, 16.43068160116837 ], [ -96.009310939839054, 16.431053520758617 ], [ -96.009843419983028, 16.431541941050639 ], [ -96.010390368959762, 16.431823711304322 ], [ -96.010722919194436, 16.432022689552955 ], [ -96.011064260453637, 16.432486079891312 ], [ -96.011406120168914, 16.432915080131213 ], [ -96.011973479302199, 16.433484369867202 ], [ -96.01241458008883, 16.433615540743517 ], [ -96.014140920281932, 16.43431232051493 ], [ -96.025511274637765, 16.431646265454066 ], [ -96.026956176986005, 16.432766045716516 ], [ -96.029166666508374, 16.433333333566523 ], [ -96.029166666508445, 16.437499999625363 ], [ -96.028511217218849, 16.439622327708253 ], [ -96.025655449739219, 16.443711005458614 ], [ -96.024262661592545, 16.46592949764829 ], [ -96.021987811697684, 16.466072236367022 ], [ -96.002044338475457, 16.467322116722386 ], [ -95.99791666702059, 16.470205349497331 ], [ -95.992892141807161, 16.466695563212873 ], [ -95.991912502559899, 16.466011217243896 ], [ -95.987357335545298, 16.466924992006753 ], [ -95.983429802943064, 16.467712741749626 ], [ -95.982691395772221, 16.468769913821728 ], [ -95.979822116797223, 16.47287767236682 ], [ -95.978620793242655, 16.492043063585417 ], [ -95.978401523411591, 16.49554070394035 ], [ -95.972955661674433, 16.499344550210896 ], [ -95.966666666633316, 16.500000000399716 ], [ -95.964211527340041, 16.500357733622582 ], [ -95.954519992303773, 16.510075547748343 ], [ -95.953813341012861, 16.519091119060032 ], [ -95.950353325345645, 16.52257554772341 ], [ -95.949645656921561, 16.539951579202086 ], [ -95.939924452351519, 16.549646674654348 ], [ -95.937499999725162, 16.550000000299839 ], [ -95.930908881039997, 16.550353325945327 ], [ -95.927424452376599, 16.55381334071318 ], [ -95.92257554802309, 16.554519992004121 ], [ -95.918379550575793, 16.558686658962177 ], [ -95.914242215006198, 16.557980007671311 ], [ -95.906591118485252, 16.550353325945363 ], [ -95.901742215031149, 16.549646674654316 ], [ -95.894091118510289, 16.542019992029104 ], [ -95.888412003300928, 16.541574920566955 ], [ -95.88507554809803, 16.541313340738281 ], [ -95.880077532672573, 16.536322106678277 ], [ -95.864924451602121, 16.521186659037166 ], [ -95.86249999987507, 16.520833333391721 ], [ -95.861970520423185, 16.510251871526723 ], [ -95.85872921448167, 16.506249999937648 ], [ -95.861970520423156, 16.502248128348512 ], [ -95.863029480226302, 16.497751871551674 ], [ -95.867196146285096, 16.492607286297371 ], [ -95.865754699419796, 16.488266669771114 ], [ -95.862499999875126, 16.487500000424752 ], [ -95.862853325520518, 16.480908881739534 ], [ -95.867019992478617, 16.476713053364797 ], [ -95.866313341187691, 16.472575547823368 ], [ -95.858686659461739, 16.46492445220186 ], [ -95.858648200761607, 16.464660560258924 ], [ -95.858333332916999, 16.462499999575346 ], [ -95.857766045066953, 16.456122843094828 ], [ -95.853599379008088, 16.450746663527681 ], [ -95.854733954708195, 16.447789510077843 ], [ -95.855994475268645, 16.446163071548007 ], [ -95.857766045066924, 16.443877157005328 ], [ -95.858900620766988, 16.439456177061032 ], [ -95.866099378983151, 16.431377156130935 ], [ -95.867233954683286, 16.426956177086023 ], [ -95.870266045041916, 16.423043823114003 ], [ -95.871400621641314, 16.418622843169775 ], [ -95.8744327120001, 16.414710490097043 ], [ -95.875708516334981, 16.405054050204285 ], [ -95.879166666808203, 16.404166666658384 ], [ -95.879166666808217, 16.399999999700391 ], [ -95.879721153608031, 16.400000006440475 ], [ -95.879595949328575, 16.400273080773797 ], [ -95.879439999379287, 16.400913459688763 ], [ -95.879422148694005, 16.401171089852369 ], [ -95.879279749379137, 16.401885349655149 ], [ -95.879387829476912, 16.40290226034741 ], [ -95.879791000218773, 16.403039421354386 ], [ -95.879837859344676, 16.403786201322141 ], [ -95.879655600359143, 16.404244601034673 ], [ -95.879260079020341, 16.404660320665222 ], [ -95.879038600009522, 16.404971279927523 ], [ -95.879251479060827, 16.405233661002608 ], [ -95.879320120389494, 16.405537580829289 ], [ -95.879506490098223, 16.405904510734878 ], [ -95.880811228605737, 16.405302719831315 ], [ -95.882049059319058, 16.40504732090363 ], [ -95.882815718572019, 16.405047201044042 ], [ -95.88326029020854, 16.404592290156518 ], [ -95.883534719325482, 16.404678980728384 ], [ -95.883830338931418, 16.405171630350093 ], [ -95.884765648906154, 16.405455060006268 ], [ -95.885035428745411, 16.406328951272673 ], [ -95.885051399019815, 16.406960861120282 ], [ -95.884722539947376, 16.407325749749369 ], [ -95.883867199411526, 16.407555489665533 ], [ -95.883339828680562, 16.407652050664339 ], [ -95.882861479066634, 16.407980920532843 ], [ -95.882743889031417, 16.40831993967031 ], [ -95.882971710171361, 16.408579000763524 ], [ -95.88346342029503, 16.408943111208995 ], [ -95.883995279489596, 16.409393719682868 ], [ -95.884515479024486, 16.409904551199524 ], [ -95.885321109016189, 16.410260050848958 ], [ -95.886050489877817, 16.409517620416555 ], [ -95.886418979576234, 16.409042799604268 ], [ -95.88662667993151, 16.4084391501761 ], [ -95.886782258609372, 16.407384261177373 ], [ -95.887526769662884, 16.407087581317636 ], [ -95.888265740158474, 16.407227601100125 ], [ -95.889198450142757, 16.407507090990496 ], [ -95.889759680066732, 16.407733880024068 ], [ -95.89061683030522, 16.40741808096918 ], [ -95.891311749746833, 16.406934431182144 ], [ -95.891679908718231, 16.405989850237287 ], [ -95.892125049590106, 16.405456490337837 ], [ -95.892692880286887, 16.405284860844361 ], [ -95.893097510096354, 16.40540735059766 ], [ -95.893369940081257, 16.40564702051395 ], [ -95.893450290003372, 16.406051459802747 ], [ -95.893645628950679, 16.406466259707756 ], [ -95.894065429818099, 16.407080770599777 ], [ -95.894218369169394, 16.40767214961128 ], [ -95.894059179778253, 16.40840110990802 ], [ -95.89438151990305, 16.408687380453134 ], [ -95.894808119864521, 16.408181150097672 ], [ -95.89536508966286, 16.407398399569264 ], [ -95.895945118848644, 16.407172510683495 ], [ -95.896436719355293, 16.407305860696315 ], [ -95.896664620277107, 16.407900260340575 ], [ -95.896895579837818, 16.408294250117436 ], [ -95.897393428740131, 16.408013830993877 ], [ -95.897521509562736, 16.407205549906454 ], [ -95.897668828639098, 16.406353549688532 ], [ -95.898219259793436, 16.405560949594882 ], [ -95.899304749744047, 16.405304680624269 ], [ -95.899847169143314, 16.405053940516868 ], [ -95.900255970339643, 16.404580489974904 ], [ -95.902703279909261, 16.405456109817109 ], [ -95.903347540001874, 16.405394139699126 ], [ -95.903818320272407, 16.405407140683963 ], [ -95.903999450385328, 16.405604080092811 ], [ -95.904001578746374, 16.406002050314516 ], [ -95.903734369325676, 16.406420519887906 ], [ -95.902971090140994, 16.407001400912009 ], [ -95.902340629781136, 16.407594880941605 ], [ -95.902057280044787, 16.408458820836071 ], [ -95.902308599142643, 16.40982377042112 ], [ -95.902747939787943, 16.410314850660725 ], [ -95.904332909053011, 16.410095310579855 ], [ -95.904686518625411, 16.410104170031268 ], [ -95.904904218728674, 16.410386310294435 ], [ -95.905239059770182, 16.411267800500621 ], [ -95.905701139944654, 16.411503801296533 ], [ -95.906326340074273, 16.411448740063584 ], [ -95.9074638903557, 16.411025940644013 ], [ -95.907920180139556, 16.41071182133512 ], [ -95.90812957017593, 16.410213921312355 ], [ -95.907963618932428, 16.409555940651646 ], [ -95.907934400369172, 16.409026599649632 ], [ -95.908568978955415, 16.408922370906705 ], [ -95.909318549805178, 16.40961151036047 ], [ -95.91048339967665, 16.411091910591853 ], [ -95.910776889647508, 16.411921511322145 ], [ -95.910717079011519, 16.41249574045462 ], [ -95.911073149945153, 16.413220030173061 ], [ -95.911503678942935, 16.413612970790709 ], [ -95.920593568610073, 16.406671370648947 ], [ -95.920764569607798, 16.406507310398204 ], [ -95.941551653253356, 16.391275627692206 ] ] ] ] } },
{ "type": "Feature", "properties": { "ID_WS": 10, "HAS_WS": 12646.933 }, "geometry": { "type": "MultiPolygon", "coordinates": [ [ [ [ -95.704274098685346, 16.517874405272543 ], [ -95.68913576011326, 16.512623369053994 ], [ -95.686443709099962, 16.511689379754255 ], [ -95.710320113607452, 16.474806116862549 ], [ -95.712500000174884, 16.475000000449768 ], [ -95.712853325820248, 16.481591119134887 ], [ -95.7204800075463, 16.489242214756505 ], [ -95.720833333191734, 16.491666666483539 ], [ -95.735757785793197, 16.492019992129055 ], [ -95.739242214456596, 16.495480007796218 ], [ -95.747548930238921, 16.496186659087094 ], [ -95.755908881389701, 16.487853326070255 ], [ -95.760757785743223, 16.487146673879945 ], [ -95.764242214406607, 16.483686659112099 ], [ -95.769091118760088, 16.482980007821201 ], [ -95.77257554832282, 16.479519992153936 ], [ -95.785046216909393, 16.478813340863052 ], [ -95.789242214356676, 16.482980007821176 ], [ -95.793379550825648, 16.483686659112152 ], [ -95.797575548272903, 16.479519992154 ], [ -95.812499999974989, 16.479166666508572 ], [ -95.827424451677132, 16.478813340863034 ], [ -95.831250000387172, 16.475014580258797 ], [ -95.835075548197992, 16.478813340863052 ], [ -95.839924451652109, 16.479519992154 ], [ -95.847575548173054, 16.487146673879931 ], [ -95.852294356471887, 16.487258550708468 ], [ -95.862499999875126, 16.487500000424752 ], [ -95.865754699419796, 16.488266669771114 ], [ -95.867196146285096, 16.492607286297371 ], [ -95.863029480226302, 16.497751871551674 ], [ -95.861970520423156, 16.502248128348512 ], [ -95.85872921448167, 16.506249999937648 ], [ -95.861970520423185, 16.510251871526723 ], [ -95.86249999987507, 16.520833333391721 ], [ -95.861463726470845, 16.520925530094857 ], [ -95.856984666377315, 16.521323945432425 ], [ -95.855066256902234, 16.52149454733555 ], [ -95.854298562563528, 16.524486138243418 ], [ -95.853315734633398, 16.528315904155793 ], [ -95.850101282480253, 16.529140772810642 ], [ -95.847789510377538, 16.529733954258614 ], [ -95.846348232411742, 16.531041308220779 ], [ -95.838275822355811, 16.538362975085199 ], [ -95.838202921727458, 16.538429090829972 ], [ -95.837366425323012, 16.544761002281842 ], [ -95.836932712074983, 16.548043822864212 ], [ -95.832373555794916, 16.553510878024714 ], [ -95.825995077748729, 16.554078381040412 ], [ -95.818622843469399, 16.554733954208707 ], [ -95.814710489497458, 16.557766045466664 ], [ -95.810289510452563, 16.558900621166799 ], [ -95.80061831987949, 16.567672729812696 ], [ -95.8, 16.579166666308712 ], [ -95.791666666983105, 16.57916666630863 ], [ -95.775913323640978, 16.579774305839607 ], [ -95.775000000049985, 16.583333333266783 ], [ -95.768408881364806, 16.583686658912274 ], [ -95.766049191285532, 16.586029895752009 ], [ -95.764212883917409, 16.587853325870316 ], [ -95.760075548347842, 16.587146674579383 ], [ -95.756591118785138, 16.583686658912292 ], [ -95.747575548372865, 16.582980007621376 ], [ -95.746751773626869, 16.582158021452724 ], [ -95.746765279658177, 16.581986420990201 ], [ -95.748241980388386, 16.579171420782572 ], [ -95.750754050034985, 16.575672109871768 ], [ -95.751200910290621, 16.571047740401539 ], [ -95.755227149772395, 16.562572339899734 ], [ -95.762080418838195, 16.548143710722801 ], [ -95.764474399905353, 16.544735720151273 ], [ -95.760157719064892, 16.540625889658674 ], [ -95.76057018035165, 16.537385771218172 ], [ -95.753698279372287, 16.535005050441228 ], [ -95.704274098685346, 16.517874405272543 ] ] ] ] } },
{ "type": "Feature", "properties": { "ID_WS": 11, "HAS_WS": 19884.26 }, "geometry": { "type": "MultiPolygon", "coordinates": [ [ [ [ -95.778108148468689, 16.886414793043176 ], [ -95.781122843544367, 16.883900621416636 ], [ -95.786649067800283, 16.882482571313705 ], [ -95.788067287874981, 16.876956177086001 ], [ -95.791099379133016, 16.873043823114049 ], [ -95.79219136114304, 16.856758147723681 ], [ -95.792233954833151, 16.856122843194729 ], [ -95.793229835402187, 16.854837871163816 ], [ -95.795266045191838, 16.852210490122047 ], [ -95.795372246037545, 16.851796679436809 ], [ -95.796400620891944, 16.847789510177787 ], [ -95.799432712149923, 16.843877156205902 ], [ -95.800567287850001, 16.839456177160898 ], [ -95.807766045166801, 16.83137715623084 ], [ -95.808900620866993, 16.826956177185902 ], [ -95.813067287825064, 16.821579996719606 ], [ -95.811932712124957, 16.818622843269637 ], [ -95.808900620866964, 16.814710490197037 ], [ -95.807766045166815, 16.810289510252794 ], [ -95.804733954808128, 16.806377156280838 ], [ -95.804166666958082, 16.799999999800139 ], [ -95.814924451702026, 16.799646674154793 ], [ -95.822575548222915, 16.792019992428799 ], [ -95.8391753033155, 16.791475069371849 ], [ -95.844091118610237, 16.791313341137879 ], [ -95.847575548172969, 16.787853325470707 ], [ -95.866666666833197, 16.787499999825215 ], [ -95.866666666833169, 16.783333333766425 ], [ -95.870833332891991, 16.783333333766375 ], [ -95.871732923835367, 16.786838785881343 ], [ -95.879166666808189, 16.787499999825179 ], [ -95.879784308598914, 16.797993638395774 ], [ -95.882715691076271, 16.802006361204633 ], [ -95.884319559999653, 16.807616170250199 ], [ -95.897993469323168, 16.80895080553536 ], [ -95.911411709482792, 16.821193780168898 ], [ -95.913117641565847, 16.827160305303877 ], [ -95.924382357959459, 16.839506361129725 ], [ -95.92561764154091, 16.843826972237103 ], [ -95.92854902491753, 16.847839694146689 ], [ -95.929784308498967, 16.852160305253985 ], [ -95.932715691875657, 16.856173028062884 ], [ -95.933950975457151, 16.864660305228956 ], [ -95.936882357934493, 16.8686730280379 ], [ -95.93811764151593, 16.871302625915565 ], [ -95.933888584090795, 16.877091810139003 ], [ -95.945278083216948, 16.889574856094811 ], [ -95.942284308474029, 16.893673027987955 ], [ -95.941049024892564, 16.904635958882434 ], [ -95.945215691850663, 16.910339694921078 ], [ -95.946450975432185, 16.912969292798689 ], [ -95.942284308474072, 16.918673027937928 ], [ -95.941049024892564, 16.932333712730721 ], [ -95.953195021133283, 16.934101698034979 ], [ -95.953208447907954, 16.934148660514776 ], [ -95.953022449970476, 16.934398089599895 ], [ -95.952999429563576, 16.946624910323926 ], [ -95.950789530899769, 16.958116894083084 ], [ -95.943408881015031, 16.957980007771223 ], [ -95.939924452351519, 16.954519992104075 ], [ -95.918380228664631, 16.953812323679951 ], [ -95.912853325420599, 16.948257785168785 ], [ -95.912141927507903, 16.943376328954514 ], [ -95.906591118485281, 16.937853326070229 ], [ -95.897575548073064, 16.937146673879937 ], [ -95.894091118510332, 16.933686659112123 ], [ -95.8892422150561, 16.93298000782119 ], [ -95.880882263006015, 16.924646673904952 ], [ -95.868408881164925, 16.925353326095184 ], [ -95.860757785543356, 16.932980007821097 ], [ -95.851742214231805, 16.933686659112109 ], [ -95.847662710265922, 16.937758039761935 ], [ -95.846253350427546, 16.938936169848244 ], [ -95.84601781964156, 16.939381339786774 ], [ -95.84549648980898, 16.938847510362002 ], [ -95.84410682999895, 16.938135770388367 ], [ -95.844297999688649, 16.93673060016166 ], [ -95.844852509593082, 16.935598059645017 ], [ -95.844757519978359, 16.934460119635816 ], [ -95.845992799811725, 16.932838119839314 ], [ -95.845156430052313, 16.930867349697227 ], [ -95.845036619546946, 16.929637549835302 ], [ -95.845878229861114, 16.928352830376184 ], [ -95.844830049804841, 16.926867220007313 ], [ -95.844291019853571, 16.92581391987575 ], [ -95.843403060261068, 16.924402380462414 ], [ -95.843734369751814, 16.922217799809619 ], [ -95.844974259751481, 16.921266280337278 ], [ -95.846824980076889, 16.920578719707656 ], [ -95.84773189041681, 16.919008970456233 ], [ -95.847433539916196, 16.918001020062473 ], [ -95.847372620120467, 16.916639379993565 ], [ -95.847800739729934, 16.915257690019342 ], [ -95.848018259845148, 16.913580769648458 ], [ -95.848199429818663, 16.912176849605618 ], [ -95.847778580386219, 16.911092720202205 ], [ -95.847314949715525, 16.909853490096062 ], [ -95.847573510218012, 16.908214920020711 ], [ -95.847757619630755, 16.907005599942462 ], [ -95.847819230103156, 16.905980650276504 ], [ -95.846396619930886, 16.905533310446963 ], [ -95.846042660445463, 16.9035139796304 ], [ -95.843489339739563, 16.903199150003342 ], [ -95.842864563127662, 16.903484559548836 ], [ -95.842083079842226, 16.90384154992039 ], [ -95.840998819838433, 16.904379259922589 ], [ -95.839697950067432, 16.903952540065351 ], [ -95.838407400427258, 16.904978549629625 ], [ -95.836878400119119, 16.904770230004321 ], [ -95.835672629849853, 16.9043942000939 ], [ -95.833272819778585, 16.904911120412955 ], [ -95.832015850354622, 16.905796600119995 ], [ -95.831066420451265, 16.90659021979992 ], [ -95.829904720240108, 16.907312060407001 ], [ -95.828779249717428, 16.908327369553135 ], [ -95.826833909767259, 16.908816779959533 ], [ -95.825532510216618, 16.908169909757113 ], [ -95.825583551750199, 16.907709499377134 ], [ -95.825744339783839, 16.906259140032699 ], [ -95.827127459949992, 16.904760980276706 ], [ -95.828936689734178, 16.902775110068028 ], [ -95.829943599542446, 16.901807260150463 ], [ -95.831578580411431, 16.900657259885641 ], [ -95.833104229743682, 16.90023144973031 ], [ -95.835358000449602, 16.900286940037997 ], [ -95.836552719623782, 16.899520109887799 ], [ -95.836768460414405, 16.898172230302638 ], [ -95.836217049972575, 16.896848890080651 ], [ -95.836360719810727, 16.895507580322679 ], [ -95.836813860447009, 16.89404198037451 ], [ -95.837158320023576, 16.892313310130856 ], [ -95.837665319778353, 16.891250260225569 ], [ -95.839368180366563, 16.890785779584935 ], [ -95.838248750244972, 16.889358259766144 ], [ -95.836302910356167, 16.886983580339294 ], [ -95.833785212931645, 16.887349510581281 ], [ -95.814235650157542, 16.89018940033435 ], [ -95.778108148468689, 16.886414793043176 ] ] ] ] } },
{ "type": "Feature", "properties": { "ID_WS": 12, "HAS_WS": 1405.989 }, "geometry": { "type": "MultiPolygon", "coordinates": [ [ [ [ -95.879166666808175, 16.779166666808266 ], [ -95.879166666808203, 16.783333333766375 ], [ -95.879166666808189, 16.787499999825179 ], [ -95.871732923835367, 16.786838785881343 ], [ -95.870833332891991, 16.783333333766375 ], [ -95.87017737458612, 16.775959946994043 ], [ -95.8672393438803, 16.773509716973692 ], [ -95.864710490296872, 16.771400621641483 ], [ -95.855054050404092, 16.770124986379138 ], [ -95.854166666858106, 16.766666666833302 ], [ -95.85088636631275, 16.765894232832636 ], [ -95.849517992061621, 16.761500719082971 ], [ -95.853770786192825, 16.756250000337332 ], [ -95.850529480251296, 16.752248127848901 ], [ -95.849999999900021, 16.733333332967007 ], [ -95.852210490321838, 16.733900620817096 ], [ -95.860289510352615, 16.741099379033223 ], [ -95.868877156355694, 16.742233954733276 ], [ -95.874032253785515, 16.746229383579301 ], [ -95.87556728770015, 16.752210490322014 ], [ -95.879521761381895, 16.756471553414034 ], [ -95.886932711975106, 16.764456176411439 ], [ -95.888350932049818, 16.769982570639208 ], [ -95.891666666783266, 16.770833332891993 ], [ -95.891666666783308, 16.774999999850166 ], [ -95.892019992428729, 16.781591118535353 ], [ -95.89964667415471, 16.78924221505622 ], [ -95.89999999980013, 16.791666666783279 ], [ -95.897575548073078, 16.791313341137801 ], [ -95.885757785493354, 16.779519992453793 ], [ -95.883333333766302, 16.779166666808351 ], [ -95.879166666808175, 16.779166666808266 ] ] ] ] } },
{ "type": "Feature", "properties": { "ID_WS": 13, "HAS_WS": 13521.336 }, "geometry": { "type": "MultiPolygon", "coordinates": [ [ [ [ -96.083925126129444, 16.898217063225516 ], [ -96.083186570307362, 16.89817147992623 ], [ -96.082863310411, 16.897961970172403 ], [ -96.08223608960806, 16.897672820131486 ], [ -96.081994080102191, 16.897602049784265 ], [ -96.081680110422255, 16.897326320332429 ], [ -96.081021549520372, 16.896463820530194 ], [ -96.080938979801019, 16.896268981141798 ], [ -96.0808439496045, 16.895564140105396 ], [ -96.080812230803531, 16.895443396689885 ], [ -96.080616109572304, 16.894696821130825 ], [ -96.079741389217787, 16.894224936258222 ], [ -96.079741389217745, 16.894224936258311 ], [ -96.079248030128781, 16.893958780456764 ], [ -96.079248030128738, 16.893958780456778 ], [ -96.07878512955547, 16.893637112341985 ], [ -96.07864265968486, 16.893538109936554 ], [ -96.078642659684789, 16.893538109936596 ], [ -96.078518749764712, 16.893484803421508 ], [ -96.077620149690517, 16.893098221197313 ], [ -96.07644203027877, 16.892904510227858 ], [ -96.076366459546946, 16.892763110136183 ], [ -96.075870220261947, 16.89216891965868 ], [ -96.075864009627765, 16.89216159964883 ], [ -96.075425179561691, 16.891644381116325 ], [ -96.075205289677697, 16.891566110781309 ], [ -96.074693739858219, 16.891577420082346 ], [ -96.074257379784726, 16.891527830863399 ], [ -96.072722050179635, 16.89007522005614 ], [ -96.07203182993058, 16.889567830702287 ], [ -96.071688339636239, 16.889728510776536 ], [ -96.071571949912268, 16.889990679906582 ], [ -96.069287419708829, 16.891260164389461 ], [ -96.069287419708772, 16.891260164389461 ], [ -96.068508766861953, 16.891692839389151 ], [ -96.068388493741082, 16.89175967098296 ], [ -96.068159739642738, 16.891886781262905 ], [ -96.067735259919388, 16.891969479618794 ], [ -96.067482985612941, 16.891817113476971 ], [ -96.067290039339909, 16.891700579688997 ], [ -96.06700526003695, 16.891528580723424 ], [ -96.066234110229033, 16.891128830447681 ], [ -96.064529480408453, 16.891487280517545 ], [ -96.06365688000102, 16.891454220807425 ], [ -96.062843710146268, 16.891007891119799 ], [ -96.062660245151619, 16.890802496750808 ], [ -96.062535750044461, 16.89066312131602 ], [ -96.062535750044404, 16.89066312131607 ], [ -96.062100739766564, 16.890564370525897 ], [ -96.061879310083015, 16.890212860095392 ], [ -96.061402220414791, 16.889833120354055 ], [ -96.061019520305265, 16.889745200004629 ], [ -96.060712919678906, 16.889768229992534 ], [ -96.060167400336113, 16.890025910706552 ], [ -96.059794205754656, 16.890454163064618 ], [ -96.059404830370042, 16.890900979721319 ], [ -96.057397777085129, 16.89116805907787 ], [ -96.057383955752954, 16.891169898191041 ], [ -96.057377629837958, 16.891170739938239 ], [ -96.056832309768851, 16.891287450151481 ], [ -96.056593762373097, 16.891124748307 ], [ -96.056542200257311, 16.891089580143646 ], [ -96.05654220025734, 16.891089580143586 ], [ -96.05617410996544, 16.890290250629786 ], [ -96.055579890169369, 16.889746830232944 ], [ -96.054300830606095, 16.889355614533176 ], [ -96.035543822988998, 16.871400621441584 ], [ -96.03112284304477, 16.870266045741442 ], [ -96.027210489972106, 16.867233954483513 ], [ -96.022789510027835, 16.866099378783417 ], [ -96.01887715695517, 16.863067287525393 ], [ -96.001956177035851, 16.861932711825215 ], [ -95.998043823063966, 16.858900621466596 ], [ -95.989456177060873, 16.857766045766461 ], [ -95.985543823088946, 16.854733954508458 ], [ -95.975919426939981, 16.853462388678366 ], [ -95.973636761691765, 16.850725274864555 ], [ -95.971400621441546, 16.848043823164012 ], [ -95.971150302745912, 16.844310687821224 ], [ -95.970195685482494, 16.830072360451187 ], [ -95.962895881239945, 16.828198920643725 ], [ -95.958900621466498, 16.823043823213933 ], [ -95.957482401391729, 16.81751742898626 ], [ -95.95195617713587, 16.81609937888333 ], [ -95.948043823163914, 16.813067287625348 ], [ -95.943622843219643, 16.811932711925227 ], [ -95.939710490147007, 16.80890062156648 ], [ -95.93112284324458, 16.807766045866394 ], [ -95.927210490171987, 16.804733954608452 ], [ -95.925084898715582, 16.804188473045453 ], [ -95.922789510227716, 16.803599378908245 ], [ -95.92114466835848, 16.802324645949991 ], [ -95.918877156255775, 16.80056728765026 ], [ -95.915206029073374, 16.79962516037569 ], [ -95.914456176311475, 16.799432711950153 ], [ -95.910543823238839, 16.796400621591488 ], [ -95.906122843294568, 16.795266045891402 ], [ -95.902210490222004, 16.792233954633392 ], [ -95.89999999980013, 16.791666666783279 ], [ -95.89964667415471, 16.78924221505622 ], [ -95.892019992428729, 16.781591118535353 ], [ -95.891666666783308, 16.774999999850166 ], [ -95.891666666783266, 16.770833332891993 ], [ -95.895833333741365, 16.770833332892085 ], [ -95.906377156280712, 16.771400621641423 ], [ -95.911058194481825, 16.775571762494643 ], [ -95.914456176311447, 16.778599378958283 ], [ -95.960543823138892, 16.779733954658386 ], [ -95.964456177110861, 16.782766045017055 ], [ -95.968877156155756, 16.783900621616432 ], [ -95.985289510102746, 16.799432711950207 ], [ -95.992413330510786, 16.800567287650278 ], [ -95.997789510077837, 16.79640062159158 ], [ -96.006377156980193, 16.79526604589136 ], [ -96.010289510052857, 16.792233954633343 ], [ -96.013246663502699, 16.791099378933314 ], [ -96.018758816066494, 16.795371500394499 ], [ -96.028246901073572, 16.786917114133619 ], [ -96.030072360251225, 16.779804483989771 ], [ -96.048043822964061, 16.778599378958283 ], [ -96.05612284299481, 16.771400621641469 ], [ -96.060543822939096, 16.770266045041947 ], [ -96.064456176911037, 16.767233954683327 ], [ -96.066666666433534, 16.766666666833302 ], [ -96.067019992078926, 16.769091118560311 ], [ -96.070480007746141, 16.772575548123111 ], [ -96.071186659037068, 16.785757785493434 ], [ -96.074646674704255, 16.789242215056255 ], [ -96.075353325995195, 16.797549777999915 ], [ -96.062853326020132, 16.810075548048104 ], [ -96.062146673829943, 16.822550116994421 ], [ -96.078813340762991, 16.839242214956304 ], [ -96.079519992053946, 16.844091118410475 ], [ -96.083318752658272, 16.847916666221202 ], [ -96.07918124711685, 16.852083333179348 ], [ -96.082980007721119, 16.855908880990164 ], [ -96.083686659012045, 16.860757785343644 ], [ -96.089209831868246, 16.866308593466858 ], [ -96.091666666383517, 16.866666666633424 ], [ -96.091666666383531, 16.896811213510965 ], [ -96.091666666383531, 16.899502678981147 ], [ -96.091360799797712, 16.899100980697796 ], [ -96.091065509529102, 16.898975030127609 ], [ -96.090574480128126, 16.898954511138182 ], [ -96.090273460162564, 16.898750720634482 ], [ -96.089965910052541, 16.898287619879603 ], [ -96.088971219678243, 16.898431249936323 ], [ -96.088420689831295, 16.898372940451232 ], [ -96.086134339731757, 16.897362970107352 ], [ -96.085145260412176, 16.897716050685325 ], [ -96.085077969560658, 16.89779143004921 ], [ -96.084415229716058, 16.898247310140427 ], [ -96.083925126129444, 16.898217063225516 ] ] ] ] } },
{ "type": "Feature", "properties": { "ID_WS": 14, "HAS_WS": 16432.253 }, "geometry": { "type": "MultiPolygon", "coordinates": [ [ [ [ -95.917312405684271, 16.690083767445827 ], [ -95.918622843269617, 16.691099379133203 ], [ -95.92083333369132, 16.691666666983156 ], [ -95.920833333691348, 16.693843610861368 ], [ -95.920833333691363, 16.695833333041953 ], [ -95.922681905972169, 16.696307742969559 ], [ -95.923043823213831, 16.696400620892014 ], [ -95.926956177185829, 16.699432712150006 ], [ -95.932624817181562, 16.700887383546011 ], [ -95.933900621516486, 16.710543823438734 ], [ -95.938490465362619, 16.716047498992921 ], [ -95.960543823138892, 16.717233954783296 ], [ -95.964583333154252, 16.720364718756873 ], [ -95.968761359449161, 16.717126465114326 ], [ -95.981122843144647, 16.728599379058181 ], [ -95.993877157005201, 16.729733954758327 ], [ -95.99778951007778, 16.732766045116993 ], [ -96.013437228944952, 16.73390062081705 ], [ -96.022789510027891, 16.725567287800175 ], [ -96.024999999550275, 16.724999999950114 ], [ -96.031591119134802, 16.725353325595599 ], [ -96.043408881714512, 16.737146674279678 ], [ -96.048257785168616, 16.737853325570576 ], [ -96.062142266252565, 16.751712375625743 ], [ -96.062853326020161, 16.756591118585291 ], [ -96.068376498876262, 16.762141926708633 ], [ -96.070833333391619, 16.762499999875168 ], [ -96.069982401166897, 16.765815904580442 ], [ -96.066666666433534, 16.766666666833302 ], [ -96.064456176911037, 16.767233954683327 ], [ -96.060543822939096, 16.770266045041947 ], [ -96.05612284299481, 16.771400621641469 ], [ -96.048043822964061, 16.778599378958283 ], [ -96.030072360251225, 16.779804483989771 ], [ -96.028246901073572, 16.786917114133619 ], [ -96.018758816066494, 16.795371500394499 ], [ -96.013246663502699, 16.791099378933314 ], [ -96.010289510052857, 16.792233954633343 ], [ -96.006377156980193, 16.79526604589136 ], [ -95.997789510077837, 16.79640062159158 ], [ -95.992413330510786, 16.800567287650278 ], [ -95.985289510102746, 16.799432711950207 ], [ -95.968877156155756, 16.783900621616432 ], [ -95.964456177110861, 16.782766045017055 ], [ -95.960543823138892, 16.779733954658386 ], [ -95.914456176311447, 16.778599378958283 ], [ -95.911058194481825, 16.775571762494643 ], [ -95.906377156280712, 16.771400621641423 ], [ -95.895833333741365, 16.770833332892085 ], [ -95.891666666783266, 16.770833332891993 ], [ -95.888350932049818, 16.769982570639208 ], [ -95.886932711975106, 16.764456176411439 ], [ -95.879521761381895, 16.756471553414034 ], [ -95.87556728770015, 16.752210490322014 ], [ -95.874032253785515, 16.746229383579301 ], [ -95.868877156355694, 16.742233954733276 ], [ -95.860289510352615, 16.741099379033223 ], [ -95.852210490321838, 16.733900620817096 ], [ -95.849999999900021, 16.733333332967007 ], [ -95.849646674254558, 16.726742214281856 ], [ -95.846186659486747, 16.72325778561839 ], [ -95.84583333294195, 16.720833332991951 ], [ -95.846400620792011, 16.714456176511391 ], [ -95.85056728775011, 16.709079996944425 ], [ -95.849432712050017, 16.706122843494477 ], [ -95.846400620791997, 16.702210489522535 ], [ -95.844982401616491, 16.696684095294788 ], [ -95.841666666883199, 16.695833333041953 ], [ -95.84232262518897, 16.688459947168926 ], [ -95.849149915736007, 16.682766045216852 ], [ -95.886490885845689, 16.683930121378101 ], [ -95.89109937893322, 16.689456176561354 ], [ -95.892881605002088, 16.696400620892113 ], [ -95.899173312398418, 16.695017835904494 ], [ -95.90359937890814, 16.689710489547572 ], [ -95.905134412822875, 16.683729383704168 ], [ -95.908325704800987, 16.681256129657591 ], [ -95.911362880792325, 16.678902180891029 ], [ -95.912532246812759, 16.683458811281238 ], [ -95.913467746739045, 16.687103949387829 ], [ -95.917312405684271, 16.690083767445827 ] ] ] ] } },
{ "type": "Feature", "properties": { "ID_WS": 15, "HAS_WS": 16792.425 }, "geometry": { "type": "MultiPolygon", "coordinates": [ [ [ [ -95.912532246812759, 16.683458811281238 ], [ -95.911362880792325, 16.678902180891029 ], [ -95.908325704800987, 16.681256129657591 ], [ -95.905134412822875, 16.683729383704168 ], [ -95.90359937890814, 16.689710489547572 ], [ -95.899173312398418, 16.695017835904494 ], [ -95.892881605002088, 16.696400620892113 ], [ -95.89109937893322, 16.689456176561354 ], [ -95.886490885845689, 16.683930121378101 ], [ -95.849149915736007, 16.682766045216852 ], [ -95.84232262518897, 16.688459947168926 ], [ -95.841666666883199, 16.695833333041953 ], [ -95.839506530402048, 16.695215861223048 ], [ -95.835493469448068, 16.692284138802034 ], [ -95.825705634107692, 16.690859645955893 ], [ -95.824382358159298, 16.672839694496346 ], [ -95.82145097478265, 16.668826971687434 ], [ -95.820215691201227, 16.660339694521269 ], [ -95.811882358184207, 16.650736829940723 ], [ -95.813117641765729, 16.639506361529481 ], [ -95.816049025142405, 16.635493638720554 ], [ -95.817284308723856, 16.631173027613226 ], [ -95.821450974782692, 16.625469292473916 ], [ -95.820215691201199, 16.618673027638163 ], [ -95.817284308723885, 16.614660305728577 ], [ -95.816049025142433, 16.610339694621281 ], [ -95.8131176417657, 16.606326971812379 ], [ -95.812499999974989, 16.600000000199923 ], [ -95.817318035130057, 16.599740869369143 ], [ -95.823043823413741, 16.59943271234982 ], [ -95.82695617648632, 16.596400621091867 ], [ -95.84387715640564, 16.59526604539175 ], [ -95.84778951037751, 16.592233954133782 ], [ -95.850937228370356, 16.591099378433668 ], [ -95.860289510352601, 16.59943271234982 ], [ -95.873043823313779, 16.600567288049962 ], [ -95.876956176386386, 16.603599378408678 ], [ -95.882482401541608, 16.60501742851163 ], [ -95.883900621616391, 16.61054382363859 ], [ -95.888429599346509, 16.615974595651139 ], [ -95.898785061581279, 16.617233954983085 ], [ -95.900908236825629, 16.608960978166678 ], [ -95.921683417855434, 16.607766045366773 ], [ -95.928462388728221, 16.613419596537209 ], [ -95.929875183193118, 16.624112616604052 ], [ -95.936649068399703, 16.625850762402862 ], [ -95.938399590668539, 16.632672119222999 ], [ -95.94583333364146, 16.633333333166878 ], [ -95.945833333641389, 16.637500000124977 ], [ -95.946431817174613, 16.657417806186888 ], [ -95.952210490122042, 16.658900620966953 ], [ -95.952319019101239, 16.658997332214451 ], [ -95.960289510152734, 16.666099379183034 ], [ -95.964710490097019, 16.667233954883187 ], [ -95.968750000112379, 16.670364718856671 ], [ -95.972925483124513, 16.667128499480793 ], [ -95.981122843144647, 16.674432712200012 ], [ -95.985543823088946, 16.675567287900069 ], [ -95.993622843119681, 16.682766045216852 ], [ -95.995833333541498, 16.683333333066919 ], [ -95.996186659186975, 16.685757785693294 ], [ -96.003813340912941, 16.693408881314934 ], [ -96.004519992203825, 16.698257785668297 ], [ -96.012146673929806, 16.705908881289854 ], [ -96.01285332612008, 16.710757785643398 ], [ -96.024646673904883, 16.72257554822303 ], [ -96.024999999550275, 16.724999999950114 ], [ -96.022789510027891, 16.725567287800175 ], [ -96.013437228944952, 16.73390062081705 ], [ -95.99778951007778, 16.732766045116993 ], [ -95.993877157005201, 16.729733954758327 ], [ -95.981122843144647, 16.728599379058181 ], [ -95.968761359449161, 16.717126465114326 ], [ -95.964583333154252, 16.720364718756873 ], [ -95.960543823138892, 16.717233954783296 ], [ -95.938490465362619, 16.716047498992921 ], [ -95.933900621516486, 16.710543823438734 ], [ -95.932624817181562, 16.700887383546011 ], [ -95.926956177185829, 16.699432712150006 ], [ -95.923043823213831, 16.696400620892014 ], [ -95.922681905972169, 16.696307742969559 ], [ -95.920833333691363, 16.695833333041953 ], [ -95.920833333691348, 16.693843610861368 ], [ -95.92083333369132, 16.691666666983156 ], [ -95.918622843269617, 16.691099379133203 ], [ -95.917312405684271, 16.690083767445827 ], [ -95.913467746739045, 16.687103949387829 ], [ -95.912532246812759, 16.683458811281238 ] ] ] ] } },
{ "type": "Feature", "properties": { "ID_WS": 16, "HAS_WS": 4432.132 }, "geometry": { "type": "MultiPolygon", "coordinates": [ [ [ [ -95.94583333364146, 16.633333333166878 ], [ -95.94583333364146, 16.629166667108031 ], [ -95.949378289376497, 16.628256903933025 ], [ -95.949835403628569, 16.619463195648375 ], [ -95.9505672875503, 16.605381605376934 ], [ -95.942375183168139, 16.603279283612082 ], [ -95.941099378833286, 16.593622843719292 ], [ -95.938067287575237, 16.589710489747393 ], [ -95.936932711875102, 16.578420003280655 ], [ -95.942062547348712, 16.571801079356376 ], [ -95.94583333364146, 16.570833333291798 ], [ -95.948043823163871, 16.571400621141805 ], [ -95.953198920593636, 16.575396049987777 ], [ -95.95473395450837, 16.581377156730532 ], [ -95.957766045766405, 16.585289509803122 ], [ -95.958900621466498, 16.589710489747358 ], [ -95.962031216367549, 16.593749999762768 ], [ -95.958798387435621, 16.597921414241991 ], [ -95.963419426964975, 16.603462389178009 ], [ -95.973043823113912, 16.604733954108806 ], [ -95.978198920543761, 16.608729383854087 ], [ -95.980329894708845, 16.617032538321066 ], [ -95.98945617706093, 16.608900621066908 ], [ -95.991666666583313, 16.608333333216876 ], [ -95.995833333541526, 16.608333333216823 ], [ -95.99498240131679, 16.611649237922027 ], [ -95.988161214468462, 16.613399590219014 ], [ -95.987499999625271, 16.620833333191868 ], [ -95.987853326170026, 16.627424451877022 ], [ -95.991313340937864, 16.63090888143984 ], [ -95.992019992228862, 16.635757785793263 ], [ -96.004519992203825, 16.64828355584147 ], [ -96.004444670115006, 16.651390251616366 ], [ -96.003812662824117, 16.677452935104913 ], [ -95.998257785268549, 16.682980007421488 ], [ -95.995833333541498, 16.683333333066919 ], [ -95.993622843119681, 16.682766045216852 ], [ -95.985543823088946, 16.675567287900069 ], [ -95.981122843144647, 16.674432712200012 ], [ -95.972925483124513, 16.667128499480793 ], [ -95.968750000112379, 16.670364718856671 ], [ -95.964710490097019, 16.667233954883187 ], [ -95.960289510152734, 16.666099379183034 ], [ -95.952319019101239, 16.658997332214451 ], [ -95.952210490122042, 16.658900620966953 ], [ -95.946431817174613, 16.657417806186888 ], [ -95.945833333641389, 16.637500000124977 ], [ -95.94583333364146, 16.633333333166878 ] ] ] ] } },
{ "type": "Feature", "properties": { "ID_WS": 17, "HAS_WS": 10153.919 }, "geometry": { "type": "MultiPolygon", "coordinates": [ [ [ [ -95.880077532672573, 16.536322106678277 ], [ -95.88507554809803, 16.541313340738281 ], [ -95.888412003300928, 16.541574920566955 ], [ -95.894091118510289, 16.542019992029104 ], [ -95.901742215031149, 16.549646674654316 ], [ -95.906591118485252, 16.550353325945363 ], [ -95.914242215006198, 16.557980007671311 ], [ -95.918379550575793, 16.558686658962177 ], [ -95.92257554802309, 16.554519992004121 ], [ -95.927424452376599, 16.55381334071318 ], [ -95.930908881039997, 16.550353325945327 ], [ -95.937499999725162, 16.550000000299839 ], [ -95.937853325370654, 16.552424452026827 ], [ -95.941313341037784, 16.555908881589726 ], [ -95.941612247261716, 16.559722499327428 ], [ -95.942019992328767, 16.564924452001904 ], [ -95.945480007995954, 16.568408881564732 ], [ -95.94583333364146, 16.570833333291798 ], [ -95.942062547348712, 16.571801079356376 ], [ -95.936932711875102, 16.578420003280655 ], [ -95.938067287575237, 16.589710489747393 ], [ -95.941099378833286, 16.593622843719292 ], [ -95.942375183168139, 16.603279283612082 ], [ -95.9505672875503, 16.605381605376934 ], [ -95.949835403628569, 16.619463195648375 ], [ -95.949378289376497, 16.628256903933025 ], [ -95.94583333364146, 16.629166667108031 ], [ -95.94583333364146, 16.633333333166878 ], [ -95.938399590668539, 16.632672119222999 ], [ -95.936649068399703, 16.625850762402862 ], [ -95.929875183193118, 16.624112616604052 ], [ -95.928462388728221, 16.613419596537209 ], [ -95.921683417855434, 16.607766045366773 ], [ -95.900908236825629, 16.608960978166678 ], [ -95.898785061581279, 16.617233954983085 ], [ -95.888429599346509, 16.615974595651139 ], [ -95.883900621616391, 16.61054382363859 ], [ -95.882482401541608, 16.60501742851163 ], [ -95.876956176386386, 16.603599378408678 ], [ -95.873043823313779, 16.600567288049962 ], [ -95.860289510352601, 16.59943271234982 ], [ -95.850937228370356, 16.591099378433668 ], [ -95.84778951037751, 16.592233954133782 ], [ -95.84387715640564, 16.59526604539175 ], [ -95.82695617648632, 16.596400621091867 ], [ -95.823043823413741, 16.59943271234982 ], [ -95.817318035130057, 16.599740869369143 ], [ -95.812499999974989, 16.600000000199923 ], [ -95.810043165459717, 16.599641927033353 ], [ -95.804519992603574, 16.594091118910089 ], [ -95.804166666958082, 16.591666666283643 ], [ -95.80354309054114, 16.580075751394865 ], [ -95.8, 16.579166666308712 ], [ -95.80061831987949, 16.567672729812696 ], [ -95.810289510452563, 16.558900621166799 ], [ -95.814710489497458, 16.557766045466664 ], [ -95.818622843469399, 16.554733954208707 ], [ -95.825995077748729, 16.554078381040412 ], [ -95.832373555794916, 16.553510878024714 ], [ -95.836932712074983, 16.548043822864212 ], [ -95.837366425323012, 16.544761002281842 ], [ -95.838202921727458, 16.538429090829972 ], [ -95.838275822355811, 16.538362975085199 ], [ -95.846348232411742, 16.531041308220779 ], [ -95.847789510377538, 16.529733954258614 ], [ -95.850101282480253, 16.529140772810642 ], [ -95.853315734633398, 16.528315904155793 ], [ -95.854298562563528, 16.524486138243418 ], [ -95.855066256902234, 16.52149454733555 ], [ -95.856984666377315, 16.521323945432425 ], [ -95.861463726470845, 16.520925530094857 ], [ -95.86249999987507, 16.520833333391721 ], [ -95.864924451602121, 16.521186659037166 ], [ -95.880077532672573, 16.536322106678277 ] ] ] ] } },
{ "type": "Feature", "properties": { "ID_WS": 18, "HAS_WS": 10160.499 }, "geometry": { "type": "MultiPolygon", "coordinates": [ [ [ [ -96.004444670115006, 16.651390251616366 ], [ -96.004519992203825, 16.64828355584147 ], [ -95.992019992228862, 16.635757785793263 ], [ -95.991313340937864, 16.63090888143984 ], [ -95.987853326170026, 16.627424451877022 ], [ -95.987499999625271, 16.620833333191868 ], [ -95.988161214468462, 16.613399590219014 ], [ -95.99498240131679, 16.611649237922027 ], [ -95.995833333541526, 16.608333333216823 ], [ -95.998043823063966, 16.607766045366773 ], [ -96.003198920493716, 16.603770616520833 ], [ -96.004733954408493, 16.597789509778085 ], [ -96.009346177883728, 16.592259047017496 ], [ -96.047624784684388, 16.591241732331124 ], [ -96.052951728239663, 16.591099378433668 ], [ -96.054166666458443, 16.595833333241831 ], [ -96.048137728042903, 16.596031442027982 ], [ -96.043408881714456, 16.596186658887255 ], [ -96.035757785193638, 16.603813340613193 ], [ -96.030908881739464, 16.604519992803507 ], [ -96.024998643372726, 16.610400729809861 ], [ -96.028813340862968, 16.614242214506724 ], [ -96.029166666508402, 16.62083333319184 ], [ -96.029737753855514, 16.635643115011472 ], [ -96.029774136067516, 16.636586507461487 ], [ -96.036649068199878, 16.638350762377868 ], [ -96.038067288274746, 16.643877156605566 ], [ -96.046416219133178, 16.653247070695787 ], [ -96.052210489922174, 16.654733954908174 ], [ -96.05612284299481, 16.657766045266872 ], [ -96.060543822939067, 16.658900620966918 ], [ -96.065698920368874, 16.662896050712266 ], [ -96.067233954283594, 16.66887715655561 ], [ -96.078599378558451, 16.681122843544443 ], [ -96.079733954258501, 16.685543823488782 ], [ -96.082766045516564, 16.689456176561411 ], [ -96.083900621216728, 16.702210489522614 ], [ -96.091099378533457, 16.710289510452597 ], [ -96.092233954233606, 16.721770562361623 ], [ -96.083900621216685, 16.731122843444538 ], [ -96.082766045516593, 16.735543823388827 ], [ -96.079733954258501, 16.739456176461498 ], [ -96.078599378558479, 16.746579996869414 ], [ -96.082766045516593, 16.751956176436465 ], [ -96.083333333366596, 16.754166666858271 ], [ -96.080017598633248, 16.755017429111156 ], [ -96.07826707636444, 16.761838785931349 ], [ -96.070833333391619, 16.762499999875168 ], [ -96.068376498876262, 16.762141926708633 ], [ -96.062853326020161, 16.756591118585291 ], [ -96.062142266252565, 16.751712375625743 ], [ -96.048257785168616, 16.737853325570576 ], [ -96.043408881714512, 16.737146674279678 ], [ -96.031591119134802, 16.725353325595599 ], [ -96.024999999550275, 16.724999999950114 ], [ -96.024646673904883, 16.72257554822303 ], [ -96.01285332612008, 16.710757785643398 ], [ -96.012146673929806, 16.705908881289854 ], [ -96.004519992203825, 16.698257785668297 ], [ -96.003813340912941, 16.693408881314934 ], [ -95.996186659186975, 16.685757785693294 ], [ -95.995833333541498, 16.683333333066919 ], [ -95.998257785268549, 16.682980007421488 ], [ -96.003812662824117, 16.677452935104913 ], [ -96.004444670115006, 16.651390251616366 ] ] ] ] } },
{ "type": "Feature", "properties": { "ID_WS": 19, "HAS_WS": 22833.759 }, "geometry": { "type": "MultiPolygon", "coordinates": [ [ [ [ -95.992892141807161, 16.466695563212873 ], [ -95.99791666702059, 16.470205349497331 ], [ -96.002044338475457, 16.467322116722386 ], [ -96.021987811697684, 16.466072236367022 ], [ -96.024262661592545, 16.46592949764829 ], [ -96.025655449739219, 16.443711005458614 ], [ -96.028511217218849, 16.439622327708253 ], [ -96.029166666508445, 16.437499999625363 ], [ -96.052210489922132, 16.438067287475437 ], [ -96.056122842994796, 16.441099378733441 ], [ -96.064710489897195, 16.442233954433561 ], [ -96.068622843869093, 16.445266045691508 ], [ -96.073043822914101, 16.446400621391607 ], [ -96.078500026854741, 16.450950792545076 ], [ -96.079733954258515, 16.463437228944979 ], [ -96.071400621241636, 16.47278951002794 ], [ -96.070266045541501, 16.485543822989094 ], [ -96.067233954283552, 16.489456176961017 ], [ -96.066099378583402, 16.492413330410944 ], [ -96.070266045541558, 16.497789509977942 ], [ -96.071970452374444, 16.504431152575766 ], [ -96.076956176886057, 16.500567288249751 ], [ -96.079166666408469, 16.500000000399737 ], [ -96.07916666640844, 16.495833333441677 ], [ -96.08333333336661, 16.49583333344162 ], [ -96.083333333366667, 16.500000000399716 ], [ -96.08333333336661, 16.504166666458584 ], [ -96.087500000324724, 16.504166666458577 ], [ -96.088350931650197, 16.507482571163756 ], [ -96.095172119397745, 16.509232923460729 ], [ -96.096400621191719, 16.523043822914168 ], [ -96.120266045441653, 16.547789509878061 ], [ -96.121447584638332, 16.574088202808348 ], [ -96.125000000249784, 16.575000000249879 ], [ -96.125000000249784, 16.579166666308666 ], [ -96.11862284376916, 16.579733954158723 ], [ -96.11324666330286, 16.583900621116818 ], [ -96.110289509852961, 16.582766045416733 ], [ -96.104913330285953, 16.578599378458595 ], [ -96.085289509902921, 16.579733954158758 ], [ -96.081377156830328, 16.582766045416733 ], [ -96.067626444504768, 16.583989122500103 ], [ -96.063067288224758, 16.58945617676121 ], [ -96.061600409431378, 16.595172119297917 ], [ -96.054166666458443, 16.595833333241831 ], [ -96.052951728239663, 16.591099378433668 ], [ -96.047624784684388, 16.591241732331124 ], [ -96.009346177883728, 16.592259047017496 ], [ -96.004733954408493, 16.597789509778085 ], [ -96.003198920493716, 16.603770616520833 ], [ -95.998043823063966, 16.607766045366773 ], [ -95.995833333541526, 16.608333333216823 ], [ -95.991666666583313, 16.608333333216876 ], [ -95.98945617706093, 16.608900621066908 ], [ -95.980329894708845, 16.617032538321066 ], [ -95.978198920543761, 16.608729383854087 ], [ -95.973043823113912, 16.604733954108806 ], [ -95.963419426964975, 16.603462389178009 ], [ -95.958798387435621, 16.597921414241991 ], [ -95.962031216367549, 16.593749999762768 ], [ -95.958900621466498, 16.589710489747358 ], [ -95.957766045766405, 16.585289509803122 ], [ -95.95473395450837, 16.581377156730532 ], [ -95.953198920593636, 16.575396049987777 ], [ -95.948043823163871, 16.571400621141805 ], [ -95.94583333364146, 16.570833333291798 ], [ -95.945480007995954, 16.568408881564732 ], [ -95.942019992328767, 16.564924452001904 ], [ -95.941612247261716, 16.559722499327428 ], [ -95.941313341037784, 16.555908881589726 ], [ -95.937853325370654, 16.552424452026827 ], [ -95.937499999725162, 16.550000000299839 ], [ -95.939924452351519, 16.549646674654348 ], [ -95.949645656921561, 16.539951579202086 ], [ -95.950353325345645, 16.52257554772341 ], [ -95.953813341012861, 16.519091119060032 ], [ -95.954519992303773, 16.510075547748343 ], [ -95.964211527340041, 16.500357733622582 ], [ -95.966666666633316, 16.500000000399716 ], [ -95.972955661674433, 16.499344550210896 ], [ -95.978401523411591, 16.49554070394035 ], [ -95.978620793242655, 16.492043063585417 ], [ -95.979822116797223, 16.47287767236682 ], [ -95.982691395772221, 16.468769913821728 ], [ -95.983429802943064, 16.467712741749626 ], [ -95.987357335545298, 16.466924992006753 ], [ -95.991912502559899, 16.466011217243896 ], [ -95.992892141807161, 16.466695563212873 ] ] ] ] } },
{ "type": "Feature", "properties": { "ID_WS": 20, "HAS_WS": 16421.634 }, "geometry": { "type": "MultiPolygon", "coordinates": [ [ [ [ -96.15000000019991, 16.654166667058153 ], [ -96.16575317357011, 16.654774305689799 ], [ -96.166666666233638, 16.658333333116929 ], [ -96.166666666233581, 16.662500000074974 ], [ -96.167517428486491, 16.665815904780253 ], [ -96.170833333191723, 16.666666667033141 ], [ -96.173257785818151, 16.666313340488347 ], [ -96.176742214481564, 16.662853325720437 ], [ -96.179166667108007, 16.66250000007506 ], [ -96.178510877874658, 16.669873385948083 ], [ -96.173043823613511, 16.674432712200012 ], [ -96.16862284366924, 16.675567287900162 ], [ -96.163637288230248, 16.679431152226066 ], [ -96.162500000174802, 16.675000000050087 ], [ -96.159184095469556, 16.6758507623029 ], [ -96.158333333216746, 16.679166667008129 ], [ -96.157980007571297, 16.685757785693294 ], [ -96.154519992803387, 16.689242214356728 ], [ -96.153813340613212, 16.698257785668332 ], [ -96.150353325845288, 16.701742214331734 ], [ -96.149646674554319, 16.706591118685282 ], [ -96.142019992828367, 16.714242214306815 ], [ -96.141313340638163, 16.727424451677194 ], [ -96.14001180456745, 16.72873023390326 ], [ -96.133686658912197, 16.735075548198097 ], [ -96.132980007621171, 16.744091118610331 ], [ -96.125353325895233, 16.751742214231886 ], [ -96.125000000249784, 16.754166666858243 ], [ -96.122575547623441, 16.754519992503678 ], [ -96.119091118959972, 16.75798000727163 ], [ -96.110075547648364, 16.758686659461834 ], [ -96.106249999837615, 16.762485419166808 ], [ -96.102424452026796, 16.758686659461834 ], [ -96.093408881614579, 16.757980007271566 ], [ -96.089924452051775, 16.754519992503678 ], [ -96.083333333366596, 16.754166666858271 ], [ -96.082766045516593, 16.751956176436465 ], [ -96.078599378558479, 16.746579996869414 ], [ -96.079733954258501, 16.739456176461498 ], [ -96.082766045516593, 16.735543823388827 ], [ -96.083900621216685, 16.731122843444538 ], [ -96.092233954233606, 16.721770562361623 ], [ -96.091099378533457, 16.710289510452597 ], [ -96.083900621216728, 16.702210489522614 ], [ -96.082766045516564, 16.689456176561411 ], [ -96.079733954258501, 16.685543823488782 ], [ -96.078599378558451, 16.681122843544443 ], [ -96.067233954283594, 16.66887715655561 ], [ -96.065698920368874, 16.662896050712266 ], [ -96.060543822939067, 16.658900620966918 ], [ -96.05612284299481, 16.657766045266872 ], [ -96.052210489922174, 16.654733954908174 ], [ -96.046416219133178, 16.653247070695787 ], [ -96.038067288274746, 16.643877156605566 ], [ -96.036649068199878, 16.638350762377868 ], [ -96.029774136067516, 16.636586507461487 ], [ -96.029737753855514, 16.635643115011472 ], [ -96.029166666508402, 16.62083333319184 ], [ -96.028813340862968, 16.614242214506724 ], [ -96.024998643372726, 16.610400729809861 ], [ -96.030908881739464, 16.604519992803507 ], [ -96.035757785193638, 16.603813340613193 ], [ -96.043408881714456, 16.596186658887255 ], [ -96.048137728042903, 16.596031442027982 ], [ -96.054166666458443, 16.595833333241831 ], [ -96.061600409431378, 16.595172119297917 ], [ -96.063067288224758, 16.58945617676121 ], [ -96.067626444504768, 16.583989122500103 ], [ -96.081377156830328, 16.582766045416733 ], [ -96.085289509902921, 16.579733954158758 ], [ -96.104913330285953, 16.578599378458595 ], [ -96.110289509852961, 16.582766045416733 ], [ -96.11324666330286, 16.583900621116818 ], [ -96.11862284376916, 16.579733954158723 ], [ -96.125000000249784, 16.579166666308666 ], [ -96.125100138390522, 16.582215741764443 ], [ -96.125353325895276, 16.58992445195198 ], [ -96.1288133406631, 16.59340888151473 ], [ -96.129519992853389, 16.598257784968801 ], [ -96.132980007621228, 16.601742214531612 ], [ -96.133686658912168, 16.606591118885142 ], [ -96.137146674579384, 16.610075547548526 ], [ -96.137853325870253, 16.618382432403454 ], [ -96.129519992853403, 16.626742214481688 ], [ -96.1288133406631, 16.643382771397881 ], [ -96.139215088305662, 16.653812323380105 ], [ -96.15000000019991, 16.654166667058153 ] ] ] ] } },
{ "type": "Feature", "properties": { "ID_WS": 21, "HAS_WS": 14027.046 }, "geometry": { "type": "MultiPolygon", "coordinates": [ [ [ [ -96.170317607173217, 16.569262137776882 ], [ -96.16909111886001, 16.570480007646285 ], [ -96.164242214506572, 16.571186658937251 ], [ -96.156250677826534, 16.579152764588521 ], [ -96.152424451926933, 16.575353325895367 ], [ -96.148023601031767, 16.574711978216381 ], [ -96.147575547573396, 16.574646674604416 ], [ -96.143379720098054, 16.570480007646299 ], [ -96.13924221455656, 16.571186658937251 ], [ -96.1357577849938, 16.574646674604402 ], [ -96.125000000249784, 16.575000000249879 ], [ -96.121447584638332, 16.574088202808348 ], [ -96.120266045441653, 16.547789509878061 ], [ -96.096400621191719, 16.523043822914168 ], [ -96.095172119397745, 16.509232923460729 ], [ -96.088350931650197, 16.507482571163756 ], [ -96.087500000324724, 16.504166666458577 ], [ -96.08333333336661, 16.504166666458584 ], [ -96.083333333366667, 16.500000000399716 ], [ -96.08333333336661, 16.49583333344162 ], [ -96.0854556614496, 16.495177883252811 ], [ -96.097877672216796, 16.483988782756168 ], [ -96.110455661399627, 16.482677883277773 ], [ -96.114544338250653, 16.479822116697346 ], [ -96.13962232830778, 16.478511217218948 ], [ -96.15621100513377, 16.463155449764258 ], [ -96.161767577911348, 16.461439683594545 ], [ -96.163256157345756, 16.442422824653733 ], [ -96.181288994291634, 16.441011217293948 ], [ -96.185377672041909, 16.43815544981425 ], [ -96.187500000124913, 16.437499999625317 ], [ -96.195094129990082, 16.438274807836144 ], [ -96.196476236888785, 16.456301541083331 ], [ -96.199357096352898, 16.460365125949878 ], [ -96.200642903846955, 16.464634874100266 ], [ -96.203523763311011, 16.468698458966799 ], [ -96.204809569905748, 16.472968207117173 ], [ -96.207690429369777, 16.477031792883011 ], [ -96.208976236863819, 16.47948845742647 ], [ -96.204809569905677, 16.485365125899943 ], [ -96.203523763310983, 16.491988457401483 ], [ -96.207690429369833, 16.497865125874931 ], [ -96.208976236863819, 16.502134874025376 ], [ -96.211857096327918, 16.506198458891841 ], [ -96.213142903821947, 16.510468207042184 ], [ -96.220190429344839, 16.51869845886689 ], [ -96.221797688712385, 16.524035644729274 ], [ -96.225000000049931, 16.525000000349838 ], [ -96.224382527331727, 16.527160305004152 ], [ -96.221450805810036, 16.531173027813136 ], [ -96.220145331042133, 16.553357272919921 ], [ -96.209305148613709, 16.554935031826272 ], [ -96.207406954967013, 16.561573622125103 ], [ -96.204166667058004, 16.562500000274845 ], [ -96.20380859389148, 16.564957003862702 ], [ -96.197547743133768, 16.571186658937251 ], [ -96.176742214481621, 16.570480007646339 ], [ -96.172916666670829, 16.56668124704197 ], [ -96.170317607173217, 16.569262137776882 ] ] ] ] } },
{ "type": "Feature", "properties": { "ID_WS": 22, "HAS_WS": 7734.52 }, "geometry": { "type": "MultiPolygon", "coordinates": [ [ [ [ -96.029166666508374, 16.433333333566523 ], [ -96.026956176986005, 16.432766045716516 ], [ -96.025511274637765, 16.431646265454066 ], [ -96.049470344670937, 16.426025343446469 ], [ -96.062372124564206, 16.422996756048995 ], [ -96.091005350114941, 16.418766010561409 ], [ -96.109503939934257, 16.420097848747833 ], [ -96.187139976261037, 16.422876221497297 ], [ -96.187500000124913, 16.437499999625317 ], [ -96.185377672041909, 16.43815544981425 ], [ -96.181288994291634, 16.441011217293948 ], [ -96.163256157345756, 16.442422824653733 ], [ -96.161767577911348, 16.461439683594545 ], [ -96.15621100513377, 16.463155449764258 ], [ -96.13962232830778, 16.478511217218948 ], [ -96.114544338250653, 16.479822116697346 ], [ -96.110455661399627, 16.482677883277773 ], [ -96.097877672216796, 16.483988782756168 ], [ -96.0854556614496, 16.495177883252811 ], [ -96.08333333336661, 16.49583333344162 ], [ -96.07916666640844, 16.495833333441677 ], [ -96.079166666408469, 16.500000000399737 ], [ -96.076956176886057, 16.500567288249751 ], [ -96.071970452374444, 16.504431152575766 ], [ -96.070266045541558, 16.497789509977942 ], [ -96.066099378583402, 16.492413330410944 ], [ -96.067233954283552, 16.489456176961017 ], [ -96.070266045541501, 16.485543822989094 ], [ -96.071400621241636, 16.47278951002794 ], [ -96.079733954258515, 16.463437228944979 ], [ -96.078500026854741, 16.450950792545076 ], [ -96.073043822914101, 16.446400621391607 ], [ -96.068622843869093, 16.445266045691508 ], [ -96.064710489897195, 16.442233954433561 ], [ -96.056122842994796, 16.441099378733441 ], [ -96.052210489922132, 16.438067287475437 ], [ -96.029166666508445, 16.437499999625363 ], [ -96.029166666508374, 16.433333333566523 ] ] ] ] } },
{ "type": "Feature", "properties": { "ID_WS": 23, "HAS_WS": 12817.947 }, "geometry": { "type": "MultiPolygon", "coordinates": [ [ [ [ -96.19504027059368, 16.811031398278082 ], [ -96.192413330111052, 16.81306728762538 ], [ -96.189456176661182, 16.811932711925262 ], [ -96.189162264574179, 16.81167084261229 ], [ -96.181377156630489, 16.804733954608349 ], [ -96.175850762402774, 16.803315904505489 ], [ -96.174432712299804, 16.797789510277752 ], [ -96.171400621041812, 16.793877156305754 ], [ -96.170833333191794, 16.787499999825165 ], [ -96.169865587127106, 16.783729383504308 ], [ -96.164710489697313, 16.779733954658358 ], [ -96.160289509753099, 16.778599378958219 ], [ -96.156377156680406, 16.775567287700273 ], [ -96.151956176736121, 16.774432712000181 ], [ -96.1480438236635, 16.771400621641423 ], [ -96.143953554986865, 16.770350922112122 ], [ -96.143622843719257, 16.770266045042 ], [ -96.131377156730395, 16.758900620767058 ], [ -96.125850762502623, 16.757482570664163 ], [ -96.125000000249784, 16.754166666858243 ], [ -96.125353325895233, 16.751742214231886 ], [ -96.132980007621171, 16.744091118610331 ], [ -96.133686658912197, 16.735075548198097 ], [ -96.14001180456745, 16.72873023390326 ], [ -96.141313340638163, 16.727424451677194 ], [ -96.142019992828367, 16.714242214306815 ], [ -96.149646674554319, 16.706591118685282 ], [ -96.150353325845288, 16.701742214331734 ], [ -96.153813340613212, 16.698257785668332 ], [ -96.154519992803387, 16.689242214356728 ], [ -96.157980007571297, 16.685757785693294 ], [ -96.158333333216746, 16.679166667008129 ], [ -96.159184095469556, 16.6758507623029 ], [ -96.162500000174802, 16.675000000050087 ], [ -96.163637288230248, 16.679431152226066 ], [ -96.16862284366924, 16.675567287900162 ], [ -96.173043823613511, 16.674432712200012 ], [ -96.178510877874658, 16.669873385948083 ], [ -96.179166667108007, 16.66250000007506 ], [ -96.181377156630489, 16.663067287925042 ], [ -96.185289509703097, 16.666099379183034 ], [ -96.193877156605481, 16.667233954883145 ], [ -96.197789509678088, 16.670266045241817 ], [ -96.202210489622402, 16.671400620941895 ], [ -96.21445617661125, 16.682766045216905 ], [ -96.219982570838923, 16.684184095319843 ], [ -96.221400620941907, 16.689710489547537 ], [ -96.224432712199899, 16.693622843519478 ], [ -96.225567287900034, 16.698043823463713 ], [ -96.228599379158013, 16.70195617653641 ], [ -96.228748992584158, 16.703088659705749 ], [ -96.229733954858148, 16.71054382343879 ], [ -96.237038167577367, 16.718741183458956 ], [ -96.233900620916927, 16.72278951042761 ], [ -96.232766045216749, 16.75491332988641 ], [ -96.236932712174905, 16.760289510352674 ], [ -96.23750000002498, 16.783333333766475 ], [ -96.235075548297843, 16.783686659411838 ], [ -96.225357734172107, 16.793378363520702 ], [ -96.224646674404497, 16.79825778546849 ], [ -96.217019992678502, 16.805908881090112 ], [ -96.216666667033039, 16.808333333716366 ], [ -96.198436613091772, 16.808881214785064 ], [ -96.197789509678145, 16.80890062156648 ], [ -96.19504027059368, 16.811031398278082 ] ] ] ] } },
{ "type": "Feature", "properties": { "ID_WS": 24, "HAS_WS": 19374.035 }, "geometry": { "type": "MultiPolygon", "coordinates": [ [ [ [ -96.228748992584158, 16.703088659705749 ], [ -96.228599379158013, 16.70195617653641 ], [ -96.225567287900034, 16.698043823463713 ], [ -96.224432712199899, 16.693622843519478 ], [ -96.221400620941907, 16.689710489547537 ], [ -96.219982570838923, 16.684184095319843 ], [ -96.21445617661125, 16.682766045216905 ], [ -96.202210489622402, 16.671400620941895 ], [ -96.197789509678088, 16.670266045241817 ], [ -96.193877156605481, 16.667233954883145 ], [ -96.185289509703097, 16.666099379183034 ], [ -96.181377156630489, 16.663067287925042 ], [ -96.179166667108007, 16.66250000007506 ], [ -96.176742214481564, 16.662853325720437 ], [ -96.173257785818151, 16.666313340488347 ], [ -96.170833333191723, 16.666666667033141 ], [ -96.167517428486491, 16.665815904780253 ], [ -96.166666666233581, 16.662500000074974 ], [ -96.166666666233638, 16.658333333116929 ], [ -96.169982570938927, 16.657482570864037 ], [ -96.171684095444604, 16.650850762352889 ], [ -96.175000000149851, 16.650000000099929 ], [ -96.182594130015019, 16.64922519278856 ], [ -96.184052191855145, 16.630204603459763 ], [ -96.189634873750421, 16.628523763361081 ], [ -96.200118764515963, 16.619040256008908 ], [ -96.202031792533163, 16.617309569980691 ], [ -96.210468207641654, 16.616023763386028 ], [ -96.214531792508154, 16.613142903921961 ], [ -96.222968207616702, 16.611857096427915 ], [ -96.227031792483274, 16.60897623696388 ], [ -96.232368977446328, 16.607368977596295 ], [ -96.233976236813817, 16.60203179263323 ], [ -96.23685709627793, 16.597968207766641 ], [ -96.238464355645476, 16.592631021904186 ], [ -96.243801540608558, 16.591023763435985 ], [ -96.247865125475144, 16.588142903971956 ], [ -96.248791302789144, 16.587864007649699 ], [ -96.253202311337603, 16.586535644604361 ], [ -96.254166666958085, 16.583333333266729 ], [ -96.273257785618284, 16.58368665891232 ], [ -96.276742214281768, 16.587146674579483 ], [ -96.28333333296689, 16.587500000224985 ], [ -96.282715861148105, 16.589660305778576 ], [ -96.279723442582792, 16.593756442505832 ], [ -96.286882528106204, 16.602006361604417 ], [ -96.28727126826648, 16.604145776708268 ], [ -96.288117472643208, 16.608802625540793 ], [ -96.28395080568508, 16.614506361579387 ], [ -96.282715861148105, 16.640667046347279 ], [ -96.293826972436847, 16.642284138901871 ], [ -96.299138387326693, 16.646164279158192 ], [ -96.300617472618271, 16.656326971712446 ], [ -96.304280599270228, 16.661341349523681 ], [ -96.308333332917016, 16.66250000007501 ], [ -96.309184095169869, 16.65918409536976 ], [ -96.312499999875101, 16.658333333116929 ], [ -96.331591118535272, 16.657980007471455 ], [ -96.335075548098018, 16.654519992703573 ], [ -96.339213053639469, 16.653813340513338 ], [ -96.343408881114954, 16.657980007471394 ], [ -96.345833333741325, 16.65833333311695 ], [ -96.345475599619192, 16.660787624349418 ], [ -96.330883111066669, 16.675353325695518 ], [ -96.326742214181849, 16.674646674404567 ], [ -96.319091118560237, 16.667019992678593 ], [ -96.308333332916973, 16.666666667033162 ], [ -96.304166666858166, 16.666666667033162 ], [ -96.304166666858166, 16.670833333091952 ], [ -96.300850762152905, 16.671684095344773 ], [ -96.299149237647143, 16.678315904755326 ], [ -96.292643907090664, 16.679985215545305 ], [ -96.291099379033099, 16.684270562436538 ], [ -96.299432712049992, 16.693622843519449 ], [ -96.300567287750113, 16.696579996969312 ], [ -96.296400620792042, 16.701956176536378 ], [ -96.295266045091878, 16.706377156480652 ], [ -96.2921264650643, 16.71042819580466 ], [ -96.303599379008176, 16.72278951042761 ], [ -96.304733954708169, 16.73971049034694 ], [ -96.311932712025012, 16.747789510377636 ], [ -96.311962349750559, 16.74801387860224 ], [ -96.313208347287357, 16.757445950270451 ], [ -96.319982570639098, 16.759184095169921 ], [ -96.320833332891965, 16.76249999987521 ], [ -96.316711426091445, 16.763709513383393 ], [ -96.313130357180256, 16.768685912824672 ], [ -96.311507161825986, 16.774217054573562 ], [ -96.302019246790792, 16.77563035715535 ], [ -96.296229722623565, 16.779797024113407 ], [ -96.2895192468158, 16.778536309503107 ], [ -96.283729722648602, 16.774369642545025 ], [ -96.271153428687768, 16.775827026296241 ], [ -96.267297024238275, 16.7811859127997 ], [ -96.265910847907293, 16.795074463315913 ], [ -96.253354560264739, 16.796354167111222 ], [ -96.243814087050438, 16.788130357130363 ], [ -96.238445366460468, 16.786554633389699 ], [ -96.23750000002498, 16.783333333766475 ], [ -96.236932712174905, 16.760289510352674 ], [ -96.232766045216749, 16.75491332988641 ], [ -96.233900620916927, 16.72278951042761 ], [ -96.237038167577367, 16.718741183458956 ], [ -96.229733954858148, 16.71054382343879 ], [ -96.228748992584158, 16.703088659705749 ] ] ] ] } },
{ "type": "Feature", "properties": { "ID_WS": 25, "HAS_WS": 10133.904 }, "geometry": { "type": "MultiPolygon", "coordinates": [ [ [ [ -96.254236521309522, 16.556470131619765 ], [ -96.254733954808145, 16.563246663302934 ], [ -96.25056728785006, 16.568622843769308 ], [ -96.249432712149925, 16.571579996319858 ], [ -96.253599379108081, 16.576956176786176 ], [ -96.254166666958085, 16.583333333266729 ], [ -96.253202311337603, 16.586535644604361 ], [ -96.248791302789144, 16.587864007649699 ], [ -96.247865125475144, 16.588142903971956 ], [ -96.243801540608558, 16.591023763435985 ], [ -96.238464355645476, 16.592631021904186 ], [ -96.23685709627793, 16.597968207766641 ], [ -96.233976236813817, 16.60203179263323 ], [ -96.232368977446328, 16.607368977596295 ], [ -96.227031792483274, 16.60897623696388 ], [ -96.222968207616702, 16.611857096427915 ], [ -96.214531792508154, 16.613142903921961 ], [ -96.210468207641654, 16.616023763386028 ], [ -96.202031792533163, 16.617309569980691 ], [ -96.200118764515963, 16.619040256008908 ], [ -96.189634873750421, 16.628523763361081 ], [ -96.184052191855145, 16.630204603459763 ], [ -96.182594130015019, 16.64922519278856 ], [ -96.175000000149851, 16.650000000099929 ], [ -96.171684095444604, 16.650850762352889 ], [ -96.169982570938927, 16.657482570864037 ], [ -96.166666666233638, 16.658333333116929 ], [ -96.16575317357011, 16.654774305689799 ], [ -96.15000000019991, 16.654166667058153 ], [ -96.139215088305662, 16.653812323380105 ], [ -96.1288133406631, 16.643382771397881 ], [ -96.129519992853403, 16.626742214481688 ], [ -96.137853325870253, 16.618382432403454 ], [ -96.137146674579384, 16.610075547548526 ], [ -96.133686658912168, 16.606591118885142 ], [ -96.132980007621228, 16.601742214531612 ], [ -96.129519992853389, 16.598257784968801 ], [ -96.1288133406631, 16.59340888151473 ], [ -96.125353325895276, 16.58992445195198 ], [ -96.125100138390522, 16.582215741764443 ], [ -96.125000000249784, 16.579166666308666 ], [ -96.125000000249784, 16.575000000249879 ], [ -96.1357577849938, 16.574646674604402 ], [ -96.13924221455656, 16.571186658937251 ], [ -96.143379720098054, 16.570480007646299 ], [ -96.147575547573396, 16.574646674604416 ], [ -96.148023601031767, 16.574711978216381 ], [ -96.152424451926933, 16.575353325895367 ], [ -96.156250677826534, 16.579152764588521 ], [ -96.164242214506572, 16.571186658937251 ], [ -96.16909111886001, 16.570480007646285 ], [ -96.170317607173217, 16.569262137776882 ], [ -96.172916666670829, 16.56668124704197 ], [ -96.176742214481621, 16.570480007646339 ], [ -96.197547743133768, 16.571186658937251 ], [ -96.20380859389148, 16.564957003862702 ], [ -96.204166667058004, 16.562500000274845 ], [ -96.207406954967013, 16.561573622125103 ], [ -96.209305148613709, 16.554935031826272 ], [ -96.220145331042133, 16.553357272919921 ], [ -96.221450805810036, 16.531173027813136 ], [ -96.224382527331727, 16.527160305004152 ], [ -96.225000000049931, 16.525000000349838 ], [ -96.240753173420202, 16.525607638981416 ], [ -96.241666666983093, 16.52916666640856 ], [ -96.245124986528879, 16.53005404995459 ], [ -96.245212981938238, 16.530720205163068 ], [ -96.245624350582119, 16.533834331746647 ], [ -96.246122888180153, 16.537608177640035 ], [ -96.246400620891919, 16.539710489847327 ], [ -96.253599379108081, 16.547789509878005 ], [ -96.253778098200272, 16.550224529051398 ], [ -96.254236521309522, 16.556470131619765 ] ] ] ] } },
{ "type": "Feature", "properties": { "ID_WS": 26, "HAS_WS": 13376.009 }, "geometry": { "type": "MultiPolygon", "coordinates": [ [ [ [ -96.19504027059368, 16.811031398278082 ], [ -96.197789509678145, 16.80890062156648 ], [ -96.198436613091772, 16.808881214785064 ], [ -96.216666667033039, 16.808333333716366 ], [ -96.216313340488227, 16.814924452401655 ], [ -96.212853325720388, 16.818408881065071 ], [ -96.212146674429476, 16.823257785418512 ], [ -96.208686658762289, 16.826742214981259 ], [ -96.207980007471377, 16.835757785393564 ], [ -96.205156141628919, 16.838601594689791 ], [ -96.204519992703496, 16.839242214956304 ], [ -96.20381334051325, 16.848257785368588 ], [ -96.198287963418807, 16.85381096770206 ], [ -96.189242214456655, 16.854519992303874 ], [ -96.184398999442848, 16.859339082377964 ], [ -96.183331976989138, 16.860400729310253 ], [ -96.187146674479408, 16.864242214906454 ], [ -96.187500000124942, 16.866666666633471 ], [ -96.187500000124871, 16.874999999650356 ], [ -96.179886542030317, 16.874223497116837 ], [ -96.179166667108007, 16.862499999675382 ], [ -96.175000000149851, 16.862499999675329 ], [ -96.174641926983327, 16.860042996087422 ], [ -96.171418734657706, 16.856836020888053 ], [ -96.169091118859996, 16.854519992303874 ], [ -96.164198795360534, 16.85413659462219 ], [ -96.160075547548416, 16.853813341012952 ], [ -96.155879720072946, 16.84964667405487 ], [ -96.13924221455656, 16.850353325345701 ], [ -96.1357577849938, 16.853813341012934 ], [ -96.126742214581469, 16.854519992303857 ], [ -96.119091118959943, 16.86214667402982 ], [ -96.110075547648378, 16.862853325320746 ], [ -96.106591118984952, 16.866313340988018 ], [ -96.091666666383517, 16.866666666633424 ], [ -96.089209831868246, 16.866308593466858 ], [ -96.083686659012045, 16.860757785343644 ], [ -96.082980007721119, 16.855908880990164 ], [ -96.07918124711685, 16.852083333179348 ], [ -96.083318752658272, 16.847916666221202 ], [ -96.079519992053946, 16.844091118410475 ], [ -96.078813340762991, 16.839242214956304 ], [ -96.062146673829943, 16.822550116994421 ], [ -96.062853326020132, 16.810075548048104 ], [ -96.075353325995195, 16.797549777999915 ], [ -96.074646674704255, 16.789242215056255 ], [ -96.071186659037068, 16.785757785493434 ], [ -96.070480007746141, 16.772575548123111 ], [ -96.067019992078926, 16.769091118560311 ], [ -96.066666666433534, 16.766666666833302 ], [ -96.069982401166897, 16.765815904580442 ], [ -96.070833333391619, 16.762499999875168 ], [ -96.07826707636444, 16.761838785931349 ], [ -96.080017598633248, 16.755017429111156 ], [ -96.083333333366596, 16.754166666858271 ], [ -96.089924452051775, 16.754519992503678 ], [ -96.093408881614579, 16.757980007271566 ], [ -96.102424452026796, 16.758686659461834 ], [ -96.106249999837615, 16.762485419166808 ], [ -96.110075547648364, 16.758686659461834 ], [ -96.119091118959972, 16.75798000727163 ], [ -96.122575547623441, 16.754519992503678 ], [ -96.125000000249784, 16.754166666858243 ], [ -96.125850762502623, 16.757482570664163 ], [ -96.131377156730395, 16.758900620767058 ], [ -96.143622843719257, 16.770266045042 ], [ -96.143953554986865, 16.770350922112122 ], [ -96.1480438236635, 16.771400621641423 ], [ -96.151956176736121, 16.774432712000181 ], [ -96.156377156680406, 16.775567287700273 ], [ -96.160289509753099, 16.778599378958219 ], [ -96.164710489697313, 16.779733954658358 ], [ -96.169865587127106, 16.783729383504308 ], [ -96.170833333191794, 16.787499999825165 ], [ -96.171400621041812, 16.793877156305754 ], [ -96.174432712299804, 16.797789510277752 ], [ -96.175850762402774, 16.803315904505489 ], [ -96.181377156630489, 16.804733954608349 ], [ -96.189162264574179, 16.81167084261229 ], [ -96.189456176661182, 16.811932711925262 ], [ -96.192413330111052, 16.81306728762538 ], [ -96.19504027059368, 16.811031398278082 ] ] ] ] } },
{ "type": "Feature", "properties": { "ID_WS": 27, "HAS_WS": 10728.58 }, "geometry": { "type": "MultiPolygon", "coordinates": [ [ [ [ -96.367458882504636, 16.650136514573568 ], [ -96.355908881089988, 16.650353325745531 ], [ -96.348257785468419, 16.657980007471377 ], [ -96.345833333741325, 16.65833333311695 ], [ -96.343408881114954, 16.657980007471394 ], [ -96.339213053639469, 16.653813340513338 ], [ -96.335075548098018, 16.654519992703573 ], [ -96.331591118535272, 16.657980007471455 ], [ -96.312499999875101, 16.658333333116929 ], [ -96.309184095169869, 16.65918409536976 ], [ -96.308333332917016, 16.66250000007501 ], [ -96.304280599270228, 16.661341349523681 ], [ -96.300617472618271, 16.656326971712446 ], [ -96.299138387326693, 16.646164279158192 ], [ -96.293826972436847, 16.642284138901871 ], [ -96.282715861148105, 16.640667046347279 ], [ -96.28395080568508, 16.614506361579387 ], [ -96.288117472643208, 16.608802625540793 ], [ -96.28727126826648, 16.604145776708268 ], [ -96.286882528106204, 16.602006361604417 ], [ -96.279723442582792, 16.593756442505832 ], [ -96.282715861148105, 16.589660305778576 ], [ -96.28333333296689, 16.587500000224985 ], [ -96.286649237672165, 16.586649237971955 ], [ -96.287499999925018, 16.583333333266729 ], [ -96.288467745989621, 16.57956271694589 ], [ -96.29362284341947, 16.575567288099972 ], [ -96.298043823363756, 16.57443271239984 ], [ -96.301956176436335, 16.571400621141819 ], [ -96.318877156355683, 16.570266045441716 ], [ -96.322789510327638, 16.567233954183731 ], [ -96.353253174094732, 16.566059027701989 ], [ -96.354166666758246, 16.562500000274827 ], [ -96.358333333716374, 16.562500000274845 ], [ -96.360757785443383, 16.562853325920322 ], [ -96.3642422150062, 16.566313340688172 ], [ -96.374999999750216, 16.56666666633361 ], [ -96.375567287600248, 16.589710489747336 ], [ -96.382766045816311, 16.597789509778085 ], [ -96.383900621516489, 16.602210489722388 ], [ -96.395266045791345, 16.614456176711322 ], [ -96.396541680154414, 16.624112616604052 ], [ -96.402210490122002, 16.62556728800007 ], [ -96.406122843194623, 16.628599378358711 ], [ -96.408333333616483, 16.629166667108048 ], [ -96.408900621466486, 16.635543823588637 ], [ -96.413067287525294, 16.640920003155664 ], [ -96.41182623928951, 16.65327012841378 ], [ -96.408333333616483, 16.654166667058043 ], [ -96.397575547973105, 16.653813340513391 ], [ -96.393379720497663, 16.649646674454544 ], [ -96.367458882504636, 16.650136514573568 ] ] ] ] } },
{ "type": "Feature", "properties": { "ID_WS": 28, "HAS_WS": 14074.399 }, "geometry": { "type": "MultiPolygon", "coordinates": [ [ [ [ -96.416376655405671, 16.676130605318463 ], [ -96.415815904380452, 16.678315904755326 ], [ -96.414454036322041, 16.678665387970167 ], [ -96.408931139060783, 16.680082532982528 ], [ -96.408711285351274, 16.687544471136533 ], [ -96.408568492439301, 16.692390555749046 ], [ -96.408005628219172, 16.711490090056369 ], [ -96.407766045766436, 16.719618394773164 ], [ -96.410440817883568, 16.720304878271026 ], [ -96.412494760282385, 16.720831988429673 ], [ -96.412499999675205, 16.720833332991987 ], [ -96.412443523140325, 16.722552984334428 ], [ -96.412295340165116, 16.727064824297965 ], [ -96.412146674029771, 16.731591118635322 ], [ -96.408686659261932, 16.735075548198004 ], [ -96.407980007970934, 16.739924451652183 ], [ -96.404519992303818, 16.743408881214947 ], [ -96.403808932536208, 16.748288303162752 ], [ -96.394091118410373, 16.757980007271602 ], [ -96.391666666683349, 16.758333332917022 ], [ -96.392019992328784, 16.760757785543518 ], [ -96.39583468981904, 16.764599270240168 ], [ -96.389924452351607, 16.770480007246597 ], [ -96.380908881039986, 16.771186659436822 ], [ -96.377424452376573, 16.774646674204728 ], [ -96.368408881064951, 16.775353325495654 ], [ -96.364924452401524, 16.778813341162817 ], [ -96.360075548048087, 16.779519992453739 ], [ -96.356591118485355, 16.782980007221681 ], [ -96.34999999980009, 16.783333333766425 ], [ -96.347542996212269, 16.782975260599901 ], [ -96.342019992428703, 16.777424452476634 ], [ -96.341308932661093, 16.772545030528789 ], [ -96.331591118535229, 16.762853325520677 ], [ -96.320833332891965, 16.76249999987521 ], [ -96.319982570639098, 16.759184095169921 ], [ -96.313208347287357, 16.757445950270451 ], [ -96.311962349750559, 16.74801387860224 ], [ -96.311932712025012, 16.747789510377636 ], [ -96.304733954708169, 16.73971049034694 ], [ -96.303599379008176, 16.72278951042761 ], [ -96.2921264650643, 16.71042819580466 ], [ -96.295266045091878, 16.706377156480652 ], [ -96.296400620792042, 16.701956176536378 ], [ -96.300567287750113, 16.696579996969312 ], [ -96.299432712049992, 16.693622843519449 ], [ -96.291099379033099, 16.684270562436538 ], [ -96.292643907090664, 16.679985215545305 ], [ -96.299149237647143, 16.678315904755326 ], [ -96.300850762152905, 16.671684095344773 ], [ -96.304166666858166, 16.670833333091952 ], [ -96.304166666858166, 16.666666667033162 ], [ -96.308333332916973, 16.666666667033162 ], [ -96.319091118560237, 16.667019992678593 ], [ -96.326742214181849, 16.674646674404567 ], [ -96.330883111066669, 16.675353325695518 ], [ -96.345475599619192, 16.660787624349418 ], [ -96.345833333741325, 16.65833333311695 ], [ -96.348257785468419, 16.657980007471377 ], [ -96.355908881089988, 16.650353325745531 ], [ -96.367458882504636, 16.650136514573568 ], [ -96.393379720497663, 16.649646674454544 ], [ -96.397575547973105, 16.653813340513391 ], [ -96.408333333616483, 16.654166667058043 ], [ -96.409184095869335, 16.657482570864037 ], [ -96.414710490097022, 16.658900620967007 ], [ -96.419865586627509, 16.662896050712181 ], [ -96.420833333591432, 16.666666667033141 ], [ -96.420266045741386, 16.668877156555673 ], [ -96.417233954483436, 16.672789510527576 ], [ -96.416376655405671, 16.676130605318463 ] ] ] ] } },
{ "type": "Feature", "properties": { "ID_WS": 29, "HAS_WS": 19422.103 }, "geometry": { "type": "MultiPolygon", "coordinates": [ [ [ [ -96.203213800635027, 16.896973541280314 ], [ -96.202424451826971, 16.896186659187094 ], [ -96.195833333141749, 16.895833333541496 ], [ -96.195480007496343, 16.889242214856409 ], [ -96.192019992728461, 16.88575778529367 ], [ -96.19131334053823, 16.880908880940147 ], [ -96.187853325770348, 16.877424452276792 ], [ -96.187500000124871, 16.874999999650356 ], [ -96.187500000124942, 16.866666666633471 ], [ -96.187146674479408, 16.864242214906454 ], [ -96.183331976989138, 16.860400729310253 ], [ -96.184398999442848, 16.859339082377964 ], [ -96.189242214456655, 16.854519992303874 ], [ -96.198287963418807, 16.85381096770206 ], [ -96.20381334051325, 16.848257785368588 ], [ -96.204519992703496, 16.839242214956304 ], [ -96.205156141628919, 16.838601594689791 ], [ -96.207980007471377, 16.835757785393564 ], [ -96.208686658762289, 16.826742214981259 ], [ -96.212146674429476, 16.823257785418512 ], [ -96.212853325720388, 16.818408881065071 ], [ -96.216313340488227, 16.814924452401655 ], [ -96.216666667033039, 16.808333333716366 ], [ -96.217019992678502, 16.805908881090112 ], [ -96.224646674404497, 16.79825778546849 ], [ -96.225357734172107, 16.793378363520702 ], [ -96.235075548297843, 16.783686659411838 ], [ -96.23750000002498, 16.783333333766475 ], [ -96.238445366460468, 16.786554633389699 ], [ -96.243814087050438, 16.788130357130363 ], [ -96.253354560264739, 16.796354167111222 ], [ -96.265910847907293, 16.795074463315913 ], [ -96.267297024238275, 16.7811859127997 ], [ -96.271153428687768, 16.775827026296241 ], [ -96.283729722648602, 16.774369642545025 ], [ -96.2895192468158, 16.778536309503107 ], [ -96.296229722623565, 16.779797024113407 ], [ -96.302019246790792, 16.77563035715535 ], [ -96.311507161825986, 16.774217054573562 ], [ -96.313130357180256, 16.768685912824672 ], [ -96.316711426091445, 16.763709513383393 ], [ -96.320833332891965, 16.76249999987521 ], [ -96.331591118535229, 16.762853325520677 ], [ -96.341308932661093, 16.772545030528789 ], [ -96.342019992428703, 16.777424452476634 ], [ -96.347542996212269, 16.782975260599901 ], [ -96.34999999980009, 16.783333333766425 ], [ -96.349646674154684, 16.798257785468543 ], [ -96.346186659386802, 16.801742215031258 ], [ -96.345833333741297, 16.804166666758341 ], [ -96.345833333741396, 16.808333333716401 ], [ -96.341666666783254, 16.808333333716423 ], [ -96.34166666678324, 16.823244390789174 ], [ -96.34166666678324, 16.829166666708392 ], [ -96.341099378933194, 16.831377156230875 ], [ -96.336715756329198, 16.836296947189499 ], [ -96.333900621616351, 16.839456177160908 ], [ -96.332918868186624, 16.843281681919265 ], [ -96.332766045016953, 16.843877156205831 ], [ -96.32973395465828, 16.847789510177712 ], [ -96.328599378958174, 16.852210490122047 ], [ -96.324888520846372, 16.856375257381906 ], [ -96.321400621641317, 16.860289510152874 ], [ -96.320868807568971, 16.862361803331893 ], [ -96.320266045041947, 16.864710490097114 ], [ -96.312483322830673, 16.872781663696884 ], [ -96.29512464738454, 16.890779283037553 ], [ -96.288123575442611, 16.892575751669643 ], [ -96.286932712075014, 16.91471048999712 ], [ -96.283900620816979, 16.918622843069858 ], [ -96.283333332966905, 16.92083333349165 ], [ -96.280908881239881, 16.921186659137103 ], [ -96.276713053764382, 16.925353326095152 ], [ -96.264242214306734, 16.924646673904991 ], [ -96.260757785643264, 16.921186659137021 ], [ -96.255908881289827, 16.92048000784623 ], [ -96.251713053814328, 16.916313340888028 ], [ -96.243408881314778, 16.917019992178979 ], [ -96.235049099236505, 16.925353326095138 ], [ -96.226712035831767, 16.924643961549659 ], [ -96.221186658737281, 16.919091118260564 ], [ -96.220477634135477, 16.910045369298384 ], [ -96.214924451801934, 16.904519992203955 ], [ -96.210075548347831, 16.903813340913068 ], [ -96.203213800635027, 16.896973541280314 ] ] ] ] } },
{ "type": "Feature", "properties": { "ID_WS": 30, "HAS_WS": 5164.667 }, "geometry": { "type": "MultiPolygon", "coordinates": [ [ [ [ -96.091666666383531, 16.899502678981147 ], [ -96.091666666383531, 16.896811213510965 ], [ -96.091666666383517, 16.866666666633424 ], [ -96.106591118984952, 16.866313340988018 ], [ -96.110075547648378, 16.862853325320746 ], [ -96.119091118959943, 16.86214667402982 ], [ -96.126742214581469, 16.854519992303857 ], [ -96.1357577849938, 16.853813341012934 ], [ -96.13924221455656, 16.850353325345701 ], [ -96.155879720072946, 16.84964667405487 ], [ -96.160075547548416, 16.853813341012952 ], [ -96.164198795360534, 16.85413659462219 ], [ -96.169091118859996, 16.854519992303874 ], [ -96.171418734657706, 16.856836020888053 ], [ -96.174641926983327, 16.860042996087422 ], [ -96.175000000149851, 16.862499999675329 ], [ -96.179166667108007, 16.862499999675382 ], [ -96.179886542030317, 16.874223497116837 ], [ -96.187500000124871, 16.874999999650356 ], [ -96.187853325770348, 16.877424452276792 ], [ -96.19131334053823, 16.880908880940147 ], [ -96.192019992728461, 16.88575778529367 ], [ -96.195480007496343, 16.889242214856409 ], [ -96.195833333141749, 16.895833333541496 ], [ -96.19340888141474, 16.896186659187094 ], [ -96.189924451851994, 16.899646673954877 ], [ -96.17745361329365, 16.900353326145204 ], [ -96.17291632762641, 16.895847575205522 ], [ -96.167024739400205, 16.901709662970688 ], [ -96.166666666233567, 16.904166666558503 ], [ -96.166666666233567, 16.908333333516637 ], [ -96.16424221450653, 16.907980007871132 ], [ -96.160757784943769, 16.904519992203955 ], [ -96.15833333321676, 16.904166666558474 ], [ -96.155908881489637, 16.904519992203934 ], [ -96.151713053114861, 16.908686659162043 ], [ -96.143408881514631, 16.907980007871195 ], [ -96.139924451951899, 16.904519992203934 ], [ -96.130908881539597, 16.903813340913068 ], [ -96.126713053164892, 16.899646673954933 ], [ -96.118408881564648, 16.900353326145115 ], [ -96.114924452001844, 16.903813340913032 ], [ -96.110075547648407, 16.904519992203934 ], [ -96.10677587297792, 16.907796762829769 ], [ -96.106675369724044, 16.907816569835649 ], [ -96.106675369724002, 16.907816569835628 ], [ -96.104762310156374, 16.908306781069747 ], [ -96.10440564981765, 16.908222250806102 ], [ -96.104093489726722, 16.90745220119933 ], [ -96.104093489726765, 16.90745220119928 ], [ -96.103743289771955, 16.906833830266066 ], [ -96.10330017020469, 16.90634031127701 ], [ -96.102796490386893, 16.906015800632971 ], [ -96.101976380379256, 16.904918949801289 ], [ -96.101228170197857, 16.904205970317655 ], [ -96.100415779740857, 16.903609949935031 ], [ -96.099477510190496, 16.902953050358914 ], [ -96.099477510190454, 16.90295305035896 ], [ -96.098823979665781, 16.902624540132123 ], [ -96.097676000318771, 16.902159999793987 ], [ -96.097676000318728, 16.902159999794037 ], [ -96.097213430238014, 16.90190438098411 ], [ -96.096294709588321, 16.902089201125502 ], [ -96.095555320068215, 16.902021429669073 ], [ -96.094670279849922, 16.902228021110787 ], [ -96.093721579739608, 16.901533249674419 ], [ -96.093105020179323, 16.900709659957563 ], [ -96.092689650106408, 16.900319580129469 ], [ -96.092435539819192, 16.900168109548858 ], [ -96.092033970260474, 16.899985060082642 ], [ -96.091666666383531, 16.899502678981147 ] ] ] ] } },
{ "type": "Feature", "properties": { "ID_WS": 31, "HAS_WS": 12737.334 }, "geometry": { "type": "MultiPolygon", "coordinates": [ [ [ [ -96.207812882605324, 17.01258114151905 ], [ -96.207748049960486, 17.012184430187254 ], [ -96.206800000183776, 17.010892860024533 ], [ -96.20571156987306, 17.008625179721612 ], [ -96.205327340424361, 17.008229319660952 ], [ -96.204449630213958, 17.007785119985591 ], [ -96.203841349638878, 17.006988909832941 ], [ -96.202923829562124, 17.002073309813497 ], [ -96.202367709951972, 17.001210850183497 ], [ -96.201197000069257, 16.997734919948471 ], [ -96.200873119887788, 16.994515350182184 ], [ -96.198906369786997, 16.992558880015281 ], [ -96.197614620171677, 16.992590280237202 ], [ -96.19598033999992, 16.991890709623537 ], [ -96.193514950027961, 16.98800729011263 ], [ -96.193378059602054, 16.98523265015973 ], [ -96.192017830111723, 16.98198288994735 ], [ -96.189743080248306, 16.979961309720331 ], [ -96.188634849839062, 16.977573509796965 ], [ -96.188310549650254, 16.976221650411595 ], [ -96.186098860159731, 16.970915830168519 ], [ -96.18567662735154, 16.97057156574207 ], [ -96.187146674479408, 16.969091119060032 ], [ -96.187853325770348, 16.955908881689563 ], [ -96.192019992728419, 16.951713053314791 ], [ -96.191307576783274, 16.94754197877938 ], [ -96.185757785793157, 16.942019992128987 ], [ -96.180878363845338, 16.941308933260672 ], [ -96.171186658837243, 16.931591119134911 ], [ -96.170480007546274, 16.926742214781491 ], [ -96.167884325509263, 16.924138438884803 ], [ -96.162146674529396, 16.91838243270314 ], [ -96.162853325820379, 16.914242214806411 ], [ -96.166313340588189, 16.910757785243693 ], [ -96.166666666233567, 16.908333333516637 ], [ -96.166666666233567, 16.904166666558503 ], [ -96.167024739400205, 16.901709662970688 ], [ -96.17291632762641, 16.895847575205522 ], [ -96.17745361329365, 16.900353326145204 ], [ -96.189924451851994, 16.899646673954877 ], [ -96.19340888141474, 16.896186659187094 ], [ -96.195833333141749, 16.895833333541496 ], [ -96.202424451826971, 16.896186659187094 ], [ -96.203213800635027, 16.896973541280314 ], [ -96.210075548347831, 16.903813340913068 ], [ -96.214924451801934, 16.904519992203955 ], [ -96.220477634135477, 16.910045369298384 ], [ -96.221186658737281, 16.919091118260564 ], [ -96.226712035831767, 16.924643961549659 ], [ -96.235049099236505, 16.925353326095138 ], [ -96.243408881314778, 16.917019992178979 ], [ -96.251713053814328, 16.916313340888028 ], [ -96.255908881289827, 16.92048000784623 ], [ -96.260757785643264, 16.921186659137021 ], [ -96.264242214306734, 16.924646673904991 ], [ -96.276713053764382, 16.925353326095152 ], [ -96.280908881239881, 16.921186659137103 ], [ -96.283333332966905, 16.92083333349165 ], [ -96.282980007321441, 16.923257785218706 ], [ -96.279519992553617, 16.926742214781491 ], [ -96.278813341262705, 16.939213053339813 ], [ -96.282980007321456, 16.943408881714628 ], [ -96.283140163899816, 16.945452272653512 ], [ -96.283686659511744, 16.952424452126802 ], [ -96.291313341237696, 16.960075547748417 ], [ -96.292019992528637, 16.964924452101908 ], [ -96.305879041684378, 16.978808933185761 ], [ -96.308333332916973, 16.979166666408588 ], [ -96.307482570664149, 16.982482571113842 ], [ -96.30416666685818, 16.983333333366719 ], [ -96.303599379008162, 16.985543822889234 ], [ -96.296400620791985, 16.993622843819256 ], [ -96.295266045091864, 16.998043822864211 ], [ -96.292233954733192, 17.001956176836138 ], [ -96.290747070520837, 17.00775044762517 ], [ -96.281377156430622, 17.016099378483634 ], [ -96.275850762202865, 17.017517428586572 ], [ -96.274149237697145, 17.024149237997047 ], [ -96.268622843469458, 17.025567288099968 ], [ -96.264710489497503, 17.028599378458683 ], [ -96.26249999997502, 17.029166666308651 ], [ -96.259184095269816, 17.028315904055816 ], [ -96.257433742972808, 17.021494547235559 ], [ -96.243622843519447, 17.02026604544178 ], [ -96.230154758435376, 17.007766045466713 ], [ -96.214456176611279, 17.008900621166898 ], [ -96.210665454586248, 17.011838563838978 ], [ -96.209079997044142, 17.013067288124969 ], [ -96.207812882605324, 17.01258114151905 ] ] ] ] } },
{ "type": "Feature", "properties": { "ID_WS": 32, "HAS_WS": 2121.24 }, "geometry": { "type": "MultiPolygon", "coordinates": [ [ [ [ -96.170981349867304, 16.960382720429269 ], [ -96.17139927954338, 16.959681149988768 ], [ -96.171232630430538, 16.95930468025691 ], [ -96.170573029892665, 16.958299180860539 ], [ -96.169987909829544, 16.957911910581721 ], [ -96.168553970444151, 16.957813280212935 ], [ -96.167827829638114, 16.956760969616191 ], [ -96.167759049957013, 16.955955120799004 ], [ -96.167003050156538, 16.954836680385377 ], [ -96.164958770035355, 16.952174779755818 ], [ -96.163011170158384, 16.950303851137729 ], [ -96.162128319642321, 16.94567097040785 ], [ -96.161207509615892, 16.944124089940058 ], [ -96.159299350115305, 16.941911370266826 ], [ -96.157139489532341, 16.940343400685645 ], [ -96.156506060380153, 16.93723125991459 ], [ -96.156198310314252, 16.936841630503391 ], [ -96.155583649753012, 16.936371920833267 ], [ -96.155200599901249, 16.93602917023054 ], [ -96.15452361996168, 16.934019850341791 ], [ -96.154143279878653, 16.933277749942839 ], [ -96.153474940364234, 16.931942620118168 ], [ -96.152369909943857, 16.930875740597426 ], [ -96.151911340401711, 16.930565431236385 ], [ -96.151337490409318, 16.930014860619643 ], [ -96.150430030049279, 16.929286659989998 ], [ -96.149677080099281, 16.928618181013167 ], [ -96.148800229757654, 16.927645770263052 ], [ -96.148255350399509, 16.927249449926986 ], [ -96.148255350399452, 16.927249449927043 ], [ -96.146534550113088, 16.926342800507967 ], [ -96.144296310429169, 16.924525110758427 ], [ -96.143457939829077, 16.923581060218641 ], [ -96.142938720223285, 16.922796800422734 ], [ -96.142196770120478, 16.921775540400869 ], [ -96.141835659753042, 16.921459941031692 ], [ -96.140827079940593, 16.920773350335605 ], [ -96.140487649635617, 16.920562459701465 ], [ -96.140282339771403, 16.920457309937653 ], [ -96.140282339771346, 16.920457309937703 ], [ -96.13799656961352, 16.919951339562324 ], [ -96.137660320457329, 16.919913150116916 ], [ -96.137113829795155, 16.919839000295699 ], [ -96.137113829795098, 16.919839000295699 ], [ -96.136333970275729, 16.919728709691196 ], [ -96.13590122004841, 16.919636350641728 ], [ -96.135489379858868, 16.919693631278491 ], [ -96.134144689852704, 16.919826631088895 ], [ -96.133404059823533, 16.919628860479875 ], [ -96.133404059823476, 16.919628860479925 ], [ -96.132882420446279, 16.919344509680847 ], [ -96.132567579692065, 16.919223320418919 ], [ -96.131989539697145, 16.919302370241496 ], [ -96.131761709593945, 16.919345120610735 ], [ -96.131761709593903, 16.919345120610693 ], [ -96.131537479730483, 16.919352510997754 ], [ -96.131193199766486, 16.919287520735516 ], [ -96.130961920212968, 16.919191569661173 ], [ -96.130251630077083, 16.918850980243533 ], [ -96.129667969945885, 16.918859920210195 ], [ -96.129667969945842, 16.918859920210195 ], [ -96.127120020267157, 16.91927719963379 ], [ -96.126147229757805, 16.919539860673208 ], [ -96.124654430343384, 16.919228341104514 ], [ -96.124278340282132, 16.918686679756892 ], [ -96.124278340282089, 16.91868667975691 ], [ -96.123500060051683, 16.918115571143311 ], [ -96.123037719814604, 16.917738251122408 ], [ -96.123037719814533, 16.917738251122458 ], [ -96.122106249990836, 16.917181540098838 ], [ -96.121975540099939, 16.917095720383479 ], [ -96.121531880135564, 16.91658723007663 ], [ -96.121531880135521, 16.91658723007663 ], [ -96.121197580021416, 16.916389460529341 ], [ -96.120737750132335, 16.916259399889693 ], [ -96.120319999779056, 16.916021661274243 ], [ -96.119885539814476, 16.915664619828604 ], [ -96.119885539814405, 16.915664619828618 ], [ -96.118307800332929, 16.915247340058666 ], [ -96.117941110418727, 16.915055340168763 ], [ -96.116984289574987, 16.914170109950128 ], [ -96.116562030437706, 16.913798510448693 ], [ -96.116086399595233, 16.913318320533037 ], [ -96.115905080057132, 16.91308646007035 ], [ -96.11546392038349, 16.912506400018941 ], [ -96.115366819733055, 16.912088860698812 ], [ -96.115242460294482, 16.91197391009883 ], [ -96.114915739795308, 16.911813650829973 ], [ -96.11424074022311, 16.911196110308783 ], [ -96.113968740091295, 16.910696400186961 ], [ -96.113785060304068, 16.909731460339103 ], [ -96.11378506030411, 16.909731460339138 ], [ -96.113604919768747, 16.909003019689756 ], [ -96.112793819838274, 16.908496220949331 ], [ -96.112793819838217, 16.908496220949438 ], [ -96.111707020289231, 16.907558739742253 ], [ -96.110268459832113, 16.907421310674646 ], [ -96.10982240035095, 16.907273149820767 ], [ -96.108607850355881, 16.907371370587637 ], [ -96.107414149644669, 16.907670970679892 ], [ -96.107414149644626, 16.907670970679845 ], [ -96.10677587297792, 16.907796762829769 ], [ -96.110075547648407, 16.904519992203934 ], [ -96.114924452001844, 16.903813340913032 ], [ -96.118408881564648, 16.900353326145115 ], [ -96.126713053164892, 16.899646673954933 ], [ -96.130908881539597, 16.903813340913068 ], [ -96.139924451951899, 16.904519992203934 ], [ -96.143408881514631, 16.907980007871195 ], [ -96.151713053114861, 16.908686659162043 ], [ -96.155908881489637, 16.904519992203934 ], [ -96.15833333321676, 16.904166666558474 ], [ -96.160757784943769, 16.904519992203955 ], [ -96.16424221450653, 16.907980007871132 ], [ -96.166666666233567, 16.908333333516637 ], [ -96.166313340588189, 16.910757785243693 ], [ -96.162853325820379, 16.914242214806411 ], [ -96.162146674529396, 16.91838243270314 ], [ -96.167884325509263, 16.924138438884803 ], [ -96.170480007546274, 16.926742214781491 ], [ -96.171186658837243, 16.931591119134911 ], [ -96.180878363845338, 16.941308933260672 ], [ -96.185757785793157, 16.942019992128987 ], [ -96.191307576783274, 16.94754197877938 ], [ -96.192019992728419, 16.951713053314791 ], [ -96.187853325770348, 16.955908881689563 ], [ -96.187146674479408, 16.969091119060032 ], [ -96.18567662735154, 16.97057156574207 ], [ -96.183095140091538, 16.968466710433045 ], [ -96.181545549912656, 16.969358450203764 ], [ -96.179453309521222, 16.968885350224649 ], [ -96.175531979694469, 16.967357659845462 ], [ -96.173436940249161, 16.964837579836885 ], [ -96.172047060066717, 16.964064079615191 ], [ -96.172047060066674, 16.964064079615241 ], [ -96.170598200363116, 16.963409060307203 ], [ -96.170463650104466, 16.963059020383518 ], [ -96.170981349867304, 16.960382720429269 ] ] ] ] } },
{ "type": "Feature", "properties": { "ID_WS": 33, "HAS_WS": 7001.797 }, "geometry": { "type": "MultiPolygon", "coordinates": [ [ [ [ -96.308333332916973, 16.491666666483539 ], [ -96.312499999875058, 16.491666666483589 ], [ -96.314924451602153, 16.49131334083809 ], [ -96.322575548122998, 16.483686659112099 ], [ -96.327424452476507, 16.482980007821148 ], [ -96.332975260599767, 16.477457004037582 ], [ -96.333333333766348, 16.475000000449732 ], [ -96.335543823288802, 16.475567288299839 ], [ -96.339456176361438, 16.478599378658416 ], [ -96.356377156280686, 16.479733954358544 ], [ -96.361763169934349, 16.48422580267874 ], [ -96.363067287625185, 16.492413330410944 ], [ -96.358900621566406, 16.497789509978048 ], [ -96.357766045866299, 16.507118394298519 ], [ -96.366931151951064, 16.509470621472147 ], [ -96.363067287625213, 16.514456176911128 ], [ -96.361932711925078, 16.518877156855435 ], [ -96.358900621566448, 16.52278950992806 ], [ -96.357766045866313, 16.527210489872221 ], [ -96.354733954608278, 16.531122843844216 ], [ -96.354166666758189, 16.537500000324886 ], [ -96.35381334111274, 16.539924452051899 ], [ -96.350353325445596, 16.54340888161467 ], [ -96.349999999800133, 16.562500000274827 ], [ -96.354166666758246, 16.562500000274827 ], [ -96.353253174094732, 16.566059027701989 ], [ -96.322789510327638, 16.567233954183731 ], [ -96.318877156355683, 16.570266045441716 ], [ -96.301956176436335, 16.571400621141819 ], [ -96.298043823363756, 16.57443271239984 ], [ -96.29362284341947, 16.575567288099972 ], [ -96.288467745989621, 16.57956271694589 ], [ -96.287499999925018, 16.583333333266729 ], [ -96.284041680379246, 16.5824459497208 ], [ -96.282766045116887, 16.572789509828045 ], [ -96.270266045141838, 16.559321424744027 ], [ -96.271400620841916, 16.551956176836125 ], [ -96.274432712099994, 16.548043822864223 ], [ -96.275567287800115, 16.54362284381931 ], [ -96.28276604511683, 16.535543822889213 ], [ -96.284184095219743, 16.530017428661509 ], [ -96.291270616245967, 16.528198920343929 ], [ -96.295266045091864, 16.523043822914129 ], [ -96.296400620791985, 16.514456176911136 ], [ -96.303599379008162, 16.506377156880276 ], [ -96.304733954708198, 16.501956176936098 ], [ -96.307766045066899, 16.498043822964128 ], [ -96.308333332916973, 16.491666666483539 ] ] ] ] } },
{ "type": "Feature", "properties": { "ID_WS": 34, "HAS_WS": 12515.968 }, "geometry": { "type": "MultiPolygon", "coordinates": [ [ [ [ -96.374999999750216, 16.56666666633361 ], [ -96.375353325395594, 16.564242214606587 ], [ -96.378813341062823, 16.560757785043862 ], [ -96.379166666708329, 16.558333333316813 ], [ -96.379166666708272, 16.554166666358693 ], [ -96.38248257141349, 16.553315904105748 ], [ -96.383333333666371, 16.550000000299839 ], [ -96.383333333666371, 16.5458333333418 ], [ -96.385543823188911, 16.545266045491701 ], [ -96.394913737279168, 16.536917114633184 ], [ -96.396400621491452, 16.531122843844251 ], [ -96.399432711850167, 16.527210489872221 ], [ -96.400850761953109, 16.52168409564462 ], [ -96.40637715618081, 16.520266045541653 ], [ -96.414456177110793, 16.513067288224882 ], [ -96.420833333591403, 16.512500000374779 ], [ -96.423257785318512, 16.512853326020235 ], [ -96.427083333129303, 16.51665208572523 ], [ -96.430908880940081, 16.512853326020256 ], [ -96.439304395129582, 16.51256855453455 ], [ -96.451716443858743, 16.51214667383001 ], [ -96.466308932411323, 16.526712375176057 ], [ -96.467019992178905, 16.531591119034967 ], [ -96.476714409542325, 16.541311984560505 ], [ -96.489924452151726, 16.542019992029104 ], [ -96.493408881714501, 16.54548000769633 ], [ -96.502612261079989, 16.545782329091399 ], [ -96.504166666458431, 16.545833333341744 ], [ -96.507482571163706, 16.546684095594596 ], [ -96.508900621266605, 16.552210489822343 ], [ -96.511932712524697, 16.556122843794206 ], [ -96.513137817556185, 16.57409430650716 ], [ -96.518877156855282, 16.575567288099972 ], [ -96.526956176886046, 16.582766045416712 ], [ -96.529166666408486, 16.583333333266719 ], [ -96.5291666664085, 16.600000000199884 ], [ -96.518408881664556, 16.600353325845361 ], [ -96.514924452101781, 16.60381334061325 ], [ -96.505156150459243, 16.604211470863671 ], [ -96.497575547773295, 16.604519992803489 ], [ -96.493749321873707, 16.608319430597358 ], [ -96.48575778519357, 16.600353325845411 ], [ -96.476742214781382, 16.599646674554496 ], [ -96.475404644888414, 16.598318503783254 ], [ -96.473257785218578, 16.596186658887255 ], [ -96.460785590482629, 16.595480007596326 ], [ -96.454524739724917, 16.601709662670881 ], [ -96.454166666558365, 16.604166666258724 ], [ -96.44999999960028, 16.604166666258703 ], [ -96.449188910939398, 16.607326592548244 ], [ -96.445086669614042, 16.608900621066944 ], [ -96.439710490047048, 16.604733954108731 ], [ -96.430054050154297, 16.603458319745734 ], [ -96.428029378552935, 16.595568848023955 ], [ -96.423043823113943, 16.59943271234982 ], [ -96.414456177110807, 16.600567288049952 ], [ -96.408923679184426, 16.605181206747268 ], [ -96.408333333616483, 16.629166667108048 ], [ -96.406122843194623, 16.628599378358711 ], [ -96.402210490122002, 16.62556728800007 ], [ -96.396541680154414, 16.624112616604052 ], [ -96.395266045791345, 16.614456176711322 ], [ -96.383900621516489, 16.602210489722388 ], [ -96.382766045816311, 16.597789509778085 ], [ -96.375567287600248, 16.589710489747336 ], [ -96.374999999750216, 16.56666666633361 ] ] ] ] } },
{ "type": "Feature", "properties": { "ID_WS": 35, "HAS_WS": 6537.657 }, "geometry": { "type": "MultiPolygon", "coordinates": [ [ [ [ -96.354166666758246, 16.562500000274827 ], [ -96.349999999800133, 16.562500000274827 ], [ -96.350353325445596, 16.54340888161467 ], [ -96.35381334111274, 16.539924452051899 ], [ -96.354166666758189, 16.537500000324886 ], [ -96.354733954608278, 16.531122843844216 ], [ -96.357766045866313, 16.527210489872221 ], [ -96.358900621566448, 16.52278950992806 ], [ -96.361932711925078, 16.518877156855435 ], [ -96.363067287625213, 16.514456176911128 ], [ -96.366931151951064, 16.509470621472147 ], [ -96.357766045866299, 16.507118394298519 ], [ -96.358900621566406, 16.497789509978048 ], [ -96.363067287625185, 16.492413330410944 ], [ -96.361763169934349, 16.48422580267874 ], [ -96.356377156280686, 16.479733954358544 ], [ -96.339456176361438, 16.478599378658416 ], [ -96.335543823288802, 16.475567288299839 ], [ -96.333333333766348, 16.475000000449732 ], [ -96.329562717445398, 16.474032253485763 ], [ -96.325468614085281, 16.468750000012559 ], [ -96.32859937895816, 16.464710489997227 ], [ -96.330017429061073, 16.459184095769501 ], [ -96.336610082636469, 16.457492286603273 ], [ -96.336892361193492, 16.457419840853031 ], [ -96.337499999825127, 16.441666666583462 ], [ -96.348043823263836, 16.442233954433561 ], [ -96.351956176336444, 16.445266045691508 ], [ -96.356377156280757, 16.446400621391607 ], [ -96.357347402846145, 16.447152586724762 ], [ -96.360289510252656, 16.449432711750308 ], [ -96.373043823213891, 16.45056728745039 ], [ -96.376956177185747, 16.453599378708443 ], [ -96.381377156230712, 16.454733954408642 ], [ -96.393622843219603, 16.466099378683484 ], [ -96.399149237447361, 16.467517428786426 ], [ -96.400567287550302, 16.473043823014102 ], [ -96.40359937880821, 16.476956176986043 ], [ -96.404733954508401, 16.485543822989094 ], [ -96.407766045766408, 16.489456176961006 ], [ -96.408333333616483, 16.491666666483539 ], [ -96.408333333616469, 16.495833333441659 ], [ -96.40918409586935, 16.499149238146913 ], [ -96.41581590438048, 16.500850762652608 ], [ -96.417233954483393, 16.506377156880347 ], [ -96.420266045741386, 16.51028950995304 ], [ -96.420833333591403, 16.512500000374779 ], [ -96.414456177110793, 16.513067288224882 ], [ -96.40637715618081, 16.520266045541653 ], [ -96.400850761953109, 16.52168409564462 ], [ -96.399432711850167, 16.527210489872221 ], [ -96.396400621491452, 16.531122843844251 ], [ -96.394913737279168, 16.536917114633184 ], [ -96.385543823188911, 16.545266045491701 ], [ -96.383333333666371, 16.5458333333418 ], [ -96.383333333666371, 16.550000000299839 ], [ -96.38248257141349, 16.553315904105748 ], [ -96.379166666708272, 16.554166666358693 ], [ -96.379166666708329, 16.558333333316813 ], [ -96.378813341062823, 16.560757785043862 ], [ -96.375353325395594, 16.564242214606587 ], [ -96.374999999750216, 16.56666666633361 ], [ -96.3642422150062, 16.566313340688172 ], [ -96.360757785443383, 16.562853325920322 ], [ -96.358333333716374, 16.562500000274845 ], [ -96.354166666758246, 16.562500000274827 ] ] ] ] } },
{ "type": "Feature", "properties": { "ID_WS": 36, "HAS_WS": 7046.446 }, "geometry": { "type": "MultiPolygon", "coordinates": [ [ [ [ -96.504889970172655, 16.522202973485207 ], [ -96.504519992103923, 16.52257554772341 ], [ -96.504456807753812, 16.526735175388605 ], [ -96.504166666458431, 16.545833333341744 ], [ -96.502612261079989, 16.545782329091399 ], [ -96.493408881714501, 16.54548000769633 ], [ -96.489924452151726, 16.542019992029104 ], [ -96.476714409542325, 16.541311984560505 ], [ -96.467019992178905, 16.531591119034967 ], [ -96.466308932411323, 16.526712375176057 ], [ -96.451716443858743, 16.51214667383001 ], [ -96.439304395129582, 16.51256855453455 ], [ -96.430908880940081, 16.512853326020256 ], [ -96.427083333129303, 16.51665208572523 ], [ -96.423257785318512, 16.512853326020235 ], [ -96.420833333591403, 16.512500000374779 ], [ -96.420266045741386, 16.51028950995304 ], [ -96.417233954483393, 16.506377156880347 ], [ -96.41581590438048, 16.500850762652608 ], [ -96.40918409586935, 16.499149238146913 ], [ -96.408333333616469, 16.495833333441659 ], [ -96.408333333616483, 16.491666666483539 ], [ -96.410757785343506, 16.491313340838055 ], [ -96.414242214906309, 16.487853326070191 ], [ -96.416666666633319, 16.487500000424806 ], [ -96.419982571338565, 16.486649238171889 ], [ -96.420667866732174, 16.483978568516907 ], [ -96.421400621441492, 16.481122843044904 ], [ -96.421941456718571, 16.480425056729295 ], [ -96.425396050287517, 16.475967746514385 ], [ -96.425697772079246, 16.475890316890645 ], [ -96.431377156130779, 16.474432711700331 ], [ -96.440747070221065, 16.46608378084191 ], [ -96.442517428836311, 16.459184095769466 ], [ -96.449149237347427, 16.457482571263728 ], [ -96.45056728745034, 16.451956177035989 ], [ -96.455126613702262, 16.446489121875608 ], [ -96.468877156955244, 16.445266045691493 ], [ -96.472789510027823, 16.442233954433579 ], [ -96.483333333466547, 16.441666666583473 ], [ -96.490895250515379, 16.44243808345086 ], [ -96.492309570230432, 16.456301541083331 ], [ -96.495190429694588, 16.460365125949878 ], [ -96.495833333441567, 16.462499999575392 ], [ -96.495833333441539, 16.466666666533463 ], [ -96.500000000399709, 16.466666666533516 ], [ -96.500353326045158, 16.510757785143735 ], [ -96.505672610812866, 16.516094187489809 ], [ -96.508319430797044, 16.518749321823837 ], [ -96.504889970172655, 16.522202973485207 ] ] ] ] } },
{ "type": "Feature", "properties": { "ID_WS": 37, "HAS_WS": 22251.409 }, "geometry": { "type": "MultiPolygon", "coordinates": [ [ [ [ -96.372275431396631, 16.332367644202122 ], [ -96.372789510227705, 16.332766045017053 ], [ -96.377819092427671, 16.333430602014193 ], [ -96.381377156230712, 16.333900621616454 ], [ -96.385425483199484, 16.33703816737755 ], [ -96.393622843219632, 16.329733954658295 ], [ -96.400988091127545, 16.328599378958248 ], [ -96.414456177110821, 16.341099378933283 ], [ -96.425937229019894, 16.342233954633357 ], [ -96.431331032202095, 16.337427993118926 ], [ -96.435289510102834, 16.333900621616429 ], [ -96.438246663552647, 16.332766045017053 ], [ -96.443622843119698, 16.336932711975134 ], [ -96.448043823063941, 16.338067287675326 ], [ -96.453198920493804, 16.34206271742055 ], [ -96.454448046325169, 16.34693043485024 ], [ -96.455075751644571, 16.349376424282656 ], [ -96.464440176064599, 16.349880288185211 ], [ -96.466666666533428, 16.349999999800293 ], [ -96.466666666533371, 16.345833333741428 ], [ -96.469982571238646, 16.344982571488568 ], [ -96.470833333491498, 16.341666666783293 ], [ -96.4755672882997, 16.342881605002201 ], [ -96.474192301333645, 16.349138048182454 ], [ -96.470833333491512, 16.349999999800243 ], [ -96.470833333491498, 16.351767309168139 ], [ -96.470833333491512, 16.354166666758392 ], [ -96.474999999550306, 16.354166666758321 ], [ -96.475776502983194, 16.361780123953618 ], [ -96.487500000424632, 16.362499999775185 ], [ -96.487146673879906, 16.385757785393565 ], [ -96.479519992153854, 16.393408881015088 ], [ -96.478813340862914, 16.402424452326649 ], [ -96.475353326095103, 16.405908880990122 ], [ -96.474646673904886, 16.410046386531636 ], [ -96.47881334086297, 16.414242214906388 ], [ -96.479519992153911, 16.43159111833549 ], [ -96.482980007821098, 16.435075547898336 ], [ -96.483333333466547, 16.441666666583473 ], [ -96.472789510027823, 16.442233954433579 ], [ -96.468877156955244, 16.445266045691493 ], [ -96.455126613702262, 16.446489121875608 ], [ -96.45056728745034, 16.451956177035989 ], [ -96.449149237347427, 16.457482571263728 ], [ -96.442517428836311, 16.459184095769466 ], [ -96.440747070221065, 16.46608378084191 ], [ -96.431377156130779, 16.474432711700331 ], [ -96.425697772079246, 16.475890316890645 ], [ -96.425396050287517, 16.475967746514385 ], [ -96.421941456718571, 16.480425056729295 ], [ -96.421400621441492, 16.481122843044904 ], [ -96.420667866732174, 16.483978568516907 ], [ -96.419982571338565, 16.486649238171889 ], [ -96.416666666633319, 16.487500000424806 ], [ -96.414242214906309, 16.487853326070191 ], [ -96.410757785343506, 16.491313340838055 ], [ -96.408333333616483, 16.491666666483539 ], [ -96.407766045766408, 16.489456176961006 ], [ -96.404733954508401, 16.485543822989094 ], [ -96.40359937880821, 16.476956176986043 ], [ -96.400567287550302, 16.473043823014102 ], [ -96.399149237447361, 16.467517428786426 ], [ -96.393622843219603, 16.466099378683484 ], [ -96.381377156230712, 16.454733954408642 ], [ -96.376956177185747, 16.453599378708443 ], [ -96.373043823213891, 16.45056728745039 ], [ -96.360289510252656, 16.449432711750308 ], [ -96.357347402846145, 16.447152586724762 ], [ -96.356377156280757, 16.446400621391607 ], [ -96.351956176336444, 16.445266045691508 ], [ -96.348043823263836, 16.442233954433561 ], [ -96.337499999825127, 16.441666666583462 ], [ -96.33714667417965, 16.439242214856499 ], [ -96.333686659411725, 16.435757785293678 ], [ -96.332980007221579, 16.430908880940141 ], [ -96.329519992453655, 16.427424452276725 ], [ -96.328813341162771, 16.422575547923238 ], [ -96.317019992478606, 16.410757785343598 ], [ -96.316666666833143, 16.395833333641466 ], [ -96.317019992478592, 16.393408881015088 ], [ -96.320480007246488, 16.389924452351632 ], [ -96.321186659436748, 16.364242215006268 ], [ -96.33714667417965, 16.348257785468469 ], [ -96.337163576331918, 16.348042159619197 ], [ -96.337297842963366, 16.34632925918589 ], [ -96.337453086631257, 16.344348699648386 ], [ -96.337855699680745, 16.339212036506357 ], [ -96.343408881114968, 16.333686659411843 ], [ -96.348290337329161, 16.332975260599838 ], [ -96.353813341112797, 16.327424452476592 ], [ -96.354166666758189, 16.324999999850249 ], [ -96.356377156280757, 16.325567287700295 ], [ -96.360289510252642, 16.328599378958238 ], [ -96.368877156255763, 16.329733954658352 ], [ -96.372275431396631, 16.332367644202122 ] ] ] ] } },
{ "type": "Feature", "properties": { "ID_WS": 38, "HAS_WS": 13892.189 }, "geometry": { "type": "MultiPolygon", "coordinates": [ [ [ [ -96.197111343613457, 16.392705809714549 ], [ -96.198977719894017, 16.387043970896858 ], [ -96.199892137303863, 16.38707970721314 ], [ -96.210661116111268, 16.387500144696062 ], [ -96.229231007086938, 16.388223303104535 ], [ -96.229733954858105, 16.393877156205949 ], [ -96.232766045216778, 16.397789510177859 ], [ -96.233900620916913, 16.406377156180827 ], [ -96.237896050662201, 16.411532253610755 ], [ -96.243877156505491, 16.413067287525344 ], [ -96.249295722019895, 16.41758626299573 ], [ -96.25056728785006, 16.427210490072159 ], [ -96.274432712100008, 16.451956177035989 ], [ -96.275850762202865, 16.457482571263746 ], [ -96.281377156430665, 16.458900621366663 ], [ -96.289935390864187, 16.466663169265185 ], [ -96.291011894783054, 16.467639499163685 ], [ -96.292327880827017, 16.482433742523291 ], [ -96.298043823363784, 16.483900621316685 ], [ -96.301956176436406, 16.486932712574696 ], [ -96.307482570664092, 16.488350762677708 ], [ -96.308333332916973, 16.491666666483539 ], [ -96.307766045066899, 16.498043822964128 ], [ -96.304733954708198, 16.501956176936098 ], [ -96.303599379008162, 16.506377156880276 ], [ -96.296400620791985, 16.514456176911136 ], [ -96.295266045091864, 16.523043822914129 ], [ -96.291270616245967, 16.528198920343929 ], [ -96.284184095219743, 16.530017428661509 ], [ -96.28276604511683, 16.535543822889213 ], [ -96.275567287800115, 16.54362284381931 ], [ -96.274432712099994, 16.548043822864223 ], [ -96.271400620841916, 16.551956176836125 ], [ -96.270266045141838, 16.559321424744027 ], [ -96.282766045116887, 16.572789509828045 ], [ -96.284041680379246, 16.5824459497208 ], [ -96.287499999925018, 16.583333333266729 ], [ -96.286649237672165, 16.586649237971955 ], [ -96.28333333296689, 16.587500000224985 ], [ -96.276742214281768, 16.587146674579483 ], [ -96.273257785618284, 16.58368665891232 ], [ -96.254166666958085, 16.583333333266729 ], [ -96.253599379108081, 16.576956176786176 ], [ -96.249432712149925, 16.571579996319858 ], [ -96.25056728785006, 16.568622843769308 ], [ -96.254733954808145, 16.563246663302934 ], [ -96.254236521309522, 16.556470131619765 ], [ -96.253778098200272, 16.550224529051398 ], [ -96.253599379108081, 16.547789509878005 ], [ -96.246400620891919, 16.539710489847327 ], [ -96.246122888180153, 16.537608177640035 ], [ -96.245624350582119, 16.533834331746647 ], [ -96.245212981938238, 16.530720205163068 ], [ -96.245124986528879, 16.53005404995459 ], [ -96.241666666983093, 16.52916666640856 ], [ -96.240753173420202, 16.525607638981416 ], [ -96.225000000049931, 16.525000000349838 ], [ -96.221797688712385, 16.524035644729274 ], [ -96.220190429344839, 16.51869845886689 ], [ -96.213142903821947, 16.510468207042184 ], [ -96.211857096327918, 16.506198458891841 ], [ -96.208976236863819, 16.502134874025376 ], [ -96.207690429369833, 16.497865125874931 ], [ -96.203523763310983, 16.491988457401483 ], [ -96.204809569905677, 16.485365125899943 ], [ -96.208976236863819, 16.47948845742647 ], [ -96.207690429369777, 16.477031792883011 ], [ -96.204809569905748, 16.472968207117173 ], [ -96.203523763311011, 16.468698458966799 ], [ -96.200642903846955, 16.464634874100266 ], [ -96.199357096352898, 16.460365125949878 ], [ -96.196476236888785, 16.456301541083331 ], [ -96.195094129990082, 16.438274807836144 ], [ -96.187500000124913, 16.437499999625317 ], [ -96.187139976261037, 16.422876221497297 ], [ -96.18716331007532, 16.422877050436441 ], [ -96.197111343613457, 16.392705809714549 ] ] ] ] } },
{ "type": "Feature", "properties": { "ID_WS": 39, "HAS_WS": 7405.417 }, "geometry": { "type": "MultiPolygon", "coordinates": [ [ [ [ -96.252847380226754, 16.383498539142465 ], [ -96.253879049698782, 16.38309248113892 ], [ -96.25528085911607, 16.383392371991047 ], [ -96.270620987334993, 16.386673167640115 ], [ -96.271684095244822, 16.390815904430486 ], [ -96.277210489472438, 16.392233954533427 ], [ -96.281122843444464, 16.395266045791438 ], [ -96.292808512012314, 16.395716805260658 ], [ -96.295833332941939, 16.395833333641523 ], [ -96.298257785568353, 16.396186659287022 ], [ -96.302083333379102, 16.39998541899195 ], [ -96.305908881189907, 16.396186659286975 ], [ -96.316666666833143, 16.395833333641466 ], [ -96.317019992478606, 16.410757785343598 ], [ -96.328813341162771, 16.422575547923238 ], [ -96.329519992453655, 16.427424452276725 ], [ -96.332980007221579, 16.430908880940141 ], [ -96.333686659411725, 16.435757785293678 ], [ -96.33714667417965, 16.439242214856499 ], [ -96.337499999825127, 16.441666666583462 ], [ -96.336892361193492, 16.457419840853031 ], [ -96.336610082636469, 16.457492286603273 ], [ -96.330017429061073, 16.459184095769501 ], [ -96.32859937895816, 16.464710489997227 ], [ -96.325468614085281, 16.468750000012559 ], [ -96.329562717445398, 16.474032253485763 ], [ -96.333333333766348, 16.475000000449732 ], [ -96.332975260599767, 16.477457004037582 ], [ -96.327424452476507, 16.482980007821148 ], [ -96.322575548122998, 16.483686659112099 ], [ -96.314924451602153, 16.49131334083809 ], [ -96.312499999875058, 16.491666666483589 ], [ -96.308333332916973, 16.491666666483539 ], [ -96.307482570664092, 16.488350762677708 ], [ -96.301956176436406, 16.486932712574696 ], [ -96.298043823363784, 16.483900621316685 ], [ -96.292327880827017, 16.482433742523291 ], [ -96.291011894783054, 16.467639499163685 ], [ -96.289935390864187, 16.466663169265185 ], [ -96.281377156430665, 16.458900621366663 ], [ -96.275850762202865, 16.457482571263746 ], [ -96.274432712100008, 16.451956177035989 ], [ -96.25056728785006, 16.427210490072159 ], [ -96.249295722019895, 16.41758626299573 ], [ -96.243877156505491, 16.413067287525344 ], [ -96.237896050662201, 16.411532253610755 ], [ -96.233900620916913, 16.406377156180827 ], [ -96.232766045216778, 16.397789510177859 ], [ -96.229733954858105, 16.393877156205949 ], [ -96.229231007086938, 16.388223303104535 ], [ -96.239798279606589, 16.388633780263255 ], [ -96.252847380226754, 16.383498539142465 ] ] ] ] } },
{ "type": "Feature", "properties": { "ID_WS": 40, "HAS_WS": 14221.797 }, "geometry": { "type": "MultiPolygon", "coordinates": [ [ [ [ -96.505156150459243, 16.604211470863671 ], [ -96.514924452101781, 16.60381334061325 ], [ -96.518408881664556, 16.600353325845361 ], [ -96.5291666664085, 16.600000000199884 ], [ -96.532482571113775, 16.600850762452751 ], [ -96.534252251640069, 16.607747396125522 ], [ -96.566666666333546, 16.60833333321677 ], [ -96.570833333291645, 16.608333333216876 ], [ -96.571186658937151, 16.610757784943932 ], [ -96.575676114306759, 16.615269597960186 ], [ -96.576713053164838, 16.616311645366199 ], [ -96.583333333266737, 16.616666666233709 ], [ -96.583653823435725, 16.616674269375977 ], [ -96.594438074187323, 16.616929706373398 ], [ -96.59825778496878, 16.617019992778495 ], [ -96.601056819482721, 16.619799433218216 ], [ -96.601742214531555, 16.620480007546387 ], [ -96.604166666258592, 16.620833333191868 ], [ -96.603813340613172, 16.639924451852135 ], [ -96.592019992828455, 16.651742214431739 ], [ -96.591898563635525, 16.658303852799847 ], [ -96.591666666283615, 16.670833333091888 ], [ -96.589506361629276, 16.670215861273029 ], [ -96.585493638820395, 16.667284138852011 ], [ -96.57771640280545, 16.666525259753175 ], [ -96.572839694696185, 16.666049194314954 ], [ -96.568826971887276, 16.663117471893933 ], [ -96.564506360779859, 16.661882527356763 ], [ -96.560493638870327, 16.658950805835083 ], [ -96.545364041017692, 16.657715861298033 ], [ -96.539576891060648, 16.661943223501073 ], [ -96.531326971962173, 16.654784138877009 ], [ -96.527006360854884, 16.653549194339892 ], [ -96.522993638945294, 16.650617471918871 ], [ -96.500999620236314, 16.649382527381839 ], [ -96.49938252768149, 16.660493638670502 ], [ -96.49228413920163, 16.668673027538322 ], [ -96.491666666483397, 16.670833333091888 ], [ -96.487500000424632, 16.67083333309191 ], [ -96.487532271004724, 16.671435347739166 ], [ -96.487853326070081, 16.677424451777075 ], [ -96.491313340838033, 16.680908881339885 ], [ -96.492019992128945, 16.689213052940101 ], [ -96.487853326070095, 16.693408881314951 ], [ -96.487500000424646, 16.695833333041932 ], [ -96.485289510002943, 16.696400620892028 ], [ -96.481377156930222, 16.699432712150006 ], [ -96.476956176985922, 16.700567287850134 ], [ -96.472916666970562, 16.703698052723041 ], [ -96.472269043203823, 16.703196136770515 ], [ -96.468877156955244, 16.700567287850173 ], [ -96.462896050212521, 16.699032253935417 ], [ -96.458900621366524, 16.693877156505629 ], [ -96.457624986104193, 16.684220716612867 ], [ -96.450850761853118, 16.682482570814134 ], [ -96.449080403238, 16.675582885741619 ], [ -96.439710490047091, 16.667233954883187 ], [ -96.427212755614249, 16.66685864694173 ], [ -96.420833333591432, 16.666666667033141 ], [ -96.419865586627509, 16.662896050712181 ], [ -96.414710490097022, 16.658900620967007 ], [ -96.409184095869335, 16.657482570864037 ], [ -96.408333333616483, 16.654166667058043 ], [ -96.41182623928951, 16.65327012841378 ], [ -96.413067287525294, 16.640920003155664 ], [ -96.408900621466486, 16.635543823588637 ], [ -96.408333333616483, 16.629166667108048 ], [ -96.408923679184426, 16.605181206747268 ], [ -96.414456177110807, 16.600567288049952 ], [ -96.423043823113943, 16.59943271234982 ], [ -96.428029378552935, 16.595568848023955 ], [ -96.430054050154297, 16.603458319745734 ], [ -96.439710490047048, 16.604733954108731 ], [ -96.445086669614042, 16.608900621066944 ], [ -96.449188910939398, 16.607326592548244 ], [ -96.44999999960028, 16.604166666258703 ], [ -96.454166666558365, 16.604166666258724 ], [ -96.454524739724917, 16.601709662670881 ], [ -96.460785590482629, 16.595480007596326 ], [ -96.473257785218578, 16.596186658887255 ], [ -96.475404644888414, 16.598318503783254 ], [ -96.476742214781382, 16.599646674554496 ], [ -96.48575778519357, 16.600353325845411 ], [ -96.493749321873707, 16.608319430597358 ], [ -96.497575547773295, 16.604519992803489 ], [ -96.505156150459243, 16.604211470863671 ] ] ] ] } },
{ "type": "Feature", "properties": { "ID_WS": 41, "HAS_WS": 13186.904 }, "geometry": { "type": "MultiPolygon", "coordinates": [ [ [ [ -96.504166666458431, 16.545833333341744 ], [ -96.504456807753812, 16.526735175388605 ], [ -96.504519992103923, 16.52257554772341 ], [ -96.504889970172655, 16.522202973485207 ], [ -96.508319430797044, 16.518749321823837 ], [ -96.505672610812866, 16.516094187489809 ], [ -96.500353326045158, 16.510757785143735 ], [ -96.500000000399709, 16.466666666533516 ], [ -96.495833333441539, 16.466666666533463 ], [ -96.495833333441567, 16.462499999575392 ], [ -96.500000000399723, 16.462499999575329 ], [ -96.502424452126718, 16.462146673929919 ], [ -96.505908881689535, 16.458686659162112 ], [ -96.51909111905988, 16.457980007871235 ], [ -96.522575547723335, 16.454519992203952 ], [ -96.544091119009906, 16.453813340913065 ], [ -96.546439540222167, 16.451472532154558 ], [ -96.551742214631517, 16.446186659187099 ], [ -96.573257785018768, 16.44548000789613 ], [ -96.576742214581515, 16.442019992228907 ], [ -96.585757784993774, 16.441313340937999 ], [ -96.589242214556535, 16.437853326170192 ], [ -96.593379720098028, 16.437146673979925 ], [ -96.597575547573427, 16.441313340937999 ], [ -96.612500000174805, 16.441666666583462 ], [ -96.619933743147712, 16.442327880527348 ], [ -96.621684095444635, 16.44914923734747 ], [ -96.627210489672407, 16.450567287450379 ], [ -96.631122843644334, 16.453599378708482 ], [ -96.633333333166817, 16.454166666558447 ], [ -96.633147405291183, 16.457622544023117 ], [ -96.633039914035834, 16.45962043691619 ], [ -96.632926407412484, 16.461730080810153 ], [ -96.632902081843852, 16.462182190707985 ], [ -96.632812987586888, 16.463838056057437 ], [ -96.632766045316757, 16.464710489997245 ], [ -96.629812031959688, 16.468522098276338 ], [ -96.628902180990892, 16.46969604453686 ], [ -96.629263876102456, 16.469788881615571 ], [ -96.636838786180974, 16.471732923535647 ], [ -96.637500000124888, 16.47916666650854 ], [ -96.637145657346196, 16.489953274524158 ], [ -96.631591118835075, 16.495480007796164 ], [ -96.622575547523525, 16.496186659087076 ], [ -96.619091118860027, 16.499646673854951 ], [ -96.610075547548405, 16.500353326045289 ], [ -96.602424451926922, 16.507980007771241 ], [ -96.589242214556506, 16.508686659062114 ], [ -96.585757784993746, 16.512146673829992 ], [ -96.579166666308609, 16.51250000037485 ], [ -96.563228692150417, 16.513228692250461 ], [ -96.562841947527659, 16.521688572387209 ], [ -96.561832004543348, 16.543776448923989 ], [ -96.549613443805328, 16.557399156246095 ], [ -96.538294474010755, 16.559202405766541 ], [ -96.536832003694002, 16.572943114932858 ], [ -96.529834662139933, 16.581223551625669 ], [ -96.529166666408486, 16.583333333266719 ], [ -96.526956176886046, 16.582766045416712 ], [ -96.518877156855282, 16.575567288099972 ], [ -96.513137817556185, 16.57409430650716 ], [ -96.511932712524697, 16.556122843794206 ], [ -96.508900621266605, 16.552210489822343 ], [ -96.507482571163706, 16.546684095594596 ], [ -96.504166666458431, 16.545833333341744 ] ] ] ] } },
{ "type": "Feature", "properties": { "ID_WS": 42, "HAS_WS": 17310.216 }, "geometry": { "type": "MultiPolygon", "coordinates": [ [ [ [ -96.529052462052235, 16.240883051269861 ], [ -96.529212289959759, 16.240974400297787 ], [ -96.529554629483016, 16.241460029983052 ], [ -96.529693480171844, 16.241978510814949 ], [ -96.529818999168171, 16.242657891243109 ], [ -96.530042768912793, 16.243039080223131 ], [ -96.530692769471202, 16.243883460188275 ], [ -96.530998969092067, 16.244403280499423 ], [ -96.53249440339917, 16.247086531445206 ], [ -96.533074142143917, 16.248126726026054 ], [ -96.533686659012076, 16.251713053814427 ], [ -96.529519992053949, 16.255908881289884 ], [ -96.528813340763051, 16.260046386831366 ], [ -96.532980007721221, 16.264242214306819 ], [ -96.533686659012048, 16.269091118660246 ], [ -96.537146674679306, 16.272575548223017 ], [ -96.537500000324727, 16.287499999925124 ], [ -96.538085937416085, 16.319914415518042 ], [ -96.544982571088724, 16.321684096044265 ], [ -96.546400621191651, 16.327210490272019 ], [ -96.549432712449729, 16.331122843344566 ], [ -96.550850762552614, 16.336649237572388 ], [ -96.556377156780314, 16.338067287675269 ], [ -96.578464762538701, 16.359269884097891 ], [ -96.579733954158655, 16.368877156255838 ], [ -96.582766045416648, 16.372789510227882 ], [ -96.583900621116811, 16.381377156230794 ], [ -96.591099378433555, 16.389456177160927 ], [ -96.5923750136959, 16.399112617053639 ], [ -96.599291652787528, 16.400887383246189 ], [ -96.600567288049874, 16.410543823139065 ], [ -96.603599378408589, 16.414456177110992 ], [ -96.60473395410871, 16.41887715615589 ], [ -96.607766045366674, 16.422789510127831 ], [ -96.608900621066823, 16.431377156130935 ], [ -96.611932712324858, 16.435289510102862 ], [ -96.612500000174805, 16.441666666583462 ], [ -96.597575547573427, 16.441313340937999 ], [ -96.593379720098028, 16.437146673979925 ], [ -96.589242214556535, 16.437853326170192 ], [ -96.585757784993774, 16.441313340937999 ], [ -96.576742214581515, 16.442019992228907 ], [ -96.573257785018768, 16.44548000789613 ], [ -96.551742214631517, 16.446186659187099 ], [ -96.546439540222167, 16.451472532154558 ], [ -96.544091119009906, 16.453813340913065 ], [ -96.522575547723335, 16.454519992203952 ], [ -96.51909111905988, 16.457980007871235 ], [ -96.505908881689535, 16.458686659162112 ], [ -96.502424452126718, 16.462146673929919 ], [ -96.500000000399723, 16.462499999575329 ], [ -96.495833333441567, 16.462499999575392 ], [ -96.495190429694588, 16.460365125949878 ], [ -96.492309570230432, 16.456301541083331 ], [ -96.490895250515379, 16.44243808345086 ], [ -96.483333333466547, 16.441666666583473 ], [ -96.482980007821098, 16.435075547898336 ], [ -96.479519992153911, 16.43159111833549 ], [ -96.47881334086297, 16.414242214906388 ], [ -96.474646673904886, 16.410046386531636 ], [ -96.475353326095103, 16.405908880990122 ], [ -96.478813340862914, 16.402424452326649 ], [ -96.479519992153854, 16.393408881015088 ], [ -96.487146673879906, 16.385757785393565 ], [ -96.487500000424632, 16.362499999775185 ], [ -96.488161214368489, 16.355066256802299 ], [ -96.495437282804389, 16.353198920693689 ], [ -96.496919093460761, 16.351287067642829 ], [ -96.499432712549606, 16.348043823263922 ], [ -96.500567288249698, 16.343622843319629 ], [ -96.507766045566584, 16.335543823288898 ], [ -96.508900621266591, 16.326956176386581 ], [ -96.513067288224804, 16.321579996819395 ], [ -96.512682235253422, 16.310679229784188 ], [ -96.512122393998524, 16.294827615328224 ], [ -96.511932712524697, 16.289456176461474 ], [ -96.509030564184243, 16.285711495851697 ], [ -96.508900621266605, 16.28554382338881 ], [ -96.507766045566598, 16.281122843444567 ], [ -96.50473395430852, 16.27721048947263 ], [ -96.504292815939834, 16.267392209914885 ], [ -96.503599378608413, 16.251956176536495 ], [ -96.50046861463484, 16.247916666521 ], [ -96.501718312239746, 16.246304259616622 ], [ -96.502840880019789, 16.245509570653098 ], [ -96.50528656908665, 16.244642890642943 ], [ -96.505785229766175, 16.245014691284744 ], [ -96.506727580295674, 16.245229029853022 ], [ -96.507454949228844, 16.245430109963618 ], [ -96.508314218715469, 16.245574721302848 ], [ -96.508982969854216, 16.245648910433655 ], [ -96.509658369867523, 16.246309570942724 ], [ -96.509966169777172, 16.246645420753083 ], [ -96.510706939837803, 16.246674090078905 ], [ -96.511664830433233, 16.246486029593243 ], [ -96.512550090319678, 16.246400780732891 ], [ -96.513113089600594, 16.246267221223032 ], [ -96.513759279308118, 16.246180150579541 ], [ -96.514672168665427, 16.245681260163277 ], [ -96.515332889059522, 16.245306851307358 ], [ -96.516330629430357, 16.244670570239865 ], [ -96.517206339380365, 16.244309339954064 ], [ -96.517940618804232, 16.243728480816959 ], [ -96.518638779535138, 16.243170400743072 ], [ -96.519055566351952, 16.242758090048749 ], [ -96.519169368622912, 16.242645509682411 ], [ -96.519724309187239, 16.242063349599238 ], [ -96.520086198769846, 16.241686580833459 ], [ -96.52035133907043, 16.241435690880799 ], [ -96.523713140111653, 16.241027479576438 ], [ -96.52411807947793, 16.24124597113962 ], [ -96.524486569800089, 16.24147881984824 ], [ -96.524999778689761, 16.24156323031028 ], [ -96.525407909715952, 16.241370910652517 ], [ -96.525926538652172, 16.24083436992764 ], [ -96.526584949405901, 16.240724379947103 ], [ -96.526977879702329, 16.240888401213834 ], [ -96.527597258903043, 16.241134551032438 ], [ -96.528000920395158, 16.241448111110223 ], [ -96.528118085647364, 16.241342625988718 ], [ -96.528494850243987, 16.24100342099322 ], [ -96.528926890150899, 16.240811280938033 ], [ -96.529052462052235, 16.240883051269861 ] ] ] ] } },
{ "type": "Feature", "properties": { "ID_WS": 43, "HAS_WS": 2577.912 }, "geometry": { "type": "MultiPolygon", "coordinates": [ [ [ [ -96.310255461951755, 16.33323482612661 ], [ -96.312499999875101, 16.333333333766422 ], [ -96.31581590458029, 16.332482571513552 ], [ -96.317233954683246, 16.326956176386442 ], [ -96.320266045041976, 16.323043823313924 ], [ -96.321400621641359, 16.318622843369656 ], [ -96.329579332420224, 16.309444172810373 ], [ -96.334345161000314, 16.307766045067002 ], [ -96.3519561763365, 16.324432712000103 ], [ -96.354166666758189, 16.324999999850249 ], [ -96.353813341112797, 16.327424452476592 ], [ -96.348290337329161, 16.332975260599838 ], [ -96.343408881114968, 16.333686659411843 ], [ -96.337855699680745, 16.339212036506357 ], [ -96.337453086631257, 16.344348699648386 ], [ -96.337297842963366, 16.34632925918589 ], [ -96.337163576331918, 16.348042159619197 ], [ -96.33714667417965, 16.348257785468469 ], [ -96.321186659436748, 16.364242215006268 ], [ -96.320480007246488, 16.389924452351632 ], [ -96.317019992478592, 16.393408881015088 ], [ -96.316666666833143, 16.395833333641466 ], [ -96.305908881189907, 16.396186659286975 ], [ -96.302083333379102, 16.39998541899195 ], [ -96.298257785568353, 16.396186659287022 ], [ -96.295833332941939, 16.395833333641523 ], [ -96.292808512012314, 16.395716805260658 ], [ -96.281122843444464, 16.395266045791438 ], [ -96.277210489472438, 16.392233954533427 ], [ -96.271684095244822, 16.390815904430486 ], [ -96.270620987334993, 16.386673167640115 ], [ -96.295524739878601, 16.391995679813292 ], [ -96.296042710452781, 16.391136539918012 ], [ -96.296252940408493, 16.390471719953279 ], [ -96.296411750350615, 16.390162829825918 ], [ -96.296632079953085, 16.389682120227739 ], [ -96.297604659926279, 16.389334920398916 ], [ -96.298795540304837, 16.388713819965975 ], [ -96.299373430013517, 16.388362889810953 ], [ -96.300036690157413, 16.387851850328119 ], [ -96.30042483015238, 16.387338150290784 ], [ -96.300674140109606, 16.386374819983406 ], [ -96.300848680378479, 16.385698260089352 ], [ -96.301023450073345, 16.384998679978228 ], [ -96.301100249880363, 16.384516569621937 ], [ -96.301346079669116, 16.383886629924326 ], [ -96.301732619683776, 16.3835224001974 ], [ -96.302107720273014, 16.383112050422397 ], [ -96.302328549707283, 16.382585369720431 ], [ -96.302368619684103, 16.382183349573889 ], [ -96.302246199869543, 16.381308520132812 ], [ -96.302251749788127, 16.380768250411244 ], [ -96.302185880330399, 16.380204379600297 ], [ -96.30233705971051, 16.379470079980901 ], [ -96.30282222975454, 16.378830829856582 ], [ -96.303378380071948, 16.378261319798746 ], [ -96.303775399827245, 16.378046599910199 ], [ -96.304164710058032, 16.37741794037558 ], [ -96.304738029695685, 16.376354260277793 ], [ -96.304970280355846, 16.375873620250001 ], [ -96.305111880341045, 16.374909320435179 ], [ -96.305323120085191, 16.374152579936368 ], [ -96.305306850138038, 16.373416680009083 ], [ -96.305264369912123, 16.372898979815307 ], [ -96.305269920256507, 16.372358709760231 ], [ -96.305374709927207, 16.371485979732686 ], [ -96.305344200239801, 16.37096845012228 ], [ -96.305304890232847, 16.370151860384567 ], [ -96.305119370439201, 16.369586819751738 ], [ -96.304981650346889, 16.369022309879046 ], [ -96.304952340103455, 16.368389719744879 ], [ -96.304659689556246, 16.36777771031948 ], [ -96.304400850399972, 16.367361459647999 ], [ -96.304213370414956, 16.366980369614737 ], [ -96.3039792300805, 16.366495349630419 ], [ -96.303935110408531, 16.366138489617843 ], [ -96.304228919663728, 16.365486050315212 ], [ -96.304424350236545, 16.365097030381687 ], [ -96.304635580369222, 16.364340289770627 ], [ -96.304364980333617, 16.363900860433056 ], [ -96.304624620374923, 16.3630871196813 ], [ -96.304677980269474, 16.362558830324222 ], [ -96.304286279804117, 16.362267780053681 ], [ -96.303753779958214, 16.361504709999117 ], [ -96.30416997978557, 16.360658449616277 ], [ -96.304005829207938, 16.360113480030041 ], [ -96.30394517964713, 16.359721549921307 ], [ -96.305443149750104, 16.359054400996804 ], [ -96.305419250226649, 16.358577950629073 ], [ -96.305858249115474, 16.357966801261266 ], [ -96.306119260187685, 16.357673971288996 ], [ -96.306622080003621, 16.357109860114701 ], [ -96.30636197991025, 16.356503800586239 ], [ -96.306780570324392, 16.355076480934386 ], [ -96.30740869035175, 16.354645650775307 ], [ -96.307949058892845, 16.35460861968922 ], [ -96.307954940198414, 16.354265971017377 ], [ -96.307959289432986, 16.354062511116922 ], [ -96.307851510385618, 16.353921080725055 ], [ -96.307784149844309, 16.353832690368375 ], [ -96.307670198823132, 16.35373007961331 ], [ -96.307548999525139, 16.353695950041477 ], [ -96.307280019613003, 16.353808829702132 ], [ -96.307178939777799, 16.353913751229555 ], [ -96.307192859686154, 16.354045431165972 ], [ -96.307105150474328, 16.3541675097369 ], [ -96.306620910355917, 16.354327400022136 ], [ -96.306517999006431, 16.354309889765368 ], [ -96.306351828749087, 16.35419144986253 ], [ -96.306249598947431, 16.353997950105899 ], [ -96.306195919141516, 16.353731429870781 ], [ -96.306186799613116, 16.353673910433884 ], [ -96.306253458973458, 16.352825169921513 ], [ -96.306567030051866, 16.35267411958085 ], [ -96.306622369961488, 16.352462421230889 ], [ -96.30659590981692, 16.352097949914736 ], [ -96.306599648622623, 16.351824910883902 ], [ -96.306718178793616, 16.351593780016717 ], [ -96.306973288635973, 16.351066570107417 ], [ -96.307053460255133, 16.350956339664968 ], [ -96.307128318838778, 16.350826909787894 ], [ -96.307130600118825, 16.350660029738098 ], [ -96.307043279402038, 16.350527430986364 ], [ -96.306929630262914, 16.350406110432882 ], [ -96.306778828838219, 16.350313150760815 ], [ -96.306585879418719, 16.350234820025779 ], [ -96.306464829305398, 16.350134080624734 ], [ -96.306519059600205, 16.349443459540282 ], [ -96.306576419761441, 16.349395170838729 ], [ -96.306645688974541, 16.349315140435067 ], [ -96.306757379319492, 16.349200250581593 ], [ -96.307099618869884, 16.349121680611361 ], [ -96.307075619185937, 16.3489595213039 ], [ -96.306903489972427, 16.348891581146017 ], [ -96.30673752015791, 16.348757969820905 ], [ -96.306575278795322, 16.348727741007878 ], [ -96.306717180065391, 16.34692080132762 ], [ -96.306883310091692, 16.346845720071109 ], [ -96.3072573994762, 16.34673458000108 ], [ -96.30754785015101, 16.346586581184898 ], [ -96.307615080315486, 16.346312319924564 ], [ -96.307601429883462, 16.346160420741541 ], [ -96.307512999496709, 16.346108711156045 ], [ -96.307330260063438, 16.346050750558234 ], [ -96.307152278633765, 16.346028250843112 ], [ -96.306963949891482, 16.34599549003282 ], [ -96.306789429158272, 16.346000910238999 ], [ -96.306932949200046, 16.344173119921106 ], [ -96.307193419552661, 16.344140630947713 ], [ -96.307366909776945, 16.34410745009351 ], [ -96.307501829145153, 16.344210320196439 ], [ -96.307525768726208, 16.344377521292699 ], [ -96.307539059045681, 16.344554710536389 ], [ -96.307615969981384, 16.344682120705052 ], [ -96.307745379076366, 16.344805149977017 ], [ -96.308027378877554, 16.344889661119321 ], [ -96.308148450086776, 16.344855821177269 ], [ -96.308301879487729, 16.344756631143916 ], [ -96.308524569198497, 16.344577401241697 ], [ -96.308736400165927, 16.344415149556692 ], [ -96.30876979930899, 16.344273980416666 ], [ -96.308942628821086, 16.343907000856959 ], [ -96.308813979662645, 16.343728351182097 ], [ -96.308678978859035, 16.343630541222183 ], [ -96.308486659300456, 16.343506691115433 ], [ -96.308435550326166, 16.343409949626871 ], [ -96.308027308904286, 16.343354170599465 ], [ -96.307837659994632, 16.343417490478608 ], [ -96.30773302035611, 16.343400979606841 ], [ -96.307619200336404, 16.343288260808986 ], [ -96.307580450101995, 16.343055139833698 ], [ -96.307542459465353, 16.342766381116039 ], [ -96.307620199301965, 16.342522380576817 ], [ -96.307749059642362, 16.342301510141297 ], [ -96.307921140306945, 16.341990149733345 ], [ -96.30799645994361, 16.341849509582442 ], [ -96.308125339954756, 16.341628630901901 ], [ -96.308290678630129, 16.341425911232633 ], [ -96.308396909083015, 16.34132611966054 ], [ -96.308499849100528, 16.341084680871369 ], [ -96.308643648979228, 16.340998259790432 ], [ -96.308804369549932, 16.340939630362112 ], [ -96.308964909994501, 16.34089615076514 ], [ -96.309120819211159, 16.340807120233844 ], [ -96.309219290330304, 16.340699649956793 ], [ -96.309270719351161, 16.340581450826168 ], [ -96.309280600105865, 16.340434911201761 ], [ -96.309247908570427, 16.340333350861215 ], [ -96.309186969310929, 16.340188431233127 ], [ -96.309070428725406, 16.340083279511113 ], [ -96.308985059846037, 16.339998740211396 ], [ -96.308837738914278, 16.339843880780734 ], [ -96.308778090337796, 16.339604000042151 ], [ -96.308765150319758, 16.339401540086417 ], [ -96.308628049433736, 16.338959799766616 ], [ -96.308564048676431, 16.338655519580115 ], [ -96.30854011921214, 16.338488340852123 ], [ -96.308588119013777, 16.338313770727218 ], [ -96.308736519615493, 16.338199340526806 ], [ -96.308963748963961, 16.338070750574502 ], [ -96.309184350148016, 16.338043219908617 ], [ -96.309383430131959, 16.338055880643559 ], [ -96.309508289624347, 16.338128259720534 ], [ -96.309744180199445, 16.338206749667069 ], [ -96.309885880422357, 16.338198449763702 ], [ -96.310106480056774, 16.338170910442553 ], [ -96.310405720373609, 16.338144379845954 ], [ -96.310669110018807, 16.338056710110685 ], [ -96.310833769717036, 16.337902050428013 ], [ -96.310956630206789, 16.337736709896742 ], [ -96.311022719057561, 16.337504910527691 ], [ -96.310952779830387, 16.337251150033413 ], [ -96.310836570150897, 16.336931049928143 ], [ -96.31074680011281, 16.336561310122782 ], [ -96.310521540240558, 16.336163970355845 ], [ -96.310465258941804, 16.335677739750199 ], [ -96.310228949332696, 16.335320709803142 ], [ -96.310160949193047, 16.334925369770666 ], [ -96.310175058675881, 16.333893829856724 ], [ -96.310224340329071, 16.333358379729923 ], [ -96.310255461951755, 16.33323482612661 ] ] ] ] } },
{ "type": "Feature", "properties": { "ID_WS": 44, "HAS_WS": 13618.027 }, "geometry": { "type": "MultiPolygon", "coordinates": [ [ [ [ -96.57771640280545, 16.666525259753175 ], [ -96.585493638820395, 16.667284138852011 ], [ -96.589506361629276, 16.670215861273029 ], [ -96.591666666283615, 16.670833333091888 ], [ -96.593877156705432, 16.671400620941935 ], [ -96.597789509778039, 16.674432712200005 ], [ -96.603538683163663, 16.675908067103684 ], [ -96.604733954108696, 16.696579996969348 ], [ -96.600567288049902, 16.701956176536427 ], [ -96.599432712349795, 16.709079996944368 ], [ -96.603599378408575, 16.714456176511405 ], [ -96.604733954108681, 16.717413329961307 ], [ -96.600567288049888, 16.722789510427646 ], [ -96.599432712349753, 16.727210489472633 ], [ -96.596400621091789, 16.73112284344456 ], [ -96.595266045391654, 16.735543823388781 ], [ -96.592666396905997, 16.738898204552001 ], [ -96.592233954133661, 16.73945617646141 ], [ -96.591666666283587, 16.745833332942041 ], [ -96.580908881539642, 16.74618665948687 ], [ -96.57291734485959, 16.754152764238761 ], [ -96.568749321723743, 16.750013902519651 ], [ -96.558687337050898, 16.760048760042348 ], [ -96.55798000767119, 16.793379719698372 ], [ -96.562146674629275, 16.797575548073191 ], [ -96.562500000274781, 16.804166666758341 ], [ -96.55100606287948, 16.803548176906848 ], [ -96.546451836056207, 16.798527472093649 ], [ -96.542233954233581, 16.79387715630579 ], [ -96.541637476985457, 16.791552958830163 ], [ -96.541099378533417, 16.789456176361604 ], [ -96.538067288174815, 16.785543823288943 ], [ -96.536612616778854, 16.779875013321242 ], [ -96.53373025838853, 16.779494315925731 ], [ -96.526956176886046, 16.778599378958219 ], [ -96.523043822914133, 16.775567287700163 ], [ -96.51862284386911, 16.774432712000145 ], [ -96.510543822939098, 16.767233954683327 ], [ -96.504562717095723, 16.765698920768628 ], [ -96.500567288249698, 16.760543823338857 ], [ -96.499432712549662, 16.747789510377636 ], [ -96.496400621291656, 16.743877156405635 ], [ -96.49583333344161, 16.733333332967032 ], [ -96.495833333441581, 16.712499999975098 ], [ -96.495209757923959, 16.700909085086241 ], [ -96.488350762677513, 16.699149237747157 ], [ -96.487500000424646, 16.695833333041932 ], [ -96.487853326070095, 16.693408881314951 ], [ -96.492019992128945, 16.689213052940101 ], [ -96.491313340838033, 16.680908881339885 ], [ -96.487853326070081, 16.677424451777075 ], [ -96.487532271004724, 16.671435347739166 ], [ -96.487500000424632, 16.67083333309191 ], [ -96.491666666483397, 16.670833333091888 ], [ -96.49228413920163, 16.668673027538322 ], [ -96.49938252768149, 16.660493638670502 ], [ -96.500999620236314, 16.649382527381839 ], [ -96.522993638945294, 16.650617471918871 ], [ -96.527006360854884, 16.653549194339892 ], [ -96.531326971962173, 16.654784138877009 ], [ -96.539576891060648, 16.661943223501073 ], [ -96.545364041017692, 16.657715861298033 ], [ -96.560493638870327, 16.658950805835083 ], [ -96.564506360779859, 16.661882527356763 ], [ -96.568826971887276, 16.663117471893933 ], [ -96.572839694696185, 16.666049194314954 ], [ -96.57771640280545, 16.666525259753175 ] ] ] ] } },
{ "type": "Feature", "properties": { "ID_WS": 45, "HAS_WS": 12468.321 }, "geometry": { "type": "MultiPolygon", "coordinates": [ [ [ [ -96.464440176064599, 16.349880288185211 ], [ -96.455075751644571, 16.349376424282656 ], [ -96.454448046325169, 16.34693043485024 ], [ -96.453198920493804, 16.34206271742055 ], [ -96.448043823063941, 16.338067287675326 ], [ -96.443622843119698, 16.336932711975134 ], [ -96.438246663552647, 16.332766045017053 ], [ -96.435289510102834, 16.333900621616429 ], [ -96.431331032202095, 16.337427993118926 ], [ -96.425937229019894, 16.342233954633357 ], [ -96.414456177110821, 16.341099378933283 ], [ -96.400988091127545, 16.328599378958248 ], [ -96.393622843219632, 16.329733954658295 ], [ -96.385425483199484, 16.33703816737755 ], [ -96.381377156230712, 16.333900621616454 ], [ -96.377819092427671, 16.333430602014193 ], [ -96.372789510227705, 16.332766045017053 ], [ -96.372275431396631, 16.332367644202122 ], [ -96.368877156255763, 16.329733954658352 ], [ -96.360289510252642, 16.328599378958238 ], [ -96.356377156280757, 16.325567287700295 ], [ -96.354166666758189, 16.324999999850249 ], [ -96.354733954608307, 16.322789510327716 ], [ -96.357766045866327, 16.31887715635569 ], [ -96.358900621566391, 16.314456176411451 ], [ -96.361932711925078, 16.310543823338872 ], [ -96.363067287625213, 16.30612284339459 ], [ -96.366099378883192, 16.302210490321915 ], [ -96.367233954583341, 16.297789510377594 ], [ -96.371400621541369, 16.292413329911334 ], [ -96.370266045841348, 16.289456176461428 ], [ -96.35890062156642, 16.277210489472566 ], [ -96.357413737354065, 16.271416218683655 ], [ -96.348043823263822, 16.263067287825123 ], [ -96.347737405080252, 16.262988668213346 ], [ -96.347206148876921, 16.261732510193902 ], [ -96.347242089721362, 16.260410150870232 ], [ -96.348193079982195, 16.258873379551012 ], [ -96.348370458944402, 16.258733970103091 ], [ -96.348733580404399, 16.258052721130728 ], [ -96.348717308705986, 16.257558520864698 ], [ -96.348807490040258, 16.255637921134735 ], [ -96.347906830355456, 16.25088740108917 ], [ -96.346055688882657, 16.239406431104893 ], [ -96.344047380148425, 16.226949821341453 ], [ -96.344069079651774, 16.226928579964561 ], [ -96.350658539606613, 16.220497980809274 ], [ -96.357214459952942, 16.212996650061562 ], [ -96.369052379205755, 16.215053660918745 ], [ -96.379410318954768, 16.216852950543036 ], [ -96.380187399577352, 16.218233599962083 ], [ -96.381520690170078, 16.22247465040736 ], [ -96.385177219746978, 16.228213720762746 ], [ -96.386003998870805, 16.229833350653735 ], [ -96.384693890314722, 16.231201820950901 ], [ -96.383870680314402, 16.232985909790983 ], [ -96.383231940471205, 16.236958309655822 ], [ -96.3834917799621, 16.238225200224658 ], [ -96.384592769190945, 16.238854179895135 ], [ -96.385409969272459, 16.240569220272508 ], [ -96.385179769832675, 16.241879460984762 ], [ -96.38542091008766, 16.242568580834433 ], [ -96.385425131112854, 16.242707271928474 ], [ -96.385438379408953, 16.243142631107837 ], [ -96.385689419874126, 16.243361740757287 ], [ -96.386487629628959, 16.243697000761415 ], [ -96.386618510274275, 16.244013400004128 ], [ -96.386564200091613, 16.244688079708922 ], [ -96.386775940356486, 16.244866880067828 ], [ -96.386902510120365, 16.245204711321495 ], [ -96.38687962879338, 16.245454000102374 ], [ -96.387091549861012, 16.245845771301653 ], [ -96.387968228729704, 16.246667620417757 ], [ -96.388599520385497, 16.246812779674109 ], [ -96.389032139243866, 16.247993220609384 ], [ -96.389611320328328, 16.248095321264138 ], [ -96.38967222430729, 16.248601305659825 ], [ -96.389733750429158, 16.249112459720923 ], [ -96.391413121019013, 16.250534475760865 ], [ -96.391426236458003, 16.250545580356587 ], [ -96.392098516285458, 16.251114825571971 ], [ -96.392099631399404, 16.251115768928422 ], [ -96.392646395703991, 16.251578729022153 ], [ -96.392661633119943, 16.2515916313417 ], [ -96.393006896854075, 16.251883972360993 ], [ -96.393073572190858, 16.251940428420117 ], [ -96.393657047449622, 16.252434463877176 ], [ -96.393683683509238, 16.252457016410418 ], [ -96.394486417389714, 16.253136696455755 ], [ -96.394494310085676, 16.25314337349203 ], [ -96.396117817562185, 16.254517966666121 ], [ -96.396409221596315, 16.254764686404663 ], [ -96.396461429988022, 16.254808889836578 ], [ -96.396455813388357, 16.254837072956022 ], [ -96.396414385106297, 16.255044959823753 ], [ -96.396261910059508, 16.255810081208718 ], [ -96.39693402514277, 16.25586738300354 ], [ -96.397039448967078, 16.255876370344588 ], [ -96.397050256471985, 16.255907192628328 ], [ -96.397148219487065, 16.256186521164874 ], [ -96.397220970251198, 16.256427750153748 ], [ -96.397413030273924, 16.256634080687054 ], [ -96.397640739867967, 16.256759800581161 ], [ -96.397784488698193, 16.256828320346099 ], [ -96.398442978874471, 16.257010030874508 ], [ -96.398634369878849, 16.25703234064671 ], [ -96.398777828717002, 16.257008911032052 ], [ -96.399028998972796, 16.257008031299758 ], [ -96.399459289760657, 16.256937541019894 ], [ -96.399699259272182, 16.257155179785421 ], [ -96.399712349727778, 16.257454140519759 ], [ -96.399857219870327, 16.257821631248788 ], [ -96.400228458997233, 16.257946860226696 ], [ -96.400443228680061, 16.257819620120998 ], [ -96.400622230144677, 16.257704049620681 ], [ -96.400956740440961, 16.257622350264118 ], [ -96.401495319188271, 16.257735551277353 ], [ -96.401651050151614, 16.257803951033743 ], [ -96.401998569022211, 16.257963750486375 ], [ -96.402502369654727, 16.258376029891295 ], [ -96.402587569237184, 16.258766720215032 ], [ -96.402792150199616, 16.259088079789773 ], [ -96.403176019470777, 16.259420201298177 ], [ -96.403355920169005, 16.259534601207065 ], [ -96.403595180274138, 16.259556770284181 ], [ -96.40387039938102, 16.259590321276846 ], [ -96.404086339568792, 16.259773520794663 ], [ -96.404218648707882, 16.259980090941752 ], [ -96.404508949721716, 16.260830060663821 ], [ -96.404531428734089, 16.26093814106147 ], [ -96.404551889092389, 16.261082910860022 ], [ -96.404924620250526, 16.261470651174903 ], [ -96.405201429777748, 16.26179019975973 ], [ -96.405489218758774, 16.262006219850598 ], [ -96.405562036336065, 16.262138118075786 ], [ -96.405655179619458, 16.262306830012566 ], [ -96.405911739419196, 16.26256072016723 ], [ -96.406300308692067, 16.262659520128707 ], [ -96.406772871511805, 16.262809889782758 ], [ -96.406915019113256, 16.262855119851078 ], [ -96.407501349342084, 16.262736920664683 ], [ -96.408062218764115, 16.262085549633241 ], [ -96.408723180058018, 16.261244780739514 ], [ -96.409121619563521, 16.260591419869574 ], [ -96.409297578829282, 16.259559200304686 ], [ -96.409567720214795, 16.2587788809195 ], [ -96.410122800178286, 16.258566261091268 ], [ -96.410226819651982, 16.258066020947847 ], [ -96.410267110059763, 16.257470950922507 ], [ -96.410151549988242, 16.256372479627341 ], [ -96.410421278729103, 16.255623490171079 ], [ -96.411050028695342, 16.254990720968728 ], [ -96.41170582884746, 16.254528550790081 ], [ -96.41226458027441, 16.254033879696756 ], [ -96.412793719236362, 16.253319401257169 ], [ -96.413415799452196, 16.252950860311092 ], [ -96.413715519295138, 16.252390320453344 ], [ -96.414111858615215, 16.251893650058594 ], [ -96.414518778961963, 16.251515251038814 ], [ -96.414850248886594, 16.250895320157053 ], [ -96.415019379343462, 16.25032539978934 ], [ -96.415502909660503, 16.249563430490369 ], [ -96.416591508754308, 16.249616600260346 ], [ -96.417835579271483, 16.249267780553296 ], [ -96.418813629180676, 16.248655720945621 ], [ -96.419846908779604, 16.247940340091446 ], [ -96.420316450047466, 16.247228719924241 ], [ -96.422069549889358, 16.248698340451497 ], [ -96.425394310104792, 16.25148592045673 ], [ -96.428159540378289, 16.253493521082451 ], [ -96.430660598822001, 16.255360910238444 ], [ -96.432550420159131, 16.256773050747807 ], [ -96.43524450974985, 16.253279680949127 ], [ -96.440471799424202, 16.244275370466003 ], [ -96.443685260041647, 16.238741980988316 ], [ -96.444135650223785, 16.238996320230292 ], [ -96.45375787865548, 16.243664031032839 ], [ -96.454221918946672, 16.243860260557202 ], [ -96.455072450256267, 16.244244771221222 ], [ -96.456282119501594, 16.244839141037549 ], [ -96.461625139334458, 16.247411479722004 ], [ -96.462423859342351, 16.245536317921996 ], [ -96.463067287425375, 16.248043823463746 ], [ -96.466198052298225, 16.252083333479124 ], [ -96.463067287425389, 16.256122843494477 ], [ -96.461932711725282, 16.267413329961244 ], [ -96.466931152650531, 16.27386271189469 ], [ -96.459340074185036, 16.275811089510285 ], [ -96.457766045666432, 16.279913329936264 ], [ -96.461932711725282, 16.285289510402617 ], [ -96.463067287425417, 16.302210490321915 ], [ -96.470266045641424, 16.310289510352707 ], [ -96.471400621341587, 16.313246663802577 ], [ -96.467135280768588, 16.318750000312384 ], [ -96.470266045641424, 16.322789510327741 ], [ -96.470647707984469, 16.335490250842192 ], [ -96.470833333491498, 16.341666666783293 ], [ -96.469982571238646, 16.344982571488568 ], [ -96.466666666533371, 16.345833333741428 ], [ -96.466666666533428, 16.349999999800293 ], [ -96.464440176064599, 16.349880288185211 ] ] ] ] } },
{ "type": "Feature", "properties": { "ID_WS": 46, "HAS_WS": 13871.096 }, "geometry": { "type": "MultiPolygon", "coordinates": [ [ [ [ -96.6602168000734, 16.582854373574794 ], [ -96.667233954883116, 16.590729437813355 ], [ -96.666902577242524, 16.591648951646597 ], [ -96.665576510647455, 16.595328436758017 ], [ -96.643877156605441, 16.616099378383684 ], [ -96.639456176661241, 16.617233954983071 ], [ -96.635543823588577, 16.620266045341811 ], [ -96.63333333316676, 16.620833333191868 ], [ -96.630017429360919, 16.621684095444728 ], [ -96.629166667107924, 16.625000000149988 ], [ -96.622575547523525, 16.624646674504394 ], [ -96.619091118860041, 16.621186658837338 ], [ -96.60833333321672, 16.620833333191825 ], [ -96.606963796532597, 16.620833346068128 ], [ -96.604166666258592, 16.620833333191868 ], [ -96.601742214531555, 16.620480007546387 ], [ -96.601056819482721, 16.619799433218216 ], [ -96.59825778496878, 16.617019992778495 ], [ -96.594438074187323, 16.616929706373398 ], [ -96.583653823435725, 16.616674269375977 ], [ -96.583333333266737, 16.616666666233709 ], [ -96.576713053164838, 16.616311645366199 ], [ -96.575676114306759, 16.615269597960186 ], [ -96.571186658937151, 16.610757784943932 ], [ -96.570833333291645, 16.608333333216876 ], [ -96.566666666333546, 16.60833333321677 ], [ -96.534252251640069, 16.607747396125522 ], [ -96.532482571113775, 16.600850762452751 ], [ -96.5291666664085, 16.600000000199884 ], [ -96.529166666408486, 16.583333333266719 ], [ -96.529834662139933, 16.581223551625669 ], [ -96.536832003694002, 16.572943114932858 ], [ -96.538294474010755, 16.559202405766541 ], [ -96.549613443805328, 16.557399156246095 ], [ -96.561832004543348, 16.543776448923989 ], [ -96.562841947527659, 16.521688572387209 ], [ -96.563228692150417, 16.513228692250461 ], [ -96.579166666308609, 16.51250000037485 ], [ -96.585757784993746, 16.512146673829992 ], [ -96.589242214556506, 16.508686659062114 ], [ -96.602424451926922, 16.507980007771241 ], [ -96.610075547548405, 16.500353326045289 ], [ -96.619091118860027, 16.499646673854951 ], [ -96.622575547523525, 16.496186659087076 ], [ -96.631591118835075, 16.495480007796164 ], [ -96.637145657346196, 16.489953274524158 ], [ -96.637500000124888, 16.47916666650854 ], [ -96.643877156605512, 16.479733954358565 ], [ -96.647789509678091, 16.482766045616575 ], [ -96.653315904805183, 16.48418409571952 ], [ -96.654733954908082, 16.48971048994721 ], [ -96.657766045266769, 16.493622843019928 ], [ -96.658333333116786, 16.500000000399737 ], [ -96.657365587052183, 16.503770616720676 ], [ -96.652210489622391, 16.507766045566612 ], [ -96.646229383779058, 16.509301079481357 ], [ -96.642233954933033, 16.514456176911093 ], [ -96.641099379232898, 16.518877156855435 ], [ -96.636932712274856, 16.524253336422344 ], [ -96.63806728797492, 16.53554382288916 ], [ -96.642233954933062, 16.540920003355549 ], [ -96.641101658403031, 16.552187810753647 ], [ -96.641099379232912, 16.552210489822301 ], [ -96.637968614360076, 16.556249999837711 ], [ -96.641099379232898, 16.560289509853018 ], [ -96.642517429335868, 16.565815904080768 ], [ -96.646333397056566, 16.566795070174955 ], [ -96.649417114408323, 16.567586262695993 ], [ -96.654061056198316, 16.572798301103333 ], [ -96.657766045266712, 16.576956176786155 ], [ -96.658900620966904, 16.58137715673055 ], [ -96.6602168000734, 16.582854373574794 ] ] ] ] } },
{ "type": "Feature", "properties": { "ID_WS": 47, "HAS_WS": 4132.909 }, "geometry": { "type": "MultiPolygon", "coordinates": [ [ [ [ -96.410440817883568, 16.720304878271026 ], [ -96.407766045766436, 16.719618394773164 ], [ -96.408005628219172, 16.711490090056369 ], [ -96.408568492439301, 16.692390555749046 ], [ -96.408711285351274, 16.687544471136533 ], [ -96.408931139060783, 16.680082532982528 ], [ -96.414454036322041, 16.678665387970167 ], [ -96.415815904380452, 16.678315904755326 ], [ -96.416376655405671, 16.676130605318463 ], [ -96.417233954483436, 16.672789510527576 ], [ -96.420266045741386, 16.668877156555673 ], [ -96.420833333591432, 16.666666667033141 ], [ -96.427212755614249, 16.66685864694173 ], [ -96.439710490047091, 16.667233954883187 ], [ -96.449080403238, 16.675582885741619 ], [ -96.450850761853118, 16.682482570814134 ], [ -96.457624986104193, 16.684220716612867 ], [ -96.458900621366524, 16.693877156505629 ], [ -96.462896050212521, 16.699032253935417 ], [ -96.468877156955244, 16.700567287850173 ], [ -96.472269043203823, 16.703196136770515 ], [ -96.472916666970562, 16.703698052723041 ], [ -96.476956176985922, 16.700567287850134 ], [ -96.481377156930222, 16.699432712150006 ], [ -96.485289510002943, 16.696400620892028 ], [ -96.487500000424646, 16.695833333041932 ], [ -96.488350762677513, 16.699149237747157 ], [ -96.495209757923959, 16.700909085086241 ], [ -96.495833333441581, 16.712499999975098 ], [ -96.49583333344161, 16.733333332967032 ], [ -96.493622843019764, 16.732766045116946 ], [ -96.489710489947157, 16.729733954758327 ], [ -96.486733414854001, 16.728970078124782 ], [ -96.484184095719385, 16.728315904655407 ], [ -96.483333333466504, 16.724999999950189 ], [ -96.479166666508476, 16.724999999950114 ], [ -96.439242214856321, 16.724646674304616 ], [ -96.435757785293532, 16.721186658637482 ], [ -96.412499999675205, 16.720833332991987 ], [ -96.412494760282385, 16.720831988429673 ], [ -96.410440817883568, 16.720304878271026 ] ] ] ] } },
{ "type": "Feature", "properties": { "ID_WS": 48, "HAS_WS": 23149.591 }, "geometry": { "type": "MultiPolygon", "coordinates": [ [ [ [ -96.53373025838853, 16.779494315925731 ], [ -96.536612616778854, 16.779875013321242 ], [ -96.538067288174815, 16.785543823288943 ], [ -96.541099378533417, 16.789456176361604 ], [ -96.541637476985457, 16.791552958830163 ], [ -96.542233954233581, 16.79387715630579 ], [ -96.546451836056207, 16.798527472093649 ], [ -96.55100606287948, 16.803548176906848 ], [ -96.562500000274781, 16.804166666758341 ], [ -96.562853325920244, 16.806591118485368 ], [ -96.566652085625208, 16.810416666296135 ], [ -96.562853325920273, 16.81424221500631 ], [ -96.56250000027481, 16.837499999725246 ], [ -96.562500000274824, 16.84166666668337 ], [ -96.561989262645213, 16.843657319097776 ], [ -96.561649238021872, 16.844982571388613 ], [ -96.557453174394226, 16.84605928516773 ], [ -96.556122843794157, 16.846400621491501 ], [ -96.552210489822244, 16.84943271185028 ], [ -96.550000000299789, 16.849999999700344 ], [ -96.543408881614582, 16.850353325345701 ], [ -96.53992445205175, 16.853813341012998 ], [ -96.535075547698384, 16.854519992303825 ], [ -96.523257785118631, 16.866313340988018 ], [ -96.520833333391593, 16.866666666633435 ], [ -96.518719631438842, 16.866603265755405 ], [ -96.513899327437883, 16.866458567461443 ], [ -96.501956176935991, 16.866099378783399 ], [ -96.499518168327484, 16.863927136744604 ], [ -96.492672753609625, 16.857827407482834 ], [ -96.49260389495376, 16.857766045766432 ], [ -96.492382303366782, 16.857845919805982 ], [ -96.489629403298252, 16.858838185244082 ], [ -96.489456176961028, 16.858900621466582 ], [ -96.484954433652035, 16.862389606308152 ], [ -96.484079996494629, 16.86306728752535 ], [ -96.481122843044744, 16.861932711825265 ], [ -96.477210489972066, 16.858900621466596 ], [ -96.472789510027837, 16.857766045766482 ], [ -96.468877156955188, 16.854733954508458 ], [ -96.463350761828195, 16.853315904405555 ], [ -96.461532253510654, 16.846229383379448 ], [ -96.458716881846158, 16.844047392278469 ], [ -96.456377156980153, 16.842233954533437 ], [ -96.454166666558351, 16.841666666683423 ], [ -96.453361004894361, 16.841681626822087 ], [ -96.435075547898236, 16.842019992328897 ], [ -96.431250000087459, 16.84581875293317 ], [ -96.427424452276611, 16.842019992328897 ], [ -96.426449785597072, 16.841877963223524 ], [ -96.422575547923145, 16.841313341037864 ], [ -96.41909111836037, 16.837853325370727 ], [ -96.41007554794821, 16.837146674079833 ], [ -96.40659111838545, 16.833686659311983 ], [ -96.393408881015077, 16.83298000802105 ], [ -96.389924452351579, 16.829519992353834 ], [ -96.385075547998113, 16.828813341062904 ], [ -96.381591118435338, 16.825353325395739 ], [ -96.372575548023107, 16.82464667410472 ], [ -96.368379719648374, 16.820480007146681 ], [ -96.364242215006172, 16.821186659336878 ], [ -96.356591118485312, 16.828813341062904 ], [ -96.35416666675826, 16.829166666708431 ], [ -96.34166666678324, 16.829166666708392 ], [ -96.34166666678324, 16.823244390789174 ], [ -96.341666666783254, 16.808333333716423 ], [ -96.345833333741396, 16.808333333716401 ], [ -96.345833333741297, 16.804166666758341 ], [ -96.346186659386802, 16.801742215031258 ], [ -96.349646674154684, 16.798257785468543 ], [ -96.34999999980009, 16.783333333766425 ], [ -96.356591118485355, 16.782980007221681 ], [ -96.360075548048087, 16.779519992453739 ], [ -96.364924452401524, 16.778813341162817 ], [ -96.368408881064951, 16.775353325495654 ], [ -96.377424452376573, 16.774646674204728 ], [ -96.380908881039986, 16.771186659436822 ], [ -96.389924452351607, 16.770480007246597 ], [ -96.39583468981904, 16.764599270240168 ], [ -96.392019992328784, 16.760757785543518 ], [ -96.391666666683349, 16.758333332917022 ], [ -96.394091118410373, 16.757980007271602 ], [ -96.403808932536208, 16.748288303162752 ], [ -96.404519992303818, 16.743408881214947 ], [ -96.407980007970934, 16.739924451652183 ], [ -96.408686659261932, 16.735075548198004 ], [ -96.412146674029771, 16.731591118635322 ], [ -96.412295340165116, 16.727064824297965 ], [ -96.412443523140325, 16.722552984334428 ], [ -96.412499999675205, 16.720833332991987 ], [ -96.435757785293532, 16.721186658637482 ], [ -96.439242214856321, 16.724646674304616 ], [ -96.479166666508476, 16.724999999950114 ], [ -96.483333333466504, 16.724999999950189 ], [ -96.484184095719385, 16.728315904655407 ], [ -96.486733414854001, 16.728970078124782 ], [ -96.489710489947157, 16.729733954758327 ], [ -96.493622843019764, 16.732766045116946 ], [ -96.49583333344161, 16.733333332967032 ], [ -96.496400621291656, 16.743877156405635 ], [ -96.499432712549662, 16.747789510377636 ], [ -96.500567288249698, 16.760543823338857 ], [ -96.504562717095723, 16.765698920768628 ], [ -96.510543822939098, 16.767233954683327 ], [ -96.51862284386911, 16.774432712000145 ], [ -96.523043822914133, 16.775567287700163 ], [ -96.526956176886046, 16.778599378958219 ], [ -96.53373025838853, 16.779494315925731 ] ] ] ] } },
{ "type": "Feature", "properties": { "ID_WS": 49, "HAS_WS": 2211.132 }, "geometry": { "type": "MultiPolygon", "coordinates": [ [ [ [ -96.750417488991189, 16.488984452107125 ], [ -96.74804382336373, 16.491099378633514 ], [ -96.742062716621092, 16.492634412548171 ], [ -96.738067287775095, 16.497789509977942 ], [ -96.736532253860389, 16.503770616720715 ], [ -96.731377156430611, 16.507766045566655 ], [ -96.729166666908114, 16.508333333416694 ], [ -96.726742214281742, 16.507980007771241 ], [ -96.723257785618287, 16.504519992104036 ], [ -96.710822789560666, 16.50401369905984 ], [ -96.705908881289815, 16.503813340813071 ], [ -96.70242445172704, 16.500353326045271 ], [ -96.7, 16.500000000399716 ], [ -96.699432712149957, 16.493622843019882 ], [ -96.698941914983465, 16.492989600553063 ], [ -96.695266045191772, 16.488246663452813 ], [ -96.69646131703611, 16.467574734486412 ], [ -96.703315904705278, 16.465815904280586 ], [ -96.705134413022762, 16.458729383254482 ], [ -96.710289510452554, 16.45473395440855 ], [ -96.71627061629583, 16.45319892049385 ], [ -96.717335476911771, 16.451825028138771 ], [ -96.717394878624177, 16.45183122972924 ], [ -96.717663150238693, 16.451843420572946 ], [ -96.718239819729703, 16.452180879561176 ], [ -96.718163259782344, 16.45256718052168 ], [ -96.718068229678991, 16.452785680708345 ], [ -96.717934309971795, 16.452928221207063 ], [ -96.717709309377625, 16.453383539947232 ], [ -96.717519479408736, 16.453418981193455 ], [ -96.717361090063363, 16.453928199872713 ], [ -96.716880459600176, 16.454394849572044 ], [ -96.717010709629008, 16.454661950258505 ], [ -96.716992219264043, 16.455000080402893 ], [ -96.717227318707685, 16.455165980736634 ], [ -96.717745050069539, 16.455776620171001 ], [ -96.717494719608865, 16.455848250447129 ], [ -96.717100889581914, 16.456194399874192 ], [ -96.716449340273158, 16.456397861241353 ], [ -96.715672570328167, 16.456375600339737 ], [ -96.71543797901569, 16.457175000314592 ], [ -96.714495260182048, 16.456972800529389 ], [ -96.714488888950186, 16.457020109621684 ], [ -96.714377720131822, 16.457332740741769 ], [ -96.714274968648979, 16.457316400454335 ], [ -96.71431088886348, 16.457603629794971 ], [ -96.714734579640009, 16.457916571083363 ], [ -96.715563119045854, 16.457981019942991 ], [ -96.715767688932431, 16.457996541159194 ], [ -96.716911619885309, 16.45806029051068 ], [ -96.717791658692491, 16.458120829771968 ], [ -96.718442859260989, 16.458404141214977 ], [ -96.719173058854722, 16.458758399813572 ], [ -96.71985591023504, 16.459198109829487 ], [ -96.720750428736878, 16.45969731119682 ], [ -96.721203919564175, 16.460161519793498 ], [ -96.721356579914556, 16.460509920710454 ], [ -96.721544369058435, 16.461438920592748 ], [ -96.721785549619838, 16.462183121333759 ], [ -96.721833539598251, 16.46233245961476 ], [ -96.722028050342615, 16.46249802026853 ], [ -96.722202848655343, 16.462557020371623 ], [ -96.72251905891747, 16.462453371223525 ], [ -96.722776089423377, 16.462080151153074 ], [ -96.722862079556648, 16.461805780359249 ], [ -96.722956859470727, 16.461523780566985 ], [ -96.72320648925681, 16.461300119855373 ], [ -96.723412139826792, 16.461272200885276 ], [ -96.723613818925841, 16.461273570422488 ], [ -96.723735428878953, 16.461162630205486 ], [ -96.72378387873637, 16.461106110333109 ], [ -96.724000599749957, 16.461441820061911 ], [ -96.724886290411575, 16.462159090879741 ], [ -96.725317780186003, 16.46196454003616 ], [ -96.725340138572292, 16.461857911069018 ], [ -96.725343980247516, 16.46171374983594 ], [ -96.725202218910653, 16.461677649697371 ], [ -96.72514070860646, 16.461716311228546 ], [ -96.724913850073335, 16.461712280970637 ], [ -96.725109519780119, 16.461134281261728 ], [ -96.725500659452123, 16.461332171056785 ], [ -96.725742028815006, 16.461231539985395 ], [ -96.726105829916364, 16.46076046079498 ], [ -96.725903970032547, 16.460617370026615 ], [ -96.725770004290808, 16.460452773439506 ], [ -96.72566924968865, 16.460328981198739 ], [ -96.725561660289827, 16.460279571086009 ], [ -96.725407720123542, 16.460138311005327 ], [ -96.725822428968897, 16.459879259910728 ], [ -96.726039629451591, 16.45986578016273 ], [ -96.726210449353943, 16.459885880512335 ], [ -96.726260479808673, 16.459966001103965 ], [ -96.726119779101381, 16.460185979836485 ], [ -96.726220669126178, 16.460246153125752 ], [ -96.726495618754925, 16.460410139886015 ], [ -96.726782689110536, 16.460397220642673 ], [ -96.72680153958575, 16.460467020642934 ], [ -96.727207289888796, 16.460532060792154 ], [ -96.72744486044887, 16.460307649853082 ], [ -96.727419018709142, 16.460107061255027 ], [ -96.727646280260444, 16.459981050637928 ], [ -96.727704138988784, 16.45973542035885 ], [ -96.728010819804595, 16.459651111287382 ], [ -96.728645719355356, 16.459567750890436 ], [ -96.728989489704333, 16.459584920838239 ], [ -96.72904699945606, 16.459577370401256 ], [ -96.729088649212699, 16.459549380542111 ], [ -96.729670279948053, 16.459196981002449 ], [ -96.729699279694671, 16.459184910293491 ], [ -96.730388180230491, 16.459183261024702 ], [ -96.730448079199931, 16.459218351053174 ], [ -96.730671918931023, 16.459440920114325 ], [ -96.730705680071836, 16.459456310840245 ], [ -96.731177769246827, 16.459274630924757 ], [ -96.731185309085433, 16.45922463002552 ], [ -96.731290799534207, 16.45875245963969 ], [ -96.731555509242199, 16.458614950158744 ], [ -96.731587878773027, 16.45865514026751 ], [ -96.731810198813065, 16.459590080035859 ], [ -96.731890199100761, 16.459723249705462 ], [ -96.73205013881568, 16.460676739993481 ], [ -96.732131980102707, 16.460745969975576 ], [ -96.732480480067267, 16.461849690661321 ], [ -96.732701030410951, 16.462724320685361 ], [ -96.732731969475523, 16.462816750187311 ], [ -96.733157770230846, 16.464095429617661 ], [ -96.733159119155161, 16.464145921282928 ], [ -96.733221708586342, 16.464363370786419 ], [ -96.733414689896776, 16.465090569575111 ], [ -96.733396600181067, 16.465364080681095 ], [ -96.734026259293998, 16.466974230189663 ], [ -96.734025660362818, 16.467031480881889 ], [ -96.734261230375509, 16.468187950556572 ], [ -96.734289348709993, 16.468205950825599 ], [ -96.734570508931043, 16.469247385992585 ], [ -96.734856080230387, 16.470305139824319 ], [ -96.734993630288344, 16.470748920458377 ], [ -96.735040370422894, 16.470932750260285 ], [ -96.735123428841078, 16.471277450832307 ], [ -96.735298689534986, 16.471976401273196 ], [ -96.735461720214644, 16.472581980219093 ], [ -96.735494909759595, 16.472723413736485 ], [ -96.735634910003952, 16.473320001135487 ], [ -96.736003249879658, 16.474422881012138 ], [ -96.736061380152549, 16.474648479779784 ], [ -96.736275570364853, 16.47583517011029 ], [ -96.736692659932629, 16.477073110161442 ], [ -96.737104509667631, 16.47847931963809 ], [ -96.736695178969953, 16.478637680585621 ], [ -96.750417488991189, 16.488984452107125 ] ] ] ] } },
{ "type": "Feature", "properties": { "ID_WS": 50, "HAS_WS": 13146.474 }, "geometry": { "type": "MultiPolygon", "coordinates": [ [ [ [ -96.727850123528839, 16.38367125461982 ], [ -96.747931399628158, 16.401349649568651 ], [ -96.747945379710544, 16.402040079795356 ], [ -96.747820999741478, 16.402349050123448 ], [ -96.747382860066836, 16.402791709914251 ], [ -96.747173920121568, 16.403145569878426 ], [ -96.747165179554827, 16.403743619781682 ], [ -96.747121080117751, 16.404306769791209 ], [ -96.747077519609931, 16.404823850117289 ], [ -96.746902320377814, 16.40532758025244 ], [ -96.746905029688179, 16.405971909837724 ], [ -96.743707400101613, 16.407353949992398 ], [ -96.740282619812206, 16.407794149894496 ], [ -96.73943616112463, 16.407811443525521 ], [ -96.73786409019057, 16.40784354956617 ], [ -96.737245025717669, 16.407979459791303 ], [ -96.736064079679366, 16.408238719704151 ], [ -96.735645229837743, 16.408393309835251 ], [ -96.73568028029068, 16.408832339657589 ], [ -96.735688060431926, 16.409214050273281 ], [ -96.735805199639245, 16.409481600356777 ], [ -96.735979340374442, 16.410083940158362 ], [ -96.736085680260459, 16.410190320026931 ], [ -96.736270820102192, 16.410274720070639 ], [ -96.736096550050817, 16.410411180150437 ], [ -96.735983630272372, 16.410657480376631 ], [ -96.735879849653756, 16.410999479896866 ], [ -96.735536340050245, 16.411476629858011 ], [ -96.735388289804007, 16.411576720145451 ], [ -96.735179019888477, 16.411791579614853 ], [ -96.735060719964764, 16.411910860200212 ], [ -96.73457280038528, 16.412297829642426 ], [ -96.733770289604067, 16.413090169847937 ], [ -96.73433940037151, 16.413165710461964 ], [ -96.728677687476022, 16.420707847992809 ], [ -96.728219689733066, 16.421317920177721 ], [ -96.728204770135264, 16.421491720195725 ], [ -96.728278320445781, 16.422721369969835 ], [ -96.72843622039511, 16.423813739934335 ], [ -96.728301120305005, 16.42435274031352 ], [ -96.72769291033697, 16.424555430410166 ], [ -96.726762660216863, 16.42487082983288 ], [ -96.725834230078263, 16.424956479612053 ], [ -96.725109819808338, 16.424813750142327 ], [ -96.725053020357862, 16.42480282041387 ], [ -96.724907570079509, 16.424920749941499 ], [ -96.722514519760139, 16.42819881968266 ], [ -96.718261998791931, 16.43402369126828 ], [ -96.717052859603982, 16.435679830575044 ], [ -96.715218000138478, 16.438192890800867 ], [ -96.713542118998561, 16.440488141020538 ], [ -96.71431769043626, 16.440834350209769 ], [ -96.714721368763946, 16.441011620224504 ], [ -96.714742939821434, 16.441043460592084 ], [ -96.71516691945989, 16.441266749891685 ], [ -96.714578629000812, 16.441814081025786 ], [ -96.714721718648065, 16.441929460617938 ], [ -96.714444820077304, 16.442191449949309 ], [ -96.714544829843717, 16.442315580571243 ], [ -96.714512018957464, 16.442465690039558 ], [ -96.714845370306747, 16.442609170038956 ], [ -96.715084448649236, 16.442873850728919 ], [ -96.715425719231874, 16.442898571239333 ], [ -96.715555369612701, 16.442930139782924 ], [ -96.715536778961194, 16.442976539998565 ], [ -96.715582749856665, 16.443092849613922 ], [ -96.715542889139343, 16.443149650364269 ], [ -96.71568325877702, 16.443275781067797 ], [ -96.715897999337059, 16.442940090273122 ], [ -96.716017249800899, 16.44293014118368 ], [ -96.716374780079207, 16.443074380403818 ], [ -96.716094429163178, 16.44350503057845 ], [ -96.716292889602911, 16.443629030946845 ], [ -96.716293880440887, 16.443692549570589 ], [ -96.716069280039136, 16.444010519643939 ], [ -96.716274349558091, 16.444204171013656 ], [ -96.716598248721837, 16.444071431147911 ], [ -96.716964798952958, 16.443566380181565 ], [ -96.717080858778715, 16.443576770377863 ], [ -96.717141369248438, 16.44345640084612 ], [ -96.717452370036469, 16.443635280638318 ], [ -96.717880630159925, 16.44381534972338 ], [ -96.717225050204362, 16.444655830299357 ], [ -96.717000149114682, 16.444733691319193 ], [ -96.716961820423535, 16.444752630272117 ], [ -96.717057648570275, 16.444852720961144 ], [ -96.717002255349669, 16.444960817946654 ], [ -96.716976979635461, 16.445010140965099 ], [ -96.716673249106947, 16.445441290827191 ], [ -96.716479094655767, 16.445845340550971 ], [ -96.71634230944673, 16.446130000642032 ], [ -96.716146551721323, 16.446308674552107 ], [ -96.716066488825987, 16.446381750005031 ], [ -96.716079736598857, 16.4463810093097 ], [ -96.716313148638221, 16.44636795095359 ], [ -96.716623199191432, 16.446228579589686 ], [ -96.71669751047763, 16.446343315753943 ], [ -96.716700919855583, 16.446348579779404 ], [ -96.716725054455964, 16.446340580206581 ], [ -96.71673644887386, 16.446336802842026 ], [ -96.716750330320991, 16.446332201604942 ], [ -96.716793331797334, 16.446317948931672 ], [ -96.716810117005608, 16.446312385230176 ], [ -96.716821755753699, 16.446308527211791 ], [ -96.717029055725433, 16.446239814934405 ], [ -96.71706647220357, 16.44622741290874 ], [ -96.717177108747293, 16.446190740490376 ], [ -96.717785436440408, 16.447352592737627 ], [ -96.717799724560308, 16.447379882223125 ], [ -96.71780910674704, 16.447397801806851 ], [ -96.717858580178756, 16.447492290708524 ], [ -96.717888349880369, 16.447465309881618 ], [ -96.717903504820029, 16.447252932937317 ], [ -96.717906598203157, 16.447209582465231 ], [ -96.717909808369996, 16.447164593782396 ], [ -96.717928636813809, 16.446900724047332 ], [ -96.717945769112717, 16.446660630095668 ], [ -96.717949401550598, 16.446657285924211 ], [ -96.717966637205635, 16.446641418275931 ], [ -96.718141950279772, 16.446480024142293 ], [ -96.718157416203809, 16.446465785550753 ], [ -96.718174639189684, 16.446449930069331 ], [ -96.718228358872594, 16.446400475621299 ], [ -96.718238713416198, 16.446390942673005 ], [ -96.718242028917018, 16.446387890433709 ], [ -96.71825067173917, 16.446386036490729 ], [ -96.718288370299447, 16.446377951331193 ], [ -96.718502658669848, 16.446691089791933 ], [ -96.718772309857528, 16.446762951178911 ], [ -96.719506618786355, 16.44623473950692 ], [ -96.719557749487109, 16.447385200147743 ], [ -96.719564319940105, 16.447432569640181 ], [ -96.719493910145587, 16.447506019976004 ], [ -96.719118369803638, 16.447769660072929 ], [ -96.718977888636587, 16.447850890338341 ], [ -96.718830726459828, 16.447896907729213 ], [ -96.718820589512916, 16.447900077538073 ], [ -96.718777250773798, 16.447913629428861 ], [ -96.718748370276955, 16.447922659930718 ], [ -96.718709439113383, 16.447939776867802 ], [ -96.718670514614772, 16.44795689042293 ], [ -96.718644122357361, 16.447968494580287 ], [ -96.717831848756106, 16.448325620574085 ], [ -96.717766424016787, 16.448356348256713 ], [ -96.717719109866096, 16.448378569551018 ], [ -96.717706775116056, 16.448385222917356 ], [ -96.717313619697663, 16.448597291245534 ], [ -96.717297509433322, 16.448615048836832 ], [ -96.71727272945212, 16.448642364081678 ], [ -96.717185350351755, 16.448738680694539 ], [ -96.717111878812773, 16.448835567672582 ], [ -96.717107850346267, 16.448840881238276 ], [ -96.71708597014225, 16.448887735541387 ], [ -96.717065835386848, 16.448930853706109 ], [ -96.716983619780024, 16.449106920584335 ], [ -96.716940199790074, 16.449164971119409 ], [ -96.716879630040054, 16.449279380463956 ], [ -96.716720090365754, 16.449563980903541 ], [ -96.716431228939896, 16.450003110066479 ], [ -96.715925148845457, 16.450896629546236 ], [ -96.716010219103993, 16.450917250625984 ], [ -96.716128200371273, 16.450960149564548 ], [ -96.716065658780465, 16.45113045438362 ], [ -96.7159625698567, 16.451411170385203 ], [ -96.716651278882836, 16.451611480442484 ], [ -96.717212798811431, 16.451812220361958 ], [ -96.717335476911771, 16.451825028138771 ], [ -96.71627061629583, 16.45319892049385 ], [ -96.710289510452554, 16.45473395440855 ], [ -96.705134413022762, 16.458729383254482 ], [ -96.703315904705278, 16.465815904280586 ], [ -96.69646131703611, 16.467574734486412 ], [ -96.695266045191772, 16.488246663452813 ], [ -96.698941914983465, 16.492989600553063 ], [ -96.699432712149957, 16.493622843019882 ], [ -96.7, 16.500000000399716 ], [ -96.697575548272923, 16.500353326045271 ], [ -96.693379719898132, 16.504519992104036 ], [ -96.689242214356725, 16.503813340813043 ], [ -96.685757785693283, 16.500353326045243 ], [ -96.658333333116786, 16.500000000399737 ], [ -96.657766045266769, 16.493622843019928 ], [ -96.654733954908082, 16.48971048994721 ], [ -96.653315904805183, 16.48418409571952 ], [ -96.647789509678091, 16.482766045616575 ], [ -96.643877156605512, 16.479733954358565 ], [ -96.637500000124888, 16.47916666650854 ], [ -96.636838786180974, 16.471732923535647 ], [ -96.629263876102456, 16.469788881615571 ], [ -96.628902180990892, 16.46969604453686 ], [ -96.629812031959688, 16.468522098276338 ], [ -96.632766045316757, 16.464710489997245 ], [ -96.632812987586888, 16.463838056057437 ], [ -96.632902081843852, 16.462182190707985 ], [ -96.632926407412484, 16.461730080810153 ], [ -96.633039914035834, 16.45962043691619 ], [ -96.633147405291183, 16.457622544023117 ], [ -96.633333333166817, 16.454166666558447 ], [ -96.640895250215578, 16.453395249691106 ], [ -96.64230956993066, 16.439531792957951 ], [ -96.645190429394802, 16.435468207192102 ], [ -96.646476236888816, 16.427031792982888 ], [ -96.649357096352873, 16.42296820721706 ], [ -96.650642903846929, 16.420511542673633 ], [ -96.646439615595767, 16.41458333315428 ], [ -96.649357096352915, 16.410468207242076 ], [ -96.650642903846915, 16.39786512607478 ], [ -96.661898125198306, 16.385422769944974 ], [ -96.65897623686385, 16.381301541233221 ], [ -96.658333333116815, 16.370833333691461 ], [ -96.658490884483101, 16.367092934405626 ], [ -96.658950805835005, 16.356173028162864 ], [ -96.661882527356752, 16.352160305353873 ], [ -96.66311747189377, 16.339506361229645 ], [ -96.674382527331744, 16.327160305403826 ], [ -96.675735134668713, 16.313302612425755 ], [ -96.686705864484011, 16.311705865233534 ], [ -96.68811747274313, 16.302006361304603 ], [ -96.691049194264821, 16.29799363849574 ], [ -96.691666666983096, 16.295833332942117 ], [ -96.702424451727012, 16.295480007296572 ], [ -96.705908881289815, 16.292019992528786 ], [ -96.710452402835969, 16.291870861658456 ], [ -96.705236150194963, 16.294201941165404 ], [ -96.702269600346412, 16.296079429720805 ], [ -96.699250200020899, 16.299440420058179 ], [ -96.689661279951792, 16.308817720371302 ], [ -96.687835229554892, 16.317039150022939 ], [ -96.687752480116089, 16.317843449686858 ], [ -96.686910150441008, 16.326029649697961 ], [ -96.688793180101754, 16.331047709590887 ], [ -96.690464820462509, 16.335381479750993 ], [ -96.700539519995985, 16.341055381148212 ], [ -96.699675220063313, 16.343561479747514 ], [ -96.700259860107593, 16.345204090221355 ], [ -96.699592860060037, 16.346415509927319 ], [ -96.699157630218323, 16.347205971257388 ], [ -96.699101140201677, 16.349341259839218 ], [ -96.699973489933086, 16.34990617975399 ], [ -96.702211879843546, 16.350148920149888 ], [ -96.703027290038534, 16.352846889798961 ], [ -96.702121180205197, 16.352968450193831 ], [ -96.700147090239057, 16.353192369656881 ], [ -96.692926509832745, 16.350031460381604 ], [ -96.694472740218401, 16.351898220427199 ], [ -96.695394179548742, 16.353010650419431 ], [ -96.705626550041146, 16.35555889009321 ], [ -96.705801460429427, 16.355560659876563 ], [ -96.706280150359419, 16.355514219971308 ], [ -96.70642361996785, 16.355631140881226 ], [ -96.707232979611874, 16.355717820026797 ], [ -96.707250540282374, 16.355936220318672 ], [ -96.707849659644708, 16.355982889571372 ], [ -96.708235709736769, 16.356012970237781 ], [ -96.708690770122558, 16.356048429745414 ], [ -96.709026420061178, 16.356323369891815 ], [ -96.709296580125098, 16.357510119635233 ], [ -96.709748969532797, 16.35839729039321 ], [ -96.710162719821014, 16.359208690345422 ], [ -96.710120980073512, 16.359891980155052 ], [ -96.710371229566746, 16.360685089562519 ], [ -96.710387970230954, 16.361372219660858 ], [ -96.710603169920759, 16.361538939854313 ], [ -96.710792800114504, 16.362902780429565 ], [ -96.710389380170454, 16.363687750020258 ], [ -96.711920149925547, 16.364012880059747 ], [ -96.712207489984962, 16.364233540037649 ], [ -96.713054429927226, 16.364799109671786 ], [ -96.713241890230535, 16.364924291178703 ], [ -96.713310309920502, 16.365572249966846 ], [ -96.712745419662781, 16.366280320260753 ], [ -96.712950120210976, 16.367969690406451 ], [ -96.712972780102575, 16.368156710303726 ], [ -96.713109629712079, 16.369285969850058 ], [ -96.713230260430763, 16.369520910093328 ], [ -96.713364120064881, 16.369781650448537 ], [ -96.713841779545106, 16.37071192063447 ], [ -96.714426030221574, 16.371849779970862 ], [ -96.727850123528839, 16.38367125461982 ] ] ] ] } },
{ "type": "Feature", "properties": { "ID_WS": 51, "HAS_WS": 16302.456 }, "geometry": { "type": "MultiPolygon", "coordinates": [ [ [ [ -96.723757065000399, 16.6334440256379 ], [ -96.723957770178885, 16.643405281331503 ], [ -96.719002950352134, 16.641428801193147 ], [ -96.716515060239814, 16.641175320069216 ], [ -96.714003230237878, 16.642667999626191 ], [ -96.710191139537486, 16.646947689948021 ], [ -96.709588279576451, 16.655259830389255 ], [ -96.7165160604346, 16.660731320118472 ], [ -96.716772570111772, 16.66412354978749 ], [ -96.725666660456213, 16.674267550090573 ], [ -96.715745110706081, 16.680589948670278 ], [ -96.708900620866956, 16.673043823513726 ], [ -96.708333333016881, 16.658333333116929 ], [ -96.701742214331759, 16.65798000747143 ], [ -96.698257785668261, 16.654519992703612 ], [ -96.693408881314781, 16.653813340513292 ], [ -96.689924451752049, 16.650353325745424 ], [ -96.683333333066869, 16.650000000100004 ], [ -96.682118394848061, 16.645266045291844 ], [ -96.676956176586259, 16.646400620991887 ], [ -96.671579997019222, 16.650567287950029 ], [ -96.664456176611225, 16.649432712249965 ], [ -96.659079997044259, 16.645266045291795 ], [ -96.656122843594346, 16.646400620991898 ], [ -96.650746663127961, 16.650567287950029 ], [ -96.64778950967812, 16.649432712249965 ], [ -96.643877156605456, 16.646400620992008 ], [ -96.638350762377769, 16.644982570889056 ], [ -96.636932712274856, 16.639456176661291 ], [ -96.632272940859295, 16.634226742241477 ], [ -96.629733954958013, 16.631377156630585 ], [ -96.629166667107924, 16.625000000149988 ], [ -96.630017429360919, 16.621684095444728 ], [ -96.63333333316676, 16.620833333191868 ], [ -96.635543823588577, 16.620266045341811 ], [ -96.639456176661241, 16.617233954983071 ], [ -96.643877156605441, 16.616099378383684 ], [ -96.665576510647455, 16.595328436758017 ], [ -96.666902577242524, 16.591648951646597 ], [ -96.667233954883116, 16.590729437813355 ], [ -96.6602168000734, 16.582854373574794 ], [ -96.658900620966904, 16.58137715673055 ], [ -96.657766045266712, 16.576956176786155 ], [ -96.654061056198316, 16.572798301103333 ], [ -96.649417114408323, 16.567586262695993 ], [ -96.646333397056566, 16.566795070174955 ], [ -96.642517429335868, 16.565815904080768 ], [ -96.641099379232898, 16.560289509853018 ], [ -96.637968614360076, 16.556249999837711 ], [ -96.641099379232912, 16.552210489822301 ], [ -96.641101658403031, 16.552187810753647 ], [ -96.642233954933062, 16.540920003355549 ], [ -96.63806728797492, 16.53554382288916 ], [ -96.636932712274856, 16.524253336422344 ], [ -96.641099379232898, 16.518877156855435 ], [ -96.642233954933033, 16.514456176911093 ], [ -96.646229383779058, 16.509301079481357 ], [ -96.652210489622391, 16.507766045566612 ], [ -96.657365587052183, 16.503770616720676 ], [ -96.658333333116786, 16.500000000399737 ], [ -96.685757785693283, 16.500353326045243 ], [ -96.689242214356725, 16.503813340813043 ], [ -96.693379719898132, 16.504519992104036 ], [ -96.697575548272923, 16.500353326045271 ], [ -96.7, 16.500000000399716 ], [ -96.70242445172704, 16.500353326045271 ], [ -96.705908881289815, 16.503813340813071 ], [ -96.710822789560666, 16.50401369905984 ], [ -96.723257785618287, 16.504519992104036 ], [ -96.726742214281742, 16.507980007771241 ], [ -96.729166666908114, 16.508333333416694 ], [ -96.730017429160952, 16.511649238121887 ], [ -96.736649237672211, 16.513350762627617 ], [ -96.738067287775095, 16.5188771568554 ], [ -96.741099379033074, 16.52278950992806 ], [ -96.742233954733237, 16.527210489872221 ], [ -96.745266045091839, 16.531122843844201 ], [ -96.746684095194809, 16.536649238071913 ], [ -96.752210490321801, 16.538067288174961 ], [ -96.760289510352607, 16.545266045491687 ], [ -96.764710490296835, 16.546400621191811 ], [ -96.768758816366244, 16.549538166952967 ], [ -96.77695617638642, 16.542233954233673 ], [ -96.779407438883624, 16.542106708213865 ], [ -96.780723169525416, 16.543247680290449 ], [ -96.780963479907896, 16.543456079872275 ], [ -96.781979029668932, 16.544336720403031 ], [ -96.785921750030298, 16.548493829719458 ], [ -96.786180340381108, 16.548766460356784 ], [ -96.786266879854807, 16.548857710208704 ], [ -96.786475149858106, 16.550398719970147 ], [ -96.780342219967622, 16.554408030047913 ], [ -96.778866460235548, 16.555437920234937 ], [ -96.779067570303084, 16.557344569959334 ], [ -96.777213679542498, 16.557247649926616 ], [ -96.775668260373436, 16.560503429841603 ], [ -96.775640120038361, 16.560584519600813 ], [ -96.774511339670738, 16.559988860269065 ], [ -96.773375219703269, 16.560167150367398 ], [ -96.772543799736326, 16.560279969547839 ], [ -96.771886140002337, 16.560176170025887 ], [ -96.772594459683972, 16.559194860393255 ], [ -96.770930399718594, 16.559439249879659 ], [ -96.770595280213229, 16.559500520168573 ], [ -96.769594079649977, 16.560320229649879 ], [ -96.769920379855279, 16.55962176989047 ], [ -96.769880080307274, 16.559345970107255 ], [ -96.769638089858617, 16.55921048962346 ], [ -96.768556940190877, 16.560215080378491 ], [ -96.767598279890763, 16.562256460413291 ], [ -96.765516185104957, 16.56274282154779 ], [ -96.765216599883118, 16.56281279992065 ], [ -96.765099237097431, 16.562748375002723 ], [ -96.764856540100112, 16.562615149972174 ], [ -96.764811938609341, 16.562608740279959 ], [ -96.764747689591488, 16.562555020385869 ], [ -96.764679910132514, 16.562481859664096 ], [ -96.764581859755381, 16.562407000002423 ], [ -96.76444174961523, 16.562309600360198 ], [ -96.76431054013652, 16.562252029750585 ], [ -96.764180630304523, 16.562244661144202 ], [ -96.764064169666355, 16.562246540311477 ], [ -96.763872739832337, 16.56225697969893 ], [ -96.763753140199199, 16.562278060889508 ], [ -96.763624320026409, 16.562279950199464 ], [ -96.763552650295935, 16.562279180017224 ], [ -96.763457649629714, 16.562284480086404 ], [ -96.763356739804436, 16.562286520237482 ], [ -96.763213149619901, 16.562303829588274 ], [ -96.763099149579318, 16.562315510235955 ], [ -96.763005230056649, 16.562317739567835 ], [ -96.762893140058907, 16.562319711336123 ], [ -96.762790970365145, 16.562321779825709 ], [ -96.762675029673616, 16.562323740312571 ], [ -96.762559320094326, 16.562322490194351 ], [ -96.762427050154031, 16.56234449041461 ], [ -96.762348890174025, 16.562349449900147 ], [ -96.762205229729332, 16.562356379563145 ], [ -96.762063618919825, 16.562360539941402 ], [ -96.761937290117459, 16.562356420353503 ], [ -96.761851650211838, 16.562367689597476 ], [ -96.761757449568179, 16.562383660196655 ], [ -96.761644180367895, 16.562388049948055 ], [ -96.761506650433915, 16.562405879927251 ], [ -96.761399280415688, 16.562415890268003 ], [ -96.7613024799291, 16.562425510350938 ], [ -96.761131150201706, 16.562482110311805 ], [ -96.761016649906324, 16.562483890116773 ], [ -96.760824740226838, 16.562523150274398 ], [ -96.760726289828739, 16.562539310720304 ], [ -96.760615260049732, 16.562543599915571 ], [ -96.760505619646537, 16.562570150014764 ], [ -96.760366200103959, 16.562577230112193 ], [ -96.760200110208359, 16.562583860927194 ], [ -96.760086630392024, 16.562579750442136 ], [ -96.759920920274624, 16.562552259911271 ], [ -96.75977525017619, 16.562511259787424 ], [ -96.759474459047865, 16.562427599992226 ], [ -96.759303450333931, 16.562372949653682 ], [ -96.759180489852227, 16.56233315038428 ], [ -96.758749309846053, 16.562199949667011 ], [ -96.758613880245875, 16.562148889923947 ], [ -96.758530580303002, 16.562111020262275 ], [ -96.758344448714894, 16.5620750798175 ], [ -96.758251400411481, 16.562059710054214 ], [ -96.758139890359843, 16.562020219853412 ], [ -96.757935120007801, 16.56198732043131 ], [ -96.757829690355493, 16.561976020417124 ], [ -96.757695579638948, 16.561974579669883 ], [ -96.75757230887038, 16.561958829551944 ], [ -96.757395119965338, 16.561917680326076 ], [ -96.757308849860522, 16.561886379924083 ], [ -96.757269739835792, 16.561858319712815 ], [ -96.757137430089571, 16.561813509936258 ], [ -96.757090619995893, 16.561755779612 ], [ -96.75707314979438, 16.56170336970397 ], [ -96.757026030100207, 16.561648449964967 ], [ -96.756986020258438, 16.561578080343349 ], [ -96.756922369549983, 16.561506969787903 ], [ -96.756903459943928, 16.56148977985211 ], [ -96.756870230164594, 16.561478180015413 ], [ -96.756832400198675, 16.561473550216697 ], [ -96.756723249657412, 16.561517709954312 ], [ -96.756659909611329, 16.561546400367639 ], [ -96.756523630117357, 16.561610249870981 ], [ -96.75637379966291, 16.561691259760977 ], [ -96.756243290355769, 16.561767400166246 ], [ -96.755892919596135, 16.562035709947587 ], [ -96.755682940256222, 16.562152830268211 ], [ -96.755515029928716, 16.562249940198047 ], [ -96.755375649535338, 16.562339350157551 ], [ -96.755303049326145, 16.562431049531689 ], [ -96.755136520201873, 16.562472910163841 ], [ -96.75499912024965, 16.562462539773577 ], [ -96.754895229595533, 16.562409680398485 ], [ -96.754836110322529, 16.562291199707126 ], [ -96.754789648679036, 16.562206050022073 ], [ -96.754717110190171, 16.562069140414209 ], [ -96.754656489993693, 16.561957149683415 ], [ -96.754609350121356, 16.56187402134179 ], [ -96.754506890401416, 16.561820980264994 ], [ -96.754407750358595, 16.561802890204351 ], [ -96.754263970223249, 16.561803820128379 ], [ -96.754168059554743, 16.561838449950084 ], [ -96.754060510429525, 16.561904230082039 ], [ -96.753974539878087, 16.561953969879337 ], [ -96.753897919536584, 16.562039350162706 ], [ -96.753865279722902, 16.562154739792707 ], [ -96.753874519675065, 16.562318459621601 ], [ -96.753876878681467, 16.562501379520196 ], [ -96.753872859950377, 16.562662489640488 ], [ -96.753795060346377, 16.562795091177886 ], [ -96.753732380450131, 16.562954630102212 ], [ -96.753651579871587, 16.563156739634447 ], [ -96.753508849410807, 16.563319749691203 ], [ -96.753267090190434, 16.563447149676588 ], [ -96.752955290233203, 16.563502710234438 ], [ -96.75281008019131, 16.56350709043291 ], [ -96.75268954000515, 16.563492260325297 ], [ -96.752635309568532, 16.563496029557818 ], [ -96.752568600194749, 16.563536339584587 ], [ -96.752525429663848, 16.563582110016807 ], [ -96.752445338583371, 16.563651551087041 ], [ -96.752345090241519, 16.563668549723509 ], [ -96.752251119184507, 16.563685120038961 ], [ -96.752202779915876, 16.563713820249259 ], [ -96.752083579646438, 16.563777399881712 ], [ -96.752025979913171, 16.563839430192893 ], [ -96.751951279996931, 16.563895139663217 ], [ -96.751819599638154, 16.563945400166105 ], [ -96.751621579804279, 16.563985259771908 ], [ -96.751437220135713, 16.563983280273664 ], [ -96.75132529030563, 16.563959290212587 ], [ -96.751201199696482, 16.563918880157487 ], [ -96.750946230082121, 16.563799720303663 ], [ -96.75080994984117, 16.563705079909781 ], [ -96.750658200082114, 16.563603600153517 ], [ -96.75054130960784, 16.563543399770214 ], [ -96.750366419527325, 16.563515521057955 ], [ -96.75023915039958, 16.563589770013643 ], [ -96.750052890266105, 16.563850280331437 ], [ -96.749889580337666, 16.563984920071029 ], [ -96.749657258754056, 16.564237140203808 ], [ -96.749447660201241, 16.56442377001704 ], [ -96.749379649726691, 16.56446592102181 ], [ -96.749279018649659, 16.564598540240183 ], [ -96.749164310015388, 16.564696800063722 ], [ -96.749046460294181, 16.564789320224346 ], [ -96.74894103020533, 16.564931060290441 ], [ -96.748751549824476, 16.56511767987989 ], [ -96.748570109778356, 16.5652505697044 ], [ -96.748446480015787, 16.565357750316156 ], [ -96.748313119924674, 16.56548647976015 ], [ -96.748239999820498, 16.565557079570169 ], [ -96.748147859540623, 16.565632849901618 ], [ -96.748052380133117, 16.565671509825485 ], [ -96.74797294016706, 16.565670649900301 ], [ -96.747865779623069, 16.565620449758832 ], [ -96.747731849751958, 16.565547140180378 ], [ -96.747629629954218, 16.565449049823123 ], [ -96.747523059130685, 16.56540218013733 ], [ -96.747400169607161, 16.565329310045502 ], [ -96.747346079415621, 16.565295910366153 ], [ -96.747233120212087, 16.565238280427767 ], [ -96.747102909494188, 16.565167060394014 ], [ -96.746952220140059, 16.565099079872383 ], [ -96.746811090414482, 16.565034171039489 ], [ -96.746648879962208, 16.564965170180109 ], [ -96.746539339773889, 16.564935479742132 ], [ -96.746426569528325, 16.564913310192548 ], [ -96.746330879851527, 16.564891250535961 ], [ -96.746229919468391, 16.564873199829599 ], [ -96.746097370415839, 16.564838709912493 ], [ -96.74592279909217, 16.564832710010258 ], [ -96.745706400322661, 16.564830369894771 ], [ -96.745495229756131, 16.564848829770359 ], [ -96.745408510263857, 16.564863449845117 ], [ -96.745323460372234, 16.564882970464613 ], [ -96.745253319997389, 16.564897521250266 ], [ -96.745154890362116, 16.564905350304386 ], [ -96.745060909642874, 16.564921830087819 ], [ -96.744955089917724, 16.564935230382616 ], [ -96.744794179826087, 16.564974309842274 ], [ -96.744698739888591, 16.565006081195659 ], [ -96.744625460027763, 16.565033419825838 ], [ -96.744541969878796, 16.565056490045844 ], [ -96.744465459914679, 16.565085830103911 ], [ -96.744420370329593, 16.565090830303152 ], [ -96.744046479540131, 16.565493149922027 ], [ -96.74369368041954, 16.56616911991966 ], [ -96.743432249543702, 16.566648580296018 ], [ -96.743389889717136, 16.566734090134009 ], [ -96.742469630159036, 16.568378549643985 ], [ -96.742935349185458, 16.569263219680817 ], [ -96.742935611076263, 16.569263716353962 ], [ -96.742935791732805, 16.569264060320496 ], [ -96.742939979620317, 16.569269780261667 ], [ -96.742941214895055, 16.56927135929369 ], [ -96.742945716908537, 16.569277112909635 ], [ -96.742945763248798, 16.56927717412082 ], [ -96.742945804289818, 16.569277227021427 ], [ -96.742951090059776, 16.569283979567555 ], [ -96.742953400227577, 16.569286949631447 ], [ -96.742958999919239, 16.569294110429631 ], [ -96.742966970424177, 16.569304320158118 ], [ -96.742967059948199, 16.569420800148809 ], [ -96.742837085781133, 16.569627416780289 ], [ -96.74243305958808, 16.570269679717459 ], [ -96.743119910166257, 16.570779490356468 ], [ -96.744244460009398, 16.57122902978405 ], [ -96.744691020282161, 16.571685019858378 ], [ -96.74485098041562, 16.571848370359909 ], [ -96.745046629872562, 16.572095769591879 ], [ -96.745003279624953, 16.572120030283454 ], [ -96.744832448582358, 16.572216875861237 ], [ -96.744776169668782, 16.572248780422473 ], [ -96.744349829976144, 16.572482750427685 ], [ -96.744236050284584, 16.572559090393913 ], [ -96.744109910089776, 16.572643709837934 ], [ -96.743483060383497, 16.573109999606931 ], [ -96.743138019787551, 16.573366690203422 ], [ -96.74287557014533, 16.573536689822458 ], [ -96.742628459789472, 16.573661829736174 ], [ -96.742579979959416, 16.573699740172206 ], [ -96.742443149538559, 16.573903860222913 ], [ -96.742261620206449, 16.574158680010683 ], [ -96.742109199929985, 16.574326539915507 ], [ -96.741755579640298, 16.57500416986608 ], [ -96.741500260258789, 16.575441000118239 ], [ -96.741405779668725, 16.575591459652088 ], [ -96.741152879728759, 16.575709150325249 ], [ -96.740803739996409, 16.575770089667841 ], [ -96.740298279537939, 16.575802460395515 ], [ -96.739968510021498, 16.575757740370275 ], [ -96.739862350153899, 16.575619950316238 ], [ -96.739646310019779, 16.57566682032628 ], [ -96.73954288970377, 16.575702800207708 ], [ -96.739354170017805, 16.575767089681928 ], [ -96.739236199843717, 16.575817829584874 ], [ -96.738667030134252, 16.57612897000838 ], [ -96.738534060265039, 16.576212350033732 ], [ -96.738269319599482, 16.576327549958691 ], [ -96.737826800452325, 16.576558479746865 ], [ -96.737750830333056, 16.576597970198829 ], [ -96.737256740423476, 16.576942850244816 ], [ -96.736961739740082, 16.577134909726361 ], [ -96.736790060392892, 16.577264019780845 ], [ -96.736763089671456, 16.57729028993327 ], [ -96.736740750392528, 16.577312030396619 ], [ -96.736675660171443, 16.57737541999051 ], [ -96.735720519553965, 16.577987199563683 ], [ -96.735692370027394, 16.57787864979111 ], [ -96.735428490195147, 16.577833600185578 ], [ -96.735102909893911, 16.577818110341333 ], [ -96.734921459814615, 16.577826800055021 ], [ -96.734743980343282, 16.577896259863529 ], [ -96.734549680437581, 16.577943569762283 ], [ -96.734080140269569, 16.578067719708596 ], [ -96.733933140123753, 16.577891369855305 ], [ -96.733883940224871, 16.577927709804747 ], [ -96.733492629818898, 16.577937220439114 ], [ -96.733208080403685, 16.577930319906731 ], [ -96.733093820083511, 16.57791514034076 ], [ -96.732868939822239, 16.577833650437171 ], [ -96.732815049746492, 16.577829889665431 ], [ -96.732661019560467, 16.577840260368767 ], [ -96.732057140447736, 16.578313089803807 ], [ -96.731633750445212, 16.57858489011544 ], [ -96.731341859962058, 16.578803979746439 ], [ -96.731147139847522, 16.578952279618779 ], [ -96.731017629692261, 16.579040219933763 ], [ -96.731043399717066, 16.579077000381723 ], [ -96.730994120351156, 16.579140320008126 ], [ -96.730766909755943, 16.57932990972327 ], [ -96.73052142022442, 16.579452859649059 ], [ -96.730376230133658, 16.579573660122737 ], [ -96.7301698600522, 16.579671949874172 ], [ -96.730007279874542, 16.579850540365559 ], [ -96.729925630196448, 16.579972049606997 ], [ -96.729785819890395, 16.58020564958311 ], [ -96.729429600257745, 16.580720080186907 ], [ -96.728937310039356, 16.58103200004027 ], [ -96.729505519619607, 16.581350799746289 ], [ -96.728716180292864, 16.582322650392459 ], [ -96.727717019754692, 16.582808399719898 ], [ -96.728021429995266, 16.592843279673783 ], [ -96.721350910257044, 16.59485570967415 ], [ -96.719182060242829, 16.601353279704803 ], [ -96.718735049879484, 16.605670419750698 ], [ -96.718694079554552, 16.60884176992414 ], [ -96.71924733681827, 16.608998725351785 ], [ -96.720427436939431, 16.609333504531186 ], [ -96.72065572068658, 16.609398263615489 ], [ -96.720730441793251, 16.6094194608152 ], [ -96.720768592363157, 16.609430283788058 ], [ -96.720799291959295, 16.609438992571583 ], [ -96.720978642040308, 16.609489870637915 ], [ -96.721060596659129, 16.609513118154815 ], [ -96.721092626254205, 16.609522204485337 ], [ -96.721132069790698, 16.609533394630606 ], [ -96.721175320830497, 16.609545664166106 ], [ -96.721218073635143, 16.609557791427747 ], [ -96.721252382569261, 16.60956752373599 ], [ -96.721547331713879, 16.609651192883902 ], [ -96.721566052338886, 16.609656503663324 ], [ -96.721603153708955, 16.609667028295636 ], [ -96.721737765740514, 16.60970521584948 ], [ -96.722342750145145, 16.609876829713031 ], [ -96.722369818498791, 16.609935678274017 ], [ -96.722414742032612, 16.610033344437259 ], [ -96.722426864289162, 16.610059695490524 ], [ -96.722440893445125, 16.610090194393017 ], [ -96.72246917467821, 16.610151680343211 ], [ -96.722497692937594, 16.610213677506906 ], [ -96.722527279588647, 16.610278000013384 ], [ -96.722544219264549, 16.610309558179448 ], [ -96.722618812086992, 16.610448523955874 ], [ -96.723018641514386, 16.611193393783768 ], [ -96.723221770407179, 16.61157181383421 ], [ -96.723291705014347, 16.61170209913994 ], [ -96.723320150221653, 16.61175509025675 ], [ -96.723757065000399, 16.6334440256379 ] ] ] ] } },
{ "type": "Feature", "properties": { "ID_WS": 52, "HAS_WS": 1270.271 }, "geometry": { "type": "MultiPolygon", "coordinates": [ [ [ [ -96.686996220276228, 16.691103562479032 ], [ -96.686932712174865, 16.68945617656134 ], [ -96.679733954858051, 16.681377156530552 ], [ -96.678599379157987, 16.676956176586298 ], [ -96.675567287899995, 16.67304382351368 ], [ -96.674432712199888, 16.670086670063803 ], [ -96.67859937915793, 16.664710489597471 ], [ -96.679733954858122, 16.656122843594389 ], [ -96.682766045216852, 16.652210489622483 ], [ -96.683333333066869, 16.650000000100004 ], [ -96.689924451752049, 16.650353325745424 ], [ -96.693408881314781, 16.653813340513292 ], [ -96.698257785668261, 16.654519992703612 ], [ -96.701742214331759, 16.65798000747143 ], [ -96.708333333016881, 16.658333333116929 ], [ -96.708900620866956, 16.673043823513726 ], [ -96.715745110706081, 16.680589948670278 ], [ -96.70410454133588, 16.688006291889824 ], [ -96.686996220276228, 16.691103562479032 ] ] ] ] } },
{ "type": "Feature", "properties": { "ID_WS": 53, "HAS_WS": 4254.73 }, "geometry": { "type": "MultiPolygon", "coordinates": [ [ [ [ -96.617005541117678, 16.827011813761946 ], [ -96.617019992778438, 16.826742214981319 ], [ -96.619092351390975, 16.824666964395838 ], [ -96.632980007521269, 16.810757785443531 ], [ -96.633111537487707, 16.806753233016163 ], [ -96.633333333166775, 16.799999999800203 ], [ -96.63369140633327, 16.797542996212357 ], [ -96.63439210056832, 16.79684584435768 ], [ -96.639242214456615, 16.792019992428827 ], [ -96.641666667083001, 16.791666666783307 ], [ -96.649677035353918, 16.791929831114377 ], [ -96.649604343324711, 16.793074228966734 ], [ -96.653081516305917, 16.808968563665825 ], [ -96.655725109900686, 16.827443291008354 ], [ -96.6557245491788, 16.827445179996367 ], [ -96.655724280229236, 16.827446120384664 ], [ -96.655724509688469, 16.827446369746763 ], [ -96.655724969641909, 16.827446890182099 ], [ -96.655977599784805, 16.827726750433868 ], [ -96.659672380248068, 16.832303480218286 ], [ -96.659672630281392, 16.832303610203112 ], [ -96.659672879273671, 16.832303742859764 ], [ -96.660187849636458, 16.832579920263843 ], [ -96.660682090241949, 16.832826940188522 ], [ -96.66133542983934, 16.833168750394091 ], [ -96.66166575001553, 16.833335289779328 ], [ -96.661815939681702, 16.83342777031919 ], [ -96.661876419753767, 16.833465019922969 ], [ -96.662097029931346, 16.83357178025679 ], [ -96.662139379932441, 16.833593169705811 ], [ -96.662199919810703, 16.833623710441564 ], [ -96.662425820440092, 16.833743829830038 ], [ -96.662641509968807, 16.833866629790634 ], [ -96.662615880129266, 16.834009219625354 ], [ -96.662609949808981, 16.834037576361435 ], [ -96.662587749661, 16.834139259840004 ], [ -96.662268570275387, 16.835345120313363 ], [ -96.662043889571365, 16.836120289602416 ], [ -96.662197029842645, 16.836161619718474 ], [ -96.666277539586048, 16.837262719809797 ], [ -96.666459290134185, 16.836660379610553 ], [ -96.666550079811302, 16.836463079973864 ], [ -96.666666659276061, 16.836402540121185 ], [ -96.666710180194372, 16.836379919913252 ], [ -96.666927679903267, 16.836422050092139 ], [ -96.667174819670052, 16.836447540227041 ], [ -96.667295828772964, 16.836399260088637 ], [ -96.667309139266678, 16.836215020221825 ], [ -96.667381570136698, 16.836020850179686 ], [ -96.667672229606367, 16.835785650295485 ], [ -96.666459090445187, 16.834350059622437 ], [ -96.666539850227082, 16.834315350292098 ], [ -96.669337660218105, 16.834729479724064 ], [ -96.669511519357314, 16.835011030208431 ], [ -96.669652539828689, 16.835249969808192 ], [ -96.669667020309959, 16.8352744799523 ], [ -96.669667594818719, 16.835274172701688 ], [ -96.669764629777973, 16.835222290439646 ], [ -96.670380938638672, 16.835151969981414 ], [ -96.670220200278422, 16.835757889796358 ], [ -96.670220369529545, 16.835776970130578 ], [ -96.670221379889554, 16.835899309799082 ], [ -96.670222569633552, 16.836040710334157 ], [ -96.671865380456765, 16.838283889219809 ], [ -96.671868450240055, 16.838288080204293 ], [ -96.671965110263017, 16.838272769997864 ], [ -96.672081768868324, 16.838246868729691 ], [ -96.672446620108587, 16.838165860422475 ], [ -96.67259960037002, 16.837985780353023 ], [ -96.672961629741962, 16.837715769748065 ], [ -96.673429539618112, 16.837438570120579 ], [ -96.673839149078987, 16.837073310211789 ], [ -96.674143480130709, 16.836871509997469 ], [ -96.674324920340467, 16.836751179830987 ], [ -96.674603600224813, 16.836420349799077 ], [ -96.674968309896911, 16.836047719626986 ], [ -96.675183479722932, 16.835807459647647 ], [ -96.675183948818301, 16.835806529985586 ], [ -96.675184419786589, 16.835805600390398 ], [ -96.675292619578187, 16.83559234994383 ], [ -96.675311080435606, 16.83555988032051 ], [ -96.675327420158183, 16.835526339612674 ], [ -96.675341679617631, 16.835489719899908 ], [ -96.675358020458262, 16.83545721959743 ], [ -96.675379289610504, 16.835411480132564 ], [ -96.67539779977821, 16.835374910425195 ], [ -96.675415820162257, 16.835335259906035 ], [ -96.675438820058105, 16.835279340374719 ], [ -96.675454710093945, 16.835239659713178 ], [ -96.675470570371814, 16.835203060245362 ], [ -96.675488619626378, 16.835160350182779 ], [ -96.67551208018898, 16.835110550240231 ], [ -96.675525799985607, 16.835073940137239 ], [ -96.675544980268526, 16.835026120198478 ], [ -96.681671060202788, 16.836749519910867 ], [ -96.681671399577695, 16.836749619636311 ], [ -96.681671019996799, 16.836750709655671 ], [ -96.680852739721274, 16.839088369894935 ], [ -96.680852400232496, 16.839089319563644 ], [ -96.680852369737153, 16.839089429555095 ], [ -96.680852349682723, 16.839090509847225 ], [ -96.680852349880936, 16.839090650737692 ], [ -96.680852339583154, 16.839093059836216 ], [ -96.680834859475326, 16.842101650798714 ], [ -96.680824199982894, 16.843937510220663 ], [ -96.681187939863207, 16.844731909897611 ], [ -96.681335949633322, 16.845063980696885 ], [ -96.681542259902258, 16.845505691156621 ], [ -96.681828149510054, 16.846116519883733 ], [ -96.682260859131347, 16.847075000984841 ], [ -96.682489775744884, 16.847574906525125 ], [ -96.682749318973009, 16.848141690661347 ], [ -96.682737479954753, 16.848830249858878 ], [ -96.682734448660071, 16.849005999702975 ], [ -96.682733801512342, 16.849043691570753 ], [ -96.682731480161678, 16.849178950385419 ], [ -96.682677478673199, 16.852316830078241 ], [ -96.682677428686773, 16.852319880840344 ], [ -96.682677340340788, 16.852320421363356 ], [ -96.683381748911998, 16.854914649768524 ], [ -96.683356279239646, 16.855138311231897 ], [ -96.683285689713969, 16.856457139956586 ], [ -96.683285689714012, 16.856457139956625 ], [ -96.683285498434074, 16.856460714413011 ], [ -96.683227139656694, 16.857551259883131 ], [ -96.6832224495638, 16.857638890111041 ], [ -96.683222449563829, 16.85763889011109 ], [ -96.683195250033833, 16.858147200918133 ], [ -96.683162310333088, 16.858762460133676 ], [ -96.683157180356147, 16.858876046208827 ], [ -96.683157180356091, 16.858876046208884 ], [ -96.683156554437417, 16.858889910406987 ], [ -96.683155049170594, 16.858923220138902 ], [ -96.683096309892989, 16.860223579858896 ], [ -96.683096309898801, 16.860223579860278 ], [ -96.683096309858257, 16.860223580760749 ], [ -96.683122078802796, 16.860229549594262 ], [ -96.683122078802839, 16.86022954959423 ], [ -96.683122112034908, 16.860229557110323 ], [ -96.683122126223083, 16.860229560319219 ], [ -96.683122179228405, 16.860229572146615 ], [ -96.683121938600806, 16.860233140866434 ], [ -96.683121938600763, 16.860233140866466 ], [ -96.682921018903585, 16.863236180663442 ], [ -96.682921018903627, 16.863236180663495 ], [ -96.682833690060008, 16.864541200761316 ], [ -96.682511821565043, 16.871973708794478 ], [ -96.682511821565001, 16.871973708794499 ], [ -96.682482089826237, 16.872660231201834 ], [ -96.682246939454885, 16.872687888167242 ], [ -96.681302576461647, 16.872798954202512 ], [ -96.681173068664251, 16.872814185317115 ], [ -96.67892607676437, 16.873078425023913 ], [ -96.678926076764242, 16.873078425023877 ], [ -96.678745319338802, 16.87309968076406 ], [ -96.678723609440269, 16.873102233866017 ], [ -96.678723609440141, 16.873102233865847 ], [ -96.678674068698584, 16.873108058765691 ], [ -96.67864567433098, 16.873111398026559 ], [ -96.678645674330937, 16.873111398026474 ], [ -96.67725260772275, 16.87327520946306 ], [ -96.677252607722622, 16.873275209463163 ], [ -96.677198330027025, 16.873281591569334 ], [ -96.677198330026954, 16.873281591569491 ], [ -96.676824999763838, 16.873325489789046 ], [ -96.676824579915646, 16.873329249977033 ], [ -96.676823323155901, 16.87334043400331 ], [ -96.676803757535851, 16.873514528023062 ], [ -96.676263230007734, 16.878323979672881 ], [ -96.6724709399018, 16.884272479650299 ], [ -96.666984290392293, 16.893481549665395 ], [ -96.666583630254593, 16.894154020042059 ], [ -96.666436120288552, 16.89488989006945 ], [ -96.666087830434009, 16.896455460223681 ], [ -96.665886980214211, 16.897087479876514 ], [ -96.665886620276794, 16.897386349697179 ], [ -96.663357550111854, 16.908236029940486 ], [ -96.663357550111868, 16.908236029940522 ], [ -96.663178600014888, 16.908843430061527 ], [ -96.66192763961044, 16.915145440932278 ], [ -96.660757785743144, 16.916313340888028 ], [ -96.658333333116772, 16.916666666533459 ], [ -96.657690429369808, 16.914531792907955 ], [ -96.654809569905751, 16.910468207142131 ], [ -96.653523763311, 16.90203179293297 ], [ -96.650606282553866, 16.897916667020631 ], [ -96.654809569905751, 16.891988457501377 ], [ -96.653523763310986, 16.889531792958007 ], [ -96.64230956993066, 16.877134874175219 ], [ -96.641023763335994, 16.8603651260498 ], [ -96.638142903871895, 16.856301541183246 ], [ -96.636728583257536, 16.842438083550793 ], [ -96.629166667107953, 16.841666666683388 ], [ -96.625000000149882, 16.841666666683341 ], [ -96.62464192698333, 16.839209662196247 ], [ -96.619091118860055, 16.83368665931194 ], [ -96.61666666623367, 16.833333333666513 ], [ -96.617005541117678, 16.827011813761946 ] ] ] ] } },
{ "type": "Feature", "properties": { "ID_WS": 54, "HAS_WS": 10936.107 }, "geometry": { "type": "MultiPolygon", "coordinates": [ [ [ [ -96.535535382851776, 17.104347241422595 ], [ -96.534610828873141, 17.105993860546693 ], [ -96.533837021773735, 17.106571073299101 ], [ -96.531350179159546, 17.108426049928898 ], [ -96.528583548852978, 17.109088339663153 ], [ -96.523281090429535, 17.11398905008425 ], [ -96.515676649923293, 17.109808630093458 ], [ -96.511463999650843, 17.104336340017728 ], [ -96.50666246024366, 17.102668249792639 ], [ -96.502774120231422, 17.105503940274055 ], [ -96.498716626977696, 17.10856156486993 ], [ -96.498686430161612, 17.108584319778352 ], [ -96.498569522417384, 17.108580529383794 ], [ -96.4985432698452, 17.108579677987475 ], [ -96.498484785951788, 17.10857778163756 ], [ -96.498484400253844, 17.108577769210108 ], [ -96.498453023870027, 17.108576751288496 ], [ -96.498421249591331, 17.108575720482598 ], [ -96.497906278785365, 17.108559019855591 ], [ -96.497874483837037, 17.108557989073663 ], [ -96.497813256015633, 17.108556002927944 ], [ -96.49781325601559, 17.10855600292787 ], [ -96.49777611579168, 17.108554798321613 ], [ -96.497733042831427, 17.108553400927153 ], [ -96.497733042831399, 17.108553400927153 ], [ -96.497689975501657, 17.108552003728043 ], [ -96.496334020378242, 17.108508019644191 ], [ -96.4963340203782, 17.108508019644134 ], [ -96.496018940049112, 17.108578260108516 ], [ -96.495792122593372, 17.108743679750965 ], [ -96.495764326495589, 17.108763952014346 ], [ -96.495384032292648, 17.109041302310011 ], [ -96.495330637844489, 17.109080242663783 ], [ -96.495330637844447, 17.109080242663723 ], [ -96.495248776398, 17.109139944559583 ], [ -96.495248776397958, 17.109139944559583 ], [ -96.495145299239894, 17.109215410177359 ], [ -96.495066034342884, 17.109273218163711 ], [ -96.495066034342869, 17.109273218163693 ], [ -96.494595563540429, 17.109616329195344 ], [ -96.494225010865947, 17.109886568688566 ], [ -96.494188813389997, 17.109912967636337 ], [ -96.494156508620804, 17.109936526678929 ], [ -96.494156378928466, 17.109936621284429 ], [ -96.494123572807837, 17.109960545832362 ], [ -96.494085223783145, 17.109988513452098 ], [ -96.494085223783159, 17.109988513452173 ], [ -96.49408370330643, 17.109989622028497 ], [ -96.494046658913533, 17.110016638449814 ], [ -96.494008099838069, 17.110044759135505 ], [ -96.494008099838013, 17.110044759135469 ], [ -96.493793339864951, 17.110201379720561 ], [ -96.49334688739539, 17.110639601922632 ], [ -96.4932453495191, 17.110739267815198 ], [ -96.493245349519142, 17.110739267815248 ], [ -96.492764693357088, 17.11121105723597 ], [ -96.492758312774512, 17.111217320193319 ], [ -96.492742421001751, 17.111232918346168 ], [ -96.492731918094947, 17.111243227126689 ], [ -96.492705516549165, 17.111269141032004 ], [ -96.492652896275914, 17.111320790349854 ], [ -96.492426489637069, 17.111543019621685 ], [ -96.492426489637111, 17.111543019621696 ], [ -96.492359900659849, 17.111607659782457 ], [ -96.492346804967767, 17.111620372106394 ], [ -96.492341548502807, 17.111625474797084 ], [ -96.492341548502765, 17.111625474797094 ], [ -96.492333179418935, 17.11163359888015 ], [ -96.492312989418338, 17.111653197465284 ], [ -96.492284429348118, 17.111680920997024 ], [ -96.492277852157159, 17.111687305891358 ], [ -96.492262607728819, 17.111702103845101 ], [ -96.491800986351592, 17.112150209950386 ], [ -96.49180098635162, 17.112150209950435 ], [ -96.491693161983207, 17.112254877412425 ], [ -96.491693161983179, 17.11225487741244 ], [ -96.491541518792317, 17.112402080093908 ], [ -96.491130151082643, 17.11280139946534 ], [ -96.491130151082601, 17.11280139946534 ], [ -96.491038969371175, 17.112889909883819 ], [ -96.491013390433565, 17.112914739848858 ], [ -96.490983889379493, 17.112943376318231 ], [ -96.490689180141871, 17.113229450129509 ], [ -96.490460708266326, 17.113183522101266 ], [ -96.490460708266284, 17.113183522101323 ], [ -96.489782122746192, 17.113047108837147 ], [ -96.489782122746163, 17.113047108837197 ], [ -96.489679069587666, 17.113026392295758 ], [ -96.488420859698479, 17.112773450330103 ], [ -96.481631260095924, 17.113246969618267 ], [ -96.479919820281879, 17.111033779990219 ], [ -96.473832509810862, 17.111787460223081 ], [ -96.471081980396178, 17.109617630324461 ], [ -96.47010137020618, 17.109687139623404 ], [ -96.469260920099345, 17.108082149811743 ], [ -96.467788279816816, 17.107247629827512 ], [ -96.467158280286455, 17.106969620145811 ], [ -96.46663790725151, 17.106779565965425 ], [ -96.466313340888007, 17.089242214456682 ], [ -96.462146673929809, 17.085046386981286 ], [ -96.462853326120111, 17.076742214481694 ], [ -96.466313340887993, 17.073257785818257 ], [ -96.466666666533413, 17.062500000174936 ], [ -96.469206933062608, 17.062416638527946 ], [ -96.477424452176777, 17.062146674529501 ], [ -96.480908881739481, 17.058686658862264 ], [ -96.485757785193613, 17.057980007571341 ], [ -96.491311645615895, 17.05245361334369 ], [ -96.492019992128974, 17.03924221455663 ], [ -96.505879042184034, 17.025357733472671 ], [ -96.510757785143696, 17.024646674604451 ], [ -96.514242214706456, 17.021186658937189 ], [ -96.519091119059823, 17.020480007646398 ], [ -96.528063127939092, 17.011526780230298 ], [ -96.530908881639562, 17.008686658962187 ], [ -96.535757785093665, 17.007980007671264 ], [ -96.543408881614582, 17.000353325945358 ], [ -96.552424452026841, 16.999646674654397 ], [ -96.555908881589559, 16.996186658987202 ], [ -96.579066245165876, 16.995888640378386 ], [ -96.583333333266694, 16.995833333341704 ], [ -96.599221123456104, 16.996531168578635 ], [ -96.600000000199813, 17.004166666358632 ], [ -96.600004144804927, 17.004195106277525 ], [ -96.599899979588457, 17.00440697180197 ], [ -96.599899980395705, 17.004406974311589 ], [ -96.600004144985334, 17.004195107515475 ], [ -96.600057385912635, 17.00456044119796 ], [ -96.600108210350527, 17.004909191589249 ], [ -96.600353325845262, 17.006591118985089 ], [ -96.60130067986745, 17.00754322347046 ], [ -96.60587972007302, 17.012144978508008 ], [ -96.612500000174833, 17.012500000274837 ], [ -96.612356049814196, 17.01397474591516 ], [ -96.611782836708528, 17.019846937086562 ], [ -96.608336931806122, 17.020832165225439 ], [ -96.606173027663061, 17.021450806009931 ], [ -96.596939764658373, 17.029463365242126 ], [ -96.594906955091844, 17.036573622075014 ], [ -96.589506361629262, 17.038117472043709 ], [ -96.585493638820381, 17.04104919446479 ], [ -96.585014443941475, 17.041118940713385 ], [ -96.574732462732953, 17.04261508501822 ], [ -96.57860514311291, 17.04791666672082 ], [ -96.575617472068615, 17.052006361604398 ], [ -96.574073622099959, 17.057406955067083 ], [ -96.568673027738001, 17.058950805935044 ], [ -96.564660305828454, 17.06188252745677 ], [ -96.560339694721137, 17.063117471993834 ], [ -96.546568128915993, 17.075804646967022 ], [ -96.545215860623443, 17.08966030567867 ], [ -96.542284139101668, 17.093673027588252 ], [ -96.542031353343901, 17.094557450936072 ], [ -96.540010229664375, 17.097112820093361 ], [ -96.537828339459878, 17.100263341069084 ], [ -96.535535382851776, 17.104347241422595 ] ] ] ] } },
{ "type": "Feature", "properties": { "ID_WS": 55, "HAS_WS": 2087.523 }, "geometry": { "type": "MultiPolygon", "coordinates": [ [ [ [ -96.66227987933317, 17.003202445246764 ], [ -96.662290149881258, 17.003229350471891 ], [ -96.662859658974654, 17.005322321239099 ], [ -96.664538338929702, 17.006915080412984 ], [ -96.664530237288091, 17.006932137997378 ], [ -96.663260229651215, 17.00960602099736 ], [ -96.663260229651257, 17.00960602099736 ], [ -96.66246107873485, 17.010856103503286 ], [ -96.6615030298736, 17.012354712538766 ], [ -96.660075548347891, 17.01214667462942 ], [ -96.654870310223217, 17.006958140655605 ], [ -96.65208401166781, 17.004180568978235 ], [ -96.648655292704277, 17.007585496147396 ], [ -96.647546386956151, 17.008686658962173 ], [ -96.642813564437049, 17.008283972494333 ], [ -96.639242214456601, 17.007980007671264 ], [ -96.630882432378371, 16.999646674654397 ], [ -96.625120444726718, 17.000136886119424 ], [ -96.622575547523496, 17.000353325945394 ], [ -96.620837447850988, 17.002085978574627 ], [ -96.614924451901956, 17.007980007671346 ], [ -96.613424707303764, 17.00819857665833 ], [ -96.612500000174833, 17.008333333316795 ], [ -96.612500000174805, 17.011018328542683 ], [ -96.612500000174833, 17.012500000274837 ], [ -96.60587972007302, 17.012144978508008 ], [ -96.60130067986745, 17.00754322347046 ], [ -96.600353325845262, 17.006591118985089 ], [ -96.600108210350527, 17.004909191589249 ], [ -96.600057385912635, 17.00456044119796 ], [ -96.600004144985334, 17.004195107515475 ], [ -96.600069798590653, 17.004061570261275 ], [ -96.600004144804927, 17.004195106277525 ], [ -96.600000000199813, 17.004166666358632 ], [ -96.599221123456104, 16.996531168578635 ], [ -96.583333333266694, 16.995833333341704 ], [ -96.584363470697539, 16.992411635088956 ], [ -96.599228583332462, 16.990895250415583 ], [ -96.599622377347202, 16.987035122729878 ], [ -96.599977160169999, 16.9835572362581 ], [ -96.600000000199856, 16.983333333366708 ], [ -96.600052702147863, 16.98333333409407 ], [ -96.601670203289189, 16.983333347354833 ], [ -96.602341591214369, 16.983333347703699 ], [ -96.604166666258621, 16.983333333366719 ], [ -96.604166666258664, 16.979166666408659 ], [ -96.607378199900126, 16.979107400697686 ], [ -96.62325778581814, 16.978813340763132 ], [ -96.626742214481553, 16.975353325995204 ], [ -96.627598505405871, 16.975324297958203 ], [ -96.647546386956137, 16.974646674704434 ], [ -96.650728118243364, 16.977806323576814 ], [ -96.651131960707218, 16.978207349339758 ], [ -96.654429344167497, 16.984066833039854 ], [ -96.655606489959567, 16.986158510203033 ], [ -96.656101628880691, 16.987350610734737 ], [ -96.657676199889664, 16.991141430476183 ], [ -96.658615399833536, 16.993602167666612 ], [ -96.658874057827745, 16.994279846306107 ], [ -96.66227987933317, 17.003202445246764 ] ] ] ] } },
{ "type": "Feature", "properties": { "ID_WS": 56, "HAS_WS": 9951.106 }, "geometry": { "type": "MultiPolygon", "coordinates": [ [ [ [ -96.567620044062792, 16.944213779762297 ], [ -96.570474546188009, 16.947503225889122 ], [ -96.570976359447343, 16.948081481279516 ], [ -96.574382527531668, 16.952006360904889 ], [ -96.575617472068629, 16.956326972012253 ], [ -96.578549194489696, 16.960339694821084 ], [ -96.579960801849481, 16.970039197850717 ], [ -96.589660305778452, 16.971450806109928 ], [ -96.594527525469317, 16.975674717187133 ], [ -96.59889356788382, 16.979463365342085 ], [ -96.600000000199856, 16.983333333366708 ], [ -96.599977160169999, 16.9835572362581 ], [ -96.599622377347202, 16.987035122729878 ], [ -96.599228583332462, 16.990895250415583 ], [ -96.584363470697539, 16.992411635088956 ], [ -96.583333333266694, 16.995833333341704 ], [ -96.579066245165876, 16.995888640378386 ], [ -96.555908881589559, 16.996186658987202 ], [ -96.552424452026841, 16.999646674654397 ], [ -96.543408881614582, 17.000353325945358 ], [ -96.535757785093665, 17.007980007671264 ], [ -96.530908881639562, 17.008686658962187 ], [ -96.528063127939092, 17.011526780230298 ], [ -96.519091119059823, 17.020480007646398 ], [ -96.514242214706456, 17.021186658937189 ], [ -96.510757785143696, 17.024646674604451 ], [ -96.505879042184034, 17.025357733472671 ], [ -96.492019992128974, 17.03924221455663 ], [ -96.491311645615895, 17.05245361334369 ], [ -96.485757785193613, 17.057980007571341 ], [ -96.480908881739481, 17.058686658862264 ], [ -96.477424452176777, 17.062146674529501 ], [ -96.469206933062608, 17.062416638527946 ], [ -96.466666666533413, 17.062500000174936 ], [ -96.466099378683396, 17.051956176736191 ], [ -96.462513224106004, 17.047329033508163 ], [ -96.462874456928617, 17.047027801713281 ], [ -96.468622843069767, 17.042233954133785 ], [ -96.471543986483979, 17.041484304658088 ], [ -96.473043823013981, 17.041099378433682 ], [ -96.485289510002843, 17.029733954158754 ], [ -96.491005452539639, 17.028267076264601 ], [ -96.492233954333514, 17.014456176811187 ], [ -96.511932712524654, 16.993877156805436 ], [ -96.512232473864557, 16.991608343225163 ], [ -96.513067288224789, 16.985289509903055 ], [ -96.516099378583462, 16.981377156830405 ], [ -96.51723395428354, 16.976956176886159 ], [ -96.518820386286023, 16.974909211103711 ], [ -96.520266045541533, 16.973043822914132 ], [ -96.520683155602526, 16.971418544736487 ], [ -96.521400621241639, 16.968622843869181 ], [ -96.524432712499703, 16.964710489897296 ], [ -96.525000000349678, 16.962500000374764 ], [ -96.525000000349706, 16.958333333416675 ], [ -96.525353325995212, 16.955908881689638 ], [ -96.529519992053949, 16.951713053314755 ], [ -96.529333791692522, 16.931965357415613 ], [ -96.528813340763008, 16.876742214881347 ], [ -96.523987812174511, 16.871901369724061 ], [ -96.521431509689208, 16.869336770364338 ], [ -96.52118665903707, 16.869091118360434 ], [ -96.520833333391593, 16.866666666633435 ], [ -96.523257785118631, 16.866313340988018 ], [ -96.535075547698384, 16.854519992303825 ], [ -96.53992445205175, 16.853813341012998 ], [ -96.543408881614582, 16.850353325345701 ], [ -96.550000000299789, 16.849999999700344 ], [ -96.550617472118603, 16.852160305254014 ], [ -96.553549194539642, 16.856173028062898 ], [ -96.554784139076716, 16.860493639170201 ], [ -96.574452039729849, 16.881246608744103 ], [ -96.567284139051793, 16.889506361029767 ], [ -96.566273944244202, 16.932779282116748 ], [ -96.56604919451469, 16.942403496324363 ], [ -96.567620044062792, 16.944213779762297 ] ] ] ] } },
{ "type": "Feature", "properties": { "ID_WS": 57, "HAS_WS": 13800.678 }, "geometry": { "type": "MultiPolygon", "coordinates": [ [ [ [ -96.658333333116772, 16.916666666533459 ], [ -96.660757785743144, 16.916313340888028 ], [ -96.66192763961044, 16.915145440932278 ], [ -96.661733539648623, 16.916123219862069 ], [ -96.661537508710978, 16.920093220870502 ], [ -96.661278910263206, 16.923501690103691 ], [ -96.658473370181596, 16.926255349954666 ], [ -96.658767509047038, 16.92971898103383 ], [ -96.65876750904701, 16.929718981033876 ], [ -96.660241199076296, 16.947070490221257 ], [ -96.659853093991302, 16.949432476882681 ], [ -96.658650888706475, 16.956748579996592 ], [ -96.659296678984887, 16.960682170295804 ], [ -96.659153719528973, 16.963614150262185 ], [ -96.659156668318388, 16.963768932634824 ], [ -96.659217850417605, 16.96698032132403 ], [ -96.659873769135842, 16.969910059853728 ], [ -96.658027602540059, 16.972650591969039 ], [ -96.656855917179186, 16.974389832931841 ], [ -96.654895658786316, 16.97729951971106 ], [ -96.654430009406951, 16.977359669657893 ], [ -96.650910740334155, 16.977814220356596 ], [ -96.651131960707218, 16.978207349339758 ], [ -96.650728118243364, 16.977806323576814 ], [ -96.647546386956137, 16.974646674704434 ], [ -96.627598505405871, 16.975324297958203 ], [ -96.626742214481553, 16.975353325995204 ], [ -96.62325778581814, 16.978813340763132 ], [ -96.607378199900126, 16.979107400697686 ], [ -96.604166666258664, 16.979166666408659 ], [ -96.604166666258621, 16.983333333366719 ], [ -96.602341591214369, 16.983333347703699 ], [ -96.601670203289189, 16.983333347354833 ], [ -96.600052702147863, 16.98333333409407 ], [ -96.600000000199856, 16.983333333366708 ], [ -96.59889356788382, 16.979463365342085 ], [ -96.594527525469317, 16.975674717187133 ], [ -96.589660305778452, 16.971450806109928 ], [ -96.579960801849481, 16.970039197850717 ], [ -96.578549194489696, 16.960339694821084 ], [ -96.575617472068629, 16.956326972012253 ], [ -96.574382527531668, 16.952006360904889 ], [ -96.570976359447343, 16.948081481279516 ], [ -96.570474546188009, 16.947503225889122 ], [ -96.567620044062792, 16.944213779762297 ], [ -96.56604919451469, 16.942403496324363 ], [ -96.566273944244202, 16.932779282116748 ], [ -96.567284139051793, 16.889506361029767 ], [ -96.574452039729849, 16.881246608744103 ], [ -96.554784139076716, 16.860493639170201 ], [ -96.553549194539642, 16.856173028062898 ], [ -96.550617472118603, 16.852160305254014 ], [ -96.550000000299789, 16.849999999700344 ], [ -96.552210489822244, 16.84943271185028 ], [ -96.556122843794157, 16.846400621491501 ], [ -96.557453174394226, 16.84605928516773 ], [ -96.561649238021872, 16.844982571388613 ], [ -96.561989262645213, 16.843657319097776 ], [ -96.562500000274824, 16.84166666668337 ], [ -96.57252031943132, 16.84151488637049 ], [ -96.581350045961599, 16.841380581224769 ], [ -96.58575778499376, 16.841313341037974 ], [ -96.589242214556563, 16.837853325370727 ], [ -96.594091118910015, 16.83714667407979 ], [ -96.596829906144805, 16.834427095879683 ], [ -96.597575547573456, 16.83368665931193 ], [ -96.599679184395512, 16.833380089854789 ], [ -96.600000000199827, 16.833333333666548 ], [ -96.61666666623367, 16.833333333666513 ], [ -96.619091118860055, 16.83368665931194 ], [ -96.62464192698333, 16.839209662196247 ], [ -96.625000000149882, 16.841666666683341 ], [ -96.629166667107953, 16.841666666683388 ], [ -96.636728583257536, 16.842438083550793 ], [ -96.638142903871895, 16.856301541183246 ], [ -96.641023763335994, 16.8603651260498 ], [ -96.64230956993066, 16.877134874175219 ], [ -96.653523763310986, 16.889531792958007 ], [ -96.654809569905751, 16.891988457501377 ], [ -96.650606282553866, 16.897916667020631 ], [ -96.653523763311, 16.90203179293297 ], [ -96.654809569905751, 16.910468207142131 ], [ -96.657690429369808, 16.914531792907955 ], [ -96.658333333116772, 16.916666666533459 ] ] ] ] } },
{ "type": "Feature", "properties": { "ID_WS": 58, "HAS_WS": 18227.696 }, "geometry": { "type": "MultiPolygon", "coordinates": [ [ [ [ -96.462248180288327, 17.108726357885836 ], [ -96.462331749620361, 17.109071710355654 ], [ -96.462071250196445, 17.110397719821446 ], [ -96.460609579968519, 17.112003110265917 ], [ -96.459155460446979, 17.112392430396543 ], [ -96.45915005206686, 17.112938165571052 ], [ -96.459150052066818, 17.112938165571105 ], [ -96.459148830393673, 17.113061460163966 ], [ -96.459133404638138, 17.113083665898284 ], [ -96.45884989058824, 17.113491785558956 ], [ -96.458849890588198, 17.113491785558956 ], [ -96.458725425473702, 17.113670952507281 ], [ -96.458707169982205, 17.113697230433456 ], [ -96.458690349704312, 17.113715880112682 ], [ -96.45770685007264, 17.1148063400232 ], [ -96.457548515355754, 17.114891748024821 ], [ -96.457548515355725, 17.114891748024871 ], [ -96.457187955687601, 17.115086238267079 ], [ -96.456496571619454, 17.11545917432074 ], [ -96.456496571619425, 17.115459174320705 ], [ -96.456093276466589, 17.115676710997839 ], [ -96.456083668168247, 17.115681893734873 ], [ -96.456060530634829, 17.115694374234447 ], [ -96.456060530634801, 17.115694374234401 ], [ -96.455903932448223, 17.115778843174855 ], [ -96.455783100906174, 17.11584401897268 ], [ -96.455708229363054, 17.115884404603143 ], [ -96.455519183554401, 17.115986373948168 ], [ -96.455519183554358, 17.11598637394815 ], [ -96.455476914736622, 17.11600917325098 ], [ -96.455467860639914, 17.116014056685867 ], [ -96.455442482037583, 17.116027745918512 ], [ -96.455417481867912, 17.116041231451337 ], [ -96.455411569720937, 17.116044419994623 ], [ -96.455396565857839, 17.116059874915745 ], [ -96.455377971034366, 17.11607902941153 ], [ -96.455333511267526, 17.11612482734019 ], [ -96.455254881230275, 17.116205822437074 ], [ -96.455254881230317, 17.116205822437117 ], [ -96.45509149471134, 17.116374125048385 ], [ -96.455084274611252, 17.116381561625897 ], [ -96.454946019524854, 17.116523975074102 ], [ -96.454946019524897, 17.116523975074148 ], [ -96.454887479951964, 17.116584275433507 ], [ -96.454887479951921, 17.116584275433507 ], [ -96.454689900456685, 17.116787796631652 ], [ -96.454622279818778, 17.116857450415562 ], [ -96.454622279818807, 17.116857450415644 ], [ -96.454620903969328, 17.116858670646561 ], [ -96.454620862923448, 17.116858707049872 ], [ -96.45453687660185, 17.116933208965897 ], [ -96.45438947627926, 17.11706396346753 ], [ -96.454387537906783, 17.117065682938353 ], [ -96.45438753790674, 17.117065682938325 ], [ -96.454365263993651, 17.11708544055217 ], [ -96.454365263993608, 17.117085440552156 ], [ -96.454337525081982, 17.117110046987705 ], [ -96.454320969437788, 17.117124732964893 ], [ -96.45429789246333, 17.117145204374424 ], [ -96.454276436113588, 17.117164236968499 ], [ -96.454276436113545, 17.117164236968499 ], [ -96.45395491040469, 17.117449450153277 ], [ -96.453747876567036, 17.117574826273398 ], [ -96.453747876566993, 17.117574826273398 ], [ -96.453727299041972, 17.117587287861426 ], [ -96.453706811099721, 17.117599694948208 ], [ -96.453664135153787, 17.117625539242233 ], [ -96.453640289509849, 17.117639980142393 ], [ -96.453640289509792, 17.117639980142339 ], [ -96.453616442922666, 17.117654421004119 ], [ -96.453616442922623, 17.117654421004058 ], [ -96.452929582105526, 17.118070370051431 ], [ -96.452904931106886, 17.118085297754504 ], [ -96.452859352771171, 17.118112898924565 ], [ -96.452846190714979, 17.11812086974836 ], [ -96.452822323712127, 17.118135323296592 ], [ -96.45282232371207, 17.11813532329651 ], [ -96.452798454791434, 17.118149777673668 ], [ -96.452798454791392, 17.118149777673633 ], [ -96.451986557882378, 17.118641437305637 ], [ -96.451961813229332, 17.118656421933014 ], [ -96.451961813229289, 17.118656421932972 ], [ -96.451923761919687, 17.118679465002582 ], [ -96.451894911153019, 17.118696935377347 ], [ -96.451870984249751, 17.118711424518505 ], [ -96.451847018828076, 17.118725936620642 ], [ -96.451847018828033, 17.118725936620606 ], [ -96.4510714415661, 17.119195595057096 ], [ -96.451032133950164, 17.119219398104669 ], [ -96.451005021525077, 17.119235816161442 ], [ -96.450974349082628, 17.119254389670623 ], [ -96.450950244757792, 17.119268985938241 ], [ -96.450925943924673, 17.119283701394888 ], [ -96.450925943924631, 17.11928370139487 ], [ -96.450052423348893, 17.119812660350188 ], [ -96.450013803111432, 17.11983604688762 ], [ -96.449986366810364, 17.119852660562305 ], [ -96.449963252488686, 17.119866656496772 ], [ -96.449929854795144, 17.119886880488437 ], [ -96.44990453176743, 17.119902214681257 ], [ -96.449901220205462, 17.119904220328298 ], [ -96.449877143639753, 17.1199066854367 ], [ -96.449861906011051, 17.119908245267201 ], [ -96.449861906011009, 17.119908245267141 ], [ -96.449618261478577, 17.119933186523429 ], [ -96.449618261478534, 17.119933186523472 ], [ -96.449486782597958, 17.11994664566889 ], [ -96.449486782597901, 17.119946645668819 ], [ -96.449382931112751, 17.119957276698255 ], [ -96.449034837564056, 17.119992908854947 ], [ -96.448914081934106, 17.120005269484054 ], [ -96.448914081934063, 17.120005269484142 ], [ -96.44890900712042, 17.120005788956583 ], [ -96.448909007120363, 17.120005788956583 ], [ -96.448425991887163, 17.120055230761622 ], [ -96.448404613101673, 17.120057419288475 ], [ -96.448377249862304, 17.120060219899162 ], [ -96.448370684799556, 17.120066544760466 ], [ -96.448367664783973, 17.120069454012679 ], [ -96.448316729246315, 17.120118523896743 ], [ -96.448316666578123, 17.120118584269491 ], [ -96.448161444538201, 17.120268122161345 ], [ -96.448117338767915, 17.120310612597041 ], [ -96.447949498494168, 17.120472304045734 ], [ -96.447888233355911, 17.12053132604505 ], [ -96.447847030130617, 17.12057102027752 ], [ -96.447830563977078, 17.120568968448083 ], [ -96.447802620150554, 17.120565486120977 ], [ -96.447245519554059, 17.120496060046261 ], [ -96.447179285202893, 17.120533189800422 ], [ -96.446467230038451, 17.120932339837612 ], [ -96.445844200235797, 17.121752539589458 ], [ -96.445802150351511, 17.122255049847805 ], [ -96.445631438392596, 17.12271621524042 ], [ -96.444091118310467, 17.121186658737386 ], [ -96.439209662096147, 17.120475260824634 ], [ -96.433686659211887, 17.114924451802086 ], [ -96.432977972755239, 17.105880398062006 ], [ -96.423257785318555, 17.096186658787314 ], [ -96.410075547948196, 17.09548000749643 ], [ -96.402424452326542, 17.087853325770492 ], [ -96.397542996112378, 17.087141926958459 ], [ -96.392019992328741, 17.081591118835142 ], [ -96.391313341037829, 17.076742214481673 ], [ -96.387853325370685, 17.073257785818274 ], [ -96.387146674079759, 17.060075547548596 ], [ -96.375353325395665, 17.048257784968833 ], [ -96.374646674104653, 17.043408881514743 ], [ -96.371186659336828, 17.039924451952 ], [ -96.370480007146611, 17.03507554759846 ], [ -96.367019992378673, 17.031591118935108 ], [ -96.366666666733281, 17.00000000029987 ], [ -96.367233954583298, 16.997789509878011 ], [ -96.378599378858283, 16.985543822889202 ], [ -96.380017428961125, 16.980017428661473 ], [ -96.387103949987235, 16.978198920344056 ], [ -96.391099378833232, 16.973043822914196 ], [ -96.392545341488969, 16.967409787093082 ], [ -96.39263441274791, 16.967062717070853 ], [ -96.39419331416768, 16.965854539504296 ], [ -96.397789510177688, 16.963067288224874 ], [ -96.402210490122002, 16.961932712524735 ], [ -96.410289510152722, 16.954733954308619 ], [ -96.412519144469471, 16.954535645917815 ], [ -96.416666666633333, 16.954166666458562 ], [ -96.427424452276654, 16.954519992104021 ], [ -96.435075547898165, 16.962146673830027 ], [ -96.441168685913411, 16.962319471966488 ], [ -96.442735550213087, 16.962363867069939 ], [ -96.460049099686159, 16.962853326020262 ], [ -96.468408880865169, 16.954519992103968 ], [ -96.47325778521855, 16.953813340813166 ], [ -96.476742214781311, 16.950353326045249 ], [ -96.480879720322775, 16.949646673854964 ], [ -96.485075547798317, 16.953813340813166 ], [ -96.489924452151726, 16.954519992104075 ], [ -96.497575547773351, 16.96214667382997 ], [ -96.502424452126746, 16.962853326020308 ], [ -96.505908881689493, 16.966313340788098 ], [ -96.50833333341653, 16.9666666664336 ], [ -96.515928089098495, 16.966417307204029 ], [ -96.51909111905988, 16.966313340788144 ], [ -96.522575547723321, 16.962853326020262 ], [ -96.525000000349678, 16.962500000374764 ], [ -96.524432712499703, 16.964710489897296 ], [ -96.521400621241639, 16.968622843869181 ], [ -96.520683155602526, 16.971418544736487 ], [ -96.520266045541533, 16.973043822914132 ], [ -96.518820386286023, 16.974909211103711 ], [ -96.51723395428354, 16.976956176886159 ], [ -96.516099378583462, 16.981377156830405 ], [ -96.513067288224789, 16.985289509903055 ], [ -96.512232473864557, 16.991608343225163 ], [ -96.511932712524654, 16.993877156805436 ], [ -96.492233954333514, 17.014456176811187 ], [ -96.491005452539639, 17.028267076264601 ], [ -96.485289510002843, 17.029733954158754 ], [ -96.473043823013981, 17.041099378433682 ], [ -96.471543986483979, 17.041484304658088 ], [ -96.468622843069767, 17.042233954133785 ], [ -96.462874456928617, 17.047027801713281 ], [ -96.462513224106004, 17.047329033508163 ], [ -96.466099378683396, 17.051956176736191 ], [ -96.466666666533413, 17.062500000174936 ], [ -96.466313340887993, 17.073257785818257 ], [ -96.462853326120111, 17.076742214481694 ], [ -96.462146673929809, 17.085046386981286 ], [ -96.466313340888007, 17.089242214456682 ], [ -96.46663790725151, 17.106779565965425 ], [ -96.464680860293598, 17.106064779602445 ], [ -96.462978480071939, 17.107136600397244 ], [ -96.462845139806831, 17.107687340404734 ], [ -96.462157829662218, 17.108352979784485 ], [ -96.462248180288327, 17.108726357885836 ] ] ] ] } },
{ "type": "Feature", "properties": { "ID_WS": 59, "HAS_WS": 12887.548 }, "geometry": { "type": "MultiPolygon", "coordinates": [ [ [ [ -96.529333791692522, 16.931965357415613 ], [ -96.529519992053949, 16.951713053314755 ], [ -96.525353325995212, 16.955908881689638 ], [ -96.525000000349706, 16.958333333416675 ], [ -96.525000000349678, 16.962500000374764 ], [ -96.522575547723321, 16.962853326020262 ], [ -96.51909111905988, 16.966313340788144 ], [ -96.515928089098495, 16.966417307204029 ], [ -96.50833333341653, 16.9666666664336 ], [ -96.505908881689493, 16.966313340788098 ], [ -96.502424452126746, 16.962853326020308 ], [ -96.497575547773351, 16.96214667382997 ], [ -96.489924452151726, 16.954519992104075 ], [ -96.485075547798317, 16.953813340813166 ], [ -96.480879720322775, 16.949646673854964 ], [ -96.476742214781311, 16.950353326045249 ], [ -96.47325778521855, 16.953813340813166 ], [ -96.468408880865169, 16.954519992103968 ], [ -96.460049099686159, 16.962853326020262 ], [ -96.442735550213087, 16.962363867069939 ], [ -96.441168685913411, 16.962319471966488 ], [ -96.435075547898165, 16.962146673830027 ], [ -96.427424452276654, 16.954519992104021 ], [ -96.416666666633333, 16.954166666458562 ], [ -96.416313340987855, 16.951742214731556 ], [ -96.414301547714032, 16.949716254663976 ], [ -96.412853325320697, 16.948257785168703 ], [ -96.412146674029799, 16.939242214756529 ], [ -96.407980007970934, 16.935046386381703 ], [ -96.408692423916236, 16.930875311846279 ], [ -96.412615133393899, 16.926972316991737 ], [ -96.414242214906295, 16.925353326095184 ], [ -96.419251810571581, 16.925084806133359 ], [ -96.42083333359146, 16.924999999550433 ], [ -96.420833333591432, 16.921198238054167 ], [ -96.42083333359146, 16.920833333491615 ], [ -96.421108033023771, 16.91894840530653 ], [ -96.421186659236923, 16.918408880865275 ], [ -96.424985418941901, 16.914583333054491 ], [ -96.42374143089377, 16.91333067727734 ], [ -96.420480007945983, 16.910046386431642 ], [ -96.421187337325719, 16.876715426775544 ], [ -96.423571521812889, 16.874337813823082 ], [ -96.430908880940066, 16.867019992278887 ], [ -96.435790337154287, 16.866308593466886 ], [ -96.441313340937867, 16.860757785343644 ], [ -96.442019992228879, 16.855908880990164 ], [ -96.453813340912944, 16.844091118410461 ], [ -96.454101536897994, 16.842113579346648 ], [ -96.454166666558351, 16.841666666683423 ], [ -96.456377156980153, 16.842233954533437 ], [ -96.458716881846158, 16.844047392278469 ], [ -96.461532253510654, 16.846229383379448 ], [ -96.463350761828195, 16.853315904405555 ], [ -96.468877156955188, 16.854733954508458 ], [ -96.472789510027837, 16.857766045766482 ], [ -96.477210489972066, 16.858900621466596 ], [ -96.481122843044744, 16.861932711825265 ], [ -96.484079996494629, 16.86306728752535 ], [ -96.484954433652035, 16.862389606308152 ], [ -96.489456176961028, 16.858900621466582 ], [ -96.489629403298252, 16.858838185244082 ], [ -96.492382303366782, 16.857845919805982 ], [ -96.49260389495376, 16.857766045766432 ], [ -96.492672753609625, 16.857827407482834 ], [ -96.499518168327484, 16.863927136744604 ], [ -96.501956176935991, 16.866099378783399 ], [ -96.513899327437883, 16.866458567461443 ], [ -96.518719631438842, 16.866603265755405 ], [ -96.520833333391593, 16.866666666633435 ], [ -96.52118665903707, 16.869091118360434 ], [ -96.521431509689208, 16.869336770364338 ], [ -96.523987812174511, 16.871901369724061 ], [ -96.528813340763008, 16.876742214881347 ], [ -96.529333791692522, 16.931965357415613 ] ] ] ] } },
{ "type": "Feature", "properties": { "ID_WS": 60, "HAS_WS": 21790.049 }, "geometry": { "type": "MultiPolygon", "coordinates": [ [ [ [ -96.39419331416768, 16.965854539504296 ], [ -96.39263441274791, 16.967062717070853 ], [ -96.392545341488969, 16.967409787093082 ], [ -96.391099378833232, 16.973043822914196 ], [ -96.387103949987235, 16.978198920344056 ], [ -96.380017428961125, 16.980017428661473 ], [ -96.378599378858283, 16.985543822889202 ], [ -96.367233954583298, 16.997789509878011 ], [ -96.366666666733281, 17.00000000029987 ], [ -96.362499999775181, 17.000000000299924 ], [ -96.360075548048101, 16.999646674654397 ], [ -96.356591118485355, 16.996186658987202 ], [ -96.351742215031166, 16.995480007696255 ], [ -96.348257785468377, 16.992019992029014 ], [ -96.343408881114968, 16.991313340738188 ], [ -96.342061816809917, 16.989975742340778 ], [ -96.339924452451527, 16.987853325970278 ], [ -96.335075548098047, 16.987146674679369 ], [ -96.331591118535258, 16.983686659012196 ], [ -96.318408881164913, 16.982980007721235 ], [ -96.31492445160211, 16.979519992054083 ], [ -96.308333332916973, 16.979166666408588 ], [ -96.305879041684378, 16.978808933185761 ], [ -96.292019992528637, 16.964924452101908 ], [ -96.291313341237696, 16.960075547748417 ], [ -96.283686659511744, 16.952424452126802 ], [ -96.283140163899816, 16.945452272653512 ], [ -96.282980007321456, 16.943408881714628 ], [ -96.278813341262705, 16.939213053339813 ], [ -96.279519992553617, 16.926742214781491 ], [ -96.282980007321441, 16.923257785218706 ], [ -96.283333332966905, 16.92083333349165 ], [ -96.283900620816979, 16.918622843069858 ], [ -96.286932712075014, 16.91471048999712 ], [ -96.288123575442611, 16.892575751669643 ], [ -96.29512464738454, 16.890779283037553 ], [ -96.312483322830673, 16.872781663696884 ], [ -96.320266045041947, 16.864710490097114 ], [ -96.320868807568971, 16.862361803331893 ], [ -96.321400621641317, 16.860289510152874 ], [ -96.324888520846372, 16.856375257381906 ], [ -96.328599378958174, 16.852210490122047 ], [ -96.32973395465828, 16.847789510177712 ], [ -96.332766045016953, 16.843877156205831 ], [ -96.332918868186624, 16.843281681919265 ], [ -96.333900621616351, 16.839456177160908 ], [ -96.336715756329198, 16.836296947189499 ], [ -96.341099378933194, 16.831377156230875 ], [ -96.34166666678324, 16.829166666708392 ], [ -96.35416666675826, 16.829166666708431 ], [ -96.356591118485312, 16.828813341062904 ], [ -96.364242215006172, 16.821186659336878 ], [ -96.368379719648374, 16.820480007146681 ], [ -96.372575548023107, 16.82464667410472 ], [ -96.381591118435338, 16.825353325395739 ], [ -96.385075547998113, 16.828813341062904 ], [ -96.389924452351579, 16.829519992353834 ], [ -96.393408881015077, 16.83298000802105 ], [ -96.40659111838545, 16.833686659311983 ], [ -96.41007554794821, 16.837146674079833 ], [ -96.41909111836037, 16.837853325370727 ], [ -96.422575547923145, 16.841313341037864 ], [ -96.426449785597072, 16.841877963223524 ], [ -96.427424452276611, 16.842019992328897 ], [ -96.431250000087459, 16.84581875293317 ], [ -96.435075547898236, 16.842019992328897 ], [ -96.453361004894361, 16.841681626822087 ], [ -96.454166666558351, 16.841666666683423 ], [ -96.454101536897994, 16.842113579346648 ], [ -96.453813340912944, 16.844091118410461 ], [ -96.442019992228879, 16.855908880990164 ], [ -96.441313340937867, 16.860757785343644 ], [ -96.435790337154287, 16.866308593466886 ], [ -96.430908880940066, 16.867019992278887 ], [ -96.423571521812889, 16.874337813823082 ], [ -96.421187337325719, 16.876715426775544 ], [ -96.420480007945983, 16.910046386431642 ], [ -96.42374143089377, 16.91333067727734 ], [ -96.424985418941901, 16.914583333054491 ], [ -96.421186659236923, 16.918408880865275 ], [ -96.421108033023771, 16.91894840530653 ], [ -96.42083333359146, 16.920833333491615 ], [ -96.420833333591432, 16.921198238054167 ], [ -96.42083333359146, 16.924999999550433 ], [ -96.419251810571581, 16.925084806133359 ], [ -96.414242214906295, 16.925353326095184 ], [ -96.412615133393899, 16.926972316991737 ], [ -96.408692423916236, 16.930875311846279 ], [ -96.407980007970934, 16.935046386381703 ], [ -96.412146674029799, 16.939242214756529 ], [ -96.412853325320697, 16.948257785168703 ], [ -96.414301547714032, 16.949716254663976 ], [ -96.416313340987855, 16.951742214731556 ], [ -96.416666666633333, 16.954166666458562 ], [ -96.412519144469471, 16.954535645917815 ], [ -96.410289510152722, 16.954733954308619 ], [ -96.402210490122002, 16.961932712524735 ], [ -96.397789510177688, 16.963067288224874 ], [ -96.39419331416768, 16.965854539504296 ] ] ] ] } },
{ "type": "Feature", "properties": { "ID_WS": 61, "HAS_WS": 9942.8 }, "geometry": { "type": "MultiPolygon", "coordinates": [ [ [ [ -96.198583414306327, 17.049925547384969 ], [ -96.198631689723058, 17.049425169868059 ], [ -96.199642089664735, 17.047848620397794 ], [ -96.19968188996252, 17.046123219869166 ], [ -96.200831539862008, 17.043979649918612 ], [ -96.204737355886536, 17.041861651728031 ], [ -96.205768719739467, 17.041302349780949 ], [ -96.206467489946689, 17.040079309561289 ], [ -96.206377089743754, 17.036529049997906 ], [ -96.206739089858601, 17.035502280248604 ], [ -96.209028620177094, 17.031178750216565 ], [ -96.209070120309406, 17.030161139966474 ], [ -96.207356050259321, 17.024812919576071 ], [ -96.207458230056048, 17.017887879621803 ], [ -96.207951450111466, 17.013429030127128 ], [ -96.207812882605324, 17.01258114151905 ], [ -96.209079997044142, 17.013067288124969 ], [ -96.210665454586248, 17.011838563838978 ], [ -96.214456176611279, 17.008900621166898 ], [ -96.230154758435376, 17.007766045466713 ], [ -96.243622843519447, 17.02026604544178 ], [ -96.257433742972808, 17.021494547235559 ], [ -96.259184095269816, 17.028315904055816 ], [ -96.26249999997502, 17.029166666308651 ], [ -96.261932712124889, 17.031377156730535 ], [ -96.258795166363853, 17.035425482799845 ], [ -96.266099379083059, 17.043622843719373 ], [ -96.267375013446113, 17.053279283612039 ], [ -96.273043823413687, 17.054733954108876 ], [ -96.276956176486337, 17.057766045366762 ], [ -96.28333333296689, 17.058333333216808 ], [ -96.283333332966848, 17.058451010986232 ], [ -96.283333332966919, 17.062500000174936 ], [ -96.28554382338875, 17.063067288024978 ], [ -96.310289510352561, 17.086932712274965 ], [ -96.327210490271838, 17.088067287975058 ], [ -96.331122843344531, 17.091099379233025 ], [ -96.334079996794415, 17.092233954933107 ], [ -96.340529377828517, 17.087235514007844 ], [ -96.342233954633329, 17.093877156605469 ], [ -96.361932711925093, 17.114456176611299 ], [ -96.362499999775181, 17.125000000050061 ], [ -96.360075548048059, 17.124646674404641 ], [ -96.356591118485298, 17.121186658737429 ], [ -96.355966649344523, 17.121161258133945 ], [ -96.355767399754058, 17.120711110220398 ], [ -96.356506200042631, 17.118783110230869 ], [ -96.359991450002568, 17.118353109788 ], [ -96.358554909990943, 17.115826749899064 ], [ -96.354805970375466, 17.111138859984134 ], [ -96.354549970253814, 17.110470580101346 ], [ -96.35474499985861, 17.109856179717397 ], [ -96.354854709715895, 17.109674859922677 ], [ -96.354353490390153, 17.109028880082686 ], [ -96.353761820080095, 17.108424290315323 ], [ -96.353975380249423, 17.107735320259259 ], [ -96.353293000387353, 17.106838140048641 ], [ -96.35255265004848, 17.105667519824252 ], [ -96.350796400363919, 17.104796309943595 ], [ -96.34996425017053, 17.105034229923142 ], [ -96.34853783030411, 17.104783919732387 ], [ -96.348192079909168, 17.104233579696739 ], [ -96.346619910390928, 17.105042050333989 ], [ -96.344796380253939, 17.104799450055584 ], [ -96.341581519705983, 17.103427819642359 ], [ -96.340421060409241, 17.102462149881454 ], [ -96.338983579927131, 17.103309920366712 ], [ -96.337194950112163, 17.103104140278578 ], [ -96.336496739901548, 17.102427910365268 ], [ -96.334223779756513, 17.10270548962357 ], [ -96.331956370389406, 17.103711120360867 ], [ -96.329775219669969, 17.103809430341013 ], [ -96.329775219669941, 17.103809430340931 ], [ -96.326901780162089, 17.104498599665014 ], [ -96.325857459851704, 17.104401430038784 ], [ -96.324754659690711, 17.103405950399996 ], [ -96.324567689989237, 17.10290633977376 ], [ -96.323606060169013, 17.101908969740212 ], [ -96.31760003008722, 17.099706139667553 ], [ -96.31500034012582, 17.100456709612025 ], [ -96.313894890129063, 17.100451859984634 ], [ -96.313568339882593, 17.100073400327339 ], [ -96.31245524959489, 17.100489919609295 ], [ -96.312455249594876, 17.100489919609245 ], [ -96.311443949996175, 17.10052093985427 ], [ -96.307890750180292, 17.100811489860199 ], [ -96.307548629631299, 17.101669849935853 ], [ -96.306726940162051, 17.101713619789624 ], [ -96.306445920400265, 17.102494309931888 ], [ -96.305462179730554, 17.101692819585171 ], [ -96.304682550120347, 17.102784970100128 ], [ -96.304682550120305, 17.102784970100114 ], [ -96.304043079819834, 17.102896709990883 ], [ -96.303578170241565, 17.10371365043471 ], [ -96.299792819645504, 17.102836080369613 ], [ -96.299495629902012, 17.102007660356108 ], [ -96.298146949907618, 17.102507650002767 ], [ -96.294318819996874, 17.101317199849454 ], [ -96.293453779996881, 17.10190671980947 ], [ -96.289152820324844, 17.101188550069345 ], [ -96.289152820324801, 17.101188550069381 ], [ -96.288089350245784, 17.100667320245353 ], [ -96.28691891033121, 17.1013147999533 ], [ -96.285657259526758, 17.10154811032681 ], [ -96.28459920043197, 17.101017689830709 ], [ -96.281501380457314, 17.101067600003837 ], [ -96.280690779751211, 17.100618320259162 ], [ -96.279541259969875, 17.10078519984026 ], [ -96.27898127956216, 17.099871119632155 ], [ -96.277808580248958, 17.100448200288653 ], [ -96.276311169908794, 17.09975602986863 ], [ -96.273877460241465, 17.100115689702371 ], [ -96.273412230314079, 17.100465940326036 ], [ -96.272788679980309, 17.099678220018546 ], [ -96.271673230065829, 17.100022970429841 ], [ -96.270725939624484, 17.099762570155381 ], [ -96.270327830123946, 17.100244949822176 ], [ -96.269350290106544, 17.100051279743553 ], [ -96.269202779774545, 17.09942723025571 ], [ -96.268505779792306, 17.099233860125029 ], [ -96.266003780173435, 17.100622599969089 ], [ -96.265338519610069, 17.101408199813431 ], [ -96.264675249932566, 17.101459619718433 ], [ -96.263325430432033, 17.100168890076031 ], [ -96.261643540357284, 17.100102969713749 ], [ -96.25836940027294, 17.101428090079143 ], [ -96.257743819941453, 17.102109970144099 ], [ -96.257029649627384, 17.101751120214271 ], [ -96.257029649627341, 17.101751120214292 ], [ -96.255708830161083, 17.101670380149201 ], [ -96.255425179879396, 17.101001820275947 ], [ -96.254746080352305, 17.100379230354783 ], [ -96.253155370069791, 17.100233059713215 ], [ -96.251720399760757, 17.098496849967603 ], [ -96.250073519953929, 17.097611379577614 ], [ -96.249711169679074, 17.096270249939749 ], [ -96.248864139822103, 17.095821550320242 ], [ -96.247363580305233, 17.097321430453906 ], [ -96.247136430027609, 17.097155080144883 ], [ -96.244899000077069, 17.097148399561046 ], [ -96.243169430103151, 17.097218459958963 ], [ -96.240839280363531, 17.095795249740529 ], [ -96.236817400300481, 17.097231750361935 ], [ -96.230796109949509, 17.098612880218536 ], [ -96.229554169615128, 17.09981944960515 ], [ -96.227149619560137, 17.100642429581679 ], [ -96.227149619560095, 17.100642429581598 ], [ -96.225336150413042, 17.101258709987814 ], [ -96.222211149544833, 17.100744719693562 ], [ -96.22225698001364, 17.100016120111039 ], [ -96.219962290381076, 17.099525720364728 ], [ -96.218236829841942, 17.099243479865674 ], [ -96.217628379849629, 17.099224689732822 ], [ -96.216894230108721, 17.099029079592274 ], [ -96.216121980443617, 17.09896009019857 ], [ -96.215431800112654, 17.099246679926694 ], [ -96.215431800112626, 17.099246679926694 ], [ -96.211686689904724, 17.100052949889466 ], [ -96.210928769561207, 17.100550250309386 ], [ -96.208922430352814, 17.101401290176319 ], [ -96.208922430352786, 17.101401290176319 ], [ -96.206432739787957, 17.101725179852753 ], [ -96.204727290145513, 17.102227119614415 ], [ -96.202095480120619, 17.101277770147728 ], [ -96.198354249962421, 17.10315008005152 ], [ -96.196084710444666, 17.104029019958936 ], [ -96.194740950464791, 17.104086719853317 ], [ -96.19474095046472, 17.104086719853267 ], [ -96.19413907991256, 17.104209549797226 ], [ -96.193655850007076, 17.104580479782715 ], [ -96.193074950088302, 17.10488510988797 ], [ -96.19307495008826, 17.10488510988791 ], [ -96.192617289592732, 17.105158169809179 ], [ -96.19232689007363, 17.105112720376628 ], [ -96.192329881975269, 17.105325834031106 ], [ -96.192346419649354, 17.106503919858355 ], [ -96.189968950222905, 17.109271230415807 ], [ -96.189423630456176, 17.11239566013473 ], [ -96.188399880278993, 17.11473475044891 ], [ -96.188597020332438, 17.115761580316281 ], [ -96.188179400123389, 17.115401089967939 ], [ -96.187810020319986, 17.115267479809056 ], [ -96.186848180014962, 17.114583110051623 ], [ -96.18630911969494, 17.113973220431507 ], [ -96.18516882019064, 17.113045109612663 ], [ -96.182345038477081, 17.111779227200017 ], [ -96.181710149993862, 17.111494600436004 ], [ -96.180104799758453, 17.109380679671634 ], [ -96.180079180299231, 17.107626339868272 ], [ -96.179923049691737, 17.107361220221403 ], [ -96.180957280090922, 17.105890630330276 ], [ -96.181388215680087, 17.105058876528602 ], [ -96.18138821568013, 17.105058876528549 ], [ -96.182148229549227, 17.103591940320548 ], [ -96.182949819867048, 17.102789369831275 ], [ -96.182866653196101, 17.101824767932058 ], [ -96.182866653196058, 17.101824767932015 ], [ -96.182736850007288, 17.100319238535434 ], [ -96.182390979873063, 17.096307509675238 ], [ -96.182390979873119, 17.096307509675185 ], [ -96.18183049039105, 17.094218019926775 ], [ -96.181921769781795, 17.092759059550588 ], [ -96.181658980132269, 17.091575020102962 ], [ -96.179512659757606, 17.086002861357976 ], [ -96.179372157445471, 17.085638082185323 ], [ -96.179254110029717, 17.085331600137948 ], [ -96.179209489614749, 17.08414786015981 ], [ -96.178631980102637, 17.080831350375703 ], [ -96.178042889638306, 17.078595659636761 ], [ -96.177642219812483, 17.076294679707377 ], [ -96.17774768021674, 17.074308509723704 ], [ -96.178042170437777, 17.072393850229215 ], [ -96.17837568006378, 17.071477140159118 ], [ -96.178141890155459, 17.070422939969188 ], [ -96.178135720059856, 17.068765089711199 ], [ -96.177287850071139, 17.06626345971269 ], [ -96.177360940028038, 17.06429133972204 ], [ -96.177590520027067, 17.063734660033429 ], [ -96.179317219932798, 17.061872459745576 ], [ -96.179617819677276, 17.061354000031688 ], [ -96.179617819677233, 17.061354000031688 ], [ -96.180254539604846, 17.060684449965663 ], [ -96.182286349851381, 17.059639200412725 ], [ -96.19361748979091, 17.051857349552783 ], [ -96.197832350082507, 17.051995719591883 ], [ -96.198433199714728, 17.051482510023472 ], [ -96.198583414306327, 17.049925547384969 ] ] ] ] } },
{ "type": "Feature", "properties": { "ID_WS": 62, "HAS_WS": 15839.531 }, "geometry": { "type": "MultiPolygon", "coordinates": [ [ [ [ -96.356011480124636, 17.12126254016998 ], [ -96.355966649344523, 17.121161258133945 ], [ -96.356591118485298, 17.121186658737429 ], [ -96.360075548048059, 17.124646674404641 ], [ -96.362499999775181, 17.125000000050061 ], [ -96.361932711925093, 17.114456176611299 ], [ -96.342233954633329, 17.093877156605469 ], [ -96.340529377828517, 17.087235514007844 ], [ -96.334079996794415, 17.092233954933107 ], [ -96.331122843344531, 17.091099379233025 ], [ -96.327210490271838, 17.088067287975058 ], [ -96.310289510352561, 17.086932712274965 ], [ -96.28554382338875, 17.063067288024978 ], [ -96.283333332966919, 17.062500000174936 ], [ -96.283333332966848, 17.058451010986232 ], [ -96.28333333296689, 17.058333333216808 ], [ -96.276956176486337, 17.057766045366762 ], [ -96.273043823413687, 17.054733954108876 ], [ -96.267375013446113, 17.053279283612039 ], [ -96.266099379083059, 17.043622843719373 ], [ -96.258795166363853, 17.035425482799845 ], [ -96.261932712124889, 17.031377156730535 ], [ -96.26249999997502, 17.029166666308651 ], [ -96.264710489497503, 17.028599378458683 ], [ -96.268622843469458, 17.025567288099968 ], [ -96.274149237697145, 17.024149237997047 ], [ -96.275850762202865, 17.017517428586572 ], [ -96.281377156430622, 17.016099378483634 ], [ -96.290747070520837, 17.00775044762517 ], [ -96.292233954733192, 17.001956176836138 ], [ -96.295266045091864, 16.998043822864211 ], [ -96.296400620791985, 16.993622843819256 ], [ -96.303599379008162, 16.985543822889234 ], [ -96.30416666685818, 16.983333333366719 ], [ -96.307482570664149, 16.982482571113842 ], [ -96.308333332916973, 16.979166666408588 ], [ -96.31492445160211, 16.979519992054083 ], [ -96.318408881164913, 16.982980007721235 ], [ -96.331591118535258, 16.983686659012196 ], [ -96.335075548098047, 16.987146674679369 ], [ -96.339924452451527, 16.987853325970278 ], [ -96.342061816809917, 16.989975742340778 ], [ -96.343408881114968, 16.991313340738188 ], [ -96.348257785468377, 16.992019992029014 ], [ -96.351742215031166, 16.995480007696255 ], [ -96.356591118485355, 16.996186658987202 ], [ -96.360075548048101, 16.999646674654397 ], [ -96.362499999775181, 17.000000000299924 ], [ -96.366666666733281, 17.00000000029987 ], [ -96.367019992378673, 17.031591118935108 ], [ -96.370480007146611, 17.03507554759846 ], [ -96.371186659336828, 17.039924451952 ], [ -96.374646674104653, 17.043408881514743 ], [ -96.375353325395665, 17.048257784968833 ], [ -96.387146674079759, 17.060075547548596 ], [ -96.387853325370685, 17.073257785818274 ], [ -96.391313341037829, 17.076742214481673 ], [ -96.392019992328741, 17.081591118835142 ], [ -96.397542996112378, 17.087141926958459 ], [ -96.402424452326542, 17.087853325770492 ], [ -96.410075547948196, 17.09548000749643 ], [ -96.423257785318555, 17.096186658787314 ], [ -96.432977972755239, 17.105880398062006 ], [ -96.433686659211887, 17.114924451802086 ], [ -96.439209662096147, 17.120475260824634 ], [ -96.444091118310467, 17.121186658737386 ], [ -96.445631438392596, 17.12271621524042 ], [ -96.445537800398043, 17.122969169942241 ], [ -96.445537800398071, 17.122969169942266 ], [ -96.445021949798473, 17.123989580236032 ], [ -96.445021949798502, 17.12398958023606 ], [ -96.444586149668751, 17.124505859996422 ], [ -96.443884970431, 17.12516562971895 ], [ -96.442513369642228, 17.125492309673287 ], [ -96.429316800092593, 17.133003799823406 ], [ -96.413747739890297, 17.140858909948172 ], [ -96.412800889620911, 17.141304979562747 ], [ -96.411095419730259, 17.14205881975947 ], [ -96.410943550168142, 17.142306709801176 ], [ -96.410916248811731, 17.142355432447012 ], [ -96.410853428762422, 17.142467542592218 ], [ -96.410758988699953, 17.142636083545781 ], [ -96.41069862546982, 17.142743809012149 ], [ -96.410288474046553, 17.143475772703866 ], [ -96.410103510190908, 17.143805859722548 ], [ -96.410066037441055, 17.143852289751841 ], [ -96.409743849906334, 17.144251490074197 ], [ -96.409729664489006, 17.144262226092859 ], [ -96.409729664488964, 17.144262226092817 ], [ -96.409685816587356, 17.144295412284368 ], [ -96.409466852186284, 17.144461133813298 ], [ -96.409466852186256, 17.144461133813245 ], [ -96.408769840833628, 17.144988655973215 ], [ -96.408732745390424, 17.145016730958723 ], [ -96.408718450215673, 17.145027550442258 ], [ -96.408093916070271, 17.145017142109129 ], [ -96.407155090453969, 17.14500148987905 ], [ -96.407155090453941, 17.145001489879004 ], [ -96.406915280007894, 17.145005250237176 ], [ -96.405548880295456, 17.145332490022145 ], [ -96.405548880295413, 17.145332490022128 ], [ -96.405114909923853, 17.145407289914061 ], [ -96.40511490992381, 17.145407289914033 ], [ -96.404787029664774, 17.145424580192174 ], [ -96.404568430362815, 17.145381020204972 ], [ -96.404403139974377, 17.145368380033531 ], [ -96.40391526017568, 17.144959879946597 ], [ -96.402597600314095, 17.144210090325807 ], [ -96.402597600314053, 17.144210090325863 ], [ -96.402367089889069, 17.144129000368583 ], [ -96.402101019771592, 17.144063260381518 ], [ -96.402101019771564, 17.144063260381571 ], [ -96.40145866016087, 17.144008219987288 ], [ -96.401045179744756, 17.144015940148886 ], [ -96.397947110419111, 17.14433078006774 ], [ -96.395857000247915, 17.144691520096394 ], [ -96.395663429984381, 17.144691799750049 ], [ -96.395335620140258, 17.14465536995133 ], [ -96.394139119859787, 17.144405289611814 ], [ -96.393945279896855, 17.144396309554928 ], [ -96.393560429590025, 17.144511379650247 ], [ -96.393305400054942, 17.144630050237634 ], [ -96.392615049624382, 17.145066630215183 ], [ -96.392286849824671, 17.145356340115576 ], [ -96.392151179842941, 17.145512580140828 ], [ -96.391805829594048, 17.146258420140995 ], [ -96.391166049550861, 17.147216379680948 ], [ -96.391086089911951, 17.147277220444398 ], [ -96.390971620193497, 17.147303910442304 ], [ -96.390852600379361, 17.147280920036184 ], [ -96.390653509918863, 17.14718507965982 ], [ -96.390477769813316, 17.147190980222494 ], [ -96.390073259595979, 17.147347879635255 ], [ -96.389905219939024, 17.147453420151155 ], [ -96.389770970408222, 17.147604479903308 ], [ -96.389696349745819, 17.147733179657404 ], [ -96.389562689711653, 17.148085259747237 ], [ -96.389455289644218, 17.148193950195637 ], [ -96.389321219577027, 17.148231180332619 ], [ -96.387597479670006, 17.148954400245554 ], [ -96.38513519984005, 17.151715569768317 ], [ -96.38378985957506, 17.152575909637804 ], [ -96.383152349685119, 17.152617749924765 ], [ -96.382806739672091, 17.152709429984974 ], [ -96.382227750042588, 17.153079000441426 ], [ -96.381783949936704, 17.153805980264853 ], [ -96.381021169886409, 17.15446208976541 ], [ -96.38077214005132, 17.154965619643193 ], [ -96.380507259694738, 17.155226419928436 ], [ -96.379610150402968, 17.154988290297904 ], [ -96.374868563294854, 17.14909814118791 ], [ -96.372130690286596, 17.14569679957399 ], [ -96.362526400263192, 17.136422379639701 ], [ -96.360454420056726, 17.133484580254216 ], [ -96.356011480124636, 17.12126254016998 ] ] ] ] } },
{ "type": "Feature", "properties": { "ID_WS": 63, "HAS_WS": 4693.789 }, "geometry": { "type": "MultiPolygon", "coordinates": [ [ [ [ -95.847662710265922, 16.937758039761935 ], [ -95.851742214231805, 16.933686659112109 ], [ -95.860757785543356, 16.932980007821097 ], [ -95.868408881164925, 16.925353326095184 ], [ -95.880882263006015, 16.924646673904952 ], [ -95.8892422150561, 16.93298000782119 ], [ -95.894091118510332, 16.933686659112123 ], [ -95.897575548073064, 16.937146673879937 ], [ -95.906591118485281, 16.937853326070229 ], [ -95.912141927507903, 16.943376328954514 ], [ -95.912853325420599, 16.948257785168785 ], [ -95.918380228664631, 16.953812323679951 ], [ -95.939924452351519, 16.954519992104075 ], [ -95.943408881015031, 16.957980007771223 ], [ -95.950789530899769, 16.958116894083084 ], [ -95.949960089964378, 16.962429739657317 ], [ -95.949344800067593, 16.965067890302272 ], [ -95.946553950287893, 16.981689140331717 ], [ -95.945969647190466, 16.98773292137875 ], [ -95.945527897628494, 16.992301881366455 ], [ -95.945415480439991, 16.993464550097524 ], [ -95.945333580338001, 16.993780969779994 ], [ -95.945166041723681, 16.995022337140554 ], [ -95.9451660377634, 16.995022363182429 ], [ -95.945165999823942, 16.99502264987127 ], [ -95.940794939640242, 16.99545775034407 ], [ -95.939724880251774, 16.99655723029802 ], [ -95.937677579730249, 16.995436340118765 ], [ -95.935506509732832, 16.995676829713165 ], [ -95.935169979701755, 16.997089059643347 ], [ -95.93526505989783, 16.998180829713938 ], [ -95.93466726012673, 16.999739570166067 ], [ -95.933928429747112, 17.00000005960478 ], [ -95.933492599877425, 17.000153719749811 ], [ -95.931820919724061, 17.00018169040737 ], [ -95.930593219791319, 17.000101679775899 ], [ -95.930314939775144, 17.000000140034551 ], [ -95.928444289519632, 16.999317580258253 ], [ -95.927390169759192, 16.998545799675131 ], [ -95.925671510087383, 16.997781020210127 ], [ -95.923124889938208, 16.997183110411864 ], [ -95.92104854041483, 16.997456949961723 ], [ -95.919324030170912, 16.99905028982613 ], [ -95.918474820268287, 16.998322399843559 ], [ -95.91770645098714, 16.997718477445776 ], [ -95.917347339872464, 16.997436220245326 ], [ -95.916567950387247, 16.996496250130669 ], [ -95.916018536580864, 16.996345159788401 ], [ -95.915169180275342, 16.996111580381395 ], [ -95.914142483209531, 16.996041621375198 ], [ -95.913544170063901, 16.99600084956311 ], [ -95.912655483615836, 16.995977443976614 ], [ -95.912268890100378, 16.995967259909438 ], [ -95.91126959970407, 16.995156659717697 ], [ -95.911159404088835, 16.995491104304406 ], [ -95.910930280358045, 16.996186489762096 ], [ -95.910590028382188, 16.99611607702359 ], [ -95.908944820335222, 16.995775600223585 ], [ -95.908345620387919, 16.99332523045803 ], [ -95.906834979853713, 16.992603740086544 ], [ -95.906365910125515, 16.991377490193255 ], [ -95.905386140259552, 16.992042620029689 ], [ -95.905231220362083, 16.993412950162419 ], [ -95.905488540149364, 16.995124419684728 ], [ -95.903939650413761, 16.995403949767709 ], [ -95.902254149984657, 16.994028449878485 ], [ -95.900693510072202, 16.993111850231944 ], [ -95.899572320271048, 16.992846630290828 ], [ -95.897846859559181, 16.992299600339866 ], [ -95.896922950278395, 16.991296250039543 ], [ -95.895362089815762, 16.990356570381252 ], [ -95.894125650162295, 16.989379229972116 ], [ -95.891859550241321, 16.988883450151167 ], [ -95.890212950386612, 16.989014280359104 ], [ -95.889292150248878, 16.989563820146355 ], [ -95.887565550010962, 16.990132539928652 ], [ -95.886489599898667, 16.990810059714853 ], [ -95.885780890142783, 16.992139660067192 ], [ -95.884716950076609, 16.992817000331303 ], [ -95.882805019928696, 16.992881370359015 ], [ -95.88104520025216, 16.993749420315126 ], [ -95.878949520281793, 16.993470420144124 ], [ -95.878548339885157, 16.993353459987361 ], [ -95.87871570974157, 16.992920539963663 ], [ -95.877944119779187, 16.992433090031305 ], [ -95.877711170133239, 16.992285919954995 ], [ -95.87699058005262, 16.992196350087045 ], [ -95.876569349695856, 16.992054720080382 ], [ -95.8762464604158, 16.991936289968489 ], [ -95.87609662007668, 16.991729350024421 ], [ -95.87602126020694, 16.991410720198868 ], [ -95.875966019654143, 16.990863489997921 ], [ -95.875817939732173, 16.990168980289926 ], [ -95.875698880461954, 16.989714690031551 ], [ -95.875398690135654, 16.989310349943285 ], [ -95.875101889730786, 16.988829650367443 ], [ -95.874802719555532, 16.988626120244373 ], [ -95.874133459870066, 16.9880249399333 ], [ -95.873955480190219, 16.988227950244703 ], [ -95.873638250424037, 16.988654739573668 ], [ -95.873266940361987, 16.988926830275201 ], [ -95.872467229961231, 16.989247719955198 ], [ -95.871862510176342, 16.989433170315241 ], [ -95.871200230201453, 16.989682659621199 ], [ -95.870981769548777, 16.989173079944834 ], [ -95.870843060209282, 16.988717319622523 ], [ -95.870555849594453, 16.988425279955312 ], [ -95.870432350409018, 16.987825780392214 ], [ -95.869639459551621, 16.988095279588098 ], [ -95.870435449923065, 16.9874550200913 ], [ -95.872144170173328, 16.986288429558343 ], [ -95.873050739864141, 16.98549752013836 ], [ -95.872545599784857, 16.984260030290777 ], [ -95.872834830382587, 16.98307246004174 ], [ -95.874844979621685, 16.981743450143782 ], [ -95.874430320022825, 16.979990149896491 ], [ -95.875161279780272, 16.978860399584541 ], [ -95.874142749761759, 16.977757140228626 ], [ -95.874543769688074, 16.976523599950252 ], [ -95.876097019833963, 16.975874949988334 ], [ -95.876228739984413, 16.974562379612564 ], [ -95.876073630078636, 16.973448089553397 ], [ -95.876542909696497, 16.972224220212301 ], [ -95.875414770139557, 16.971234260325502 ], [ -95.874338220247878, 16.970600279826687 ], [ -95.872482979648595, 16.96903052032965 ], [ -95.870811120080973, 16.967769539783621 ], [ -95.868673720323144, 16.967285450359267 ], [ -95.866989629810703, 16.966933830094167 ], [ -95.865457059576087, 16.966830539751552 ], [ -95.864052939640047, 16.966625829818216 ], [ -95.863561429722694, 16.966016709819584 ], [ -95.863261910213168, 16.965696020363978 ], [ -95.862767849624333, 16.965556740247806 ], [ -95.862273089995981, 16.965372719982291 ], [ -95.861812350266973, 16.965068549908274 ], [ -95.861214889919609, 16.964921630273071 ], [ -95.860725509783123, 16.964529229766033 ], [ -95.859364539949553, 16.96433501990489 ], [ -95.858248680394027, 16.963977740220724 ], [ -95.857268110046249, 16.962675310357646 ], [ -95.859479690179512, 16.962539460026257 ], [ -95.861382109950085, 16.962763000087019 ], [ -95.86342127993835, 16.962203140223359 ], [ -95.864544049989831, 16.961398770058377 ], [ -95.866675489583102, 16.960423819940722 ], [ -95.867897680012931, 16.961205979909355 ], [ -95.869723219959582, 16.962200890270999 ], [ -95.871687580361765, 16.963832340017166 ], [ -95.872489980464238, 16.964024049691758 ], [ -95.873481889815977, 16.964109220169014 ], [ -95.875001220388683, 16.96326651038305 ], [ -95.876120370229046, 16.962094060104619 ], [ -95.876406999613451, 16.961813180120526 ], [ -95.876967449700985, 16.961448660340984 ], [ -95.877548030402863, 16.961609660209643 ], [ -95.87875042980852, 16.961743459614016 ], [ -95.879569769796518, 16.961651399865879 ], [ -95.88020919995715, 16.961108060237574 ], [ -95.880368030449446, 16.960129379994044 ], [ -95.879542250390472, 16.95901311003265 ], [ -95.878721119751049, 16.957422049821897 ], [ -95.877677139896974, 16.956419710047641 ], [ -95.87686148954549, 16.957110719821245 ], [ -95.875513569829337, 16.957786229944951 ], [ -95.874426570442708, 16.958555739922158 ], [ -95.872201970237114, 16.958576880345763 ], [ -95.870828540066654, 16.958325309597814 ], [ -95.869780720275799, 16.95692042039537 ], [ -95.870257149854424, 16.955190400025007 ], [ -95.870839739593748, 16.953240820097477 ], [ -95.870919520392675, 16.951526140184203 ], [ -95.87077094028345, 16.949836599572379 ], [ -95.870842029708939, 16.948712120303288 ], [ -95.871920969887597, 16.946688889895672 ], [ -95.872241169539492, 16.945152380276209 ], [ -95.873620569951797, 16.944240149983827 ], [ -95.873624290322823, 16.942666079613875 ], [ -95.873870060417261, 16.940719689994239 ], [ -95.872500880191424, 16.938386060009307 ], [ -95.871429649908649, 16.936738830165741 ], [ -95.869488659704288, 16.935262710062922 ], [ -95.86894704980142, 16.933956519549103 ], [ -95.868175880125193, 16.93342954007629 ], [ -95.867782369846026, 16.93320989014952 ], [ -95.867038770102127, 16.93254481975638 ], [ -95.864611090189285, 16.933226779661162 ], [ -95.863217769567171, 16.933389450056612 ], [ -95.862128999888881, 16.933963400061536 ], [ -95.8619598499196, 16.93428916976568 ], [ -95.861333650026992, 16.93438925015867 ], [ -95.860497170293257, 16.93433537009971 ], [ -95.858557769637585, 16.934405400321666 ], [ -95.856564620040572, 16.934290019797132 ], [ -95.855953890019748, 16.933871919664266 ], [ -95.854268579599818, 16.933696149561897 ], [ -95.852916089535356, 16.933933080039147 ], [ -95.851311920284516, 16.934940690200612 ], [ -95.849566619877564, 16.936166450316112 ], [ -95.847662710265922, 16.937758039761935 ] ] ] ] } },
{ "type": "Feature", "properties": { "ID_WS": 64, "HAS_WS": 8818.304 }, "geometry": { "type": "MultiPolygon", "coordinates": [ [ [ [ -95.670833333291739, 16.879166666608452 ], [ -95.673257785018777, 16.878813340962996 ], [ -95.676742214581523, 16.875353325295752 ], [ -95.679166666308618, 16.874999999650303 ], [ -95.680017598533354, 16.878315904355581 ], [ -95.685543823688505, 16.87973395445848 ], [ -95.686583321889856, 16.880539591575175 ], [ -95.666862339291384, 16.899726049981844 ], [ -95.65922664306791, 16.906872435984965 ], [ -95.659225227934726, 16.906873760743235 ], [ -95.658416290384807, 16.907630799581121 ], [ -95.65829168050999, 16.907578179460319 ], [ -95.658042450054268, 16.907472933032231 ], [ -95.65431042961832, 16.905896890002104 ], [ -95.654071014694054, 16.905809015398503 ], [ -95.645219843565698, 16.90255995154352 ], [ -95.636601309127116, 16.899395650051769 ], [ -95.635042729391671, 16.898661485473866 ], [ -95.620278515744715, 16.891705696943188 ], [ -95.616470649128019, 16.88991138011702 ], [ -95.61360690958243, 16.888701170884918 ], [ -95.609672249581848, 16.877496251023434 ], [ -95.589934819317051, 16.880657460961721 ], [ -95.589532059535642, 16.880413000501655 ], [ -95.589938259687827, 16.87978257117307 ], [ -95.5903020197118, 16.879394751078575 ], [ -95.590448819001423, 16.878988709599117 ], [ -95.590410629806527, 16.87839099989116 ], [ -95.590382618582453, 16.877712511158524 ], [ -95.590374800205524, 16.876872449928822 ], [ -95.590420249316338, 16.876249851174215 ], [ -95.590811149990614, 16.875481600421633 ], [ -95.591315919444639, 16.874952630073832 ], [ -95.591598478686606, 16.874693170268372 ], [ -95.591636180044475, 16.874569320051855 ], [ -95.591799490390102, 16.874032739664365 ], [ -95.591706090376846, 16.873643379729995 ], [ -95.59167061999689, 16.873160709863491 ], [ -95.591526540410541, 16.872151030452965 ], [ -95.591090490292302, 16.871348259566556 ], [ -95.590282079920044, 16.870688370250821 ], [ -95.589551710103763, 16.870077139692498 ], [ -95.589057169857099, 16.86945411984544 ], [ -95.588185949920472, 16.868725030127024 ], [ -95.587210969945303, 16.868617550009642 ], [ -95.586359119870963, 16.868553859625973 ], [ -95.585661650154009, 16.868463371201283 ], [ -95.584685049889444, 16.868191520245027 ], [ -95.583934769750414, 16.868000739789391 ], [ -95.583023879749959, 16.86762934984203 ], [ -95.582186449949845, 16.867313850420015 ], [ -95.581501489931838, 16.867340259757601 ], [ -95.580460720053537, 16.867075259821327 ], [ -95.579872889927373, 16.866627720369593 ], [ -95.579487949995865, 16.866118181298745 ], [ -95.578618479806195, 16.865458049542266 ], [ -95.578135079747796, 16.865364950016449 ], [ -95.577269119953726, 16.865449169671855 ], [ -95.577067059684495, 16.865468879706295 ], [ -95.564979399829227, 16.844386829592128 ], [ -95.565676910232128, 16.844468829766164 ], [ -95.566422829829136, 16.844660379992696 ], [ -95.566761979664363, 16.844444679898306 ], [ -95.56685530970725, 16.843939980007068 ], [ -95.566207719980113, 16.84285614980217 ], [ -95.566793909587133, 16.842689520352291 ], [ -95.567781680416033, 16.84289542012311 ], [ -95.568181400304013, 16.842538050366489 ], [ -95.568330539548654, 16.842270001024385 ], [ -95.568168229630544, 16.841844949800496 ], [ -95.568571260322784, 16.841535339731251 ], [ -95.569392140313852, 16.841424399600108 ], [ -95.569859889631871, 16.84097728028966 ], [ -95.569998310166469, 16.840518660064582 ], [ -95.570084450077729, 16.840090911318082 ], [ -95.570669399839787, 16.839640320117166 ], [ -95.571191689592581, 16.839632949532355 ], [ -95.571952449540532, 16.839625890328982 ], [ -95.572915170054998, 16.839121890302913 ], [ -95.573403533957816, 16.83878212025537 ], [ -95.573669539579953, 16.838597050362722 ], [ -95.573757925280731, 16.838504171447124 ], [ -95.574357720314381, 16.83787388034413 ], [ -95.574789680259329, 16.83736200128298 ], [ -95.574807002262617, 16.83682247256586 ], [ -95.574807079847702, 16.836820060277645 ], [ -95.574460757888744, 16.836203536829736 ], [ -95.57441653999139, 16.836124819703247 ], [ -95.574856379435346, 16.835770746792587 ], [ -95.5749941996432, 16.835659799747329 ], [ -95.575561490268754, 16.834422309695455 ], [ -95.575889685110582, 16.834072882101118 ], [ -95.576303079783543, 16.833632739910055 ], [ -95.576741629954043, 16.833147799567875 ], [ -95.577439679593297, 16.832336060362326 ], [ -95.578060820132833, 16.832007059991703 ], [ -95.578641909989372, 16.831799021353838 ], [ -95.579495879569805, 16.831655830248852 ], [ -95.579980179848675, 16.831529509549313 ], [ -95.580603489948786, 16.831361081068248 ], [ -95.581435310399513, 16.831190019632178 ], [ -95.582227599603399, 16.83118006023625 ], [ -95.582949890257083, 16.831246619880968 ], [ -95.583474979727768, 16.831074001315894 ], [ -95.584271350421133, 16.83067678094211 ], [ -95.584944919605263, 16.830167109683774 ], [ -95.585506999989931, 16.829521740353375 ], [ -95.585912219690258, 16.828856749882238 ], [ -95.58615054985917, 16.828253029753569 ], [ -95.586802109736809, 16.82731794984371 ], [ -95.587468249669783, 16.826497680097123 ], [ -95.587985510130196, 16.825991420555379 ], [ -95.588287890020297, 16.825354629865018 ], [ -95.588966450433361, 16.824749889997758 ], [ -95.589341859726872, 16.824350370158683 ], [ -95.590000220013593, 16.824220860449916 ], [ -95.590539800222246, 16.82415145963067 ], [ -95.591227879897062, 16.824263090315075 ], [ -95.591660289843915, 16.824242109559261 ], [ -95.592179090369783, 16.824311339974045 ], [ -95.592875769545259, 16.823766580277859 ], [ -95.59366997000366, 16.823277320420438 ], [ -95.594205430334199, 16.823035369958305 ], [ -95.594873920165199, 16.822825059814072 ], [ -95.595381459681818, 16.822929030436832 ], [ -95.595628739947401, 16.822198459852224 ], [ -95.595168800372491, 16.822070420270922 ], [ -95.594367060275019, 16.821731180374393 ], [ -95.593833089802331, 16.82152414007723 ], [ -95.59325397032211, 16.821444740310088 ], [ -95.592831950234469, 16.821396419580871 ], [ -95.592245510231209, 16.821006399678488 ], [ -95.591730999584044, 16.820603290756548 ], [ -95.591398880057525, 16.820288280293973 ], [ -95.591222769976866, 16.819958309588561 ], [ -95.591035420443532, 16.819663150316487 ], [ -95.59078797952462, 16.819369290833517 ], [ -95.590477510457035, 16.818950149584023 ], [ -95.590132030231757, 16.818577860398996 ], [ -95.589519150195414, 16.818084850043256 ], [ -95.589271970465177, 16.817802459724938 ], [ -95.588734479608391, 16.817445879588124 ], [ -95.588224769983199, 16.817249881302811 ], [ -95.587646250185998, 16.817193400392028 ], [ -95.587293320254389, 16.817017020982487 ], [ -95.586443119690159, 16.816655690076704 ], [ -95.585775290376262, 16.816382549616577 ], [ -95.5852118595609, 16.815945889659879 ], [ -95.584254660433189, 16.815126619630256 ], [ -95.583746119980617, 16.814470060108675 ], [ -95.583142139623334, 16.813904849575962 ], [ -95.582369449659424, 16.813958339960735 ], [ -95.582049459863171, 16.814124879982128 ], [ -95.581271220301687, 16.814445350396742 ], [ -95.580600089857398, 16.814783719561127 ], [ -95.57998932020277, 16.815012460035067 ], [ -95.579836859981341, 16.815943680382272 ], [ -95.578637490195092, 16.81558292058245 ], [ -95.578044019797659, 16.815409029726453 ], [ -95.577485820241009, 16.815512489879751 ], [ -95.576799230028186, 16.815527829727607 ], [ -95.576493630271685, 16.815897289970685 ], [ -95.575953689492408, 16.81577645114626 ], [ -95.574456780123569, 16.816574849816458 ], [ -95.574109199718066, 16.816507340185719 ], [ -95.573808180117439, 16.816276740584502 ], [ -95.573374780406155, 16.81567262032101 ], [ -95.572406979587242, 16.81553328960365 ], [ -95.571583000290047, 16.815820310290697 ], [ -95.571413110156186, 16.816120569935908 ], [ -95.57101331951867, 16.81664558120044 ], [ -95.570512920235473, 16.81701408981694 ], [ -95.570204179623218, 16.817450879836588 ], [ -95.569855259640832, 16.818080980086592 ], [ -95.569317600286695, 16.818375319847028 ], [ -95.568430830437379, 16.818336979718996 ], [ -95.567862289606154, 16.818327429703881 ], [ -95.567717849642463, 16.818750279662655 ], [ -95.567544089899982, 16.819635570284806 ], [ -95.56746138028042, 16.820407220242735 ], [ -95.566770709615881, 16.820677429702162 ], [ -95.566083090310386, 16.820880320937679 ], [ -95.565461980437703, 16.821131459676629 ], [ -95.564708460348413, 16.82157906020883 ], [ -95.563577149701871, 16.821891259720712 ], [ -95.56291002010606, 16.821322230130217 ], [ -95.562365750421819, 16.821126110299584 ], [ -95.561275249857729, 16.821347749822625 ], [ -95.560808909711184, 16.821461510567886 ], [ -95.559805049942923, 16.821652739941534 ], [ -95.559240050170857, 16.82173330964455 ], [ -95.558714570186481, 16.82189828042474 ], [ -95.557949719605432, 16.821592579818347 ], [ -95.558045799641022, 16.821072570981176 ], [ -95.557495490009202, 16.820163649805149 ], [ -95.556917109533401, 16.819600720621434 ], [ -95.556373970285122, 16.819002399998656 ], [ -95.556017780106572, 16.818169820133541 ], [ -95.555988570327941, 16.818010109803804 ], [ -95.558295770308106, 16.816998919667178 ], [ -95.564672799549811, 16.811207140007937 ], [ -95.569161060210774, 16.779402800199875 ], [ -95.568213380394837, 16.777365059569597 ], [ -95.568119547393252, 16.770783985322915 ], [ -95.573257785218544, 16.771186659436822 ], [ -95.585075547798269, 16.782980007221617 ], [ -95.604166666458454, 16.783333333766425 ], [ -95.604519992103945, 16.78575778549347 ], [ -95.607980007771118, 16.78924221505622 ], [ -95.608686659062002, 16.794091118510472 ], [ -95.616313340788025, 16.801742215031222 ], [ -95.617019992078994, 16.806591118485368 ], [ -95.620480007746167, 16.810075548048161 ], [ -95.621186659037022, 16.819091118460491 ], [ -95.62464667470428, 16.822575548023192 ], [ -95.624886648065768, 16.824222232320654 ], [ -95.625353325995164, 16.8274244523767 ], [ -95.630876498851293, 16.832975260499996 ], [ -95.633333333366636, 16.833333333666459 ], [ -95.635757785093702, 16.833686659311894 ], [ -95.64340888161459, 16.841313341037917 ], [ -95.648257785068708, 16.842019992328897 ], [ -95.666311984510472, 16.860048760741883 ], [ -95.666666666333526, 16.866666666633517 ], [ -95.667019991979089, 16.873257785318607 ], [ -95.670480007646162, 16.876742214881347 ], [ -95.670833333291739, 16.879166666608452 ] ] ] ] } },
{ "type": "Feature", "properties": { "ID_WS": 65, "HAS_WS": 3140.681 }, "geometry": { "type": "MultiPolygon", "coordinates": [ [ [ [ -95.639090713448084, 16.724364429111819 ], [ -95.642233954233589, 16.728420002980748 ], [ -95.641099378533454, 16.731377156430668 ], [ -95.638067288174838, 16.735289510402673 ], [ -95.636932712474703, 16.74387715640562 ], [ -95.633900621216625, 16.747789510377579 ], [ -95.632766045516618, 16.760543823338825 ], [ -95.621400621241648, 16.772789510327687 ], [ -95.619945949845672, 16.778458319395948 ], [ -95.610289509952921, 16.779733954658358 ], [ -95.606377156880228, 16.782766045016956 ], [ -95.604166666458454, 16.783333333766425 ], [ -95.585075547798269, 16.782980007221617 ], [ -95.573257785218544, 16.771186659436822 ], [ -95.568119547393252, 16.770783985322915 ], [ -95.56808795004028, 16.768567749937237 ], [ -95.581076230001301, 16.756290520324004 ], [ -95.582514709643746, 16.754934910427696 ], [ -95.582553949496685, 16.754894821312721 ], [ -95.582618920314928, 16.754836400950307 ], [ -95.585280120211451, 16.752321350769613 ], [ -95.591416690129321, 16.74633002008931 ], [ -95.600825580315842, 16.739135229847054 ], [ -95.611886170034339, 16.713082150152292 ], [ -95.61214124954256, 16.712234139819021 ], [ -95.612387860446418, 16.711988420199646 ], [ -95.612902460380539, 16.711909569912798 ], [ -95.61329096956932, 16.71213226071092 ], [ -95.613484280276651, 16.712795739770019 ], [ -95.613626539856497, 16.713310750292223 ], [ -95.613807599972702, 16.713963019914324 ], [ -95.614061520407546, 16.714659860788181 ], [ -95.614467429567327, 16.715146800074756 ], [ -95.615269120368211, 16.715626090401376 ], [ -95.616188369791359, 16.715976740466377 ], [ -95.616985629497037, 16.716226140909217 ], [ -95.617512140005019, 16.716745219587541 ], [ -95.617839459971023, 16.717509690463956 ], [ -95.617983800386511, 16.718128170415305 ], [ -95.618056939973997, 16.718782420968033 ], [ -95.618393780219677, 16.719420230083351 ], [ -95.618776690442743, 16.719965060432475 ], [ -95.619471739835163, 16.720503949726076 ], [ -95.619868309837344, 16.721129090291193 ], [ -95.620553319844703, 16.72177168990488 ], [ -95.621100369958739, 16.722117910944878 ], [ -95.62209371947678, 16.721963081284336 ], [ -95.623046429559551, 16.722302220175717 ], [ -95.623709420142802, 16.722785509955031 ], [ -95.624374430425661, 16.723171179589915 ], [ -95.625029109885162, 16.723492260438459 ], [ -95.625495910008382, 16.723425820378203 ], [ -95.626415000256046, 16.723313079841773 ], [ -95.626953219891377, 16.722674019586776 ], [ -95.627309119800401, 16.722037280335112 ], [ -95.63357001963324, 16.721419320169748 ], [ -95.627231449749814, 16.726774630218628 ], [ -95.6265792796559, 16.727178170290195 ], [ -95.62799228961758, 16.730003970068896 ], [ -95.627881570017237, 16.730466279857865 ], [ -95.627927939788606, 16.730983030401173 ], [ -95.628057889552124, 16.730876970373938 ], [ -95.628605259805113, 16.730636449759718 ], [ -95.639090713448084, 16.724364429111819 ] ] ] ] } },
{ "type": "Feature", "properties": { "ID_WS": 66, "HAS_WS": 7869.558 }, "geometry": { "type": "MultiPolygon", "coordinates": [ [ [ [ -95.971150302745912, 16.844310687821224 ], [ -95.971400621441546, 16.848043823164012 ], [ -95.973636761691765, 16.850725274864555 ], [ -95.975919426939981, 16.853462388678366 ], [ -95.985543823088946, 16.854733954508458 ], [ -95.989456177060873, 16.857766045766461 ], [ -95.998043823063966, 16.858900621466596 ], [ -96.001956177035851, 16.861932711825215 ], [ -96.01887715695517, 16.863067287525393 ], [ -96.022789510027835, 16.866099378783417 ], [ -96.027210489972106, 16.867233954483513 ], [ -96.03112284304477, 16.870266045741442 ], [ -96.035543822988998, 16.871400621441584 ], [ -96.054300830606095, 16.889355614533176 ], [ -96.054120020022154, 16.88930031040708 ], [ -96.053175149537296, 16.889658420484221 ], [ -96.052494220282867, 16.889839280992337 ], [ -96.05190425996372, 16.889553430702826 ], [ -96.050743539713025, 16.888972520378395 ], [ -96.04960232016154, 16.888612480973048 ], [ -96.038690857195277, 16.885705116545104 ], [ -96.037036505283453, 16.885264234621307 ], [ -96.037036505283396, 16.885264234621339 ], [ -96.030287073281571, 16.883465306554253 ], [ -96.029152194856778, 16.883162793144102 ], [ -96.029152194856721, 16.883162793144159 ], [ -96.026661711536278, 16.88249889449872 ], [ -96.025256546563256, 16.882124293544084 ], [ -96.025256546563213, 16.882124293544159 ], [ -96.020143950881547, 16.88076120583812 ], [ -96.01716803412954, 16.879967693743975 ], [ -96.017065980188917, 16.879940480599487 ], [ -96.016895535986379, 16.879977672576278 ], [ -96.013729590278075, 16.880668466892406 ], [ -96.000000000363102, 16.883663350301415 ], [ -96.000000000363059, 16.883663350301415 ], [ -95.989046770192644, 16.886468140019165 ], [ -95.988280489587979, 16.887558059644149 ], [ -95.987703220277595, 16.888594290579416 ], [ -95.986901890139791, 16.888868450349118 ], [ -95.985895169517079, 16.889093351020083 ], [ -95.985387719727598, 16.88952824962713 ], [ -95.984753889905392, 16.890083351085707 ], [ -95.98329134027486, 16.890510890135278 ], [ -95.982374340433623, 16.891535679932815 ], [ -95.981795340448201, 16.89134408989235 ], [ -95.981442710163876, 16.890876920392852 ], [ -95.981254419762507, 16.89051041960154 ], [ -95.981520819551804, 16.890307549940516 ], [ -95.981400859609167, 16.890003619785357 ], [ -95.980208220088585, 16.890119539630167 ], [ -95.979737249691311, 16.889421890174585 ], [ -95.979470980177481, 16.889214579789829 ], [ -95.979339919614787, 16.888961480400376 ], [ -95.97947631967142, 16.888684999713281 ], [ -95.979312030021049, 16.888379259620191 ], [ -95.978860690095246, 16.888138850160267 ], [ -95.978384950331602, 16.888051229981542 ], [ -95.977869719996193, 16.887807120429635 ], [ -95.977738000147667, 16.887365979787102 ], [ -95.977623860203934, 16.886905950414313 ], [ -95.97735834029902, 16.886681580276658 ], [ -95.976672290188233, 16.886935820021456 ], [ -95.976136919802244, 16.886179259586282 ], [ -95.975797780040821, 16.885992279742368 ], [ -95.975666199552734, 16.885140970351202 ], [ -95.975666199552762, 16.885140970351156 ], [ -95.975202649553339, 16.884556849578203 ], [ -95.97499742581968, 16.884441153755642 ], [ -95.974321603347661, 16.884060154572634 ], [ -95.974321603347605, 16.884060154572634 ], [ -95.974170769827481, 16.88397512008196 ], [ -95.97420464591633, 16.88365405918583 ], [ -95.974204645916302, 16.883654059185812 ], [ -95.974291970425298, 16.882826429763949 ], [ -95.973724950352519, 16.881778060453801 ], [ -95.973022259943008, 16.881353150359711 ], [ -95.973022259943036, 16.881353150359661 ], [ -95.972820740162874, 16.88088356962378 ], [ -95.972017140329811, 16.880127320257259 ], [ -95.971605340374353, 16.879265970374501 ], [ -95.97160534037431, 16.879265970374501 ], [ -95.970599079668986, 16.879031090361977 ], [ -95.969752829934919, 16.87807393960048 ], [ -95.969031637241088, 16.877949645755301 ], [ -95.969022549638524, 16.877948079765325 ], [ -95.969018886913133, 16.877950525778981 ], [ -95.969018886913119, 16.877950525778999 ], [ -95.968572969617711, 16.878248320044818 ], [ -95.968355246546693, 16.878504108754854 ], [ -95.968355246546736, 16.878504108754946 ], [ -95.968094850099732, 16.878810030129419 ], [ -95.967209400096735, 16.878953580073311 ], [ -95.966309349947764, 16.878618049664983 ], [ -95.966222829892303, 16.877956550305864 ], [ -95.965966580017394, 16.877724000423882 ], [ -95.965415570317148, 16.877530750336707 ], [ -95.964925370240024, 16.877518709598355 ], [ -95.964645650052589, 16.876902120437283 ], [ -95.964399710308555, 16.876805229867866 ], [ -95.964276710405031, 16.877280310440394 ], [ -95.964508110251202, 16.879619089826427 ], [ -95.965171679971746, 16.880354200206465 ], [ -95.966281449550422, 16.882540169819908 ], [ -95.967630459590694, 16.886313740029561 ], [ -95.967809020268149, 16.887542519828823 ], [ -95.968580799724904, 16.888518909767502 ], [ -95.96858079972489, 16.888518909767544 ], [ -95.968654479926997, 16.889500630388802 ], [ -95.968521220036777, 16.890440619688157 ], [ -95.967718650262341, 16.891764089812273 ], [ -95.966985479830683, 16.895506340206005 ], [ -95.967455289879581, 16.896608600300837 ], [ -95.969050290064132, 16.898822140245059 ], [ -95.96998653971059, 16.899604079968363 ], [ -95.97099741984681, 16.9010014001224 ], [ -95.970286660009435, 16.906767879987779 ], [ -95.968385920439985, 16.909154060083239 ], [ -95.9654559803285, 16.916827480171612 ], [ -95.963473319561274, 16.918777740189828 ], [ -95.959713779572198, 16.922352419746982 ], [ -95.957523000459588, 16.923816319992564 ], [ -95.957858510328805, 16.927912449814453 ], [ -95.953208447907954, 16.934148660514776 ], [ -95.953195021133283, 16.934101698034979 ], [ -95.941049024892564, 16.932333712730721 ], [ -95.942284308474072, 16.918673027937928 ], [ -95.946450975432185, 16.912969292798689 ], [ -95.945215691850663, 16.910339694921078 ], [ -95.941049024892564, 16.904635958882434 ], [ -95.942284308474029, 16.893673027987955 ], [ -95.945278083216948, 16.889574856094811 ], [ -95.933888584090795, 16.877091810139003 ], [ -95.93811764151593, 16.871302625915565 ], [ -95.936882357934493, 16.8686730280379 ], [ -95.933950975457151, 16.864660305228956 ], [ -95.932715691875657, 16.856173028062884 ], [ -95.929784308498967, 16.852160305253985 ], [ -95.92854902491753, 16.847839694146689 ], [ -95.92561764154091, 16.843826972237103 ], [ -95.924382357959459, 16.839506361129725 ], [ -95.913117641565847, 16.827160305303877 ], [ -95.911411709482792, 16.821193780168898 ], [ -95.897993469323168, 16.80895080553536 ], [ -95.884319559999653, 16.807616170250199 ], [ -95.882715691076271, 16.802006361204633 ], [ -95.879784308598914, 16.797993638395774 ], [ -95.879166666808189, 16.787499999825179 ], [ -95.879166666808203, 16.783333333766375 ], [ -95.879166666808175, 16.779166666808266 ], [ -95.883333333766302, 16.779166666808351 ], [ -95.885757785493354, 16.779519992453793 ], [ -95.897575548073078, 16.791313341137801 ], [ -95.89999999980013, 16.791666666783279 ], [ -95.902210490222004, 16.792233954633392 ], [ -95.906122843294568, 16.795266045891402 ], [ -95.910543823238839, 16.796400621591488 ], [ -95.914456176311475, 16.799432711950153 ], [ -95.915206029073374, 16.79962516037569 ], [ -95.918877156255775, 16.80056728765026 ], [ -95.92114466835848, 16.802324645949991 ], [ -95.922789510227716, 16.803599378908245 ], [ -95.925084898715582, 16.804188473045453 ], [ -95.927210490171987, 16.804733954608452 ], [ -95.93112284324458, 16.807766045866394 ], [ -95.939710490147007, 16.80890062156648 ], [ -95.943622843219643, 16.811932711925227 ], [ -95.948043823163914, 16.813067287625348 ], [ -95.95195617713587, 16.81609937888333 ], [ -95.957482401391729, 16.81751742898626 ], [ -95.958900621466498, 16.823043823213933 ], [ -95.962895881239945, 16.828198920643725 ], [ -95.970195685482494, 16.830072360451187 ], [ -95.971150302745912, 16.844310687821224 ] ] ] ] } },
{ "type": "Feature", "properties": { "ID_WS": 67, "HAS_WS": 5551.464 }, "geometry": { "type": "MultiPolygon", "coordinates": [ [ [ [ -96.496919093460761, 16.351287067642829 ], [ -96.495437282804389, 16.353198920693689 ], [ -96.488161214368489, 16.355066256802299 ], [ -96.487500000424632, 16.362499999775185 ], [ -96.475776502983194, 16.361780123953618 ], [ -96.474999999550306, 16.354166666758321 ], [ -96.470833333491512, 16.354166666758392 ], [ -96.470833333491498, 16.351767309168139 ], [ -96.470833333491512, 16.349999999800243 ], [ -96.474192301333645, 16.349138048182454 ], [ -96.4755672882997, 16.342881605002201 ], [ -96.470833333491498, 16.341666666783293 ], [ -96.470647707984469, 16.335490250842192 ], [ -96.470266045641424, 16.322789510327741 ], [ -96.467135280768588, 16.318750000312384 ], [ -96.471400621341587, 16.313246663802577 ], [ -96.470266045641424, 16.310289510352707 ], [ -96.463067287425417, 16.302210490321915 ], [ -96.461932711725282, 16.285289510402617 ], [ -96.457766045666432, 16.279913329936264 ], [ -96.459340074185036, 16.275811089510285 ], [ -96.466931152650531, 16.27386271189469 ], [ -96.461932711725282, 16.267413329961244 ], [ -96.463067287425389, 16.256122843494477 ], [ -96.466198052298225, 16.252083333479124 ], [ -96.463067287425375, 16.248043823463746 ], [ -96.462423859342351, 16.245536317921996 ], [ -96.464346598879473, 16.241022089897292 ], [ -96.464354168693447, 16.241065710037233 ], [ -96.465816860263857, 16.238377570152533 ], [ -96.476908519555607, 16.231749769750298 ], [ -96.477313419858191, 16.23191394052424 ], [ -96.477331109405924, 16.232037721126627 ], [ -96.477403018732829, 16.232540979959005 ], [ -96.477448289401195, 16.232857910143771 ], [ -96.477470689053376, 16.23293818121186 ], [ -96.477602398696888, 16.233410200015925 ], [ -96.477621939920795, 16.233480250831651 ], [ -96.477704480308475, 16.233737509752107 ], [ -96.477798370455901, 16.234030149735961 ], [ -96.477905049120906, 16.234362649894045 ], [ -96.477947398959387, 16.234494680754004 ], [ -96.478111949277618, 16.234925060145226 ], [ -96.478145849662681, 16.235013710227221 ], [ -96.478243028625414, 16.235329340405361 ], [ -96.478273618920582, 16.235428650647524 ], [ -96.47876256860873, 16.235954430983973 ], [ -96.479110050075263, 16.23637966110531 ], [ -96.479231720084201, 16.236528580310456 ], [ -96.479353850314453, 16.236671629676298 ], [ -96.479925799501459, 16.237341620395188 ], [ -96.479953168895335, 16.237373680599116 ], [ -96.480151970078836, 16.237575120394723 ], [ -96.480551749085038, 16.23798022005165 ], [ -96.480616419606804, 16.238045750709514 ], [ -96.480808880371654, 16.238242090023395 ], [ -96.481104519047705, 16.238543690232973 ], [ -96.481173000174877, 16.238613569697055 ], [ -96.48150916876827, 16.238893949891466 ], [ -96.481896689658356, 16.239217169777117 ], [ -96.4822260596886, 16.239346999594805 ], [ -96.482313488946701, 16.239381460608101 ], [ -96.482699178952785, 16.239676090574243 ], [ -96.482800198682995, 16.239753250218119 ], [ -96.483489880380219, 16.240149581348099 ], [ -96.483994090078184, 16.241176340019123 ], [ -96.48411315001448, 16.241418780390227 ], [ -96.484148275303838, 16.241490317231555 ], [ -96.484158779730848, 16.241511710748874 ], [ -96.484284848906228, 16.242122091088724 ], [ -96.484298458627407, 16.242255420685186 ], [ -96.484350709785289, 16.242766540932699 ], [ -96.484436228589516, 16.242888750802464 ], [ -96.48463393988871, 16.243171230143943 ], [ -96.484646349609804, 16.243186711018801 ], [ -96.485010599132934, 16.243640579616557 ], [ -96.485153998628505, 16.243819260114179 ], [ -96.485432749232828, 16.244080859936165 ], [ -96.485734739900948, 16.244364251252179 ], [ -96.485884830193797, 16.244603449764355 ], [ -96.486111780215666, 16.24496515100817 ], [ -96.486299369181523, 16.245212750116721 ], [ -96.486655109209664, 16.245682290327334 ], [ -96.486799578625835, 16.245860941027065 ], [ -96.48705407969382, 16.246175650881046 ], [ -96.487104348562212, 16.246237801148325 ], [ -96.487155879703977, 16.24637197021903 ], [ -96.487207919339127, 16.246507489673629 ], [ -96.487232799576105, 16.246572279804901 ], [ -96.487322419976891, 16.247239941183945 ], [ -96.487408220009613, 16.24750460019559 ], [ -96.48753170953799, 16.247885460834308 ], [ -96.487607598949822, 16.248347920796181 ], [ -96.487645060353245, 16.248576259815426 ], [ -96.487647580048815, 16.248877981293333 ], [ -96.48765079889607, 16.249266250175747 ], [ -96.487660319065981, 16.249383290979051 ], [ -96.487679254831562, 16.249616224029619 ], [ -96.487693830027609, 16.249795521056051 ], [ -96.487809909751775, 16.250175911256143 ], [ -96.487930599437675, 16.250349150461162 ], [ -96.48830797031404, 16.250890920384609 ], [ -96.489260818717469, 16.250321289790886 ], [ -96.491610259885221, 16.250149061152555 ], [ -96.494967279152164, 16.249342060343306 ], [ -96.497487779551832, 16.248756940049873 ], [ -96.500999969418473, 16.246812780814732 ], [ -96.501718312239746, 16.246304259616622 ], [ -96.50046861463484, 16.247916666521 ], [ -96.503599378608413, 16.251956176536495 ], [ -96.504292815939834, 16.267392209914885 ], [ -96.50473395430852, 16.27721048947263 ], [ -96.507766045566598, 16.281122843444567 ], [ -96.508900621266605, 16.28554382338881 ], [ -96.509030564184243, 16.285711495851697 ], [ -96.511932712524697, 16.289456176461474 ], [ -96.512122393998524, 16.294827615328224 ], [ -96.512682235253422, 16.310679229784188 ], [ -96.513067288224804, 16.321579996819395 ], [ -96.508900621266591, 16.326956176386581 ], [ -96.507766045566584, 16.335543823288898 ], [ -96.500567288249698, 16.343622843319629 ], [ -96.499432712549606, 16.348043823263922 ], [ -96.496919093460761, 16.351287067642829 ] ], [ [ -96.512288699967954, 16.31004902318649 ], [ -96.512283600209585, 16.310043480112178 ], [ -96.512268955041208, 16.310048293225154 ], [ -96.512283600173873, 16.310043481013036 ], [ -96.512288699967954, 16.31004902318649 ] ], [ [ -96.498058248265266, 16.338019800213324 ], [ -96.498058222679106, 16.338019809189827 ], [ -96.497990884729745, 16.338045758923364 ], [ -96.497990860004961, 16.338045769736436 ], [ -96.497990859882975, 16.338045770232331 ], [ -96.497990883760835, 16.338045759789868 ], [ -96.498058222643294, 16.338019810090699 ], [ -96.498058248265266, 16.338019800213324 ] ], [ [ -96.49005684704612, 16.349448023095878 ], [ -96.490056819662797, 16.349448030200016 ], [ -96.490056790484971, 16.349448035433117 ], [ -96.490056818693759, 16.349448031066348 ], [ -96.49005684704612, 16.349448023095878 ] ] ] ] } },
{ "type": "Feature", "properties": { "ID_WS": 68, "HAS_WS": 1876.743 }, "geometry": { "type": "MultiPolygon", "coordinates": [ [ [ [ -96.347737405080252, 16.262988668213346 ], [ -96.348043823263822, 16.263067287825123 ], [ -96.357413737354065, 16.271416218683655 ], [ -96.35890062156642, 16.277210489472566 ], [ -96.370266045841348, 16.289456176461428 ], [ -96.371400621541369, 16.292413329911334 ], [ -96.367233954583341, 16.297789510377594 ], [ -96.366099378883192, 16.302210490321915 ], [ -96.363067287625213, 16.30612284339459 ], [ -96.361932711925078, 16.310543823338872 ], [ -96.358900621566391, 16.314456176411451 ], [ -96.357766045866327, 16.31887715635569 ], [ -96.354733954608307, 16.322789510327716 ], [ -96.354166666758189, 16.324999999850249 ], [ -96.3519561763365, 16.324432712000103 ], [ -96.334345161000314, 16.307766045067002 ], [ -96.329579332420224, 16.309444172810373 ], [ -96.321400621641359, 16.318622843369656 ], [ -96.320266045041976, 16.323043823313924 ], [ -96.317233954683246, 16.326956176386442 ], [ -96.31581590458029, 16.332482571513552 ], [ -96.312499999875101, 16.333333333766422 ], [ -96.310255461951755, 16.33323482612661 ], [ -96.310305218585725, 16.333037290666109 ], [ -96.310465378791406, 16.332826921269135 ], [ -96.310625708879002, 16.332606450888498 ], [ -96.310618139990709, 16.33239394090393 ], [ -96.31052820026693, 16.33206910999456 ], [ -96.310281118879757, 16.331732180472034 ], [ -96.309992659937961, 16.33135426011825 ], [ -96.309734429351408, 16.331061980912565 ], [ -96.309375218748258, 16.330490971097525 ], [ -96.309263620105014, 16.330216449902824 ], [ -96.309133520150482, 16.329759620546429 ], [ -96.309089549549043, 16.329142060251939 ], [ -96.309127000184816, 16.328727120044004 ], [ -96.309144949019327, 16.328565511214361 ], [ -96.309242289289926, 16.328349290211374 ], [ -96.309213179763034, 16.328176950346066 ], [ -96.309414649139882, 16.328014460292053 ], [ -96.309774798955189, 16.327751020615946 ], [ -96.309918549735784, 16.327591020282746 ], [ -96.310031149301267, 16.327410379943238 ], [ -96.310033429911144, 16.327243520581121 ], [ -96.309889118745176, 16.327059621297 ], [ -96.309707109068171, 16.326951089571811 ], [ -96.309438629644987, 16.326910820614689 ], [ -96.309321720291834, 16.327145370459263 ], [ -96.3091364798223, 16.327451969797057 ], [ -96.30895287934483, 16.327637710318303 ], [ -96.308535120266157, 16.327632369763922 ], [ -96.308119029695092, 16.32750615048138 ], [ -96.307948319831155, 16.327379249851472 ], [ -96.307648280113398, 16.326453850588727 ], [ -96.307805779971247, 16.325970720585726 ], [ -96.307948709045036, 16.325703879774551 ], [ -96.307812419857072, 16.32548720003426 ], [ -96.307534278911064, 16.325456779932946 ], [ -96.307295418796997, 16.325365489573283 ], [ -96.306206719928738, 16.322007740631602 ], [ -96.30780719956087, 16.321920979632011 ], [ -96.308191120326228, 16.321320050795688 ], [ -96.311152059490951, 16.320801940624683 ], [ -96.317271049614661, 16.312631629953987 ], [ -96.317558089182199, 16.312347949566789 ], [ -96.32216146002655, 16.304634771200874 ], [ -96.325631220032079, 16.29882042124704 ], [ -96.327198939252682, 16.300271050175752 ], [ -96.327448549684533, 16.299853480882138 ], [ -96.328673709207237, 16.298151820814208 ], [ -96.329872218811275, 16.296702861013468 ], [ -96.330769059751063, 16.295527021200844 ], [ -96.331463738988006, 16.294245821182148 ], [ -96.332031890032823, 16.292457679963832 ], [ -96.332556119535028, 16.291126140002834 ], [ -96.332574419337035, 16.291060400349192 ], [ -96.332791380050381, 16.290682820667683 ], [ -96.333434249291457, 16.289780460091986 ], [ -96.333534369581159, 16.289712321092427 ], [ -96.334095419102042, 16.28959148098993 ], [ -96.334430119110849, 16.289521460926721 ], [ -96.334776979142532, 16.28952033994042 ], [ -96.335326579255067, 16.289346180217851 ], [ -96.335744320333575, 16.289103370319705 ], [ -96.336114649476173, 16.288964260697878 ], [ -96.336497109789221, 16.288882570869816 ], [ -96.336879969008265, 16.288915850099347 ], [ -96.337167369847307, 16.289018459795045 ], [ -96.337490689565811, 16.28913246098395 ], [ -96.338006109873277, 16.289441350442569 ], [ -96.338365858688803, 16.28970465003275 ], [ -96.338916682857047, 16.289939251845301 ], [ -96.338928769284138, 16.289944400694921 ], [ -96.339478689838472, 16.289850719616627 ], [ -96.339717600153051, 16.289769481105814 ], [ -96.339825109850963, 16.2897231409097 ], [ -96.339880384385353, 16.289620140616265 ], [ -96.339979650343849, 16.289435171309677 ], [ -96.340313649106704, 16.28918108053357 ], [ -96.340491889030261, 16.28884708028772 ], [ -96.340705030026896, 16.28821392098514 ], [ -96.341037579376973, 16.287545981226963 ], [ -96.341143570037218, 16.287051111349864 ], [ -96.341213250018924, 16.286452920262519 ], [ -96.341319539190408, 16.286073119638129 ], [ -96.341366999554765, 16.285958021030968 ], [ -96.341533378672196, 16.285658540610441 ], [ -96.341693628880208, 16.285652631172905 ], [ -96.342215059605266, 16.285633350866561 ], [ -96.343016060407436, 16.285538859728192 ], [ -96.343600849060579, 16.285146029705118 ], [ -96.344459768712227, 16.284499320302828 ], [ -96.345342948725175, 16.283967629509686 ], [ -96.34584316981622, 16.283368079946737 ], [ -96.346115709753789, 16.282619690601862 ], [ -96.346341119510086, 16.282101581231402 ], [ -96.346469219697809, 16.281100660372804 ], [ -96.346635380396648, 16.280732179606218 ], [ -96.346861368975539, 16.280386489896607 ], [ -96.347027908626032, 16.280121511204637 ], [ -96.347099120267785, 16.279971751312157 ], [ -96.347241980305427, 16.279764290531382 ], [ -96.347240460201704, 16.279327400331233 ], [ -96.347215198964221, 16.278959490888646 ], [ -96.347202580141072, 16.278763969876778 ], [ -96.347165508961737, 16.278419119986317 ], [ -96.347129019433567, 16.278246799774646 ], [ -96.347104489729148, 16.278074339721062 ], [ -96.347305489641045, 16.277395250995312 ], [ -96.347436139349782, 16.277130350128438 ], [ -96.347542348867165, 16.276727521296912 ], [ -96.347708568712918, 16.276382059686171 ], [ -96.347838109319071, 16.275795179690512 ], [ -96.347943478731892, 16.275162381226515 ], [ -96.34812055012263, 16.274494820001053 ], [ -96.348190598628989, 16.274000121001869 ], [ -96.348200688871756, 16.273471169831463 ], [ -96.348161690308672, 16.272585830263512 ], [ -96.348124519376213, 16.272206480564208 ], [ -96.34802797891966, 16.271965290466767 ], [ -96.347763678646572, 16.271621110795888 ], [ -96.347582999397972, 16.271253689591717 ], [ -96.347294619949665, 16.270863689831806 ], [ -96.347113939496879, 16.270496261282492 ], [ -96.347052430251395, 16.270013460310611 ], [ -96.347039110092837, 16.26963406082433 ], [ -96.347062459940474, 16.269461480710621 ], [ -96.347179659139158, 16.268782680436168 ], [ -96.347309908892228, 16.268414280856781 ], [ -96.347524508948339, 16.268218090416962 ], [ -96.349106460177595, 16.265740680988877 ], [ -96.349003419181784, 16.265672480582904 ], [ -96.348761509889812, 16.26524908966185 ], [ -96.348496380186688, 16.26489489000534 ], [ -96.348167459937329, 16.264058369806534 ], [ -96.347802109124714, 16.263141659794847 ], [ -96.347737405080252, 16.262988668213346 ] ] ] ] } },
{ "type": "Feature", "properties": { "ID_WS": 69, "HAS_WS": 1478.517 }, "geometry": { "type": "MultiPolygon", "coordinates": [ [ [ [ -96.779407438883624, 16.542106708213865 ], [ -96.77695617638642, 16.542233954233673 ], [ -96.768758816366244, 16.549538166952967 ], [ -96.764710490296835, 16.546400621191811 ], [ -96.760289510352607, 16.545266045491687 ], [ -96.752210490321801, 16.538067288174961 ], [ -96.746684095194809, 16.536649238071913 ], [ -96.745266045091839, 16.531122843844201 ], [ -96.742233954733237, 16.527210489872221 ], [ -96.741099379033074, 16.52278950992806 ], [ -96.738067287775095, 16.5188771568554 ], [ -96.736649237672211, 16.513350762627617 ], [ -96.730017429160952, 16.511649238121887 ], [ -96.729166666908114, 16.508333333416694 ], [ -96.731377156430611, 16.507766045566655 ], [ -96.736532253860389, 16.503770616720715 ], [ -96.738067287775095, 16.497789509977942 ], [ -96.742062716621092, 16.492634412548171 ], [ -96.74804382336373, 16.491099378633514 ], [ -96.750417488991189, 16.488984452107125 ], [ -96.752762969663465, 16.490752709944392 ], [ -96.752743599795778, 16.491672630261522 ], [ -96.752696660211228, 16.493901570298831 ], [ -96.752678719635796, 16.494753079539148 ], [ -96.75266108026571, 16.495590949972595 ], [ -96.752619480124508, 16.497565740336082 ], [ -96.752594779922305, 16.498738319575285 ], [ -96.752568219645369, 16.50000002955144 ], [ -96.752549770171981, 16.500875620439228 ], [ -96.752606049815554, 16.501990720339425 ], [ -96.752641769668017, 16.502698459873958 ], [ -96.754574379694347, 16.503783720117909 ], [ -96.755988950254832, 16.504578050009382 ], [ -96.756538319665452, 16.504886519943604 ], [ -96.757958710418407, 16.505684079729537 ], [ -96.758137490112745, 16.506146779688986 ], [ -96.758514555722897, 16.507122575960071 ], [ -96.759419690406133, 16.50946488982045 ], [ -96.759508249592827, 16.509694079916098 ], [ -96.759744463948863, 16.510305355276216 ], [ -96.759760214478987, 16.510346114540564 ], [ -96.759786780079992, 16.510414860074842 ], [ -96.759840629924511, 16.510554250095211 ], [ -96.76024606283562, 16.51160342105748 ], [ -96.760268281140554, 16.511660917060464 ], [ -96.760346519972984, 16.511863379641802 ], [ -96.761271283441246, 16.514256436642125 ], [ -96.761623830181293, 16.515168719756904 ], [ -96.761952849956373, 16.516020080380443 ], [ -96.762785179589002, 16.518173849595293 ], [ -96.764104570279542, 16.521587770383995 ], [ -96.764400830358198, 16.522354380334292 ], [ -96.764636280050794, 16.522827479899085 ], [ -96.765305720167717, 16.52300530988806 ], [ -96.765795650031308, 16.523158719705609 ], [ -96.766265049534212, 16.52292128022426 ], [ -96.766993430195953, 16.523202980434409 ], [ -96.767447509648946, 16.523344629616183 ], [ -96.767938650242485, 16.523360089672689 ], [ -96.768485819857844, 16.523812769780964 ], [ -96.768625339663814, 16.524296579753806 ], [ -96.769052910139209, 16.524725309993169 ], [ -96.769735140253047, 16.52481128964029 ], [ -96.770353540003939, 16.525333479744546 ], [ -96.770876109637186, 16.525866379742887 ], [ -96.771410569579828, 16.526399399727161 ], [ -96.772327370052054, 16.527061910040054 ], [ -96.77296988966549, 16.527572780434298 ], [ -96.773339150017591, 16.527828580217445 ], [ -96.774400919748771, 16.528828370083421 ], [ -96.771666029721388, 16.534141540355716 ], [ -96.770931749623543, 16.535864999780415 ], [ -96.776894369845422, 16.53992736959794 ], [ -96.778006540149605, 16.540891849628593 ], [ -96.779407438883624, 16.542106708213865 ] ] ] ] } },
{ "type": "Feature", "properties": { "ID_WS": 70, "HAS_WS": 13891.357 }, "geometry": { "type": "MultiPolygon", "coordinates": [ [ [ [ -96.625078943144544, 16.297838305691148 ], [ -96.626742214481553, 16.296186659486811 ], [ -96.639924451851925, 16.29548000729659 ], [ -96.643750677751541, 16.291680569502731 ], [ -96.651742214431636, 16.299646674254703 ], [ -96.660757785743172, 16.300353325545629 ], [ -96.664584011642802, 16.304153103283156 ], [ -96.66862115448032, 16.300124604850843 ], [ -96.676742214381676, 16.292019992528818 ], [ -96.691666666983068, 16.291666666883277 ], [ -96.691666666983096, 16.295833332942117 ], [ -96.691049194264821, 16.29799363849574 ], [ -96.68811747274313, 16.302006361304603 ], [ -96.686705864484011, 16.311705865233534 ], [ -96.675735134668713, 16.313302612425755 ], [ -96.674382527331744, 16.327160305403826 ], [ -96.66311747189377, 16.339506361229645 ], [ -96.661882527356752, 16.352160305353873 ], [ -96.658950805835005, 16.356173028162864 ], [ -96.658490884483101, 16.367092934405626 ], [ -96.658333333116815, 16.370833333691461 ], [ -96.65897623686385, 16.381301541233221 ], [ -96.661898125198306, 16.385422769944974 ], [ -96.650642903846915, 16.39786512607478 ], [ -96.649357096352915, 16.410468207242076 ], [ -96.646439615595767, 16.41458333315428 ], [ -96.650642903846929, 16.420511542673633 ], [ -96.649357096352873, 16.42296820721706 ], [ -96.646476236888816, 16.427031792982888 ], [ -96.645190429394802, 16.435468207192102 ], [ -96.64230956993066, 16.439531792957951 ], [ -96.640895250215578, 16.453395249691106 ], [ -96.633333333166817, 16.454166666558447 ], [ -96.631122843644334, 16.453599378708482 ], [ -96.627210489672407, 16.450567287450379 ], [ -96.621684095444635, 16.44914923734747 ], [ -96.619933743147712, 16.442327880527348 ], [ -96.612500000174805, 16.441666666583462 ], [ -96.611932712324858, 16.435289510102862 ], [ -96.608900621066823, 16.431377156130935 ], [ -96.607766045366674, 16.422789510127831 ], [ -96.60473395410871, 16.41887715615589 ], [ -96.603599378408589, 16.414456177110992 ], [ -96.600567288049874, 16.410543823139065 ], [ -96.599291652787528, 16.400887383246189 ], [ -96.5923750136959, 16.399112617053639 ], [ -96.591099378433555, 16.389456177160927 ], [ -96.583900621116811, 16.381377156230794 ], [ -96.582766045416648, 16.372789510227882 ], [ -96.579733954158655, 16.368877156255838 ], [ -96.578464762538701, 16.359269884097891 ], [ -96.556377156780314, 16.338067287675269 ], [ -96.550850762552614, 16.336649237572388 ], [ -96.549432712449729, 16.331122843344566 ], [ -96.546400621191651, 16.327210490272019 ], [ -96.544982571088724, 16.321684096044265 ], [ -96.538085937416085, 16.319914415518042 ], [ -96.537500000324727, 16.287499999925124 ], [ -96.539710489847195, 16.288067287775227 ], [ -96.543622843819179, 16.291099379033199 ], [ -96.54804382286413, 16.292233954733288 ], [ -96.551956176836043, 16.295266045091982 ], [ -96.556377156780343, 16.296400620792042 ], [ -96.565747069971309, 16.304749552549858 ], [ -96.567517428586456, 16.311649237622319 ], [ -96.573043822814142, 16.313067287725151 ], [ -96.578198920243992, 16.317062716571247 ], [ -96.580046250933762, 16.324261135742859 ], [ -96.58824666325286, 16.325567287700274 ], [ -96.593622843719231, 16.321400621641505 ], [ -96.595833333241686, 16.320833332892136 ], [ -96.5958333332417, 16.316666666833367 ], [ -96.598257784968752, 16.316313341187858 ], [ -96.614242214506589, 16.300353325545604 ], [ -96.623257785818112, 16.299646674254756 ], [ -96.625078943144544, 16.297838305691148 ] ], [ [ -96.61654892545522, 16.357075942129985 ], [ -96.616475537862954, 16.35702216829619 ], [ -96.616473516193665, 16.35702068656844 ], [ -96.616475536894654, 16.357022169163365 ], [ -96.61654892545522, 16.357075942129985 ] ], [ [ -96.6137619635021, 16.355236374765326 ], [ -96.613765297418084, 16.355229877661117 ], [ -96.613767661650044, 16.355225268989653 ], [ -96.613765296449856, 16.355229878528281 ], [ -96.6137619635021, 16.355236374765326 ] ] ] ] } },
{ "type": "Feature", "properties": { "ID_WS": 71, "HAS_WS": 14909.766 }, "geometry": { "type": "MultiPolygon", "coordinates": [ [ [ [ -96.718949780396443, 16.287335829652527 ], [ -96.716960857262038, 16.288652488806441 ], [ -96.715762429977829, 16.289445819646332 ], [ -96.712168620065299, 16.29110385039624 ], [ -96.710452402835969, 16.291870861658456 ], [ -96.705908881289815, 16.292019992528786 ], [ -96.702424451727012, 16.295480007296572 ], [ -96.691666666983096, 16.295833332942117 ], [ -96.691666666983068, 16.291666666883277 ], [ -96.676742214381676, 16.292019992528818 ], [ -96.66862115448032, 16.300124604850843 ], [ -96.664584011642802, 16.304153103283156 ], [ -96.660757785743172, 16.300353325545629 ], [ -96.651742214431636, 16.299646674254703 ], [ -96.643750677751541, 16.291680569502731 ], [ -96.639924451851925, 16.29548000729659 ], [ -96.626742214481553, 16.296186659486811 ], [ -96.625078943144544, 16.297838305691148 ], [ -96.623257785818112, 16.299646674254756 ], [ -96.614242214506589, 16.300353325545604 ], [ -96.598257784968752, 16.316313341187858 ], [ -96.5958333332417, 16.316666666833367 ], [ -96.595833333241686, 16.320833332892136 ], [ -96.593622843719231, 16.321400621641505 ], [ -96.58824666325286, 16.325567287700274 ], [ -96.580046250933762, 16.324261135742859 ], [ -96.578198920243992, 16.317062716571247 ], [ -96.573043822814142, 16.313067287725151 ], [ -96.567517428586456, 16.311649237622319 ], [ -96.565747069971309, 16.304749552549858 ], [ -96.556377156780343, 16.296400620792042 ], [ -96.551956176836043, 16.295266045091982 ], [ -96.54804382286413, 16.292233954733288 ], [ -96.543622843819179, 16.291099379033199 ], [ -96.539710489847195, 16.288067287775227 ], [ -96.537500000324727, 16.287499999925124 ], [ -96.537146674679306, 16.272575548223017 ], [ -96.533686659012048, 16.269091118660246 ], [ -96.532980007721221, 16.264242214306819 ], [ -96.528813340763051, 16.260046386831366 ], [ -96.529519992053949, 16.255908881289884 ], [ -96.533686659012076, 16.251713053814427 ], [ -96.533074142143917, 16.248126726026054 ], [ -96.53488077979911, 16.251368180116298 ], [ -96.535108020431124, 16.251367220393885 ], [ -96.53528790998152, 16.25148148964136 ], [ -96.535467579806351, 16.251538340246015 ], [ -96.535683650403868, 16.251721419880649 ], [ -96.535935449782158, 16.251858400429807 ], [ -96.536113660339225, 16.251604679740893 ], [ -96.536315849976319, 16.251339290303132 ], [ -96.536602449585644, 16.251234600358064 ], [ -96.536794620073096, 16.251429320100776 ], [ -96.536986660143981, 16.251566620011971 ], [ -96.537119779740507, 16.251922620225667 ], [ -96.537371950408485, 16.252151549620873 ], [ -96.537623120069384, 16.252150509748173 ], [ -96.53775079965574, 16.25178704963767 ], [ -96.538065170316898, 16.250892139771899 ], [ -96.538099420447395, 16.250684449661968 ], [ -96.538451309588169, 16.25049562021827 ], [ -96.538763309784102, 16.250441850011764 ], [ -96.539145429882822, 16.250490739910976 ], [ -96.539551450135235, 16.250528340121594 ], [ -96.539945580306707, 16.250565820164205 ], [ -96.54048445973001, 16.250454920202479 ], [ -96.541204910155173, 16.250080849828169 ], [ -96.541636310420813, 16.249957690319992 ], [ -96.54255599957682, 16.25004507998894 ], [ -96.542973649768058, 16.250117229562129 ], [ -96.54374105967355, 16.249847120304324 ], [ -96.544126690234066, 16.249493540175216 ], [ -96.544486369896603, 16.249369720346802 ], [ -96.54518099967828, 16.249214019881162 ], [ -96.54551603000408, 16.249170490145875 ], [ -96.546325380315707, 16.249567569800366 ], [ -96.546574280424934, 16.249811019697034 ], [ -96.546763769928646, 16.250019429676918 ], [ -96.546964029832267, 16.250354350224622 ], [ -96.547548480042053, 16.250496799894464 ], [ -96.547946260071754, 16.250120320236455 ], [ -96.548140709851481, 16.249753750144542 ], [ -96.548549780402951, 16.249446419843725 ], [ -96.548943599853317, 16.249518369820585 ], [ -96.549191450002112, 16.24987669025251 ], [ -96.549247520207942, 16.250302620316759 ], [ -96.549009320341469, 16.250892260286697 ], [ -96.549281110085147, 16.251412419719372 ], [ -96.549149659644613, 16.251447480374374 ], [ -96.549066459834464, 16.251551289985319 ], [ -96.548768310092868, 16.251736540208263 ], [ -96.548661019836501, 16.251829060125907 ], [ -96.548362769733515, 16.251991259644104 ], [ -96.54813598010135, 16.252084199920478 ], [ -96.547837419892844, 16.252188949817658 ], [ -96.547718349938137, 16.252304459820525 ], [ -96.547719569762123, 16.252568949809969 ], [ -96.547791740207799, 16.252660660363535 ], [ -96.547983290327466, 16.25271744959467 ], [ -96.548258599940013, 16.252762279841068 ], [ -96.54872474011465, 16.252679799815837 ], [ -96.549154920315615, 16.252609000092907 ], [ -96.549513340040733, 16.252504030300823 ], [ -96.549883400092099, 16.252364519841379 ], [ -96.550229710086796, 16.252248029722473 ], [ -96.550516449901664, 16.252177829973792 ], [ -96.551246139698605, 16.252197849720794 ], [ -96.55137749010116, 16.252139749764343 ], [ -96.551999460230462, 16.252160139723323 ], [ -96.552130680133175, 16.252067629908325 ], [ -96.552212519762236, 16.251664720334499 ], [ -96.552235690380243, 16.251492090388513 ], [ -96.552329510243723, 16.251089229560741 ], [ -96.552376889616028, 16.250985540353181 ], [ -96.552520169694361, 16.25093886032645 ], [ -96.552675680039528, 16.250938230038148 ], [ -96.552795510209492, 16.250995259566256 ], [ -96.55309525036229, 16.251143520308709 ], [ -96.55323924957267, 16.251257920229111 ], [ -96.553396250404049, 16.25159079978723 ], [ -96.553540429624434, 16.251728229856727 ], [ -96.553697399824287, 16.252049549907685 ], [ -96.553842059617736, 16.252313540250352 ], [ -96.553951340427005, 16.25265805989347 ], [ -96.554156119578124, 16.252990769679808 ], [ -96.554289600340709, 16.253404219804565 ], [ -96.554626290208773, 16.253793910400145 ], [ -96.554842079602778, 16.253896479552171 ], [ -96.55520074951977, 16.253883480371154 ], [ -96.555702260369671, 16.253685849728139 ], [ -96.55596438021557, 16.253466220001378 ], [ -96.556357620077378, 16.253154079801828 ], [ -96.556511349606495, 16.252773939839336 ], [ -96.556785170028434, 16.252485250310258 ], [ -96.557226280393294, 16.252172830326671 ], [ -96.557452220079185, 16.251884400016326 ], [ -96.556853169695884, 16.250892569604584 ], [ -96.554731060353348, 16.246451259694158 ], [ -96.552313180474783, 16.241390719670996 ], [ -96.544859169749657, 16.224396149986106 ], [ -96.540759667686856, 16.219041237873526 ], [ -96.538643420123648, 16.216276739759323 ], [ -96.542025890532528, 16.214552482627013 ], [ -96.554835383261917, 16.208021651210512 ], [ -96.557177309639428, 16.206827459717069 ], [ -96.558358246297118, 16.206225290363932 ], [ -96.561997786306563, 16.204369371588704 ], [ -96.564715629620196, 16.202983369719497 ], [ -96.563763200050843, 16.20256232013201 ], [ -96.554653750324405, 16.205011370253029 ], [ -96.540693950397426, 16.207765490112017 ], [ -96.54067171038723, 16.207647079873908 ], [ -96.54058686005186, 16.207195419660721 ], [ -96.549795689366363, 16.203723623338458 ], [ -96.555302244616527, 16.201647267991699 ], [ -96.555328319725433, 16.201637435405054 ], [ -96.55534861964334, 16.201629780223922 ], [ -96.555354394830815, 16.201627602813868 ], [ -96.562339591241653, 16.198993639419314 ], [ -96.565703435910791, 16.197725060457177 ], [ -96.566681382125935, 16.197356237132809 ], [ -96.567224018804851, 16.197151584092488 ], [ -96.570344152071911, 16.195974787245625 ], [ -96.573287313739385, 16.194864661623122 ], [ -96.578115164535859, 16.193043494375843 ], [ -96.584021290373897, 16.190815310450049 ], [ -96.585105820365442, 16.190809369919627 ], [ -96.585099139674909, 16.191372109980886 ], [ -96.585428579757306, 16.192151950348883 ], [ -96.585451428349543, 16.192192403661679 ], [ -96.588757310286624, 16.198045200279292 ], [ -96.590771629762202, 16.201767289760326 ], [ -96.591002583140849, 16.202035795219356 ], [ -96.594782150033964, 16.206429719957452 ], [ -96.595284429954063, 16.206531110187534 ], [ -96.595547090168154, 16.206985309975543 ], [ -96.595820920170951, 16.207155519589953 ], [ -96.596003509738523, 16.207267259808507 ], [ -96.596072429551612, 16.207382939565061 ], [ -96.596107250035885, 16.207634000211698 ], [ -96.59611045203755, 16.20765656276442 ], [ -96.596142140454504, 16.207879850041767 ], [ -96.596271750421408, 16.208195909588905 ], [ -96.596488769845777, 16.208480349562151 ], [ -96.596548450084441, 16.20903680025269 ], [ -96.596678180150235, 16.209294770092438 ], [ -96.596925861448128, 16.209474454749987 ], [ -96.597007429744323, 16.20953363001578 ], [ -96.597401539770104, 16.209901479714077 ], [ -96.597663600179118, 16.210203690124704 ], [ -96.597859479973906, 16.210483800058867 ], [ -96.598000020365618, 16.210598970067075 ], [ -96.59811074971563, 16.210771460312316 ], [ -96.598339570362995, 16.211054630042394 ], [ -96.598530010485661, 16.211370543575978 ], [ -96.598572259992466, 16.211440629554005 ], [ -96.598608238448705, 16.211467351226915 ], [ -96.598763490449812, 16.211582660302522 ], [ -96.598952570198676, 16.211730489925927 ], [ -96.599106139902787, 16.211877919663159 ], [ -96.599233550218315, 16.211986489852421 ], [ -96.599330940410141, 16.212009020139231 ], [ -96.599307749784558, 16.212090169902858 ], [ -96.599289380440794, 16.212141380310172 ], [ -96.599328340415923, 16.212223230189874 ], [ -96.599311201056011, 16.212269279979349 ], [ -96.599287049895082, 16.212334169749994 ], [ -96.599365510332049, 16.212478289811564 ], [ -96.599473619955333, 16.21271520031593 ], [ -96.599692325838561, 16.212859882699306 ], [ -96.599816290258346, 16.21294188965631 ], [ -96.59992601956904, 16.213067200047213 ], [ -96.600099200044582, 16.213315489621209 ], [ -96.600364430379486, 16.21348856980639 ], [ -96.600655110100149, 16.213568109638256 ], [ -96.600846450115526, 16.213822459637079 ], [ -96.60092429030145, 16.214037229920748 ], [ -96.60093656314028, 16.214102220727575 ], [ -96.600964249997531, 16.214248830436638 ], [ -96.601095350096145, 16.214461450139993 ], [ -96.601251309818579, 16.214627430071584 ], [ -96.60132395856013, 16.214647193481589 ], [ -96.601408750261513, 16.214670259833348 ], [ -96.601547770229743, 16.214730489821733 ], [ -96.601740460268729, 16.214873420220016 ], [ -96.60193348980593, 16.214987049599685 ], [ -96.60273241989411, 16.215340430208073 ], [ -96.602761490359057, 16.215659490262215 ], [ -96.603051545794003, 16.215872716183675 ], [ -96.603125491286221, 16.215927074301675 ], [ -96.603613680218558, 16.216285949623842 ], [ -96.604161519833639, 16.216462720399743 ], [ -96.604530340400132, 16.216504419772299 ], [ -96.605925349841144, 16.216876660038082 ], [ -96.607216710157701, 16.217268680214875 ], [ -96.608222690074953, 16.217664679564745 ], [ -96.608576059621313, 16.217908139967459 ], [ -96.608733919526301, 16.218229970323566 ], [ -96.608777905268838, 16.218341859219638 ], [ -96.608820229582207, 16.218449519599289 ], [ -96.60901070986742, 16.218748310140501 ], [ -96.609171186118729, 16.218911609109238 ], [ -96.609545939685844, 16.219292950214566 ], [ -96.609731279848774, 16.219501079683578 ], [ -96.60978759105295, 16.219704992406236 ], [ -96.609824260419572, 16.219837780152623 ], [ -96.609918939790774, 16.220034019851731 ], [ -96.610068890052645, 16.220340140157241 ], [ -96.610218479913513, 16.220677490212676 ], [ -96.61039324977267, 16.220937060221168 ], [ -96.610506000556285, 16.221008063133457 ], [ -96.610643340365101, 16.221094549993115 ], [ -96.611091400196997, 16.221253919603154 ], [ -96.611255769658115, 16.221370969891062 ], [ -96.611276090461146, 16.221650350073819 ], [ -96.611280019654188, 16.221745981239419 ], [ -96.61129097996745, 16.222012769680546 ], [ -96.611478769679749, 16.222643569637036 ], [ -96.61176299985388, 16.223079779827749 ], [ -96.61201881985545, 16.223456689968767 ], [ -96.612050049942695, 16.223484203371349 ], [ -96.612621080325837, 16.223987280196312 ], [ -96.612785812801491, 16.224351937891768 ], [ -96.612878200246968, 16.224556450319383 ], [ -96.61307165078334, 16.224683036688887 ], [ -96.613307459773665, 16.224837339784607 ], [ -96.613840580443508, 16.225020289910052 ], [ -96.614557880459159, 16.225133879742895 ], [ -96.614998139689931, 16.225573940014673 ], [ -96.615115369031727, 16.225864264243789 ], [ -96.615115859538832, 16.225865479922167 ], [ -96.615111259628463, 16.226172600085995 ], [ -96.61536622011981, 16.226314230075783 ], [ -96.61544232918061, 16.226269495480818 ], [ -96.615779800249996, 16.226071139944072 ], [ -96.616236279805307, 16.225965060192557 ], [ -96.616562490341437, 16.226114740395207 ], [ -96.616699869016571, 16.226562381084968 ], [ -96.61672032008893, 16.226629019903903 ], [ -96.61671250953718, 16.22684560036403 ], [ -96.616852750122135, 16.226979220409763 ], [ -96.617110550442291, 16.227194710343415 ], [ -96.617111342178674, 16.227195358752436 ], [ -96.61749414009077, 16.227508780381132 ], [ -96.617733859689551, 16.227736709917973 ], [ -96.6178815501885, 16.227760910317681 ], [ -96.618270339738956, 16.227772170053637 ], [ -96.618592600119811, 16.227924340352391 ], [ -96.618771849817747, 16.228111249574255 ], [ -96.618896769635583, 16.228438020073025 ], [ -96.618893456279523, 16.228445777249146 ], [ -96.618683970422268, 16.228936150083211 ], [ -96.618809020312142, 16.229212850205592 ], [ -96.618797110082838, 16.229365569755913 ], [ -96.618960454951491, 16.229513676543917 ], [ -96.619051689771922, 16.229596400065688 ], [ -96.619183704420976, 16.229740539933022 ], [ -96.620596791558427, 16.231283390510232 ], [ -96.62061639092623, 16.231304789898964 ], [ -96.620635990300102, 16.231326189286005 ], [ -96.620809519840336, 16.231515649926838 ], [ -96.622861919891832, 16.233409779977571 ], [ -96.624097786246807, 16.234654948974843 ], [ -96.628041570108678, 16.238628219975826 ], [ -96.628501880443167, 16.239126879780958 ], [ -96.630077679829398, 16.240833979895609 ], [ -96.636684710405376, 16.24625283041027 ], [ -96.642336249776179, 16.242119950907931 ], [ -96.652725259577338, 16.232046860748717 ], [ -96.65445734864025, 16.230489181243037 ], [ -96.657902249937749, 16.227040980091363 ], [ -96.659139090411955, 16.236111170346483 ], [ -96.666140873320842, 16.23900521803408 ], [ -96.669484168642612, 16.240386949640303 ], [ -96.674976658641953, 16.242767889651667 ], [ -96.676737284057637, 16.243678646154535 ], [ -96.679497006482507, 16.245106165323037 ], [ -96.682059280331288, 16.246431481167548 ], [ -96.683354199334843, 16.247310769588122 ], [ -96.683384859911556, 16.247331601103177 ], [ -96.685812658754145, 16.248980091305814 ], [ -96.687475348866727, 16.249609579700035 ], [ -96.687567448653354, 16.249644450100686 ], [ -96.691509938893432, 16.251136950586041 ], [ -96.69164054876596, 16.251186420051322 ], [ -96.691793819308998, 16.251244430503441 ], [ -96.698337880311243, 16.272320289962256 ], [ -96.702941118738067, 16.275295139752043 ], [ -96.704297170024375, 16.276171449718966 ], [ -96.710927970015163, 16.280442971275495 ], [ -96.714047419888999, 16.283156970811842 ], [ -96.717232247094486, 16.28587181689846 ], [ -96.718949780396443, 16.287335829652527 ] ], [ [ -96.584015035390337, 16.281299633749278 ], [ -96.584015089129167, 16.281299740357014 ], [ -96.584015088943531, 16.281299738209572 ], [ -96.584015035390337, 16.281299633749278 ] ] ] ] } },
{ "type": "Feature", "properties": { "ID_WS": 72, "HAS_WS": 7360.487 }, "geometry": { "type": "MultiPolygon", "coordinates": [ [ [ [ -96.649677035353918, 16.791929831114377 ], [ -96.641666667083001, 16.791666666783307 ], [ -96.639242214456615, 16.792019992428827 ], [ -96.63439210056832, 16.79684584435768 ], [ -96.63369140633327, 16.797542996212357 ], [ -96.633333333166775, 16.799999999800203 ], [ -96.633111537487707, 16.806753233016163 ], [ -96.632980007521269, 16.810757785443531 ], [ -96.619092351390975, 16.824666964395838 ], [ -96.617019992778438, 16.826742214981319 ], [ -96.617005541117678, 16.827011813761946 ], [ -96.61666666623367, 16.833333333666513 ], [ -96.600000000199827, 16.833333333666548 ], [ -96.599679184395512, 16.833380089854789 ], [ -96.597575547573456, 16.83368665931193 ], [ -96.596829906144805, 16.834427095879683 ], [ -96.594091118910015, 16.83714667407979 ], [ -96.589242214556563, 16.837853325370727 ], [ -96.58575778499376, 16.841313341037974 ], [ -96.581350045961599, 16.841380581224769 ], [ -96.57252031943132, 16.84151488637049 ], [ -96.562500000274824, 16.84166666668337 ], [ -96.56250000027481, 16.837499999725246 ], [ -96.562853325920273, 16.81424221500631 ], [ -96.566652085625208, 16.810416666296135 ], [ -96.562853325920244, 16.806591118485368 ], [ -96.562500000274781, 16.804166666758341 ], [ -96.562146674629275, 16.797575548073191 ], [ -96.55798000767119, 16.793379719698372 ], [ -96.558687337050898, 16.760048760042348 ], [ -96.568749321723743, 16.750013902519651 ], [ -96.57291734485959, 16.754152764238761 ], [ -96.580908881539642, 16.74618665948687 ], [ -96.591666666283587, 16.745833332942041 ], [ -96.598257784968837, 16.746186659486835 ], [ -96.603757373264955, 16.751658700925635 ], [ -96.603808593991445, 16.751709662371102 ], [ -96.603826759797471, 16.751834315749353 ], [ -96.604519992803361, 16.756591118585316 ], [ -96.606487732765018, 16.758568826271258 ], [ -96.610046726075552, 16.762145657096461 ], [ -96.630449991492114, 16.762815921282471 ], [ -96.631591118835104, 16.762853325520631 ], [ -96.633832339335768, 16.765078869367233 ], [ -96.635075548397836, 16.766313341187836 ], [ -96.637945532455646, 16.766557618271499 ], [ -96.643379719998094, 16.76701999247874 ], [ -96.647575548372828, 16.762853325520631 ], [ -96.652424451826931, 16.762146674229676 ], [ -96.655524243882624, 16.759068613267182 ], [ -96.655581890292552, 16.759151250569651 ], [ -96.655611819213149, 16.759177859666242 ], [ -96.65603672007758, 16.759555629578252 ], [ -96.656272704344815, 16.759778185830037 ], [ -96.656292047782372, 16.759796429703268 ], [ -96.656425211586736, 16.759922015596164 ], [ -96.656454398719418, 16.759949540609817 ], [ -96.65646762012743, 16.759978323470971 ], [ -96.656495057022397, 16.760038054092412 ], [ -96.656584445762959, 16.76023265556881 ], [ -96.65660176298222, 16.760270352440163 ], [ -96.656615382050276, 16.760300001986565 ], [ -96.656747749873986, 16.760588168447413 ], [ -96.65676070947859, 16.760616381168024 ], [ -96.656761820103739, 16.760618779606158 ], [ -96.656760568762451, 16.760619969931817 ], [ -96.656657648183767, 16.760718601161745 ], [ -96.656513957588899, 16.760856303423719 ], [ -96.656498895296465, 16.76087073825699 ], [ -96.656481732580133, 16.760887185324243 ], [ -96.655865351924234, 16.761477875432711 ], [ -96.655847991418938, 16.761494513098341 ], [ -96.655660707138992, 16.76167398987824 ], [ -96.653650400056421, 16.763600449909394 ], [ -96.647274279276232, 16.764842970175113 ], [ -96.647268569472445, 16.764844081317129 ], [ -96.647274138658886, 16.76484654994168 ], [ -96.652912769298311, 16.767345520783845 ], [ -96.65055819214696, 16.778056379964493 ], [ -96.649677035353918, 16.791929831114377 ] ] ] ] } },
{ "type": "Feature", "properties": { "ID_WS": 73, "HAS_WS": 9904.112 }, "geometry": { "type": "MultiPolygon", "coordinates": [ [ [ [ -96.606487732765018, 16.758568826271258 ], [ -96.604519992803361, 16.756591118585316 ], [ -96.603826759797471, 16.751834315749353 ], [ -96.603808593991445, 16.751709662371102 ], [ -96.603757373264955, 16.751658700925635 ], [ -96.598257784968837, 16.746186659486835 ], [ -96.591666666283587, 16.745833332942041 ], [ -96.592233954133661, 16.73945617646141 ], [ -96.592666396905997, 16.738898204552001 ], [ -96.595266045391654, 16.735543823388781 ], [ -96.596400621091789, 16.73112284344456 ], [ -96.599432712349753, 16.727210489472633 ], [ -96.600567288049888, 16.722789510427646 ], [ -96.604733954108681, 16.717413329961307 ], [ -96.603599378408575, 16.714456176511405 ], [ -96.599432712349795, 16.709079996944368 ], [ -96.600567288049902, 16.701956176536427 ], [ -96.604733954108696, 16.696579996969348 ], [ -96.603538683163663, 16.675908067103684 ], [ -96.597789509778039, 16.674432712200005 ], [ -96.593877156705432, 16.671400620941935 ], [ -96.591666666283615, 16.670833333091888 ], [ -96.591898563635525, 16.658303852799847 ], [ -96.592019992828455, 16.651742214431739 ], [ -96.603813340613172, 16.639924451852135 ], [ -96.604166666258592, 16.620833333191868 ], [ -96.606963796532597, 16.620833346068128 ], [ -96.60833333321672, 16.620833333191825 ], [ -96.619091118860041, 16.621186658837338 ], [ -96.622575547523525, 16.624646674504394 ], [ -96.629166667107924, 16.625000000149988 ], [ -96.629733954958013, 16.631377156630585 ], [ -96.632272940859295, 16.634226742241477 ], [ -96.636932712274856, 16.639456176661291 ], [ -96.638350762377769, 16.644982570889056 ], [ -96.643877156605456, 16.646400620992008 ], [ -96.64778950967812, 16.649432712249965 ], [ -96.650746663127961, 16.650567287950029 ], [ -96.656122843594346, 16.646400620991898 ], [ -96.659079997044259, 16.645266045291795 ], [ -96.664456176611225, 16.649432712249965 ], [ -96.671579997019222, 16.650567287950029 ], [ -96.676956176586259, 16.646400620991887 ], [ -96.682118394848061, 16.645266045291844 ], [ -96.683333333066869, 16.650000000100004 ], [ -96.682766045216852, 16.652210489622483 ], [ -96.679733954858122, 16.656122843594389 ], [ -96.67859937915793, 16.664710489597471 ], [ -96.674432712199888, 16.670086670063803 ], [ -96.675567287899995, 16.67304382351368 ], [ -96.678599379157987, 16.676956176586298 ], [ -96.679733954858051, 16.681377156530552 ], [ -96.686932712174865, 16.68945617656134 ], [ -96.686996220276228, 16.691103562479032 ], [ -96.677648390660494, 16.692795000973856 ], [ -96.664696858773922, 16.708240060553933 ], [ -96.662520139237003, 16.708457030704622 ], [ -96.661611658599568, 16.708598049963804 ], [ -96.661413920297122, 16.708607580869138 ], [ -96.659616779103303, 16.708802259915505 ], [ -96.658652149671155, 16.708889600913309 ], [ -96.657707920062251, 16.708995511052319 ], [ -96.656895119764997, 16.709072491272643 ], [ -96.656338309100505, 16.709134350486806 ], [ -96.654991818686824, 16.709282939515191 ], [ -96.654792979854236, 16.709367940870429 ], [ -96.654738119113205, 16.709402519940991 ], [ -96.653324149710826, 16.709460690787331 ], [ -96.653208260272962, 16.709483140430613 ], [ -96.651592780010219, 16.709634229977109 ], [ -96.650896739804693, 16.70973392102999 ], [ -96.650737969435454, 16.709705229681134 ], [ -96.64924750995948, 16.709840740377356 ], [ -96.649160800239088, 16.709863281279048 ], [ -96.648580250693456, 16.709899248026286 ], [ -96.648136448906129, 16.709926740939263 ], [ -96.648107430394958, 16.709939630199102 ], [ -96.646828829984216, 16.709977740944414 ], [ -96.646709545481215, 16.709983046779886 ], [ -96.646675502637223, 16.70998456190631 ], [ -96.646647664396198, 16.709985799216042 ], [ -96.646505740068932, 16.709992111240201 ], [ -96.645967109723472, 16.71004335086559 ], [ -96.645841547543625, 16.710052363924067 ], [ -96.645803968949821, 16.710055059866846 ], [ -96.645790978311126, 16.710055919524315 ], [ -96.645726952216691, 16.710060156361759 ], [ -96.645365289118416, 16.710084090469262 ], [ -96.644218600050266, 16.710209281076391 ], [ -96.643350108766285, 16.710260140883342 ], [ -96.643342637914699, 16.710261348975841 ], [ -96.641933659587565, 16.71048914114418 ], [ -96.641013939764264, 16.710644850667581 ], [ -96.640919420108503, 16.710659801161462 ], [ -96.640235058737915, 16.710807279739754 ], [ -96.640071355908944, 16.710830438863287 ], [ -96.63999115877121, 16.710841784076965 ], [ -96.639966800410519, 16.710845230301945 ], [ -96.639851318715216, 16.710865140081658 ], [ -96.639500618816371, 16.710927890118359 ], [ -96.637437489523847, 16.71132091051825 ], [ -96.637591479101303, 16.711415600252785 ], [ -96.638043819051774, 16.711590090041586 ], [ -96.638230249921634, 16.711622619908539 ], [ -96.640732000420527, 16.712579399710879 ], [ -96.640740708946055, 16.712559719872949 ], [ -96.641005089765372, 16.712642140243808 ], [ -96.641164080271281, 16.712694910219923 ], [ -96.641518628932957, 16.71277863126754 ], [ -96.64284114912229, 16.71328553997127 ], [ -96.643593519817031, 16.713559999858749 ], [ -96.644509650274159, 16.713888230192026 ], [ -96.645867199848439, 16.714414539597467 ], [ -96.646826399541794, 16.714766340141818 ], [ -96.64698764938781, 16.714824171018186 ], [ -96.647955278679987, 16.715194079955399 ], [ -96.648150549617952, 16.715269660141693 ], [ -96.649649179067097, 16.715863570651994 ], [ -96.651138979053101, 16.716563489841324 ], [ -96.651392878842188, 16.716687979947697 ], [ -96.653142048615223, 16.717823629693694 ], [ -96.653485309565113, 16.718101310097421 ], [ -96.655193539549671, 16.719242550310305 ], [ -96.657476249964517, 16.720629781265849 ], [ -96.65647071856236, 16.722355181194338 ], [ -96.656275019624687, 16.722717859764348 ], [ -96.655918939252217, 16.723390710521919 ], [ -96.655780109562315, 16.723628109895149 ], [ -96.65570453912521, 16.723740399930737 ], [ -96.655644399895621, 16.723826121039473 ], [ -96.655549308895132, 16.723950689945259 ], [ -96.655446029617082, 16.724136450748777 ], [ -96.655376619947148, 16.724252140310249 ], [ -96.655320850370614, 16.724352780895583 ], [ -96.655265149265915, 16.724463709855726 ], [ -96.655196658973722, 16.724572629947549 ], [ -96.655131688888531, 16.724683220480415 ], [ -96.655064480354142, 16.724793540977259 ], [ -96.654975199475118, 16.724888710396399 ], [ -96.654606509016645, 16.725597910750963 ], [ -96.654595998984803, 16.725629550257555 ], [ -96.654227319214726, 16.726272950729705 ], [ -96.654114578754573, 16.726450321239586 ], [ -96.653740169965246, 16.727118111125296 ], [ -96.652780768671008, 16.728812510395077 ], [ -96.652731660153805, 16.728931820750031 ], [ -96.652247909141423, 16.729743280142149 ], [ -96.652213309383541, 16.72979529041875 ], [ -96.652166779098764, 16.729941651010517 ], [ -96.652088509424331, 16.729970580372122 ], [ -96.651465828844536, 16.731081120858569 ], [ -96.651414720006329, 16.731151659600815 ], [ -96.651203659740332, 16.731478231123912 ], [ -96.651125849384613, 16.731707881309287 ], [ -96.650357259024844, 16.732997340881667 ], [ -96.648785228833461, 16.735714659793317 ], [ -96.648752490314095, 16.735757400635919 ], [ -96.647216949776961, 16.738346399885785 ], [ -96.646926449822828, 16.738836431000152 ], [ -96.64629981958754, 16.739892711282721 ], [ -96.646277249808008, 16.739931120834232 ], [ -96.646162320309898, 16.740124910425827 ], [ -96.645873459072959, 16.740782460924905 ], [ -96.645675228783645, 16.741230951175162 ], [ -96.645404779340112, 16.741850060446907 ], [ -96.645381149279714, 16.741898691064275 ], [ -96.647033919857293, 16.741795320824295 ], [ -96.648583178848867, 16.741771250600603 ], [ -96.650312920044826, 16.7418459704183 ], [ -96.651857918785325, 16.741893751098807 ], [ -96.652258519740926, 16.741906150009505 ], [ -96.652541119935691, 16.741905849754396 ], [ -96.653523200393707, 16.741987479877263 ], [ -96.653737800303162, 16.741987121059296 ], [ -96.654824048765562, 16.741985370330362 ], [ -96.655394548652112, 16.741984449677556 ], [ -96.655941429457826, 16.741993120020425 ], [ -96.656261079951136, 16.741998179644483 ], [ -96.658034779871969, 16.742118771328123 ], [ -96.659991218574291, 16.742429420855292 ], [ -96.660270880172462, 16.742489051128768 ], [ -96.66037507987005, 16.742494289713552 ], [ -96.660548659661941, 16.742505109831786 ], [ -96.660575785532075, 16.742503458493626 ], [ -96.662253650384358, 16.742401310165398 ], [ -96.663213105064656, 16.745304288335316 ], [ -96.663298170346309, 16.745561661120064 ], [ -96.66266422972528, 16.745572280884325 ], [ -96.662096378840857, 16.745465309674113 ], [ -96.661455369105383, 16.745377719541878 ], [ -96.66134118022255, 16.745365860524792 ], [ -96.66073663023505, 16.745335709616899 ], [ -96.659856749839747, 16.745319139874681 ], [ -96.659860119169636, 16.745265151117273 ], [ -96.658377419156835, 16.743932149952421 ], [ -96.658128049946725, 16.743727880041849 ], [ -96.657998399141846, 16.743581420128251 ], [ -96.657248769859706, 16.743312921216145 ], [ -96.656719519379536, 16.743669880608863 ], [ -96.655956829415231, 16.743880450149046 ], [ -96.655834508584917, 16.743871381038879 ], [ -96.655768170187045, 16.74383377085255 ], [ -96.65461701930316, 16.743336051035243 ], [ -96.654442019797344, 16.743262420496873 ], [ -96.654233599654717, 16.743184800657509 ], [ -96.65405685000691, 16.743160660105641 ], [ -96.653856509757347, 16.743111230893156 ], [ -96.653624919213769, 16.743071371049957 ], [ -96.6534072288093, 16.743070520731258 ], [ -96.653255600335356, 16.743037459806203 ], [ -96.652553819696678, 16.743037421049184 ], [ -96.651551860282041, 16.743198461057446 ], [ -96.651008139158264, 16.743274120016668 ], [ -96.65074945873593, 16.743614450916276 ], [ -96.650588738714291, 16.744016050572071 ], [ -96.65057622890707, 16.744060260283153 ], [ -96.650462489273792, 16.744321830732858 ], [ -96.650379339156899, 16.744459999781142 ], [ -96.650235279215451, 16.744594049999417 ], [ -96.65011632015613, 16.744713461247589 ], [ -96.649904799379598, 16.744970119650176 ], [ -96.649736370232787, 16.745238220166517 ], [ -96.648957178927702, 16.746114880268163 ], [ -96.648221859212981, 16.747946600737528 ], [ -96.647221829690949, 16.748331279663947 ], [ -96.646483230117596, 16.748109570617132 ], [ -96.645767119474101, 16.747957229994412 ], [ -96.644930889062081, 16.747813890105068 ], [ -96.644330879266846, 16.747284821136891 ], [ -96.643656120373265, 16.745802970687453 ], [ -96.643425859100432, 16.745733659673849 ], [ -96.642914570161409, 16.746160250240251 ], [ -96.639063739591705, 16.748825490846215 ], [ -96.638852200340594, 16.748971895213202 ], [ -96.63838335005758, 16.749296380907047 ], [ -96.638641628324748, 16.750000096050631 ], [ -96.638865648164156, 16.750610463027222 ], [ -96.638955199867581, 16.750854450401931 ], [ -96.638955607638763, 16.750854810024048 ], [ -96.640146779669337, 16.75190311040112 ], [ -96.645648999080379, 16.753746049923077 ], [ -96.646384490277313, 16.753428910845123 ], [ -96.647228549418557, 16.753066461283233 ], [ -96.647807680074678, 16.752771281316651 ], [ -96.648602419078046, 16.752569519582131 ], [ -96.64934899863583, 16.752378950406733 ], [ -96.649488406815436, 16.752360614153837 ], [ -96.649863547573545, 16.752311271835808 ], [ -96.650347458963111, 16.752247620537343 ], [ -96.651020080012714, 16.752309570195752 ], [ -96.651687280150853, 16.753073260541981 ], [ -96.652065569966283, 16.753892551066073 ], [ -96.65252759984476, 16.754781350777847 ], [ -96.652952480355538, 16.755681110051508 ], [ -96.653361849605048, 16.756518851016722 ], [ -96.65394528046906, 16.756989569940174 ], [ -96.654477584429998, 16.75741311494782 ], [ -96.65452638037435, 16.757451940994951 ], [ -96.654604498887053, 16.757597782411654 ], [ -96.654615650204519, 16.757618600857725 ], [ -96.654810829397292, 16.757982980743517 ], [ -96.65516134024729, 16.75853266310364 ], [ -96.655197832127485, 16.758589890105121 ], [ -96.655278050003389, 16.758715689666456 ], [ -96.655330052072884, 16.758790235550034 ], [ -96.655331716146435, 16.758792620462224 ], [ -96.655429872260285, 16.758933329391734 ], [ -96.655524243882624, 16.759068613267182 ], [ -96.652424451826931, 16.762146674229676 ], [ -96.647575548372828, 16.762853325520631 ], [ -96.643379719998094, 16.76701999247874 ], [ -96.637945532455646, 16.766557618271499 ], [ -96.635075548397836, 16.766313341187836 ], [ -96.633832339335768, 16.765078869367233 ], [ -96.631591118835104, 16.762853325520631 ], [ -96.630449991492114, 16.762815921282471 ], [ -96.610046726075552, 16.762145657096461 ], [ -96.606487732765018, 16.758568826271258 ] ] ] ] } },
{ "type": "Feature", "properties": { "ID_WS": 74, "HAS_WS": 3210.094 }, "geometry": { "type": "MultiPolygon", "coordinates": [ [ [ [ -96.630778920286261, 17.051732971293809 ], [ -96.630770080288116, 17.051729691232367 ], [ -96.630757891194136, 17.051757488378779 ], [ -96.630725677580585, 17.051830951255109 ], [ -96.630725659503852, 17.051830981321636 ], [ -96.630613509584009, 17.051977030145554 ], [ -96.630613509583966, 17.051977030145601 ], [ -96.630613480252251, 17.051977059806568 ], [ -96.630176779833619, 17.052350221150753 ], [ -96.629642949799631, 17.052782549674301 ], [ -96.629085509801513, 17.053234550895603 ], [ -96.628651739658039, 17.053582620330527 ], [ -96.628406808628839, 17.053787913089174 ], [ -96.628406808628796, 17.053787913089113 ], [ -96.628346540426875, 17.05383842670475 ], [ -96.628160859272313, 17.053994059665683 ], [ -96.62816085927227, 17.053994059665648 ], [ -96.627664108977939, 17.054365249700989 ], [ -96.627565058772532, 17.054519620513222 ], [ -96.627419737946269, 17.054462464482533 ], [ -96.627322879644453, 17.05442436961874 ], [ -96.62638063026229, 17.054143199773961 ], [ -96.626096520418329, 17.054058569503567 ], [ -96.625987288645774, 17.054026031167481 ], [ -96.6249503192942, 17.05371674109449 ], [ -96.624853381152732, 17.053687904153371 ], [ -96.624853381152704, 17.053687904153371 ], [ -96.62388213935634, 17.053398979905857 ], [ -96.623882139356283, 17.053398979905857 ], [ -96.623845450068032, 17.053387340500393 ], [ -96.623741249543343, 17.053354280024955 ], [ -96.623477320414963, 17.053270539943384 ], [ -96.623363090013655, 17.05323591211965 ], [ -96.622680490095618, 17.053028980974748 ], [ -96.62264551956838, 17.053017780943836 ], [ -96.622645519568323, 17.053017780943854 ], [ -96.622539877024607, 17.052983898743665 ], [ -96.622327369537729, 17.05291574036535 ], [ -96.622402979764118, 17.052705799715387 ], [ -96.622533266046375, 17.052308237109187 ], [ -96.622582549566644, 17.052157850953765 ], [ -96.622586319469448, 17.052146182582696 ], [ -96.622586320155136, 17.052146180460575 ], [ -96.622586320155094, 17.052146180460539 ], [ -96.622604419567907, 17.052090050447788 ], [ -96.622604419567864, 17.052090050447788 ], [ -96.622617922429583, 17.052048177576502 ], [ -96.622662140387376, 17.051911059744231 ], [ -96.622742820446504, 17.051657620435638 ], [ -96.622815780367546, 17.051425650958077 ], [ -96.622833893517054, 17.051366832891624 ], [ -96.622833895419191, 17.051366826714897 ], [ -96.62288657033497, 17.051195779712199 ], [ -96.622887620200359, 17.05119234014245 ], [ -96.622937666255396, 17.051026612109474 ], [ -96.622937666255439, 17.051026612109474 ], [ -96.622938699858338, 17.051023189793995 ], [ -96.62293956111354, 17.051020338131107 ], [ -96.622965519985073, 17.050934380089124 ], [ -96.622965519985016, 17.050934380089103 ], [ -96.623038019549327, 17.050684859723908 ], [ -96.623113090119716, 17.050426049701603 ], [ -96.623113090119702, 17.050426049701603 ], [ -96.623130465225671, 17.050338816219089 ], [ -96.623146900193063, 17.050256302872356 ], [ -96.623146900193035, 17.050256302872306 ], [ -96.623230493307901, 17.049836621185122 ], [ -96.623237558569855, 17.049801151233858 ], [ -96.623340450265047, 17.049284581030548 ], [ -96.623340450265019, 17.04928458103053 ], [ -96.623340475119861, 17.049284473511481 ], [ -96.623340487547239, 17.04928441975186 ], [ -96.623340549649214, 17.049284151856302 ], [ -96.623471334710416, 17.048785655797911 ], [ -96.623471334710374, 17.048785655797843 ], [ -96.623477291645045, 17.048762951626703 ], [ -96.623498829347909, 17.048680861106266 ], [ -96.623534158878783, 17.048691595001387 ], [ -96.623534158878812, 17.04869159500134 ], [ -96.623660144918091, 17.048729871115118 ], [ -96.623660144918134, 17.048729871115153 ], [ -96.623706750401453, 17.048744030247761 ], [ -96.623755780079421, 17.048759800966693 ], [ -96.625616029780687, 17.049334091160446 ], [ -96.62561602978073, 17.049334091160446 ], [ -96.625616025462605, 17.049334077818546 ], [ -96.625616019721519, 17.049334060079804 ], [ -96.62486916917679, 17.048275920649864 ], [ -96.624869169176762, 17.0482759206499 ], [ -96.62486914966864, 17.048275891035427 ], [ -96.624869149668683, 17.048275891035338 ], [ -96.62421268002015, 17.047431419867944 ], [ -96.623975309624115, 17.047126059673641 ], [ -96.624239538606318, 17.046510080292716 ], [ -96.624239549954581, 17.046510030108291 ], [ -96.624503919418416, 17.045822250956338 ], [ -96.624503919418373, 17.045822250956299 ], [ -96.624508549857566, 17.045809619580119 ], [ -96.624414399853151, 17.045771370617622 ], [ -96.623676706080303, 17.045646713894655 ], [ -96.622134123599025, 17.045386032018701 ], [ -96.622133826906534, 17.045385981559498 ], [ -96.620981749820331, 17.045191280785005 ], [ -96.620962072606204, 17.045188450099548 ], [ -96.620530598672985, 17.045126371249388 ], [ -96.620530598672943, 17.045126371249388 ], [ -96.61839342952247, 17.044471541081524 ], [ -96.618384135558912, 17.044468649560496 ], [ -96.618384135558856, 17.044468649560557 ], [ -96.617352289756496, 17.04414760074944 ], [ -96.617021089806713, 17.044040570902546 ], [ -96.616885540027809, 17.043997421098425 ], [ -96.616356659948124, 17.043831490519896 ], [ -96.615935991747705, 17.043698801276879 ], [ -96.614601219923543, 17.043277770735461 ], [ -96.613943785794802, 17.043009694558737 ], [ -96.613687229962323, 17.042905080568801 ], [ -96.613628458159084, 17.042863689278359 ], [ -96.611742427294345, 17.041535395246186 ], [ -96.611742378858082, 17.041535360970432 ], [ -96.611742371511298, 17.041535355752309 ], [ -96.61174233865087, 17.041535332412934 ], [ -96.61174231396393, 17.041535315258134 ], [ -96.61174228124888, 17.04153529198517 ], [ -96.611742276499697, 17.041535288606688 ], [ -96.611742254555651, 17.041535273357987 ], [ -96.611470348790604, 17.041343770987805 ], [ -96.611470348790547, 17.041343770987851 ], [ -96.611386726032876, 17.041278712290321 ], [ -96.610982770032223, 17.040964431024662 ], [ -96.609267879946984, 17.039711709786271 ], [ -96.608925540693036, 17.03984182400961 ], [ -96.607435540295114, 17.040408120010653 ], [ -96.607097319947897, 17.040521120684971 ], [ -96.607097319947869, 17.040521120684971 ], [ -96.607060718768253, 17.040535109641571 ], [ -96.606233707520289, 17.040855630581817 ], [ -96.605014400062387, 17.041328180216421 ], [ -96.604038780243343, 17.041445710796399 ], [ -96.60211322990628, 17.041694219992994 ], [ -96.600818509630969, 17.042193091064526 ], [ -96.598281278689129, 17.043184689735526 ], [ -96.596013819731638, 17.048032650863675 ], [ -96.590369380413733, 17.051868541041813 ], [ -96.589274619625996, 17.054226819975273 ], [ -96.588855720201138, 17.057035850921483 ], [ -96.587109048960059, 17.0581509404245 ], [ -96.580621079100851, 17.062347179949892 ], [ -96.571017049986608, 17.068555720546023 ], [ -96.566181629443349, 17.071682519582541 ], [ -96.558332339928768, 17.07674772057138 ], [ -96.546684279101072, 17.08426791988953 ], [ -96.546764818936182, 17.085137150153628 ], [ -96.547691449296863, 17.087400630095267 ], [ -96.542031353343901, 17.094557450936072 ], [ -96.542284139101668, 17.093673027588252 ], [ -96.545215860623443, 17.08966030567867 ], [ -96.546568128915993, 17.075804646967022 ], [ -96.560339694721137, 17.063117471993834 ], [ -96.564660305828454, 17.06188252745677 ], [ -96.568673027738001, 17.058950805935044 ], [ -96.574073622099959, 17.057406955067083 ], [ -96.575617472068615, 17.052006361604398 ], [ -96.57860514311291, 17.04791666672082 ], [ -96.574732462732953, 17.04261508501822 ], [ -96.585014443941475, 17.041118940713385 ], [ -96.585493638820381, 17.04104919446479 ], [ -96.589506361629262, 17.038117472043709 ], [ -96.594906955091844, 17.036573622075014 ], [ -96.596939764658373, 17.029463365242126 ], [ -96.606173027663061, 17.021450806009931 ], [ -96.608336931806122, 17.020832165225439 ], [ -96.611782836708528, 17.019846937086562 ], [ -96.612356049814196, 17.01397474591516 ], [ -96.612500000174833, 17.012500000274837 ], [ -96.612500000174805, 17.011018328542683 ], [ -96.612500000174833, 17.008333333316795 ], [ -96.613424707303764, 17.00819857665833 ], [ -96.614924451901956, 17.007980007671346 ], [ -96.620837447850988, 17.002085978574627 ], [ -96.622575547523496, 17.000353325945394 ], [ -96.625120444726718, 17.000136886119424 ], [ -96.630882432378371, 16.999646674654397 ], [ -96.639242214456601, 17.007980007671264 ], [ -96.642813564437049, 17.008283972494333 ], [ -96.647546386956151, 17.008686658962173 ], [ -96.648655292704277, 17.007585496147396 ], [ -96.65208401166781, 17.004180568978235 ], [ -96.654870310223217, 17.006958140655605 ], [ -96.660075548347891, 17.01214667462942 ], [ -96.6615030298736, 17.012354712538766 ], [ -96.644075709313299, 17.039609020837595 ], [ -96.642925338618412, 17.041447420912203 ], [ -96.64292533861844, 17.04144742091226 ], [ -96.642839379864355, 17.041777950633815 ], [ -96.642839379864398, 17.041777950633861 ], [ -96.642408479234433, 17.04343500058496 ], [ -96.642458819368571, 17.043443680260978 ], [ -96.64309044961648, 17.043662080203571 ], [ -96.643093489688795, 17.04366312004182 ], [ -96.642115570212965, 17.047998320082673 ], [ -96.642080839688859, 17.048152751045851 ], [ -96.641919949141197, 17.048868151180745 ], [ -96.641894680051649, 17.048974091290958 ], [ -96.641069999454842, 17.051032910456925 ], [ -96.640216449424543, 17.053148979925414 ], [ -96.639860648651208, 17.052981511224854 ], [ -96.639755058976561, 17.052931820850105 ], [ -96.639400748733635, 17.05380001958434 ], [ -96.63926204879381, 17.054155921270233 ], [ -96.63822011908762, 17.053821180284093 ], [ -96.637876509404052, 17.053710780105622 ], [ -96.637398531537215, 17.053529466177075 ], [ -96.636926569288775, 17.053350433449641 ], [ -96.63665508999209, 17.053247449842644 ], [ -96.636655089992033, 17.053247449842658 ], [ -96.636355260267848, 17.053179650090577 ], [ -96.635980350394561, 17.053137687025828 ], [ -96.635980350394505, 17.053137687025888 ], [ -96.635819379893064, 17.053126511076929 ], [ -96.635813443216364, 17.053131358620497 ], [ -96.635771719530226, 17.05316542996712 ], [ -96.635771719530197, 17.053165429967059 ], [ -96.6357140588335, 17.053212541118008 ], [ -96.63561391044567, 17.053287429602456 ], [ -96.635478739553477, 17.053286660262462 ], [ -96.635471618897256, 17.053284230194087 ], [ -96.635471618897213, 17.053284230194087 ], [ -96.635406518972189, 17.053262061055726 ], [ -96.635406518972161, 17.053262061055726 ], [ -96.635287400135908, 17.05322154031785 ], [ -96.635287375870774, 17.053221584617855 ], [ -96.635197088605821, 17.053190941231019 ], [ -96.634843339257941, 17.053070780180423 ], [ -96.634843339257898, 17.053070780180477 ], [ -96.634073580018836, 17.052809380100012 ], [ -96.632724479939455, 17.052402080027466 ], [ -96.632475620057917, 17.052323539994504 ], [ -96.631897448728878, 17.052128630865678 ], [ -96.631814217325015, 17.052100570546393 ], [ -96.631814217324973, 17.052100570546386 ], [ -96.631814193363766, 17.052100560676152 ], [ -96.631814169256032, 17.0521005507456 ], [ -96.631695020399277, 17.052058679900824 ], [ -96.631516749010345, 17.051995970144098 ], [ -96.631415369360113, 17.051960400319931 ], [ -96.631007618966592, 17.051818090526709 ], [ -96.630778920286261, 17.051732971293809 ] ] ] ] } }
]
}
