{
"type": "FeatureCollection",
"name": "EXP_NUTR",
"crs": { "type": "name", "properties": { "name": "urn:ogc:def:crs:OGC:1.3:CRS84" } },
"features": [
{ "type": "Feature", "properties": { "HAS_WS": 14879.057, "ID_WS": "1", "S1_N": 57, "S2_N": 43, "S3_N": 67, "S4_N": 67, "S5_N": 66, "S6_N": 13, "S7_N": 251, "S1_P": 2334, "S2_P": 1730, "S3_P": 2711, "S4_P": 2711, "S5_P": 2685, "S6_P": 516, "S7_P": 7956, "SUM_NUTR": 0 }, "geometry": { "type": "MultiPolygon", "coordinates": [ [ [ [ -95.774346937860074, 16.606891836119829 ], [ -95.767019992678456, 16.614242214506699 ], [ -95.766313340488267, 16.622546387006217 ], [ -95.770819091427896, 16.627083672673358 ], [ -95.764956834590166, 16.632975260000354 ], [ -95.760075548347857, 16.633686658812284 ], [ -95.750357734222007, 16.643378363820528 ], [ -95.749646674454425, 16.648257785768301 ], [ -95.746186658787195, 16.651742214431707 ], [ -95.745480007496369, 16.656591118785229 ], [ -95.742019992728459, 16.660075548347933 ], [ -95.741313340538227, 16.664924451802023 ], [ -95.727454461354299, 16.678808932885982 ], [ -95.722575547523505, 16.679519992653585 ], [ -95.712855530058647, 16.689213731928287 ], [ -95.712146674529421, 16.6982577856683 ], [ -95.708686658862192, 16.701742214331748 ], [ -95.708333333216729, 16.712499999975115 ], [ -95.704166666258658, 16.712499999975115 ], [ -95.703315734933213, 16.715815904680376 ], [ -95.700000000199822, 16.716666666933243 ], [ -95.693408881514657, 16.717019992578614 ], [ -95.687858072492034, 16.722542995462913 ], [ -95.687146674579324, 16.727424451677198 ], [ -95.679519992853358, 16.735075548198044 ], [ -95.678813340663154, 16.739924451652207 ], [ -95.675353325895259, 16.743408881214918 ], [ -95.674646674604318, 16.748257785568438 ], [ -95.66701999197906, 16.755908881189971 ], [ -95.666313340688077, 16.773257785518403 ], [ -95.662853325920224, 16.776742214181922 ], [ -95.662146674629298, 16.785757785493438 ], [ -95.650353325945218, 16.797575548073155 ], [ -95.649646674654278, 16.806591118485422 ], [ -95.642019992028978, 16.81424221500632 ], [ -95.641800462395167, 16.817043119097949 ], [ -95.641313340738108, 16.823257785418516 ], [ -95.633686659012142, 16.830908881040052 ], [ -95.633333333366636, 16.833333333666459 ], [ -95.630876498851293, 16.832975260499992 ], [ -95.625353325995164, 16.827424452376686 ], [ -95.624886648065768, 16.824222232320643 ], [ -95.62464667470428, 16.82257554802316 ], [ -95.621186659037022, 16.819091118460449 ], [ -95.620480007746153, 16.810075548048154 ], [ -95.617019992078994, 16.806591118485382 ], [ -95.616313340788025, 16.801742215031219 ], [ -95.608686659062002, 16.79409111851043 ], [ -95.607980007771118, 16.789242215056213 ], [ -95.604519992103945, 16.785757785493448 ], [ -95.604166666458454, 16.783333333766414 ], [ -95.606377156880228, 16.782766045016974 ], [ -95.610289509952921, 16.779733954658333 ], [ -95.619945949845672, 16.778458319395927 ], [ -95.621400621241648, 16.772789510327698 ], [ -95.632766045516618, 16.760543823338832 ], [ -95.633900621216625, 16.747789510377583 ], [ -95.636932712474703, 16.743877156405649 ], [ -95.638067288174838, 16.735289510402655 ], [ -95.641099378533454, 16.731377156430657 ], [ -95.642233954233575, 16.728420002980769 ], [ -95.63909071344807, 16.724364429111816 ], [ -95.664340749911659, 16.709255709935732 ], [ -95.666860799542121, 16.707582950920248 ], [ -95.667794230019695, 16.706914970302204 ], [ -95.668571200101539, 16.70673018028447 ], [ -95.66939311006827, 16.706360571235102 ], [ -95.669928479837722, 16.70607603011441 ], [ -95.671074859908501, 16.705735819589442 ], [ -95.674699970032236, 16.704344079721125 ], [ -95.680445340467372, 16.700084149575758 ], [ -95.682521919551988, 16.699989030319284 ], [ -95.681056259878005, 16.698087849919592 ], [ -95.678506780313981, 16.697621771185787 ], [ -95.672114310018785, 16.696775179871853 ], [ -95.67136945014208, 16.696395260076709 ], [ -95.671746049539493, 16.695695400184281 ], [ -95.673413920272239, 16.694062420413097 ], [ -95.673226519617316, 16.691714949608993 ], [ -95.668024520134622, 16.688889680107412 ], [ -95.664644200259318, 16.689487661129931 ], [ -95.654772489513405, 16.675010150398858 ], [ -95.651585220230132, 16.671763710048531 ], [ -95.652668379936145, 16.66288004954988 ], [ -95.661302180153626, 16.648639380156013 ], [ -95.687746200035264, 16.638154109797881 ], [ -95.676525749610832, 16.637605460950457 ], [ -95.678445369903514, 16.628055280829514 ], [ -95.678851979984174, 16.626087509936685 ], [ -95.679659000042392, 16.62190859976107 ], [ -95.679499879593919, 16.619777139864578 ], [ -95.679355459854861, 16.617622290050242 ], [ -95.678300999642715, 16.611999710195793 ], [ -95.689121819932836, 16.614680341022197 ], [ -95.694201519227875, 16.614300570459225 ], [ -95.694664628798918, 16.614265940669675 ], [ -95.699681920058651, 16.613405620963022 ], [ -95.706275169384767, 16.612254199558663 ], [ -95.706562600168468, 16.612215750245376 ], [ -95.709273849977805, 16.611853139890609 ], [ -95.71238186036085, 16.611436250396284 ], [ -95.718719850268627, 16.610342850048557 ], [ -95.729223629637602, 16.608997829666556 ], [ -95.729932660352858, 16.608504950115901 ], [ -95.7316312501613, 16.607426710160748 ], [ -95.735568630367098, 16.603708419801613 ], [ -95.746347949937956, 16.58728862035224 ], [ -95.746751773626869, 16.582158021452734 ], [ -95.747575548372865, 16.582980007621362 ], [ -95.756591118785138, 16.583686658912292 ], [ -95.760075548347842, 16.587146674579387 ], [ -95.764212883917409, 16.587853325870352 ], [ -95.766049191285532, 16.586029895752045 ], [ -95.768408881364806, 16.583686658912253 ], [ -95.775000000049985, 16.583333333266754 ], [ -95.774646674404494, 16.606591118885106 ], [ -95.774346937860074, 16.606891836119829 ] ] ] ] } },
{ "type": "Feature", "properties": { "HAS_WS": 6742.994, "ID_WS": "2", "S1_N": 45, "S2_N": 258, "S3_N": 278, "S4_N": 278, "S5_N": 365, "S6_N": 140, "S7_N": 135, "S1_P": 1844, "S2_P": 7230, "S3_P": 7230, "S4_P": 7062, "S5_P": 9276, "S6_P": 3557, "S7_P": 3654, "SUM_NUTR": 0 }, "geometry": { "type": "MultiPolygon", "coordinates": [ [ [ [ -95.87047574429738, 16.34443997427768 ], [ -95.870266045041888, 16.343622843319622 ], [ -95.867233954683272, 16.33971049024705 ], [ -95.866666666833169, 16.337499999825216 ], [ -95.851742214231805, 16.337853325470636 ], [ -95.833687167628625, 16.355883111016755 ], [ -95.833333332966959, 16.370833333691504 ], [ -95.829166666908179, 16.370833333691479 ], [ -95.829166666908179, 16.374999999750255 ], [ -95.822575548222972, 16.375353325395658 ], [ -95.814924451702069, 16.382980008020983 ], [ -95.793408881314818, 16.383686659311952 ], [ -95.789924451752029, 16.387146674079865 ], [ -95.785075548297911, 16.387853325370756 ], [ -95.777424451777009, 16.395480007996042 ], [ -95.76666666703305, 16.395833333641455 ], [ -95.765757411974988, 16.392290242201003 ], [ -95.742657131821176, 16.391047498743177 ], [ -95.739360175001693, 16.387094174679319 ], [ -95.738059647676707, 16.385429888251377 ], [ -95.738004340095301, 16.385359110056047 ], [ -95.738050399600951, 16.385291977326922 ], [ -95.767163799699048, 16.342844509600869 ], [ -95.762717199606769, 16.342438539980439 ], [ -95.762935309864019, 16.342120279579902 ], [ -95.780373290263171, 16.334596399814892 ], [ -95.828213280279627, 16.314478680453878 ], [ -95.845598107750234, 16.318062857289316 ], [ -95.855333075767433, 16.31458643412784 ], [ -95.868157147684869, 16.321434862293547 ], [ -95.87867424541831, 16.327050038827345 ], [ -95.87047574429738, 16.34443997427768 ] ] ] ] } },
{ "type": "Feature", "properties": { "HAS_WS": 17080.458, "ID_WS": "3", "S1_N": 0, "S2_N": 0, "S3_N": 54, "S4_N": 54, "S5_N": 149, "S6_N": 121, "S7_N": 94, "S1_P": 0, "S2_P": 0, "S3_P": 1427, "S4_P": 2201, "S5_P": 4616, "S6_P": 3483, "S7_P": 2414, "SUM_NUTR": 0 }, "geometry": { "type": "MultiPolygon", "coordinates": [ [ [ [ -95.708333333216729, 16.712499999975115 ], [ -95.708686658862192, 16.701742214331748 ], [ -95.712146674529421, 16.6982577856683 ], [ -95.712855530058647, 16.689213731928287 ], [ -95.722575547523505, 16.679519992653585 ], [ -95.727454461354299, 16.678808932885982 ], [ -95.741313340538227, 16.664924451802023 ], [ -95.742019992728459, 16.660075548347933 ], [ -95.745480007496369, 16.656591118785229 ], [ -95.746186658787195, 16.651742214431707 ], [ -95.749646674454425, 16.648257785768301 ], [ -95.750357734222007, 16.643378363820528 ], [ -95.760075548347857, 16.633686658812284 ], [ -95.764956834590166, 16.632975260000354 ], [ -95.770819091427896, 16.627083672673358 ], [ -95.766313340488267, 16.622546387006217 ], [ -95.767019992678456, 16.614242214506699 ], [ -95.774346937860074, 16.606891836119829 ], [ -95.774646674404494, 16.606591118885106 ], [ -95.775000000049985, 16.583333333266754 ], [ -95.775913323640978, 16.579774305839596 ], [ -95.791666666983105, 16.579166666308623 ], [ -95.8, 16.579166666308687 ], [ -95.80354309054114, 16.580075751394862 ], [ -95.804166666958082, 16.591666666283629 ], [ -95.804519992603574, 16.594091118910079 ], [ -95.810043165459717, 16.599641927033339 ], [ -95.812499999974975, 16.600000000199916 ], [ -95.8131176417657, 16.606326971812386 ], [ -95.816049025142433, 16.61033969462126 ], [ -95.81728430872387, 16.614660305728563 ], [ -95.820215691201199, 16.618673027638192 ], [ -95.821450974782678, 16.625469292473902 ], [ -95.817284308723856, 16.631173027613208 ], [ -95.816049025142405, 16.635493638720561 ], [ -95.813117641765729, 16.639506361529435 ], [ -95.811882358184207, 16.650736829940733 ], [ -95.820215691201227, 16.660339694521301 ], [ -95.82145097478265, 16.668826971687423 ], [ -95.824382358159284, 16.672839694496354 ], [ -95.825705634107692, 16.6908596459559 ], [ -95.835493469448068, 16.692284138802012 ], [ -95.839506530402048, 16.695215861223051 ], [ -95.841666666883199, 16.695833333041936 ], [ -95.844982401616491, 16.696684095294813 ], [ -95.846400620791997, 16.702210489522525 ], [ -95.849432712050017, 16.70612284349448 ], [ -95.85056728775011, 16.709079996944407 ], [ -95.846400620792011, 16.714456176511376 ], [ -95.845833332941936, 16.720833332991965 ], [ -95.838399589969072, 16.721494547835132 ], [ -95.836612616379099, 16.728458319495907 ], [ -95.826956176486348, 16.729733954758313 ], [ -95.810543823438636, 16.745266045091999 ], [ -95.807586669988751, 16.746400620792116 ], [ -95.802083333479032, 16.742135281118408 ], [ -95.798043823463686, 16.745266045091963 ], [ -95.792327880926891, 16.746732923885379 ], [ -95.791666666983119, 16.754166666858197 ], [ -95.787500000024934, 16.754166666858207 ], [ -95.786649067800241, 16.757482570664163 ], [ -95.783333333066821, 16.75833333291704 ], [ -95.772575548322862, 16.758686659461809 ], [ -95.769091118760088, 16.762146674229651 ], [ -95.764242214406678, 16.762853325520663 ], [ -95.756591118785124, 16.770480007246643 ], [ -95.75000000009986, 16.770833332892018 ], [ -95.749432712249842, 16.768622843369656 ], [ -95.733900621016829, 16.752210490321982 ], [ -95.732826317424752, 16.744079378524322 ], [ -95.732629055186749, 16.742586263245514 ], [ -95.727210489672331, 16.73806728777522 ], [ -95.722789509728088, 16.736932712075056 ], [ -95.718877156655438, 16.733900620817092 ], [ -95.713208516659719, 16.732445950320393 ], [ -95.711932712324796, 16.722789510427674 ], [ -95.708900621066761, 16.718877156455768 ], [ -95.708333333216729, 16.712499999975115 ] ] ] ] } },
{ "type": "Feature", "properties": { "HAS_WS": 11859.05, "ID_WS": "4", "S1_N": 0, "S2_N": 3, "S3_N": 3, "S4_N": 3, "S5_N": 3, "S6_N": 0, "S7_N": 2, "S1_P": 0, "S2_P": 114, "S3_P": 111, "S4_P": 111, "S5_P": 111, "S6_P": 0, "S7_P": 93, "SUM_NUTR": 0 }, "geometry": { "type": "MultiPolygon", "coordinates": [ [ [ [ -95.633333333366636, 16.833333333666459 ], [ -95.633686659012142, 16.830908881040052 ], [ -95.641313340738108, 16.823257785418516 ], [ -95.641800462395167, 16.817043119097949 ], [ -95.642019992028978, 16.81424221500632 ], [ -95.649646674654278, 16.806591118485422 ], [ -95.650353325945218, 16.797575548073155 ], [ -95.662146674629298, 16.785757785493438 ], [ -95.662853325920224, 16.776742214181922 ], [ -95.666313340688077, 16.773257785518403 ], [ -95.66701999197906, 16.755908881189971 ], [ -95.674646674604318, 16.748257785568438 ], [ -95.675353325895259, 16.743408881214918 ], [ -95.678813340663154, 16.739924451652207 ], [ -95.679519992853358, 16.735075548198044 ], [ -95.687146674579324, 16.727424451677198 ], [ -95.687858072492034, 16.722542995462913 ], [ -95.693408881514657, 16.717019992578614 ], [ -95.700000000199822, 16.716666666933243 ], [ -95.703315734933213, 16.715815904680376 ], [ -95.704166666258658, 16.712499999975115 ], [ -95.708333333216729, 16.712499999975115 ], [ -95.708900621066761, 16.718877156455768 ], [ -95.711932712324796, 16.722789510427674 ], [ -95.713208516659719, 16.732445950320393 ], [ -95.718877156655438, 16.733900620817092 ], [ -95.722789509728088, 16.736932712075056 ], [ -95.727210489672331, 16.73806728777522 ], [ -95.732629055186749, 16.742586263245514 ], [ -95.732826317424752, 16.744079378524322 ], [ -95.733900621016829, 16.752210490321982 ], [ -95.749432712249842, 16.768622843369656 ], [ -95.75000000009986, 16.770833332892018 ], [ -95.746684265366497, 16.77168409604424 ], [ -95.745266045291729, 16.777210490271969 ], [ -95.74223395493307, 16.781122843344615 ], [ -95.741099379232978, 16.785543823288958 ], [ -95.738067287974914, 16.789456176361487 ], [ -95.736932712274836, 16.798043823263889 ], [ -95.733900621016844, 16.801956176336599 ], [ -95.732672119222968, 16.815767076689234 ], [ -95.725850931475307, 16.817517428986225 ], [ -95.724432712299802, 16.823043823213911 ], [ -95.717233954982973, 16.831122843244685 ], [ -95.716099378383532, 16.839710490147066 ], [ -95.713067288024931, 16.843622843219737 ], [ -95.711932712324781, 16.84804382316397 ], [ -95.690970527168076, 16.869942558702228 ], [ -95.684184265491481, 16.871684095844369 ], [ -95.683333333266674, 16.874999999650267 ], [ -95.679166666308603, 16.874999999650317 ], [ -95.676742214581523, 16.875353325295752 ], [ -95.673257785018777, 16.878813340962978 ], [ -95.670833333291739, 16.879166666608434 ], [ -95.670480007646162, 16.876742214881332 ], [ -95.667019991979089, 16.8732577853186 ], [ -95.666666666333526, 16.866666666633478 ], [ -95.666311984510472, 16.860048760741854 ], [ -95.648257785068708, 16.842019992328893 ], [ -95.64340888161459, 16.8413133410379 ], [ -95.635757785093702, 16.833686659311894 ], [ -95.633333333366636, 16.833333333666459 ] ] ] ] } },
{ "type": "Feature", "properties": { "HAS_WS": 3072.059, "ID_WS": "5", "S1_N": 0, "S2_N": 0, "S3_N": 0, "S4_N": 0, "S5_N": 0, "S6_N": 0, "S7_N": 0, "S1_P": 0, "S2_P": 0, "S3_P": 0, "S4_P": 0, "S5_P": 0, "S6_P": 0, "S7_P": 0, "SUM_NUTR": 0 }, "geometry": { "type": "MultiPolygon", "coordinates": [ [ [ [ -95.833333332966959, 16.370833333691504 ], [ -95.833687167628625, 16.355883111016755 ], [ -95.851742214231805, 16.337853325470636 ], [ -95.866666666833169, 16.337499999825216 ], [ -95.867233954683272, 16.33971049024705 ], [ -95.870266045041888, 16.343622843319622 ], [ -95.87047574429738, 16.34443997427768 ], [ -95.851631319885868, 16.384395169857044 ], [ -95.853153119062199, 16.388936380482399 ], [ -95.855990399677054, 16.390162950362299 ], [ -95.854932119841891, 16.392934259908486 ], [ -95.858499969448175, 16.394664570438064 ], [ -95.860899259499377, 16.394709569841769 ], [ -95.86068815026195, 16.398773080989702 ], [ -95.8608012502457, 16.39842656981104 ], [ -95.861097180391056, 16.398954850948751 ], [ -95.861799660265035, 16.398718570501412 ], [ -95.862393169317244, 16.39825892047379 ], [ -95.863099318789011, 16.397941250290867 ], [ -95.863915419597646, 16.397878421195152 ], [ -95.864456770187815, 16.397804170238082 ], [ -95.864933229871582, 16.397734600859927 ], [ -95.865812999893706, 16.397537800644461 ], [ -95.866834279990513, 16.397089571167573 ], [ -95.86733128982317, 16.396993689901663 ], [ -95.867696289619957, 16.396926261184966 ], [ -95.868475320179883, 16.396953480612716 ], [ -95.869328850058579, 16.396780379825074 ], [ -95.869706619729698, 16.396766850342622 ], [ -95.86988537930209, 16.396929460179901 ], [ -95.86999236866032, 16.397239521097266 ], [ -95.87010474984875, 16.39754008093151 ], [ -95.870273879861898, 16.397920580534244 ], [ -95.870429628923219, 16.398272890786373 ], [ -95.870774769130449, 16.398427830132061 ], [ -95.871631828566493, 16.398036320700392 ], [ -95.873819999377048, 16.397054350832278 ], [ -95.874470179100712, 16.397358881041136 ], [ -95.875128920000549, 16.397308681343084 ], [ -95.8752822498992, 16.397578779928178 ], [ -95.875275549792363, 16.397976150504373 ], [ -95.874964678928706, 16.398292020496044 ], [ -95.874801458829495, 16.398833660147012 ], [ -95.875043659561001, 16.399437920681439 ], [ -95.875503250026142, 16.399713201268668 ], [ -95.876023060129981, 16.399894060045302 ], [ -95.877161420064283, 16.399653399840407 ], [ -95.877793319924777, 16.399327690482274 ], [ -95.878435938990791, 16.399060691107898 ], [ -95.878735059479581, 16.399357769770301 ], [ -95.879141649812951, 16.399689979995806 ], [ -95.879985089485075, 16.399424350902063 ], [ -95.879721153608031, 16.400000006440468 ], [ -95.879166666808217, 16.399999999700388 ], [ -95.879166666808203, 16.404166666658384 ], [ -95.875708516334981, 16.405054050204278 ], [ -95.8744327120001, 16.414710490097061 ], [ -95.871400621641314, 16.418622843169747 ], [ -95.870266045041916, 16.423043823114 ], [ -95.867233954683286, 16.426956177086026 ], [ -95.866099378983151, 16.431377156130928 ], [ -95.858900620766988, 16.43945617706099 ], [ -95.857766045066924, 16.443877157005307 ], [ -95.855994475268645, 16.446163071548 ], [ -95.854733954708195, 16.447789510077879 ], [ -95.853599379008088, 16.450746663527713 ], [ -95.857766045066953, 16.456122843094818 ], [ -95.858333332916999, 16.462499999575371 ], [ -95.855828908805577, 16.462365734966887 ], [ -95.85171288374255, 16.462144978707865 ], [ -95.845480007296544, 16.45588107655049 ], [ -95.845585088505558, 16.454026547977097 ], [ -95.846186659486705, 16.443408880915211 ], [ -95.846794273835854, 16.44279703494491 ], [ -95.850353325545527, 16.439213053439655 ], [ -95.8496466742546, 16.426742214881344 ], [ -95.846186659486733, 16.423257785318579 ], [ -95.845480007296544, 16.401742214931353 ], [ -95.84480769541112, 16.401065177146421 ], [ -95.842019992528606, 16.398257785368649 ], [ -95.841313341237651, 16.393408881015105 ], [ -95.837853325570563, 16.389924452351618 ], [ -95.837146674279523, 16.380908881040057 ], [ -95.833686659511656, 16.377424452376605 ], [ -95.833333332966959, 16.370833333691504 ] ] ] ] } },
{ "type": "Feature", "properties": { "HAS_WS": 13482.532, "ID_WS": "6", "S1_N": 405, "S2_N": 1394, "S3_N": 1482, "S4_N": 1482, "S5_N": 619, "S6_N": 106, "S7_N": 106, "S1_P": 14125, "S2_P": 35514, "S3_P": 35514, "S4_P": 37646, "S5_P": 15714, "S6_P": 2703, "S7_P": 2703, "SUM_NUTR": 0 }, "geometry": { "type": "MultiPolygon", "coordinates": [ [ [ [ -95.739360175001693, 16.387094174679319 ], [ -95.742657131821176, 16.391047498743177 ], [ -95.765757411974988, 16.392290242201003 ], [ -95.76666666703305, 16.395833333641455 ], [ -95.777424451777009, 16.395480007996042 ], [ -95.785075548297911, 16.387853325370756 ], [ -95.789924451752029, 16.387146674079865 ], [ -95.793408881314818, 16.383686659311952 ], [ -95.814924451702069, 16.382980008020983 ], [ -95.822575548222972, 16.375353325395658 ], [ -95.829166666908179, 16.374999999750255 ], [ -95.829166666908179, 16.370833333691479 ], [ -95.833333332966959, 16.370833333691504 ], [ -95.833686659511656, 16.377424452376605 ], [ -95.837146674279523, 16.380908881040057 ], [ -95.837853325570563, 16.389924452351618 ], [ -95.841313341237651, 16.393408881015105 ], [ -95.842019992528606, 16.398257785368649 ], [ -95.84480769541112, 16.401065177146421 ], [ -95.845480007296544, 16.401742214931353 ], [ -95.846186659486733, 16.423257785318579 ], [ -95.8496466742546, 16.426742214881344 ], [ -95.850353325545527, 16.439213053439655 ], [ -95.846794273835854, 16.44279703494491 ], [ -95.846186659486705, 16.443408880915211 ], [ -95.845585088505558, 16.454026547977097 ], [ -95.845480007296544, 16.45588107655049 ], [ -95.85171288374255, 16.462144978707865 ], [ -95.855828908805577, 16.462365734966887 ], [ -95.858333332916999, 16.462499999575371 ], [ -95.858648200761593, 16.464660560258931 ], [ -95.858686659461739, 16.464924452201824 ], [ -95.866313341187691, 16.472575547823347 ], [ -95.867019992478617, 16.476713053364822 ], [ -95.862853325520518, 16.480908881739541 ], [ -95.862499999875126, 16.48750000042476 ], [ -95.852294356471887, 16.487258550708447 ], [ -95.84757554817304, 16.487146673879923 ], [ -95.839924451652109, 16.479519992153971 ], [ -95.835075548197992, 16.478813340863038 ], [ -95.831250000387172, 16.475014580258787 ], [ -95.827424451677132, 16.478813340863052 ], [ -95.812499999974989, 16.479166666508522 ], [ -95.797575548272903, 16.479519992153971 ], [ -95.793379550825648, 16.483686659112134 ], [ -95.789242214356676, 16.482980007821158 ], [ -95.785046216909393, 16.478813340863038 ], [ -95.77257554832282, 16.479519992153907 ], [ -95.769091118760088, 16.482980007821158 ], [ -95.764242214406607, 16.483686659112109 ], [ -95.760757785743223, 16.487146673879934 ], [ -95.755908881389701, 16.487853326070248 ], [ -95.747548930238921, 16.496186659087083 ], [ -95.739242214456596, 16.495480007796203 ], [ -95.735757785793197, 16.492019992129045 ], [ -95.720833333191734, 16.491666666483528 ], [ -95.7204800075463, 16.48924221475648 ], [ -95.712853325820248, 16.481591119134876 ], [ -95.712500000174884, 16.47500000044975 ], [ -95.710320113607452, 16.474806116862553 ], [ -95.72114811895122, 16.458072620959705 ], [ -95.724766590156136, 16.452940181207794 ], [ -95.734153090302854, 16.439624430108093 ], [ -95.735149657037013, 16.438191911501839 ], [ -95.756841180151582, 16.407003369801348 ], [ -95.749587749653926, 16.399805949569032 ], [ -95.74828197983939, 16.398510170440076 ], [ -95.746566970235776, 16.396315889704518 ], [ -95.739360175001693, 16.387094174679319 ] ] ] ] } },
{ "type": "Feature", "properties": { "HAS_WS": 4386.524, "ID_WS": "7", "S1_N": 138, "S2_N": 208, "S3_N": 166, "S4_N": 166, "S5_N": 166, "S6_N": 12, "S7_N": 0, "S1_P": 5482, "S2_P": 8260, "S3_P": 7101, "S4_P": 6410, "S5_P": 6408, "S6_P": 160, "S7_P": 0, "SUM_NUTR": 0 }, "geometry": { "type": "MultiPolygon", "coordinates": [ [ [ [ -95.8672393438803, 16.773509716973678 ], [ -95.87017737458612, 16.775959946994039 ], [ -95.870833332891991, 16.783333333766375 ], [ -95.866666666833169, 16.783333333766414 ], [ -95.866666666833197, 16.787499999825187 ], [ -95.847575548172969, 16.787853325470692 ], [ -95.844091118610237, 16.791313341137879 ], [ -95.8391753033155, 16.791475069371813 ], [ -95.8225755482229, 16.79201999242877 ], [ -95.814924451702026, 16.799646674154779 ], [ -95.804166666958082, 16.799999999800139 ], [ -95.800708516484818, 16.799112616254224 ], [ -95.799432712149894, 16.789456176361487 ], [ -95.796400620891959, 16.785543823288933 ], [ -95.795266045191838, 16.781122843344654 ], [ -95.792233954833137, 16.77721049027198 ], [ -95.791666666983119, 16.754166666858197 ], [ -95.792327880926891, 16.746732923885379 ], [ -95.798043823463686, 16.745266045091963 ], [ -95.802083333479032, 16.742135281118408 ], [ -95.807586669988751, 16.746400620792116 ], [ -95.810543823438636, 16.745266045091999 ], [ -95.826956176486348, 16.729733954758313 ], [ -95.836612616379099, 16.728458319495907 ], [ -95.838399589969072, 16.721494547835132 ], [ -95.845833332941936, 16.720833332991965 ], [ -95.846186659486733, 16.723257785618394 ], [ -95.849646674254558, 16.726742214281828 ], [ -95.849999999900021, 16.733333332967003 ], [ -95.850529480251296, 16.752248127848901 ], [ -95.853770786192825, 16.756250000337303 ], [ -95.849517992061621, 16.761500719082971 ], [ -95.85088636631275, 16.765894232832625 ], [ -95.854166666858106, 16.766666666833309 ], [ -95.855054050404092, 16.770124986379123 ], [ -95.864710490296872, 16.771400621641472 ], [ -95.8672393438803, 16.773509716973678 ] ] ] ] } },
{ "type": "Feature", "properties": { "HAS_WS": 11283.432, "ID_WS": "8", "S1_N": 62, "S2_N": 73, "S3_N": 73, "S4_N": 73, "S5_N": 72, "S6_N": 0, "S7_N": 0, "S1_P": 2529, "S2_P": 2960, "S3_P": 2960, "S4_P": 2960, "S5_P": 2926, "S6_P": 0, "S7_P": 0, "SUM_NUTR": 0 }, "geometry": { "type": "MultiPolygon", "coordinates": [ [ [ [ -95.795372246037545, 16.851796679436816 ], [ -95.795266045191823, 16.852210490122037 ], [ -95.793229835402173, 16.854837871163809 ], [ -95.792233954833151, 16.856122843194747 ], [ -95.79219136114304, 16.856758147723667 ], [ -95.791099379133016, 16.873043823114052 ], [ -95.788067287874981, 16.876956177085987 ], [ -95.786649067800283, 16.882482571313695 ], [ -95.781122843544367, 16.883900621416629 ], [ -95.778108148468675, 16.886414793043194 ], [ -95.777663879853279, 16.88636832013102 ], [ -95.777643350061481, 16.886369510065631 ], [ -95.754185198692113, 16.887668770817289 ], [ -95.744617450073903, 16.888197919974665 ], [ -95.74448520030866, 16.888205289932298 ], [ -95.717068629956557, 16.889604830518248 ], [ -95.717012490211204, 16.889607740824708 ], [ -95.694420750297525, 16.872913801241634 ], [ -95.694299450017894, 16.873030630208408 ], [ -95.686583321889856, 16.880539591575179 ], [ -95.685543823688491, 16.879733954458498 ], [ -95.680017598533354, 16.878315904355553 ], [ -95.679166666308603, 16.874999999650317 ], [ -95.683333333266674, 16.874999999650267 ], [ -95.684184265491481, 16.871684095844369 ], [ -95.690970527168076, 16.869942558702228 ], [ -95.711932712324781, 16.84804382316397 ], [ -95.713067288024931, 16.843622843219737 ], [ -95.716099378383532, 16.839710490147066 ], [ -95.717233954982973, 16.831122843244685 ], [ -95.724432712299802, 16.823043823213911 ], [ -95.725850931475307, 16.817517428986225 ], [ -95.732672119222968, 16.815767076689234 ], [ -95.733900621016844, 16.801956176336599 ], [ -95.736932712274836, 16.798043823263889 ], [ -95.738067287974914, 16.789456176361487 ], [ -95.741099379232978, 16.785543823288958 ], [ -95.74223395493307, 16.781122843344615 ], [ -95.745266045291729, 16.777210490271969 ], [ -95.746684265366497, 16.77168409604424 ], [ -95.75000000009986, 16.770833332892018 ], [ -95.756591118785124, 16.770480007246643 ], [ -95.764242214406678, 16.762853325520663 ], [ -95.769091118760088, 16.762146674229651 ], [ -95.772575548322862, 16.758686659461809 ], [ -95.783333333066821, 16.75833333291704 ], [ -95.786649067800241, 16.757482570664163 ], [ -95.787500000024934, 16.754166666858207 ], [ -95.791666666983119, 16.754166666858197 ], [ -95.792233954833137, 16.77721049027198 ], [ -95.795266045191838, 16.781122843344654 ], [ -95.796400620891959, 16.785543823288933 ], [ -95.799432712149894, 16.789456176361487 ], [ -95.800708516484818, 16.799112616254224 ], [ -95.804166666958082, 16.799999999800139 ], [ -95.804733954808128, 16.806377156280849 ], [ -95.807766045166815, 16.810289510252794 ], [ -95.808900620866964, 16.814710490197026 ], [ -95.811932712124957, 16.818622843269644 ], [ -95.813067287825064, 16.821579996719585 ], [ -95.808900620866993, 16.826956177185892 ], [ -95.807766045166801, 16.831377156230833 ], [ -95.800567287850001, 16.839456177160883 ], [ -95.799432712149923, 16.843877156205888 ], [ -95.796400620891944, 16.847789510177783 ], [ -95.795372246037545, 16.851796679436816 ] ] ] ] } },
{ "type": "Feature", "properties": { "HAS_WS": 20843.306, "ID_WS": "9", "S1_N": 464, "S2_N": 1299, "S3_N": 1592, "S4_N": 1592, "S5_N": 2320, "S6_N": 432, "S7_N": 600, "S1_P": 13809, "S2_P": 33021, "S3_P": 32053, "S4_P": 40693, "S5_P": 59195, "S6_P": 10966, "S7_P": 15348, "SUM_NUTR": 0 }, "geometry": { "type": "MultiPolygon", "coordinates": [ [ [ [ -95.941551653253342, 16.391275627692167 ], [ -95.947864879723198, 16.386648480625563 ], [ -95.943786950173319, 16.380516320229198 ], [ -95.944237220371861, 16.380086940311038 ], [ -95.945582550416887, 16.380098910283948 ], [ -95.945583324398683, 16.380099232439584 ], [ -95.946501909694859, 16.380481220542706 ], [ -95.947680549769998, 16.381346259806154 ], [ -95.949324339063054, 16.381718400786294 ], [ -95.950060659275806, 16.382498451120465 ], [ -95.950069492662209, 16.382497748835924 ], [ -95.951917169318477, 16.38235080079415 ], [ -95.953508398752831, 16.381325279949117 ], [ -95.954628078936111, 16.380367179679823 ], [ -95.955556478860146, 16.379259780063276 ], [ -95.956580579523504, 16.378213680555774 ], [ -95.956588828093018, 16.378215744514016 ], [ -95.959984830460229, 16.37906534008604 ], [ -95.960187337067637, 16.379773234125448 ], [ -95.960409058836674, 16.380548290364832 ], [ -95.960702628784489, 16.381893490024442 ], [ -95.961315339453776, 16.383892170876155 ], [ -95.96123118010037, 16.386370881357198 ], [ -95.9606739991426, 16.388726919813767 ], [ -95.960877660071787, 16.390736580152456 ], [ -95.961158600167977, 16.391794999644326 ], [ -95.961776779502102, 16.393472170740147 ], [ -95.963538689431758, 16.394440800010422 ], [ -95.965789709486273, 16.394740179832755 ], [ -95.965789802013191, 16.394739280199502 ], [ -95.965922968688886, 16.3934488005407 ], [ -95.966793459351692, 16.392063150276964 ], [ -95.96774308047668, 16.390644219615581 ], [ -95.970094119628385, 16.389950829579021 ], [ -95.9700993233633, 16.389952609411477 ], [ -95.972281067289344, 16.390698658986871 ], [ -95.972845149022831, 16.390891540977535 ], [ -95.975148660372042, 16.392174140623922 ], [ -95.977079090239812, 16.393617680376281 ], [ -95.977562249855765, 16.395547430768506 ], [ -95.977393062679113, 16.39643576686408 ], [ -95.97726659938985, 16.397099769907275 ], [ -95.976684079227951, 16.39889408052202 ], [ -95.976986679393988, 16.400330030641079 ], [ -95.977876320337927, 16.402051950765319 ], [ -95.97881371995048, 16.40367025033343 ], [ -95.979583089860526, 16.405059120398235 ], [ -95.981929260062756, 16.408019059834672 ], [ -95.982586258557902, 16.409137221107425 ], [ -95.983807508948104, 16.409728461212669 ], [ -95.984795480424992, 16.410653979647076 ], [ -95.985183339892373, 16.412366539565866 ], [ -95.984561738750983, 16.413569969847849 ], [ -95.98382202868244, 16.414743260682709 ], [ -95.983140199578742, 16.415563370156342 ], [ -95.983093199364106, 16.415969879932078 ], [ -95.983195258601981, 16.416249110060665 ], [ -95.98307305964461, 16.416326090322002 ], [ -95.98309371906916, 16.416768740936007 ], [ -95.983059169995428, 16.41723901973252 ], [ -95.983010079717943, 16.417669229628203 ], [ -95.982689428878231, 16.418164819730052 ], [ -95.982938379158, 16.418559860684908 ], [ -95.982947785573131, 16.418559510753351 ], [ -95.983659078624967, 16.418533061020547 ], [ -95.984079950112204, 16.418493350674666 ], [ -95.984631139099832, 16.41823977111574 ], [ -95.984640409038548, 16.418240451653258 ], [ -95.9851176804479, 16.418275479729186 ], [ -95.985398970079984, 16.418612481260986 ], [ -95.985408235573331, 16.418612146224575 ], [ -95.9858846889652, 16.418594910218609 ], [ -95.986167258619133, 16.41829250963205 ], [ -95.987137919546129, 16.418204091287137 ], [ -95.987587260316886, 16.417973920788391 ], [ -95.988039049093828, 16.417903550362329 ], [ -95.988044058533148, 16.41790470893346 ], [ -95.988560030232705, 16.418024020972251 ], [ -95.988563455258472, 16.418022928566707 ], [ -95.988944738800384, 16.417901309702359 ], [ -95.989692798619245, 16.417758200417214 ], [ -95.989697346010516, 16.417759620015229 ], [ -95.990177229644416, 16.417909449568299 ], [ -95.990220769379448, 16.41823440101323 ], [ -95.990230395425812, 16.418232911495949 ], [ -95.990918859967877, 16.418126380604637 ], [ -95.990924652920569, 16.418127412839137 ], [ -95.991336908995891, 16.41820086053675 ], [ -95.991338221235267, 16.418199734027638 ], [ -95.991699028670411, 16.417890020780437 ], [ -95.991708753955081, 16.417890551428467 ], [ -95.992400018902501, 16.417928291243815 ], [ -95.993149119146139, 16.418931181004492 ], [ -95.992977310328314, 16.419689779700807 ], [ -95.993192910437784, 16.420700290600976 ], [ -95.993825568674055, 16.421720919736323 ], [ -95.994118108753227, 16.423164860631683 ], [ -95.995935919996356, 16.424196750829449 ], [ -95.996899138826649, 16.425363199814377 ], [ -95.999084229583445, 16.425618260759983 ], [ -95.999999999906549, 16.426438980601901 ], [ -96.000706369855266, 16.427339971315764 ], [ -96.001132879622773, 16.427689379946315 ], [ -96.001645518926878, 16.427832880091284 ], [ -96.002290489099309, 16.427920310073148 ], [ -96.00229357715304, 16.42791978856242 ], [ -96.003249429329742, 16.427758320615641 ], [ -96.003752369723387, 16.427717740239647 ], [ -96.003755654802077, 16.427718670719369 ], [ -96.004300770362846, 16.427873140827487 ], [ -96.004681720347079, 16.4280266607417 ], [ -96.005144749921101, 16.428318980592714 ], [ -96.006308309553376, 16.429055719950764 ], [ -96.007852030243967, 16.430003311118817 ], [ -96.00822069011312, 16.430191251212356 ], [ -96.008932569357583, 16.43068160116837 ], [ -96.009310939839054, 16.431053520758621 ], [ -96.009843419983028, 16.431541941050636 ], [ -96.010390368959762, 16.431823711304322 ], [ -96.010722919194436, 16.432022689552948 ], [ -96.011064260453637, 16.432486079891305 ], [ -96.011406120168914, 16.432915080131181 ], [ -96.011973479302199, 16.433484369867205 ], [ -96.01241458008883, 16.433615540743524 ], [ -96.014140920281932, 16.434312320514902 ], [ -96.025511274637765, 16.431646265454066 ], [ -96.026956176986005, 16.432766045716509 ], [ -96.029166666508374, 16.433333333566555 ], [ -96.029166666508445, 16.437499999625377 ], [ -96.028511217218849, 16.439622327708292 ], [ -96.025655449739219, 16.443711005458599 ], [ -96.024262661592545, 16.465929497648272 ], [ -96.021987811697684, 16.46607223636699 ], [ -96.002044338475457, 16.467322116722382 ], [ -95.997916667020576, 16.470205349497316 ], [ -95.992892141807161, 16.46669556321287 ], [ -95.991912502559899, 16.466011217243892 ], [ -95.987357335545298, 16.466924992006774 ], [ -95.98342980294305, 16.467712741749644 ], [ -95.982691395772221, 16.468769913821745 ], [ -95.979822116797223, 16.472877672366792 ], [ -95.978620793242655, 16.49204306358542 ], [ -95.978401523411591, 16.49554070394035 ], [ -95.972955661674433, 16.499344550210868 ], [ -95.966666666633316, 16.500000000399712 ], [ -95.964211527340041, 16.500357733622572 ], [ -95.954519992303759, 16.510075547748354 ], [ -95.953813341012861, 16.519091119060018 ], [ -95.950353325345645, 16.52257554772341 ], [ -95.949645656921547, 16.539951579202107 ], [ -95.939924452351519, 16.549646674654351 ], [ -95.937499999725162, 16.550000000299828 ], [ -95.930908881039997, 16.550353325945292 ], [ -95.927424452376599, 16.55381334071317 ], [ -95.92257554802309, 16.554519992004103 ], [ -95.918379550575779, 16.558686658962181 ], [ -95.914242215006198, 16.557980007671297 ], [ -95.906591118485252, 16.550353325945331 ], [ -95.901742215031149, 16.549646674654351 ], [ -95.894091118510289, 16.542019992029065 ], [ -95.888412003300928, 16.541574920566944 ], [ -95.885075548098015, 16.541313340738249 ], [ -95.880077532672573, 16.536322106678277 ], [ -95.864924451602121, 16.521186659037188 ], [ -95.86249999987507, 16.520833333391707 ], [ -95.861970520423185, 16.51025187152673 ], [ -95.85872921448167, 16.506249999937662 ], [ -95.861970520423156, 16.502248128348516 ], [ -95.863029480226302, 16.497751871551639 ], [ -95.867196146285096, 16.49260728629735 ], [ -95.865754699419796, 16.4882666697711 ], [ -95.862499999875126, 16.48750000042476 ], [ -95.862853325520518, 16.480908881739541 ], [ -95.867019992478617, 16.476713053364822 ], [ -95.866313341187691, 16.472575547823347 ], [ -95.858686659461739, 16.464924452201824 ], [ -95.858648200761593, 16.464660560258931 ], [ -95.858333332916999, 16.462499999575371 ], [ -95.857766045066953, 16.456122843094818 ], [ -95.853599379008088, 16.450746663527713 ], [ -95.854733954708195, 16.447789510077879 ], [ -95.855994475268645, 16.446163071548 ], [ -95.857766045066924, 16.443877157005307 ], [ -95.858900620766988, 16.43945617706099 ], [ -95.866099378983151, 16.431377156130928 ], [ -95.867233954683286, 16.426956177086026 ], [ -95.870266045041916, 16.423043823114 ], [ -95.871400621641314, 16.418622843169747 ], [ -95.8744327120001, 16.414710490097061 ], [ -95.875708516334981, 16.405054050204278 ], [ -95.879166666808203, 16.404166666658384 ], [ -95.879166666808217, 16.399999999700388 ], [ -95.879721153608031, 16.400000006440468 ], [ -95.879595949328575, 16.400273080773765 ], [ -95.879439999379287, 16.400913459688777 ], [ -95.879422148694005, 16.401171089852348 ], [ -95.879279749379137, 16.401885349655142 ], [ -95.879387829476912, 16.402902260347403 ], [ -95.879791000218773, 16.403039421354364 ], [ -95.879837859344676, 16.403786201322156 ], [ -95.879655600359143, 16.40424460103463 ], [ -95.879260079020341, 16.404660320665194 ], [ -95.879038600009522, 16.404971279927501 ], [ -95.879251479060827, 16.405233661002594 ], [ -95.879320120389494, 16.405537580829282 ], [ -95.879506490098223, 16.405904510734842 ], [ -95.880811228605722, 16.405302719831308 ], [ -95.882049059319058, 16.405047320903606 ], [ -95.882815718572019, 16.405047201044027 ], [ -95.88326029020854, 16.404592290156508 ], [ -95.883534719325468, 16.404678980728367 ], [ -95.883830338931418, 16.4051716303501 ], [ -95.884765648906154, 16.405455060006268 ], [ -95.885035428745411, 16.406328951272677 ], [ -95.885051399019801, 16.406960861120272 ], [ -95.884722539947376, 16.407325749749372 ], [ -95.883867199411526, 16.407555489665508 ], [ -95.883339828680562, 16.407652050664321 ], [ -95.882861479066619, 16.40798092053284 ], [ -95.882743889031417, 16.408319939670292 ], [ -95.882971710171361, 16.408579000763492 ], [ -95.88346342029503, 16.408943111208995 ], [ -95.883995279489596, 16.409393719682861 ], [ -95.884515479024486, 16.409904551199514 ], [ -95.885321109016175, 16.410260050848944 ], [ -95.886050489877817, 16.409517620416565 ], [ -95.886418979576234, 16.409042799604272 ], [ -95.88662667993151, 16.408439150176058 ], [ -95.886782258609372, 16.407384261177384 ], [ -95.887526769662884, 16.407087581317651 ], [ -95.888265740158474, 16.407227601100129 ], [ -95.889198450142757, 16.407507090990485 ], [ -95.889759680066732, 16.407733880024054 ], [ -95.89061683030522, 16.407418080969148 ], [ -95.891311749746833, 16.406934431182108 ], [ -95.891679908718217, 16.40598985023728 ], [ -95.892125049590106, 16.405456490337809 ], [ -95.892692880286887, 16.405284860844315 ], [ -95.893097510096354, 16.405407350597642 ], [ -95.893369940081257, 16.405647020513943 ], [ -95.893450290003372, 16.406051459802718 ], [ -95.893645628950679, 16.406466259707734 ], [ -95.894065429818099, 16.407080770599752 ], [ -95.89421836916938, 16.407672149611287 ], [ -95.894059179778253, 16.408401109908013 ], [ -95.89438151990305, 16.408687380453109 ], [ -95.894808119864507, 16.408181150097644 ], [ -95.89536508966286, 16.407398399569253 ], [ -95.89594511884863, 16.407172510683488 ], [ -95.896436719355293, 16.407305860696308 ], [ -95.896664620277107, 16.407900260340575 ], [ -95.896895579837818, 16.4082942501174 ], [ -95.897393428740131, 16.408013830993852 ], [ -95.897521509562722, 16.40720554990644 ], [ -95.897668828639098, 16.406353549688529 ], [ -95.898219259793436, 16.40556094959485 ], [ -95.899304749744047, 16.405304680624237 ], [ -95.899847169143314, 16.405053940516861 ], [ -95.900255970339643, 16.404580489974894 ], [ -95.902703279909261, 16.405456109817116 ], [ -95.90334754000186, 16.405394139699123 ], [ -95.903818320272407, 16.405407140683945 ], [ -95.903999450385328, 16.405604080092814 ], [ -95.904001578746374, 16.40600205031453 ], [ -95.903734369325676, 16.406420519887881 ], [ -95.902971090140994, 16.407001400912016 ], [ -95.902340629781136, 16.407594880941591 ], [ -95.902057280044787, 16.408458820836064 ], [ -95.902308599142643, 16.409823770421088 ], [ -95.902747939787943, 16.410314850660722 ], [ -95.904332909053011, 16.410095310579845 ], [ -95.904686518625411, 16.410104170031257 ], [ -95.904904218728674, 16.410386310294413 ], [ -95.905239059770182, 16.411267800500628 ], [ -95.90570113994464, 16.411503801296501 ], [ -95.906326340074273, 16.411448740063559 ], [ -95.907463890355686, 16.411025940643988 ], [ -95.907920180139556, 16.410711821335109 ], [ -95.90812957017593, 16.41021392131233 ], [ -95.907963618932428, 16.409555940651614 ], [ -95.907934400369172, 16.4090265996496 ], [ -95.908568978955415, 16.408922370906655 ], [ -95.909318549805178, 16.409611510360445 ], [ -95.91048339967665, 16.411091910591857 ], [ -95.910776889647508, 16.411921511322127 ], [ -95.910717079011519, 16.41249574045462 ], [ -95.911073149945153, 16.413220030173033 ], [ -95.911503678942935, 16.413612970790698 ], [ -95.920593568610073, 16.40667137064893 ], [ -95.920764569607798, 16.406507310398165 ], [ -95.941551653253342, 16.391275627692167 ] ] ] ] } },
{ "type": "Feature", "properties": { "HAS_WS": 12646.933, "ID_WS": "10", "S1_N": 3, "S2_N": 10, "S3_N": 10, "S4_N": 10, "S5_N": 0, "S6_N": 0, "S7_N": 0, "S1_P": 113, "S2_P": 246, "S3_P": 246, "S4_P": 246, "S5_P": 0, "S6_P": 0, "S7_P": 0, "SUM_NUTR": 0 }, "geometry": { "type": "MultiPolygon", "coordinates": [ [ [ [ -95.704274098685346, 16.517874405272554 ], [ -95.68913576011326, 16.512623369053991 ], [ -95.686443709099962, 16.511689379754227 ], [ -95.710320113607452, 16.474806116862553 ], [ -95.712500000174884, 16.47500000044975 ], [ -95.712853325820248, 16.481591119134876 ], [ -95.7204800075463, 16.48924221475648 ], [ -95.720833333191734, 16.491666666483528 ], [ -95.735757785793197, 16.492019992129045 ], [ -95.739242214456596, 16.495480007796203 ], [ -95.747548930238921, 16.496186659087083 ], [ -95.755908881389701, 16.487853326070248 ], [ -95.760757785743223, 16.487146673879934 ], [ -95.764242214406607, 16.483686659112109 ], [ -95.769091118760088, 16.482980007821158 ], [ -95.77257554832282, 16.479519992153907 ], [ -95.785046216909393, 16.478813340863038 ], [ -95.789242214356676, 16.482980007821158 ], [ -95.793379550825648, 16.483686659112134 ], [ -95.797575548272903, 16.479519992153971 ], [ -95.812499999974989, 16.479166666508522 ], [ -95.827424451677132, 16.478813340863052 ], [ -95.831250000387172, 16.475014580258787 ], [ -95.835075548197992, 16.478813340863038 ], [ -95.839924451652109, 16.479519992153971 ], [ -95.84757554817304, 16.487146673879923 ], [ -95.852294356471887, 16.487258550708447 ], [ -95.862499999875126, 16.48750000042476 ], [ -95.865754699419796, 16.4882666697711 ], [ -95.867196146285096, 16.49260728629735 ], [ -95.863029480226302, 16.497751871551639 ], [ -95.861970520423156, 16.502248128348516 ], [ -95.85872921448167, 16.506249999937662 ], [ -95.861970520423185, 16.51025187152673 ], [ -95.86249999987507, 16.520833333391707 ], [ -95.861463726470831, 16.52092553009485 ], [ -95.856984666377315, 16.521323945432393 ], [ -95.855066256902234, 16.521494547335539 ], [ -95.854298562563528, 16.524486138243425 ], [ -95.853315734633398, 16.528315904155765 ], [ -95.850101282480253, 16.529140772810628 ], [ -95.847789510377524, 16.529733954258614 ], [ -95.846348232411728, 16.531041308220757 ], [ -95.838275822355811, 16.538362975085207 ], [ -95.838202921727444, 16.53842909082994 ], [ -95.837366425323012, 16.544761002281835 ], [ -95.836932712074983, 16.548043822864212 ], [ -95.832373555794916, 16.553510878024706 ], [ -95.825995077748729, 16.554078381040402 ], [ -95.818622843469399, 16.554733954208675 ], [ -95.814710489497458, 16.557766045466678 ], [ -95.810289510452549, 16.558900621166803 ], [ -95.80061831987949, 16.567672729812671 ], [ -95.8, 16.579166666308687 ], [ -95.791666666983105, 16.579166666308623 ], [ -95.775913323640978, 16.579774305839596 ], [ -95.775000000049985, 16.583333333266754 ], [ -95.768408881364806, 16.583686658912253 ], [ -95.766049191285532, 16.586029895752045 ], [ -95.764212883917409, 16.587853325870352 ], [ -95.760075548347842, 16.587146674579387 ], [ -95.756591118785138, 16.583686658912292 ], [ -95.747575548372865, 16.582980007621362 ], [ -95.746751773626869, 16.582158021452734 ], [ -95.746765279658177, 16.581986420990209 ], [ -95.748241980388386, 16.579171420782565 ], [ -95.750754050034985, 16.575672109871775 ], [ -95.751200910290621, 16.571047740401529 ], [ -95.755227149772381, 16.56257233989971 ], [ -95.762080418838195, 16.548143710722812 ], [ -95.764474399905353, 16.544735720151259 ], [ -95.760157719064878, 16.540625889658664 ], [ -95.76057018035165, 16.537385771218158 ], [ -95.753698279372287, 16.53500505044121 ], [ -95.704274098685346, 16.517874405272554 ] ] ] ] } },
{ "type": "Feature", "properties": { "HAS_WS": 19884.26, "ID_WS": "11", "S1_N": 445, "S2_N": 551, "S3_N": 248, "S4_N": 248, "S5_N": 248, "S6_N": 197, "S7_N": 195, "S1_P": 18158, "S2_P": 22065, "S3_P": 4557, "S4_P": 6325, "S5_P": 6321, "S6_P": 4252, "S7_P": 4729, "SUM_NUTR": 0 }, "geometry": { "type": "MultiPolygon", "coordinates": [ [ [ [ -95.778108148468675, 16.886414793043194 ], [ -95.781122843544367, 16.883900621416629 ], [ -95.786649067800283, 16.882482571313695 ], [ -95.788067287874981, 16.876956177085987 ], [ -95.791099379133016, 16.873043823114052 ], [ -95.79219136114304, 16.856758147723667 ], [ -95.792233954833151, 16.856122843194747 ], [ -95.793229835402173, 16.854837871163809 ], [ -95.795266045191823, 16.852210490122037 ], [ -95.795372246037545, 16.851796679436816 ], [ -95.796400620891944, 16.847789510177783 ], [ -95.799432712149923, 16.843877156205888 ], [ -95.800567287850001, 16.839456177160883 ], [ -95.807766045166801, 16.831377156230833 ], [ -95.808900620866993, 16.826956177185892 ], [ -95.813067287825064, 16.821579996719585 ], [ -95.811932712124957, 16.818622843269644 ], [ -95.808900620866964, 16.814710490197026 ], [ -95.807766045166815, 16.810289510252794 ], [ -95.804733954808128, 16.806377156280849 ], [ -95.804166666958082, 16.799999999800139 ], [ -95.814924451702026, 16.799646674154779 ], [ -95.8225755482229, 16.79201999242877 ], [ -95.8391753033155, 16.791475069371813 ], [ -95.844091118610237, 16.791313341137879 ], [ -95.847575548172969, 16.787853325470692 ], [ -95.866666666833197, 16.787499999825187 ], [ -95.866666666833169, 16.783333333766414 ], [ -95.870833332891991, 16.783333333766375 ], [ -95.871732923835367, 16.786838785881326 ], [ -95.879166666808189, 16.787499999825172 ], [ -95.879784308598914, 16.797993638395759 ], [ -95.882715691076271, 16.802006361204626 ], [ -95.884319559999653, 16.807616170250178 ], [ -95.897993469323168, 16.80895080553535 ], [ -95.911411709482792, 16.821193780168908 ], [ -95.913117641565847, 16.827160305303881 ], [ -95.924382357959459, 16.839506361129736 ], [ -95.925617641540896, 16.843826972237071 ], [ -95.92854902491753, 16.847839694146675 ], [ -95.929784308498967, 16.852160305253967 ], [ -95.932715691875657, 16.85617302806288 ], [ -95.933950975457151, 16.864660305228956 ], [ -95.936882357934493, 16.868673028037879 ], [ -95.93811764151593, 16.871302625915568 ], [ -95.933888584090795, 16.877091810138982 ], [ -95.945278083216948, 16.889574856094779 ], [ -95.942284308474029, 16.893673027987923 ], [ -95.941049024892564, 16.904635958882427 ], [ -95.945215691850663, 16.910339694921085 ], [ -95.946450975432185, 16.912969292798689 ], [ -95.942284308474072, 16.918673027937928 ], [ -95.941049024892564, 16.932333712730717 ], [ -95.953195021133283, 16.934101698034983 ], [ -95.953208447907954, 16.934148660514758 ], [ -95.953022449970476, 16.934398089599892 ], [ -95.952999429563576, 16.946624910323937 ], [ -95.950789530899769, 16.958116894083037 ], [ -95.943408881015031, 16.957980007771244 ], [ -95.939924452351519, 16.954519992104057 ], [ -95.918380228664631, 16.953812323679919 ], [ -95.912853325420599, 16.948257785168753 ], [ -95.912141927507903, 16.943376328954503 ], [ -95.906591118485267, 16.937853326070233 ], [ -95.897575548073064, 16.937146673879937 ], [ -95.894091118510318, 16.933686659112109 ], [ -95.8892422150561, 16.932980007821158 ], [ -95.880882263006015, 16.924646673904924 ], [ -95.868408881164925, 16.925353326095184 ], [ -95.860757785543356, 16.932980007821108 ], [ -95.851742214231805, 16.933686659112084 ], [ -95.847662710265922, 16.937758039761917 ], [ -95.846253350427546, 16.938936169848255 ], [ -95.84601781964156, 16.939381339786756 ], [ -95.84549648980898, 16.938847510361999 ], [ -95.844106829998935, 16.938135770388357 ], [ -95.844297999688649, 16.936730600161638 ], [ -95.844852509593082, 16.935598059645002 ], [ -95.844757519978359, 16.934460119635816 ], [ -95.845992799811725, 16.9328381198393 ], [ -95.845156430052313, 16.930867349697209 ], [ -95.845036619546946, 16.929637549835288 ], [ -95.845878229861114, 16.928352830376156 ], [ -95.844830049804827, 16.926867220007299 ], [ -95.844291019853571, 16.925813919875736 ], [ -95.843403060261068, 16.924402380462389 ], [ -95.843734369751814, 16.922217799809587 ], [ -95.844974259751481, 16.921266280337278 ], [ -95.846824980076889, 16.920578719707649 ], [ -95.84773189041681, 16.91900897045625 ], [ -95.847433539916196, 16.918001020062448 ], [ -95.847372620120467, 16.916639379993551 ], [ -95.847800739729934, 16.915257690019335 ], [ -95.848018259845148, 16.91358076964848 ], [ -95.848199429818663, 16.912176849605608 ], [ -95.847778580386219, 16.911092720202177 ], [ -95.847314949715511, 16.909853490096054 ], [ -95.847573510217998, 16.908214920020686 ], [ -95.847757619630755, 16.907005599942476 ], [ -95.847819230103156, 16.905980650276476 ], [ -95.846396619930886, 16.905533310446963 ], [ -95.846042660445463, 16.903513979630386 ], [ -95.843489339739563, 16.90319915000336 ], [ -95.842864563127662, 16.903484559548829 ], [ -95.842083079842226, 16.903841549920404 ], [ -95.840998819838433, 16.904379259922596 ], [ -95.839697950067432, 16.903952540065323 ], [ -95.838407400427258, 16.904978549629593 ], [ -95.836878400119119, 16.904770230004289 ], [ -95.835672629849853, 16.904394200093915 ], [ -95.833272819778585, 16.904911120412962 ], [ -95.832015850354622, 16.905796600120002 ], [ -95.831066420451265, 16.906590219799899 ], [ -95.829904720240094, 16.907312060406976 ], [ -95.828779249717414, 16.90832736955312 ], [ -95.826833909767259, 16.908816779959533 ], [ -95.825532510216618, 16.908169909757103 ], [ -95.825583551750185, 16.90770949937712 ], [ -95.825744339783839, 16.906259140032667 ], [ -95.827127459949992, 16.904760980276688 ], [ -95.828936689734178, 16.902775110068017 ], [ -95.829943599542446, 16.90180726015047 ], [ -95.831578580411431, 16.900657259885627 ], [ -95.833104229743682, 16.900231449730292 ], [ -95.835358000449602, 16.900286940038001 ], [ -95.836552719623782, 16.899520109887785 ], [ -95.836768460414405, 16.898172230302642 ], [ -95.836217049972575, 16.896848890080634 ], [ -95.836360719810727, 16.895507580322697 ], [ -95.836813860447009, 16.894041980374496 ], [ -95.837158320023576, 16.892313310130842 ], [ -95.837665319778338, 16.891250260225579 ], [ -95.839368180366563, 16.890785779584927 ], [ -95.838248750244972, 16.889358259766126 ], [ -95.836302910356153, 16.886983580339297 ], [ -95.833785212931645, 16.887349510581267 ], [ -95.814235650157528, 16.890189400334318 ], [ -95.778108148468675, 16.886414793043194 ] ] ] ] } },
{ "type": "Feature", "properties": { "HAS_WS": 1405.989, "ID_WS": "12", "S1_N": 180, "S2_N": 129, "S3_N": 178, "S4_N": 178, "S5_N": 176, "S6_N": 81, "S7_N": 77, "S1_P": 3691, "S2_P": 3109, "S3_P": 3271, "S4_P": 4434, "S5_P": 4383, "S6_P": 1217, "S7_P": 1161, "SUM_NUTR": 0 }, "geometry": { "type": "MultiPolygon", "coordinates": [ [ [ [ -95.879166666808175, 16.779166666808301 ], [ -95.879166666808203, 16.78333333376635 ], [ -95.879166666808189, 16.787499999825172 ], [ -95.871732923835367, 16.786838785881326 ], [ -95.870833332891991, 16.783333333766375 ], [ -95.87017737458612, 16.775959946994039 ], [ -95.8672393438803, 16.773509716973678 ], [ -95.864710490296872, 16.771400621641472 ], [ -95.855054050404092, 16.770124986379123 ], [ -95.854166666858106, 16.766666666833309 ], [ -95.85088636631275, 16.765894232832625 ], [ -95.849517992061621, 16.761500719082971 ], [ -95.853770786192825, 16.756250000337303 ], [ -95.850529480251296, 16.752248127848901 ], [ -95.849999999900021, 16.733333332967003 ], [ -95.852210490321838, 16.733900620817092 ], [ -95.860289510352615, 16.741099379033194 ], [ -95.868877156355694, 16.742233954733265 ], [ -95.874032253785501, 16.746229383579273 ], [ -95.87556728770015, 16.752210490321996 ], [ -95.879521761381895, 16.756471553413999 ], [ -95.886932711975092, 16.764456176411439 ], [ -95.888350932049818, 16.769982570639193 ], [ -95.891666666783266, 16.770833332892018 ], [ -95.891666666783294, 16.774999999850156 ], [ -95.892019992428729, 16.781591118535339 ], [ -95.89964667415471, 16.789242215056213 ], [ -95.89999999980013, 16.791666666783271 ], [ -95.897575548073078, 16.791313341137791 ], [ -95.885757785493354, 16.779519992453757 ], [ -95.883333333766302, 16.77916666680834 ], [ -95.879166666808175, 16.779166666808301 ] ] ] ] } },
{ "type": "Feature", "properties": { "HAS_WS": 13521.336, "ID_WS": "13", "S1_N": 201, "S2_N": 380, "S3_N": 113, "S4_N": 113, "S5_N": 178, "S6_N": 296, "S7_N": 499, "S1_P": 10948, "S2_P": 11361, "S3_P": 2648, "S4_P": 2648, "S5_P": 4285, "S6_P": 7282, "S7_P": 13305, "SUM_NUTR": 0 }, "geometry": { "type": "MultiPolygon", "coordinates": [ [ [ [ -96.083925126129444, 16.898217063225488 ], [ -96.083186570307362, 16.898171479926216 ], [ -96.082863310410985, 16.897961970172407 ], [ -96.08223608960806, 16.897672820131465 ], [ -96.081994080102191, 16.897602049784247 ], [ -96.081680110422255, 16.897326320332422 ], [ -96.081021549520372, 16.896463820530176 ], [ -96.080938979801019, 16.896268981141798 ], [ -96.0808439496045, 16.895564140105378 ], [ -96.080812230803531, 16.895443396689878 ], [ -96.080616109572304, 16.894696821130815 ], [ -96.079741389217773, 16.89422493625823 ], [ -96.079741389217745, 16.894224936258293 ], [ -96.079248030128781, 16.893958780456739 ], [ -96.079248030128738, 16.893958780456753 ], [ -96.07878512955547, 16.89363711234197 ], [ -96.078642659684846, 16.893538109936532 ], [ -96.078642659684789, 16.893538109936586 ], [ -96.078518749764712, 16.893484803421504 ], [ -96.077620149690503, 16.893098221197306 ], [ -96.07644203027877, 16.892904510227837 ], [ -96.076366459546946, 16.892763110136169 ], [ -96.075870220261947, 16.892168919658701 ], [ -96.075864009627765, 16.892161599648812 ], [ -96.075425179561691, 16.891644381116304 ], [ -96.075205289677697, 16.891566110781298 ], [ -96.074693739858219, 16.89157742008236 ], [ -96.074257379784726, 16.891527830863403 ], [ -96.072722050179635, 16.890075220056122 ], [ -96.072031829930566, 16.889567830702298 ], [ -96.071688339636239, 16.889728510776532 ], [ -96.071571949912268, 16.889990679906582 ], [ -96.069287419708829, 16.891260164389426 ], [ -96.069287419708772, 16.891260164389454 ], [ -96.068508766861953, 16.891692839389176 ], [ -96.068388493741082, 16.891759670982982 ], [ -96.068159739642738, 16.891886781262876 ], [ -96.067735259919388, 16.891969479618776 ], [ -96.067482985612941, 16.891817113476954 ], [ -96.067290039339909, 16.891700579689012 ], [ -96.06700526003695, 16.891528580723389 ], [ -96.066234110229033, 16.891128830447673 ], [ -96.064529480408453, 16.891487280517527 ], [ -96.06365688000102, 16.891454220807429 ], [ -96.062843710146268, 16.891007891119802 ], [ -96.062660245151619, 16.890802496750776 ], [ -96.062535750044461, 16.890663121316013 ], [ -96.062535750044404, 16.890663121316052 ], [ -96.062100739766564, 16.890564370525897 ], [ -96.061879310083015, 16.890212860095385 ], [ -96.061402220414791, 16.889833120354048 ], [ -96.061019520305265, 16.889745200004654 ], [ -96.060712919678906, 16.889768229992523 ], [ -96.060167400336113, 16.890025910706537 ], [ -96.059794205754656, 16.890454163064604 ], [ -96.059404830370042, 16.890900979721291 ], [ -96.057397777085129, 16.891168059077877 ], [ -96.057383955752954, 16.891169898191038 ], [ -96.057377629837958, 16.891170739938229 ], [ -96.056832309768851, 16.89128745015147 ], [ -96.056593762373097, 16.891124748306982 ], [ -96.056542200257311, 16.891089580143632 ], [ -96.05654220025734, 16.891089580143579 ], [ -96.05617410996544, 16.890290250629771 ], [ -96.055579890169369, 16.889746830232937 ], [ -96.054300830606081, 16.889355614533184 ], [ -96.035543822988998, 16.871400621441595 ], [ -96.03112284304477, 16.870266045741442 ], [ -96.027210489972092, 16.867233954483499 ], [ -96.022789510027835, 16.866099378783399 ], [ -96.018877156955156, 16.863067287525379 ], [ -96.001956177035851, 16.861932711825233 ], [ -95.998043823063966, 16.858900621466582 ], [ -95.989456177060873, 16.857766045766436 ], [ -95.985543823088946, 16.854733954508443 ], [ -95.975919426939981, 16.85346238867837 ], [ -95.973636761691765, 16.850725274864526 ], [ -95.971400621441546, 16.84804382316397 ], [ -95.971150302745912, 16.844310687821231 ], [ -95.970195685482494, 16.830072360451176 ], [ -95.962895881239945, 16.828198920643732 ], [ -95.958900621466483, 16.823043823213936 ], [ -95.957482401391729, 16.817517428986225 ], [ -95.95195617713587, 16.816099378883315 ], [ -95.9480438231639, 16.813067287625312 ], [ -95.943622843219643, 16.811932711925206 ], [ -95.939710490147007, 16.808900621566476 ], [ -95.93112284324458, 16.807766045866366 ], [ -95.927210490171987, 16.804733954608409 ], [ -95.925084898715582, 16.80418847304546 ], [ -95.922789510227702, 16.803599378908249 ], [ -95.92114466835848, 16.802324645950009 ], [ -95.918877156255775, 16.800567287650278 ], [ -95.915206029073374, 16.799625160375694 ], [ -95.914456176311475, 16.799432711950143 ], [ -95.910543823238839, 16.796400621591481 ], [ -95.906122843294568, 16.79526604589141 ], [ -95.902210490221989, 16.792233954633378 ], [ -95.89999999980013, 16.791666666783271 ], [ -95.89964667415471, 16.789242215056213 ], [ -95.892019992428729, 16.781591118535339 ], [ -95.891666666783294, 16.774999999850156 ], [ -95.891666666783266, 16.770833332892018 ], [ -95.895833333741365, 16.770833332892067 ], [ -95.906377156280712, 16.771400621641408 ], [ -95.911058194481825, 16.775571762494639 ], [ -95.914456176311447, 16.778599378958276 ], [ -95.960543823138892, 16.779733954658386 ], [ -95.964456177110861, 16.782766045017052 ], [ -95.968877156155756, 16.783900621616432 ], [ -95.985289510102746, 16.799432711950207 ], [ -95.992413330510786, 16.800567287650267 ], [ -95.997789510077837, 16.796400621591545 ], [ -96.006377156980193, 16.79526604589136 ], [ -96.010289510052857, 16.792233954633353 ], [ -96.013246663502699, 16.791099378933303 ], [ -96.018758816066494, 16.795371500394488 ], [ -96.028246901073572, 16.786917114133587 ], [ -96.030072360251225, 16.779804483989771 ], [ -96.048043822964061, 16.778599378958276 ], [ -96.05612284299481, 16.771400621641448 ], [ -96.060543822939096, 16.770266045041961 ], [ -96.064456176911037, 16.767233954683324 ], [ -96.066666666433534, 16.766666666833284 ], [ -96.067019992078926, 16.769091118560333 ], [ -96.070480007746141, 16.7725755481231 ], [ -96.071186659037068, 16.785757785493438 ], [ -96.07464667470424, 16.789242215056223 ], [ -96.075353325995181, 16.797549777999915 ], [ -96.062853326020132, 16.810075548048101 ], [ -96.062146673829943, 16.822550116994389 ], [ -96.078813340762991, 16.83924221495629 ], [ -96.079519992053946, 16.844091118410464 ], [ -96.083318752658272, 16.847916666221192 ], [ -96.07918124711685, 16.85208333317934 ], [ -96.082980007721119, 16.855908880990135 ], [ -96.083686659012045, 16.860757785343633 ], [ -96.089209831868246, 16.866308593466851 ], [ -96.091666666383517, 16.8666666666334 ], [ -96.091666666383531, 16.896811213510958 ], [ -96.091666666383531, 16.899502678981133 ], [ -96.091360799797712, 16.899100980697781 ], [ -96.091065509529102, 16.898975030127598 ], [ -96.090574480128126, 16.898954511138161 ], [ -96.090273460162564, 16.898750720634467 ], [ -96.089965910052527, 16.898287619879593 ], [ -96.088971219678243, 16.898431249936316 ], [ -96.088420689831295, 16.898372940451214 ], [ -96.086134339731757, 16.897362970107356 ], [ -96.085145260412176, 16.897716050685297 ], [ -96.085077969560658, 16.897791430049217 ], [ -96.084415229716058, 16.898247310140444 ], [ -96.083925126129444, 16.898217063225488 ] ] ] ] } },
{ "type": "Feature", "properties": { "HAS_WS": 16432.253, "ID_WS": "14", "S1_N": 84, "S2_N": 91, "S3_N": 99, "S4_N": 99, "S5_N": 521, "S6_N": 597, "S7_N": 596, "S1_P": 2091, "S2_P": 3682, "S3_P": 766, "S4_P": 1680, "S5_P": 12393, "S6_P": 14336, "S7_P": 18056, "SUM_NUTR": 0 }, "geometry": { "type": "MultiPolygon", "coordinates": [ [ [ [ -95.917312405684271, 16.690083767445788 ], [ -95.918622843269617, 16.691099379133156 ], [ -95.92083333369132, 16.691666666983156 ], [ -95.920833333691348, 16.693843610861336 ], [ -95.920833333691363, 16.695833333041925 ], [ -95.922681905972155, 16.696307742969569 ], [ -95.923043823213831, 16.696400620892 ], [ -95.926956177185829, 16.699432712149985 ], [ -95.932624817181562, 16.700887383546004 ], [ -95.933900621516486, 16.710543823438734 ], [ -95.938490465362619, 16.716047498992932 ], [ -95.960543823138892, 16.717233954783275 ], [ -95.964583333154252, 16.720364718756862 ], [ -95.968761359449161, 16.717126465114344 ], [ -95.981122843144647, 16.728599379058185 ], [ -95.993877157005201, 16.729733954758313 ], [ -95.997789510077766, 16.732766045116986 ], [ -96.013437228944952, 16.733900620817018 ], [ -96.022789510027891, 16.725567287800178 ], [ -96.024999999550275, 16.724999999950096 ], [ -96.031591119134802, 16.725353325595552 ], [ -96.043408881714512, 16.737146674279678 ], [ -96.048257785168616, 16.737853325570558 ], [ -96.062142266252565, 16.751712375625715 ], [ -96.062853326020161, 16.756591118585284 ], [ -96.068376498876262, 16.762141926708626 ], [ -96.070833333391619, 16.76249999987515 ], [ -96.069982401166897, 16.765815904580446 ], [ -96.066666666433534, 16.766666666833284 ], [ -96.064456176911037, 16.767233954683324 ], [ -96.060543822939096, 16.770266045041961 ], [ -96.05612284299481, 16.771400621641448 ], [ -96.048043822964061, 16.778599378958276 ], [ -96.030072360251225, 16.779804483989771 ], [ -96.028246901073572, 16.786917114133587 ], [ -96.018758816066494, 16.795371500394488 ], [ -96.013246663502699, 16.791099378933303 ], [ -96.010289510052857, 16.792233954633353 ], [ -96.006377156980193, 16.79526604589136 ], [ -95.997789510077837, 16.796400621591545 ], [ -95.992413330510786, 16.800567287650267 ], [ -95.985289510102746, 16.799432711950207 ], [ -95.968877156155756, 16.783900621616432 ], [ -95.964456177110861, 16.782766045017052 ], [ -95.960543823138892, 16.779733954658386 ], [ -95.914456176311447, 16.778599378958276 ], [ -95.911058194481825, 16.775571762494639 ], [ -95.906377156280712, 16.771400621641408 ], [ -95.895833333741365, 16.770833332892067 ], [ -95.891666666783266, 16.770833332892018 ], [ -95.888350932049818, 16.769982570639193 ], [ -95.886932711975092, 16.764456176411439 ], [ -95.879521761381895, 16.756471553413999 ], [ -95.87556728770015, 16.752210490321996 ], [ -95.874032253785501, 16.746229383579273 ], [ -95.868877156355694, 16.742233954733265 ], [ -95.860289510352615, 16.741099379033194 ], [ -95.852210490321838, 16.733900620817092 ], [ -95.849999999900021, 16.733333332967003 ], [ -95.849646674254558, 16.726742214281828 ], [ -95.846186659486733, 16.723257785618394 ], [ -95.845833332941936, 16.720833332991965 ], [ -95.846400620792011, 16.714456176511376 ], [ -95.85056728775011, 16.709079996944407 ], [ -95.849432712050017, 16.70612284349448 ], [ -95.846400620791997, 16.702210489522525 ], [ -95.844982401616491, 16.696684095294813 ], [ -95.841666666883199, 16.695833333041936 ], [ -95.842322625188956, 16.688459947168909 ], [ -95.849149915736007, 16.682766045216855 ], [ -95.886490885845689, 16.683930121378083 ], [ -95.89109937893322, 16.689456176561357 ], [ -95.892881605002088, 16.696400620892103 ], [ -95.899173312398418, 16.695017835904473 ], [ -95.90359937890814, 16.689710489547569 ], [ -95.905134412822875, 16.683729383704158 ], [ -95.908325704800987, 16.681256129657598 ], [ -95.911362880792325, 16.678902180891019 ], [ -95.912532246812759, 16.683458811281234 ], [ -95.913467746739045, 16.687103949387811 ], [ -95.917312405684271, 16.690083767445788 ] ] ] ] } },
{ "type": "Feature", "properties": { "HAS_WS": 16792.425, "ID_WS": "15", "S1_N": 54, "S2_N": 338, "S3_N": 870, "S4_N": 870, "S5_N": 1298, "S6_N": 1153, "S7_N": 1131, "S1_P": 1527, "S2_P": 9124, "S3_P": 10066, "S4_P": 20502, "S5_P": 31365, "S6_P": 27810, "S7_P": 28637, "SUM_NUTR": 0 }, "geometry": { "type": "MultiPolygon", "coordinates": [ [ [ [ -95.912532246812759, 16.683458811281234 ], [ -95.911362880792325, 16.678902180891019 ], [ -95.908325704800987, 16.681256129657598 ], [ -95.905134412822875, 16.683729383704158 ], [ -95.90359937890814, 16.689710489547569 ], [ -95.899173312398418, 16.695017835904473 ], [ -95.892881605002088, 16.696400620892103 ], [ -95.89109937893322, 16.689456176561357 ], [ -95.886490885845689, 16.683930121378083 ], [ -95.849149915736007, 16.682766045216855 ], [ -95.842322625188956, 16.688459947168909 ], [ -95.841666666883199, 16.695833333041936 ], [ -95.839506530402048, 16.695215861223051 ], [ -95.835493469448068, 16.692284138802012 ], [ -95.825705634107692, 16.6908596459559 ], [ -95.824382358159284, 16.672839694496354 ], [ -95.82145097478265, 16.668826971687423 ], [ -95.820215691201227, 16.660339694521301 ], [ -95.811882358184207, 16.650736829940733 ], [ -95.813117641765729, 16.639506361529435 ], [ -95.816049025142405, 16.635493638720561 ], [ -95.817284308723856, 16.631173027613208 ], [ -95.821450974782678, 16.625469292473902 ], [ -95.820215691201199, 16.618673027638192 ], [ -95.81728430872387, 16.614660305728563 ], [ -95.816049025142433, 16.61033969462126 ], [ -95.8131176417657, 16.606326971812386 ], [ -95.812499999974975, 16.600000000199916 ], [ -95.817318035130057, 16.599740869369121 ], [ -95.823043823413741, 16.59943271234981 ], [ -95.826956176486306, 16.59640062109187 ], [ -95.84387715640564, 16.595266045391757 ], [ -95.84778951037751, 16.592233954133771 ], [ -95.850937228370356, 16.59109937843365 ], [ -95.860289510352587, 16.59943271234982 ], [ -95.873043823313779, 16.600567288049984 ], [ -95.876956176386386, 16.603599378408664 ], [ -95.882482401541594, 16.605017428511601 ], [ -95.883900621616391, 16.610543823638565 ], [ -95.888429599346509, 16.615974595651132 ], [ -95.898785061581279, 16.617233954983053 ], [ -95.900908236825629, 16.608960978166678 ], [ -95.921683417855434, 16.607766045366777 ], [ -95.928462388728221, 16.613419596537216 ], [ -95.929875183193118, 16.624112616604055 ], [ -95.936649068399703, 16.625850762402855 ], [ -95.938399590668539, 16.63267211922296 ], [ -95.94583333364146, 16.633333333166878 ], [ -95.945833333641389, 16.637500000124955 ], [ -95.946431817174613, 16.657417806186885 ], [ -95.952210490122027, 16.658900620966953 ], [ -95.952319019101239, 16.65899733221443 ], [ -95.960289510152734, 16.666099379183031 ], [ -95.964710490097019, 16.66723395488318 ], [ -95.968750000112379, 16.670364718856689 ], [ -95.972925483124513, 16.667128499480761 ], [ -95.981122843144647, 16.674432712200026 ], [ -95.985543823088946, 16.675567287900069 ], [ -95.993622843119681, 16.682766045216855 ], [ -95.995833333541498, 16.683333333066916 ], [ -95.996186659186975, 16.685757785693273 ], [ -96.003813340912941, 16.693408881314912 ], [ -96.004519992203825, 16.698257785668286 ], [ -96.012146673929792, 16.705908881289865 ], [ -96.01285332612008, 16.710757785643363 ], [ -96.024646673904883, 16.722575548223013 ], [ -96.024999999550275, 16.724999999950096 ], [ -96.022789510027891, 16.725567287800178 ], [ -96.013437228944952, 16.733900620817018 ], [ -95.997789510077766, 16.732766045116986 ], [ -95.993877157005201, 16.729733954758313 ], [ -95.981122843144647, 16.728599379058185 ], [ -95.968761359449161, 16.717126465114344 ], [ -95.964583333154252, 16.720364718756862 ], [ -95.960543823138892, 16.717233954783275 ], [ -95.938490465362619, 16.716047498992932 ], [ -95.933900621516486, 16.710543823438734 ], [ -95.932624817181562, 16.700887383546004 ], [ -95.926956177185829, 16.699432712149985 ], [ -95.923043823213831, 16.696400620892 ], [ -95.922681905972155, 16.696307742969569 ], [ -95.920833333691363, 16.695833333041925 ], [ -95.920833333691348, 16.693843610861336 ], [ -95.92083333369132, 16.691666666983156 ], [ -95.918622843269617, 16.691099379133156 ], [ -95.917312405684271, 16.690083767445788 ], [ -95.913467746739045, 16.687103949387811 ], [ -95.912532246812759, 16.683458811281234 ] ] ] ] } },
{ "type": "Feature", "properties": { "HAS_WS": 4432.132, "ID_WS": "16", "S1_N": 297, "S2_N": 612, "S3_N": 605, "S4_N": 605, "S5_N": 656, "S6_N": 593, "S7_N": 644, "S1_P": 7287, "S2_P": 12747, "S3_P": 9789, "S4_P": 11874, "S5_P": 13235, "S6_P": 12009, "S7_P": 13541, "SUM_NUTR": 0 }, "geometry": { "type": "MultiPolygon", "coordinates": [ [ [ [ -95.94583333364146, 16.633333333166878 ], [ -95.94583333364146, 16.629166667108052 ], [ -95.949378289376497, 16.628256903933014 ], [ -95.949835403628569, 16.619463195648347 ], [ -95.9505672875503, 16.605381605376916 ], [ -95.942375183168124, 16.603279283612089 ], [ -95.941099378833272, 16.593622843719281 ], [ -95.938067287575237, 16.589710489747368 ], [ -95.936932711875102, 16.578420003280609 ], [ -95.942062547348712, 16.571801079356348 ], [ -95.94583333364146, 16.570833333291798 ], [ -95.948043823163871, 16.571400621141784 ], [ -95.953198920593636, 16.575396049987802 ], [ -95.95473395450837, 16.581377156730507 ], [ -95.957766045766405, 16.585289509803129 ], [ -95.958900621466483, 16.589710489747333 ], [ -95.962031216367549, 16.593749999762746 ], [ -95.958798387435621, 16.597921414241956 ], [ -95.963419426964961, 16.603462389177981 ], [ -95.973043823113912, 16.604733954108795 ], [ -95.978198920543761, 16.608729383854087 ], [ -95.980329894708845, 16.617032538321034 ], [ -95.98945617706093, 16.608900621066894 ], [ -95.991666666583313, 16.608333333216866 ], [ -95.995833333541512, 16.608333333216816 ], [ -95.99498240131679, 16.61164923792202 ], [ -95.988161214468462, 16.613399590219 ], [ -95.987499999625271, 16.620833333191829 ], [ -95.987853326170026, 16.627424451877008 ], [ -95.991313340937864, 16.630908881439826 ], [ -95.992019992228848, 16.635757785793267 ], [ -96.004519992203825, 16.648283555841473 ], [ -96.004444670115006, 16.651390251616338 ], [ -96.003812662824117, 16.677452935104899 ], [ -95.998257785268549, 16.682980007421463 ], [ -95.995833333541498, 16.683333333066916 ], [ -95.993622843119681, 16.682766045216855 ], [ -95.985543823088946, 16.675567287900069 ], [ -95.981122843144647, 16.674432712200026 ], [ -95.972925483124513, 16.667128499480761 ], [ -95.968750000112379, 16.670364718856689 ], [ -95.964710490097019, 16.66723395488318 ], [ -95.960289510152734, 16.666099379183031 ], [ -95.952319019101239, 16.65899733221443 ], [ -95.952210490122027, 16.658900620966953 ], [ -95.946431817174613, 16.657417806186885 ], [ -95.945833333641389, 16.637500000124955 ], [ -95.94583333364146, 16.633333333166878 ] ] ] ] } },
{ "type": "Feature", "properties": { "HAS_WS": 10153.919, "ID_WS": "17", "S1_N": 0, "S2_N": 3, "S3_N": 84, "S4_N": 84, "S5_N": 83, "S6_N": 75, "S7_N": 94, "S1_P": 0, "S2_P": 39, "S3_P": 39, "S4_P": 1163, "S5_P": 1150, "S6_P": 1044, "S7_P": 1826, "SUM_NUTR": 0 }, "geometry": { "type": "MultiPolygon", "coordinates": [ [ [ [ -95.880077532672573, 16.536322106678277 ], [ -95.885075548098015, 16.541313340738249 ], [ -95.888412003300928, 16.541574920566944 ], [ -95.894091118510289, 16.542019992029065 ], [ -95.901742215031149, 16.549646674654351 ], [ -95.906591118485252, 16.550353325945331 ], [ -95.914242215006198, 16.557980007671297 ], [ -95.918379550575779, 16.558686658962181 ], [ -95.92257554802309, 16.554519992004103 ], [ -95.927424452376599, 16.55381334071317 ], [ -95.930908881039997, 16.550353325945292 ], [ -95.937499999725162, 16.550000000299828 ], [ -95.937853325370654, 16.55242445202687 ], [ -95.941313341037784, 16.555908881589698 ], [ -95.941612247261716, 16.559722499327435 ], [ -95.942019992328767, 16.564924452001911 ], [ -95.945480007995954, 16.568408881564721 ], [ -95.94583333364146, 16.570833333291798 ], [ -95.942062547348712, 16.571801079356348 ], [ -95.936932711875102, 16.578420003280609 ], [ -95.938067287575237, 16.589710489747368 ], [ -95.941099378833272, 16.593622843719281 ], [ -95.942375183168124, 16.603279283612089 ], [ -95.9505672875503, 16.605381605376916 ], [ -95.949835403628569, 16.619463195648347 ], [ -95.949378289376497, 16.628256903933014 ], [ -95.94583333364146, 16.629166667108052 ], [ -95.94583333364146, 16.633333333166878 ], [ -95.938399590668539, 16.63267211922296 ], [ -95.936649068399703, 16.625850762402855 ], [ -95.929875183193118, 16.624112616604055 ], [ -95.928462388728221, 16.613419596537216 ], [ -95.921683417855434, 16.607766045366777 ], [ -95.900908236825629, 16.608960978166678 ], [ -95.898785061581279, 16.617233954983053 ], [ -95.888429599346509, 16.615974595651132 ], [ -95.883900621616391, 16.610543823638565 ], [ -95.882482401541594, 16.605017428511601 ], [ -95.876956176386386, 16.603599378408664 ], [ -95.873043823313779, 16.600567288049984 ], [ -95.860289510352587, 16.59943271234982 ], [ -95.850937228370356, 16.59109937843365 ], [ -95.84778951037751, 16.592233954133771 ], [ -95.84387715640564, 16.595266045391757 ], [ -95.826956176486306, 16.59640062109187 ], [ -95.823043823413741, 16.59943271234981 ], [ -95.817318035130057, 16.599740869369121 ], [ -95.812499999974975, 16.600000000199916 ], [ -95.810043165459717, 16.599641927033339 ], [ -95.804519992603574, 16.594091118910079 ], [ -95.804166666958082, 16.591666666283629 ], [ -95.80354309054114, 16.580075751394862 ], [ -95.8, 16.579166666308687 ], [ -95.80061831987949, 16.567672729812671 ], [ -95.810289510452549, 16.558900621166803 ], [ -95.814710489497458, 16.557766045466678 ], [ -95.818622843469399, 16.554733954208675 ], [ -95.825995077748729, 16.554078381040402 ], [ -95.832373555794916, 16.553510878024706 ], [ -95.836932712074983, 16.548043822864212 ], [ -95.837366425323012, 16.544761002281835 ], [ -95.838202921727444, 16.53842909082994 ], [ -95.838275822355811, 16.538362975085207 ], [ -95.846348232411728, 16.531041308220757 ], [ -95.847789510377524, 16.529733954258614 ], [ -95.850101282480253, 16.529140772810628 ], [ -95.853315734633398, 16.528315904155765 ], [ -95.854298562563528, 16.524486138243425 ], [ -95.855066256902234, 16.521494547335539 ], [ -95.856984666377315, 16.521323945432393 ], [ -95.861463726470831, 16.52092553009485 ], [ -95.86249999987507, 16.520833333391707 ], [ -95.864924451602121, 16.521186659037188 ], [ -95.880077532672573, 16.536322106678277 ] ] ] ] } },
{ "type": "Feature", "properties": { "HAS_WS": 10160.499, "ID_WS": "18", "S1_N": 497, "S2_N": 578, "S3_N": 945, "S4_N": 945, "S5_N": 1248, "S6_N": 1201, "S7_N": 920, "S1_P": 9919, "S2_P": 10365, "S3_P": 15768, "S4_P": 19220, "S5_P": 28637, "S6_P": 27489, "S7_P": 21240, "SUM_NUTR": 0 }, "geometry": { "type": "MultiPolygon", "coordinates": [ [ [ [ -96.004444670115006, 16.651390251616338 ], [ -96.004519992203825, 16.648283555841473 ], [ -95.992019992228848, 16.635757785793267 ], [ -95.991313340937864, 16.630908881439826 ], [ -95.987853326170026, 16.627424451877008 ], [ -95.987499999625271, 16.620833333191829 ], [ -95.988161214468462, 16.613399590219 ], [ -95.99498240131679, 16.61164923792202 ], [ -95.995833333541512, 16.608333333216816 ], [ -95.998043823063966, 16.607766045366777 ], [ -96.003198920493716, 16.603770616520801 ], [ -96.004733954408493, 16.597789509778099 ], [ -96.009346177883728, 16.592259047017492 ], [ -96.047624784684388, 16.591241732331074 ], [ -96.052951728239663, 16.59109937843365 ], [ -96.054166666458443, 16.595833333241814 ], [ -96.048137728042903, 16.596031442027964 ], [ -96.043408881714456, 16.596186658887245 ], [ -96.035757785193638, 16.603813340613215 ], [ -96.030908881739464, 16.604519992803493 ], [ -96.024998643372726, 16.610400729809847 ], [ -96.028813340862968, 16.61424221450671 ], [ -96.029166666508402, 16.620833333191815 ], [ -96.029737753855514, 16.635643115011451 ], [ -96.029774136067516, 16.636586507461455 ], [ -96.036649068199878, 16.638350762377854 ], [ -96.038067288274746, 16.643877156605555 ], [ -96.046416219133178, 16.653247070695777 ], [ -96.052210489922174, 16.654733954908142 ], [ -96.05612284299481, 16.657766045266833 ], [ -96.060543822939067, 16.658900620966939 ], [ -96.065698920368874, 16.66289605071227 ], [ -96.067233954283594, 16.66887715655562 ], [ -96.078599378558451, 16.681122843544454 ], [ -96.079733954258501, 16.685543823488761 ], [ -96.082766045516564, 16.689456176561382 ], [ -96.083900621216713, 16.702210489522578 ], [ -96.091099378533457, 16.71028951045259 ], [ -96.092233954233606, 16.721770562361598 ], [ -96.083900621216685, 16.731122843444492 ], [ -96.082766045516578, 16.73554382338882 ], [ -96.079733954258501, 16.73945617646147 ], [ -96.078599378558479, 16.746579996869421 ], [ -96.082766045516593, 16.751956176436462 ], [ -96.083333333366596, 16.754166666858247 ], [ -96.080017598633248, 16.755017429111138 ], [ -96.07826707636444, 16.761838785931321 ], [ -96.070833333391619, 16.76249999987515 ], [ -96.068376498876262, 16.762141926708626 ], [ -96.062853326020161, 16.756591118585284 ], [ -96.062142266252565, 16.751712375625715 ], [ -96.048257785168616, 16.737853325570558 ], [ -96.043408881714512, 16.737146674279678 ], [ -96.031591119134802, 16.725353325595552 ], [ -96.024999999550275, 16.724999999950096 ], [ -96.024646673904883, 16.722575548223013 ], [ -96.01285332612008, 16.710757785643363 ], [ -96.012146673929792, 16.705908881289865 ], [ -96.004519992203825, 16.698257785668286 ], [ -96.003813340912941, 16.693408881314912 ], [ -95.996186659186975, 16.685757785693273 ], [ -95.995833333541498, 16.683333333066916 ], [ -95.998257785268549, 16.682980007421463 ], [ -96.003812662824117, 16.677452935104899 ], [ -96.004444670115006, 16.651390251616338 ] ] ] ] } },
{ "type": "Feature", "properties": { "HAS_WS": 22833.759, "ID_WS": "19", "S1_N": 854, "S2_N": 1049, "S3_N": 1837, "S4_N": 1837, "S5_N": 1920, "S6_N": 1760, "S7_N": 1387, "S1_P": 23459, "S2_P": 25459, "S3_P": 44496, "S4_P": 44835, "S5_P": 46845, "S6_P": 42700, "S7_P": 29631, "SUM_NUTR": 0 }, "geometry": { "type": "MultiPolygon", "coordinates": [ [ [ [ -95.992892141807161, 16.46669556321287 ], [ -95.997916667020576, 16.470205349497316 ], [ -96.002044338475457, 16.467322116722382 ], [ -96.021987811697684, 16.46607223636699 ], [ -96.024262661592545, 16.465929497648272 ], [ -96.025655449739219, 16.443711005458599 ], [ -96.028511217218849, 16.439622327708292 ], [ -96.029166666508445, 16.437499999625377 ], [ -96.052210489922118, 16.43806728747543 ], [ -96.056122842994796, 16.441099378733416 ], [ -96.064710489897195, 16.442233954433533 ], [ -96.068622843869093, 16.445266045691497 ], [ -96.073043822914101, 16.446400621391611 ], [ -96.078500026854726, 16.450950792545061 ], [ -96.079733954258515, 16.463437228944979 ], [ -96.071400621241636, 16.47278951002793 ], [ -96.070266045541501, 16.485543822989111 ], [ -96.067233954283552, 16.489456176961024 ], [ -96.066099378583402, 16.492413330410955 ], [ -96.070266045541558, 16.497789509977952 ], [ -96.071970452374444, 16.504431152575755 ], [ -96.076956176886057, 16.500567288249748 ], [ -96.079166666408469, 16.500000000399737 ], [ -96.07916666640844, 16.495833333441666 ], [ -96.08333333336661, 16.495833333441652 ], [ -96.083333333366667, 16.500000000399712 ], [ -96.08333333336661, 16.504166666458559 ], [ -96.087500000324724, 16.504166666458559 ], [ -96.088350931650197, 16.507482571163756 ], [ -96.095172119397745, 16.509232923460708 ], [ -96.096400621191719, 16.523043822914154 ], [ -96.120266045441653, 16.547789509878054 ], [ -96.121447584638332, 16.574088202808351 ], [ -96.125000000249784, 16.575000000249908 ], [ -96.125000000249784, 16.579166666308662 ], [ -96.11862284376916, 16.57973395415873 ], [ -96.11324666330286, 16.583900621116797 ], [ -96.110289509852961, 16.582766045416715 ], [ -96.104913330285953, 16.578599378458598 ], [ -96.085289509902921, 16.57973395415873 ], [ -96.081377156830328, 16.582766045416715 ], [ -96.067626444504754, 16.583989122500082 ], [ -96.063067288224758, 16.589456176761175 ], [ -96.061600409431378, 16.59517211929791 ], [ -96.054166666458443, 16.595833333241814 ], [ -96.052951728239663, 16.59109937843365 ], [ -96.047624784684388, 16.591241732331074 ], [ -96.009346177883728, 16.592259047017492 ], [ -96.004733954408493, 16.597789509778099 ], [ -96.003198920493716, 16.603770616520801 ], [ -95.998043823063966, 16.607766045366777 ], [ -95.995833333541512, 16.608333333216816 ], [ -95.991666666583313, 16.608333333216866 ], [ -95.98945617706093, 16.608900621066894 ], [ -95.980329894708845, 16.617032538321034 ], [ -95.978198920543761, 16.608729383854087 ], [ -95.973043823113912, 16.604733954108795 ], [ -95.963419426964961, 16.603462389177981 ], [ -95.958798387435621, 16.597921414241956 ], [ -95.962031216367549, 16.593749999762746 ], [ -95.958900621466483, 16.589710489747333 ], [ -95.957766045766405, 16.585289509803129 ], [ -95.95473395450837, 16.581377156730507 ], [ -95.953198920593636, 16.575396049987802 ], [ -95.948043823163871, 16.571400621141784 ], [ -95.94583333364146, 16.570833333291798 ], [ -95.945480007995954, 16.568408881564721 ], [ -95.942019992328767, 16.564924452001911 ], [ -95.941612247261716, 16.559722499327435 ], [ -95.941313341037784, 16.555908881589698 ], [ -95.937853325370654, 16.55242445202687 ], [ -95.937499999725162, 16.550000000299828 ], [ -95.939924452351519, 16.549646674654351 ], [ -95.949645656921547, 16.539951579202107 ], [ -95.950353325345645, 16.52257554772341 ], [ -95.953813341012861, 16.519091119060018 ], [ -95.954519992303759, 16.510075547748354 ], [ -95.964211527340041, 16.500357733622572 ], [ -95.966666666633316, 16.500000000399712 ], [ -95.972955661674433, 16.499344550210868 ], [ -95.978401523411591, 16.49554070394035 ], [ -95.978620793242655, 16.49204306358542 ], [ -95.979822116797223, 16.472877672366792 ], [ -95.982691395772221, 16.468769913821745 ], [ -95.98342980294305, 16.467712741749644 ], [ -95.987357335545298, 16.466924992006774 ], [ -95.991912502559899, 16.466011217243892 ], [ -95.992892141807161, 16.46669556321287 ] ] ] ] } },
{ "type": "Feature", "properties": { "HAS_WS": 16421.634, "ID_WS": "20", "S1_N": 152, "S2_N": 809, "S3_N": 823, "S4_N": 823, "S5_N": 883, "S6_N": 838, "S7_N": 676, "S1_P": 3512, "S2_P": 20745, "S3_P": 20276, "S4_P": 21173, "S5_P": 23901, "S6_P": 23288, "S7_P": 16961, "SUM_NUTR": 0 }, "geometry": { "type": "MultiPolygon", "coordinates": [ [ [ [ -96.150000000199896, 16.654166667058139 ], [ -96.16575317357011, 16.654774305689763 ], [ -96.166666666233638, 16.658333333116925 ], [ -96.166666666233581, 16.662500000074981 ], [ -96.167517428486491, 16.665815904780239 ], [ -96.170833333191723, 16.666666667033144 ], [ -96.173257785818137, 16.666313340488326 ], [ -96.176742214481564, 16.662853325720437 ], [ -96.179166667108007, 16.662500000075031 ], [ -96.178510877874643, 16.66987338594809 ], [ -96.173043823613511, 16.674432712200002 ], [ -96.16862284366924, 16.675567287900119 ], [ -96.163637288230248, 16.67943115222603 ], [ -96.162500000174802, 16.675000000050094 ], [ -96.159184095469556, 16.675850762302897 ], [ -96.158333333216746, 16.679166667008118 ], [ -96.157980007571297, 16.685757785693301 ], [ -96.154519992803372, 16.689242214356735 ], [ -96.153813340613212, 16.698257785668325 ], [ -96.150353325845288, 16.701742214331748 ], [ -96.149646674554319, 16.706591118685232 ], [ -96.142019992828367, 16.7142422143068 ], [ -96.141313340638163, 16.727424451677226 ], [ -96.14001180456745, 16.728730233903285 ], [ -96.133686658912197, 16.735075548198068 ], [ -96.132980007621171, 16.744091118610314 ], [ -96.125353325895233, 16.751742214231911 ], [ -96.125000000249784, 16.754166666858261 ], [ -96.122575547623441, 16.754519992503674 ], [ -96.119091118959957, 16.757980007271637 ], [ -96.110075547648364, 16.758686659461858 ], [ -96.106249999837615, 16.762485419166822 ], [ -96.102424452026796, 16.758686659461809 ], [ -96.093408881614579, 16.757980007271573 ], [ -96.089924452051775, 16.754519992503699 ], [ -96.083333333366596, 16.754166666858247 ], [ -96.082766045516593, 16.751956176436462 ], [ -96.078599378558479, 16.746579996869421 ], [ -96.079733954258501, 16.73945617646147 ], [ -96.082766045516578, 16.73554382338882 ], [ -96.083900621216685, 16.731122843444492 ], [ -96.092233954233606, 16.721770562361598 ], [ -96.091099378533457, 16.71028951045259 ], [ -96.083900621216713, 16.702210489522578 ], [ -96.082766045516564, 16.689456176561382 ], [ -96.079733954258501, 16.685543823488761 ], [ -96.078599378558451, 16.681122843544454 ], [ -96.067233954283594, 16.66887715655562 ], [ -96.065698920368874, 16.66289605071227 ], [ -96.060543822939067, 16.658900620966939 ], [ -96.05612284299481, 16.657766045266833 ], [ -96.052210489922174, 16.654733954908142 ], [ -96.046416219133178, 16.653247070695777 ], [ -96.038067288274746, 16.643877156605555 ], [ -96.036649068199878, 16.638350762377854 ], [ -96.029774136067516, 16.636586507461455 ], [ -96.029737753855514, 16.635643115011451 ], [ -96.029166666508402, 16.620833333191815 ], [ -96.028813340862968, 16.61424221450671 ], [ -96.024998643372726, 16.610400729809847 ], [ -96.030908881739464, 16.604519992803493 ], [ -96.035757785193638, 16.603813340613215 ], [ -96.043408881714456, 16.596186658887245 ], [ -96.048137728042903, 16.596031442027964 ], [ -96.054166666458443, 16.595833333241814 ], [ -96.061600409431378, 16.59517211929791 ], [ -96.063067288224758, 16.589456176761175 ], [ -96.067626444504754, 16.583989122500082 ], [ -96.081377156830328, 16.582766045416715 ], [ -96.085289509902921, 16.57973395415873 ], [ -96.104913330285953, 16.578599378458598 ], [ -96.110289509852961, 16.582766045416715 ], [ -96.11324666330286, 16.583900621116797 ], [ -96.11862284376916, 16.57973395415873 ], [ -96.125000000249784, 16.579166666308662 ], [ -96.125100138390508, 16.582215741764443 ], [ -96.125353325895276, 16.58992445195198 ], [ -96.128813340663086, 16.593408881514733 ], [ -96.129519992853389, 16.598257784968808 ], [ -96.132980007621228, 16.601742214531615 ], [ -96.133686658912154, 16.606591118885106 ], [ -96.137146674579384, 16.610075547548526 ], [ -96.137853325870253, 16.618382432403422 ], [ -96.129519992853403, 16.626742214481688 ], [ -96.128813340663086, 16.643382771397892 ], [ -96.139215088305662, 16.65381232338008 ], [ -96.150000000199896, 16.654166667058139 ] ] ] ] } },
{ "type": "Feature", "properties": { "HAS_WS": 14027.046, "ID_WS": "21", "S1_N": 67, "S2_N": 50, "S3_N": 372, "S4_N": 372, "S5_N": 610, "S6_N": 597, "S7_N": 545, "S1_P": 2749, "S2_P": 1276, "S3_P": 9739, "S4_P": 12082, "S5_P": 18112, "S6_P": 17804, "S7_P": 16258, "SUM_NUTR": 0 }, "geometry": { "type": "MultiPolygon", "coordinates": [ [ [ [ -96.170317607173203, 16.569262137776871 ], [ -96.16909111886001, 16.570480007646285 ], [ -96.164242214506572, 16.571186658937272 ], [ -96.156250677826534, 16.579152764588493 ], [ -96.152424451926919, 16.57535332589535 ], [ -96.148023601031767, 16.574711978216371 ], [ -96.147575547573396, 16.574646674604431 ], [ -96.143379720098054, 16.570480007646321 ], [ -96.13924221455656, 16.571186658937247 ], [ -96.1357577849938, 16.574646674604406 ], [ -96.125000000249784, 16.575000000249908 ], [ -96.121447584638332, 16.574088202808351 ], [ -96.120266045441653, 16.547789509878054 ], [ -96.096400621191719, 16.523043822914154 ], [ -96.095172119397745, 16.509232923460708 ], [ -96.088350931650197, 16.507482571163756 ], [ -96.087500000324724, 16.504166666458559 ], [ -96.08333333336661, 16.504166666458559 ], [ -96.083333333366667, 16.500000000399712 ], [ -96.08333333336661, 16.495833333441652 ], [ -96.0854556614496, 16.495177883252811 ], [ -96.097877672216796, 16.48398878275616 ], [ -96.110455661399627, 16.482677883277777 ], [ -96.114544338250639, 16.479822116697367 ], [ -96.13962232830778, 16.478511217218955 ], [ -96.15621100513377, 16.463155449764248 ], [ -96.161767577911348, 16.461439683594534 ], [ -96.163256157345756, 16.442422824653743 ], [ -96.181288994291634, 16.441011217293944 ], [ -96.185377672041895, 16.438155449814218 ], [ -96.187500000124913, 16.437499999625327 ], [ -96.195094129990082, 16.438274807836162 ], [ -96.196476236888785, 16.456301541083306 ], [ -96.199357096352898, 16.460365125949874 ], [ -96.200642903846955, 16.464634874100248 ], [ -96.203523763311011, 16.468698458966809 ], [ -96.204809569905748, 16.472968207117162 ], [ -96.207690429369777, 16.477031792882997 ], [ -96.208976236863805, 16.479488457426445 ], [ -96.204809569905677, 16.485365125899936 ], [ -96.203523763310983, 16.491988457401462 ], [ -96.207690429369833, 16.49786512587492 ], [ -96.208976236863805, 16.502134874025337 ], [ -96.211857096327918, 16.506198458891841 ], [ -96.213142903821932, 16.510468207042152 ], [ -96.220190429344839, 16.518698458866876 ], [ -96.221797688712385, 16.524035644729267 ], [ -96.225000000049931, 16.525000000349827 ], [ -96.224382527331727, 16.527160305004141 ], [ -96.221450805810036, 16.5311730278131 ], [ -96.220145331042119, 16.553357272919897 ], [ -96.209305148613709, 16.554935031826261 ], [ -96.207406954966999, 16.561573622125088 ], [ -96.204166667058004, 16.562500000274849 ], [ -96.20380859389148, 16.564957003862677 ], [ -96.197547743133768, 16.571186658937247 ], [ -96.176742214481621, 16.570480007646335 ], [ -96.172916666670829, 16.566681247041959 ], [ -96.170317607173203, 16.569262137776871 ] ] ] ] } },
{ "type": "Feature", "properties": { "HAS_WS": 7734.52, "ID_WS": "22", "S1_N": 266, "S2_N": 591, "S3_N": 386, "S4_N": 386, "S5_N": 444, "S6_N": 450, "S7_N": 393, "S1_P": 11715, "S2_P": 15303, "S3_P": 13642, "S4_P": 10345, "S5_P": 11839, "S6_P": 11932, "S7_P": 9645, "SUM_NUTR": 0 }, "geometry": { "type": "MultiPolygon", "coordinates": [ [ [ [ -96.029166666508374, 16.433333333566555 ], [ -96.026956176986005, 16.432766045716509 ], [ -96.025511274637765, 16.431646265454066 ], [ -96.049470344670937, 16.426025343446437 ], [ -96.062372124564206, 16.422996756048999 ], [ -96.091005350114941, 16.418766010561413 ], [ -96.109503939934257, 16.420097848747822 ], [ -96.187139976261037, 16.42287622149728 ], [ -96.187500000124913, 16.437499999625327 ], [ -96.185377672041895, 16.438155449814218 ], [ -96.181288994291634, 16.441011217293944 ], [ -96.163256157345756, 16.442422824653743 ], [ -96.161767577911348, 16.461439683594534 ], [ -96.15621100513377, 16.463155449764248 ], [ -96.13962232830778, 16.478511217218955 ], [ -96.114544338250639, 16.479822116697367 ], [ -96.110455661399627, 16.482677883277777 ], [ -96.097877672216796, 16.48398878275616 ], [ -96.0854556614496, 16.495177883252811 ], [ -96.08333333336661, 16.495833333441652 ], [ -96.07916666640844, 16.495833333441666 ], [ -96.079166666408469, 16.500000000399737 ], [ -96.076956176886057, 16.500567288249748 ], [ -96.071970452374444, 16.504431152575755 ], [ -96.070266045541558, 16.497789509977952 ], [ -96.066099378583402, 16.492413330410955 ], [ -96.067233954283552, 16.489456176961024 ], [ -96.070266045541501, 16.485543822989111 ], [ -96.071400621241636, 16.47278951002793 ], [ -96.079733954258515, 16.463437228944979 ], [ -96.078500026854726, 16.450950792545061 ], [ -96.073043822914101, 16.446400621391611 ], [ -96.068622843869093, 16.445266045691497 ], [ -96.064710489897195, 16.442233954433533 ], [ -96.056122842994796, 16.441099378733416 ], [ -96.052210489922118, 16.43806728747543 ], [ -96.029166666508445, 16.437499999625377 ], [ -96.029166666508374, 16.433333333566555 ] ] ] ] } },
{ "type": "Feature", "properties": { "HAS_WS": 12817.947, "ID_WS": "23", "S1_N": 0, "S2_N": 0, "S3_N": 377, "S4_N": 377, "S5_N": 748, "S6_N": 740, "S7_N": 635, "S1_P": 0, "S2_P": 0, "S3_P": 9637, "S4_P": 9569, "S5_P": 18991, "S6_P": 18803, "S7_P": 16130, "SUM_NUTR": 0 }, "geometry": { "type": "MultiPolygon", "coordinates": [ [ [ [ -96.19504027059368, 16.811031398278089 ], [ -96.192413330111052, 16.813067287625376 ], [ -96.189456176661182, 16.811932711925216 ], [ -96.189162264574179, 16.811670842612259 ], [ -96.181377156630475, 16.804733954608331 ], [ -96.175850762402774, 16.80331590450545 ], [ -96.174432712299804, 16.79778951027772 ], [ -96.171400621041812, 16.793877156305747 ], [ -96.170833333191794, 16.787499999825148 ], [ -96.169865587127106, 16.783729383504312 ], [ -96.164710489697313, 16.779733954658358 ], [ -96.160289509753099, 16.778599378958223 ], [ -96.156377156680406, 16.775567287700245 ], [ -96.151956176736121, 16.774432712000166 ], [ -96.1480438236635, 16.771400621641408 ], [ -96.143953554986865, 16.770350922112108 ], [ -96.143622843719257, 16.770266045042014 ], [ -96.131377156730395, 16.758900620767097 ], [ -96.125850762502623, 16.757482570664148 ], [ -96.125000000249784, 16.754166666858261 ], [ -96.125353325895233, 16.751742214231911 ], [ -96.132980007621171, 16.744091118610314 ], [ -96.133686658912197, 16.735075548198068 ], [ -96.14001180456745, 16.728730233903285 ], [ -96.141313340638163, 16.727424451677226 ], [ -96.142019992828367, 16.7142422143068 ], [ -96.149646674554319, 16.706591118685232 ], [ -96.150353325845288, 16.701742214331748 ], [ -96.153813340613212, 16.698257785668325 ], [ -96.154519992803372, 16.689242214356735 ], [ -96.157980007571297, 16.685757785693301 ], [ -96.158333333216746, 16.679166667008118 ], [ -96.159184095469556, 16.675850762302897 ], [ -96.162500000174802, 16.675000000050094 ], [ -96.163637288230248, 16.67943115222603 ], [ -96.16862284366924, 16.675567287900119 ], [ -96.173043823613511, 16.674432712200002 ], [ -96.178510877874643, 16.66987338594809 ], [ -96.179166667108007, 16.662500000075031 ], [ -96.181377156630489, 16.663067287925035 ], [ -96.185289509703097, 16.666099379183031 ], [ -96.193877156605481, 16.667233954883141 ], [ -96.197789509678088, 16.670266045241835 ], [ -96.202210489622402, 16.671400620941906 ], [ -96.21445617661125, 16.682766045216894 ], [ -96.219982570838923, 16.684184095319825 ], [ -96.221400620941893, 16.689710489547519 ], [ -96.224432712199899, 16.693622843519471 ], [ -96.22556728790002, 16.69804382346371 ], [ -96.228599379158013, 16.701956176536378 ], [ -96.228748992584158, 16.703088659705724 ], [ -96.229733954858148, 16.710543823438758 ], [ -96.237038167577367, 16.718741183458928 ], [ -96.233900620916927, 16.722789510427596 ], [ -96.232766045216749, 16.754913329886399 ], [ -96.236932712174905, 16.760289510352671 ], [ -96.23750000002498, 16.783333333766425 ], [ -96.235075548297843, 16.783686659411831 ], [ -96.225357734172107, 16.793378363520706 ], [ -96.224646674404482, 16.798257785468472 ], [ -96.217019992678502, 16.805908881090087 ], [ -96.216666667033039, 16.808333333716377 ], [ -96.198436613091772, 16.808881214785053 ], [ -96.197789509678145, 16.808900621566476 ], [ -96.19504027059368, 16.811031398278089 ] ] ] ] } },
{ "type": "Feature", "properties": { "HAS_WS": 19374.035, "ID_WS": "24", "S1_N": 57, "S2_N": 386, "S3_N": 155, "S4_N": 155, "S5_N": 229, "S6_N": 309, "S7_N": 306, "S1_P": 2433, "S2_P": 5759, "S3_P": 1404, "S4_P": 3942, "S5_P": 5850, "S6_P": 7871, "S7_P": 7784, "SUM_NUTR": 0 }, "geometry": { "type": "MultiPolygon", "coordinates": [ [ [ [ -96.228748992584158, 16.703088659705724 ], [ -96.228599379158013, 16.701956176536378 ], [ -96.22556728790002, 16.69804382346371 ], [ -96.224432712199899, 16.693622843519471 ], [ -96.221400620941893, 16.689710489547519 ], [ -96.219982570838923, 16.684184095319825 ], [ -96.21445617661125, 16.682766045216894 ], [ -96.202210489622402, 16.671400620941906 ], [ -96.197789509678088, 16.670266045241835 ], [ -96.193877156605481, 16.667233954883141 ], [ -96.185289509703097, 16.666099379183031 ], [ -96.181377156630489, 16.663067287925035 ], [ -96.179166667108007, 16.662500000075031 ], [ -96.176742214481564, 16.662853325720437 ], [ -96.173257785818137, 16.666313340488326 ], [ -96.170833333191723, 16.666666667033144 ], [ -96.167517428486491, 16.665815904780239 ], [ -96.166666666233581, 16.662500000074981 ], [ -96.166666666233638, 16.658333333116925 ], [ -96.169982570938927, 16.657482570864016 ], [ -96.171684095444604, 16.650850762352857 ], [ -96.175000000149851, 16.650000000099936 ], [ -96.182594130015019, 16.649225192788531 ], [ -96.184052191855145, 16.63020460345977 ], [ -96.189634873750421, 16.628523763361077 ], [ -96.200118764515963, 16.619040256008901 ], [ -96.202031792533163, 16.617309569980698 ], [ -96.210468207641654, 16.616023763386 ], [ -96.214531792508154, 16.613142903921947 ], [ -96.222968207616702, 16.611857096427908 ], [ -96.227031792483274, 16.608976236963873 ], [ -96.232368977446328, 16.607368977596277 ], [ -96.233976236813817, 16.602031792633216 ], [ -96.23685709627793, 16.597968207766648 ], [ -96.238464355645476, 16.592631021904179 ], [ -96.243801540608558, 16.591023763435977 ], [ -96.247865125475144, 16.588142903971935 ], [ -96.248791302789144, 16.587864007649689 ], [ -96.253202311337603, 16.586535644604368 ], [ -96.254166666958085, 16.58333333326674 ], [ -96.273257785618284, 16.583686658912306 ], [ -96.276742214281768, 16.587146674579454 ], [ -96.28333333296689, 16.587500000224971 ], [ -96.282715861148105, 16.589660305778548 ], [ -96.279723442582792, 16.593756442505853 ], [ -96.286882528106204, 16.602006361604385 ], [ -96.28727126826648, 16.60414577670824 ], [ -96.288117472643208, 16.6088026255408 ], [ -96.28395080568508, 16.614506361579366 ], [ -96.282715861148105, 16.640667046347261 ], [ -96.293826972436847, 16.642284138901857 ], [ -96.299138387326693, 16.64616427915821 ], [ -96.300617472618271, 16.656326971712456 ], [ -96.304280599270228, 16.661341349523685 ], [ -96.308333332917016, 16.662500000075021 ], [ -96.309184095169869, 16.659184095369746 ], [ -96.312499999875087, 16.658333333116925 ], [ -96.331591118535272, 16.657980007471426 ], [ -96.335075548098018, 16.654519992703559 ], [ -96.339213053639469, 16.653813340513331 ], [ -96.343408881114954, 16.657980007471387 ], [ -96.345833333741325, 16.658333333116925 ], [ -96.345475599619192, 16.660787624349407 ], [ -96.330883111066669, 16.675353325695511 ], [ -96.326742214181849, 16.674646674404535 ], [ -96.319091118560237, 16.667019992678572 ], [ -96.308333332916959, 16.666666667033144 ], [ -96.304166666858151, 16.666666667033134 ], [ -96.304166666858151, 16.670833333091934 ], [ -96.300850762152905, 16.671684095344773 ], [ -96.299149237647129, 16.678315904755316 ], [ -96.292643907090664, 16.67998521554529 ], [ -96.291099379033099, 16.68427056243652 ], [ -96.299432712049992, 16.693622843519456 ], [ -96.300567287750113, 16.696579996969302 ], [ -96.296400620792042, 16.701956176536363 ], [ -96.295266045091878, 16.706377156480638 ], [ -96.2921264650643, 16.710428195804649 ], [ -96.303599379008176, 16.722789510427596 ], [ -96.304733954708169, 16.73971049034694 ], [ -96.311932712025012, 16.747789510377647 ], [ -96.311962349750559, 16.748013878602233 ], [ -96.313208347287357, 16.757445950270444 ], [ -96.319982570639098, 16.759184095169918 ], [ -96.320833332891965, 16.762499999875203 ], [ -96.316711426091445, 16.763709513383393 ], [ -96.313130357180256, 16.768685912824679 ], [ -96.311507161825986, 16.774217054573512 ], [ -96.302019246790778, 16.77563035715535 ], [ -96.296229722623565, 16.779797024113407 ], [ -96.2895192468158, 16.778536309503085 ], [ -96.283729722648602, 16.774369642545011 ], [ -96.271153428687768, 16.775827026296255 ], [ -96.267297024238275, 16.781185912799717 ], [ -96.265910847907293, 16.795074463315892 ], [ -96.253354560264739, 16.796354167111218 ], [ -96.243814087050438, 16.788130357130374 ], [ -96.238445366460468, 16.786554633389692 ], [ -96.23750000002498, 16.783333333766425 ], [ -96.236932712174905, 16.760289510352671 ], [ -96.232766045216749, 16.754913329886399 ], [ -96.233900620916927, 16.722789510427596 ], [ -96.237038167577367, 16.718741183458928 ], [ -96.229733954858148, 16.710543823438758 ], [ -96.228748992584158, 16.703088659705724 ] ] ] ] } },
{ "type": "Feature", "properties": { "HAS_WS": 10133.904, "ID_WS": "25", "S1_N": 110, "S2_N": 138, "S3_N": 150, "S4_N": 150, "S5_N": 184, "S6_N": 179, "S7_N": 113, "S1_P": 3951, "S2_P": 4519, "S3_P": 4519, "S4_P": 4824, "S5_P": 6194, "S6_P": 6066, "S7_P": 3233, "SUM_NUTR": 0 }, "geometry": { "type": "MultiPolygon", "coordinates": [ [ [ [ -96.254236521309522, 16.556470131619758 ], [ -96.254733954808145, 16.56324666330292 ], [ -96.250567287850046, 16.568622843769298 ], [ -96.249432712149925, 16.571579996319848 ], [ -96.253599379108081, 16.576956176786172 ], [ -96.254166666958085, 16.58333333326674 ], [ -96.253202311337603, 16.586535644604368 ], [ -96.248791302789144, 16.587864007649689 ], [ -96.247865125475144, 16.588142903971935 ], [ -96.243801540608558, 16.591023763435977 ], [ -96.238464355645476, 16.592631021904179 ], [ -96.23685709627793, 16.597968207766648 ], [ -96.233976236813817, 16.602031792633216 ], [ -96.232368977446328, 16.607368977596277 ], [ -96.227031792483274, 16.608976236963873 ], [ -96.222968207616702, 16.611857096427908 ], [ -96.214531792508154, 16.613142903921947 ], [ -96.210468207641654, 16.616023763386 ], [ -96.202031792533163, 16.617309569980698 ], [ -96.200118764515963, 16.619040256008901 ], [ -96.189634873750421, 16.628523763361077 ], [ -96.184052191855145, 16.63020460345977 ], [ -96.182594130015019, 16.649225192788531 ], [ -96.175000000149851, 16.650000000099936 ], [ -96.171684095444604, 16.650850762352857 ], [ -96.169982570938927, 16.657482570864016 ], [ -96.166666666233638, 16.658333333116925 ], [ -96.16575317357011, 16.654774305689763 ], [ -96.150000000199896, 16.654166667058139 ], [ -96.139215088305662, 16.65381232338008 ], [ -96.128813340663086, 16.643382771397892 ], [ -96.129519992853403, 16.626742214481688 ], [ -96.137853325870253, 16.618382432403422 ], [ -96.137146674579384, 16.610075547548526 ], [ -96.133686658912154, 16.606591118885106 ], [ -96.132980007621228, 16.601742214531615 ], [ -96.129519992853389, 16.598257784968808 ], [ -96.128813340663086, 16.593408881514733 ], [ -96.125353325895276, 16.58992445195198 ], [ -96.125100138390508, 16.582215741764443 ], [ -96.125000000249784, 16.579166666308662 ], [ -96.125000000249784, 16.575000000249908 ], [ -96.1357577849938, 16.574646674604406 ], [ -96.13924221455656, 16.571186658937247 ], [ -96.143379720098054, 16.570480007646321 ], [ -96.147575547573396, 16.574646674604431 ], [ -96.148023601031767, 16.574711978216371 ], [ -96.152424451926919, 16.57535332589535 ], [ -96.156250677826534, 16.579152764588493 ], [ -96.164242214506572, 16.571186658937272 ], [ -96.16909111886001, 16.570480007646285 ], [ -96.170317607173203, 16.569262137776871 ], [ -96.172916666670829, 16.566681247041959 ], [ -96.176742214481621, 16.570480007646335 ], [ -96.197547743133768, 16.571186658937247 ], [ -96.20380859389148, 16.564957003862677 ], [ -96.204166667058004, 16.562500000274849 ], [ -96.207406954966999, 16.561573622125088 ], [ -96.209305148613709, 16.554935031826261 ], [ -96.220145331042119, 16.553357272919897 ], [ -96.221450805810036, 16.5311730278131 ], [ -96.224382527331727, 16.527160305004141 ], [ -96.225000000049931, 16.525000000349827 ], [ -96.240753173420202, 16.525607638981402 ], [ -96.241666666983093, 16.529166666408564 ], [ -96.245124986528879, 16.530054049954558 ], [ -96.245212981938238, 16.530720205163036 ], [ -96.245624350582119, 16.533834331746625 ], [ -96.246122888180153, 16.537608177640024 ], [ -96.246400620891919, 16.539710489847291 ], [ -96.253599379108081, 16.547789509878001 ], [ -96.253778098200272, 16.550224529051395 ], [ -96.254236521309522, 16.556470131619758 ] ] ] ] } },
{ "type": "Feature", "properties": { "HAS_WS": 13376.009, "ID_WS": "26", "S1_N": 72, "S2_N": 217, "S3_N": 561, "S4_N": 561, "S5_N": 700, "S6_N": 816, "S7_N": 841, "S1_P": 6474, "S2_P": 7042, "S3_P": 4184, "S4_P": 15700, "S5_P": 19226, "S6_P": 22153, "S7_P": 21370, "SUM_NUTR": 0 }, "geometry": { "type": "MultiPolygon", "coordinates": [ [ [ [ -96.19504027059368, 16.811031398278089 ], [ -96.197789509678145, 16.808900621566476 ], [ -96.198436613091772, 16.808881214785053 ], [ -96.216666667033039, 16.808333333716377 ], [ -96.216313340488227, 16.814924452401662 ], [ -96.212853325720388, 16.818408881065068 ], [ -96.212146674429476, 16.82325778541853 ], [ -96.208686658762289, 16.826742214981252 ], [ -96.207980007471377, 16.835757785393572 ], [ -96.205156141628919, 16.838601594689777 ], [ -96.204519992703496, 16.83924221495629 ], [ -96.20381334051325, 16.84825778536856 ], [ -96.198287963418807, 16.853810967702028 ], [ -96.189242214456641, 16.854519992303874 ], [ -96.184398999442848, 16.859339082377936 ], [ -96.183331976989138, 16.860400729310257 ], [ -96.187146674479393, 16.864242214906426 ], [ -96.187500000124942, 16.866666666633453 ], [ -96.187500000124871, 16.874999999650342 ], [ -96.179886542030303, 16.874223497116819 ], [ -96.179166667108007, 16.862499999675368 ], [ -96.175000000149851, 16.86249999967534 ], [ -96.174641926983327, 16.860042996087415 ], [ -96.171418734657706, 16.856836020888 ], [ -96.169091118859996, 16.854519992303874 ], [ -96.164198795360534, 16.854136594622219 ], [ -96.160075547548416, 16.853813341012955 ], [ -96.155879720072946, 16.84964667405487 ], [ -96.13924221455656, 16.850353325345687 ], [ -96.1357577849938, 16.853813341012916 ], [ -96.126742214581469, 16.85451999230385 ], [ -96.119091118959943, 16.86214667402982 ], [ -96.110075547648378, 16.862853325320753 ], [ -96.106591118984952, 16.866313340987993 ], [ -96.091666666383517, 16.8666666666334 ], [ -96.089209831868246, 16.866308593466851 ], [ -96.083686659012045, 16.860757785343633 ], [ -96.082980007721119, 16.855908880990135 ], [ -96.07918124711685, 16.85208333317934 ], [ -96.083318752658272, 16.847916666221192 ], [ -96.079519992053946, 16.844091118410464 ], [ -96.078813340762991, 16.83924221495629 ], [ -96.062146673829943, 16.822550116994389 ], [ -96.062853326020132, 16.810075548048101 ], [ -96.075353325995181, 16.797549777999915 ], [ -96.07464667470424, 16.789242215056223 ], [ -96.071186659037068, 16.785757785493438 ], [ -96.070480007746141, 16.7725755481231 ], [ -96.067019992078926, 16.769091118560333 ], [ -96.066666666433534, 16.766666666833284 ], [ -96.069982401166897, 16.765815904580446 ], [ -96.070833333391619, 16.76249999987515 ], [ -96.07826707636444, 16.761838785931321 ], [ -96.080017598633248, 16.755017429111138 ], [ -96.083333333366596, 16.754166666858247 ], [ -96.089924452051775, 16.754519992503699 ], [ -96.093408881614579, 16.757980007271573 ], [ -96.102424452026796, 16.758686659461809 ], [ -96.106249999837615, 16.762485419166822 ], [ -96.110075547648364, 16.758686659461858 ], [ -96.119091118959957, 16.757980007271637 ], [ -96.122575547623441, 16.754519992503674 ], [ -96.125000000249784, 16.754166666858261 ], [ -96.125850762502623, 16.757482570664148 ], [ -96.131377156730395, 16.758900620767097 ], [ -96.143622843719257, 16.770266045042014 ], [ -96.143953554986865, 16.770350922112108 ], [ -96.1480438236635, 16.771400621641408 ], [ -96.151956176736121, 16.774432712000166 ], [ -96.156377156680406, 16.775567287700245 ], [ -96.160289509753099, 16.778599378958223 ], [ -96.164710489697313, 16.779733954658358 ], [ -96.169865587127106, 16.783729383504312 ], [ -96.170833333191794, 16.787499999825148 ], [ -96.171400621041812, 16.793877156305747 ], [ -96.174432712299804, 16.79778951027772 ], [ -96.175850762402774, 16.80331590450545 ], [ -96.181377156630475, 16.804733954608331 ], [ -96.189162264574179, 16.811670842612259 ], [ -96.189456176661182, 16.811932711925216 ], [ -96.192413330111052, 16.813067287625376 ], [ -96.19504027059368, 16.811031398278089 ] ] ] ] } },
{ "type": "Feature", "properties": { "HAS_WS": 10728.58, "ID_WS": "27", "S1_N": 0, "S2_N": 413, "S3_N": 155, "S4_N": 155, "S5_N": 154, "S6_N": 148, "S7_N": 148, "S1_P": 0, "S2_P": 5734, "S3_P": 181, "S4_P": 3936, "S5_P": 3905, "S6_P": 3758, "S7_P": 3758, "SUM_NUTR": 0 }, "geometry": { "type": "MultiPolygon", "coordinates": [ [ [ [ -96.367458882504636, 16.650136514573553 ], [ -96.355908881089974, 16.650353325745481 ], [ -96.348257785468405, 16.657980007471387 ], [ -96.345833333741325, 16.658333333116925 ], [ -96.343408881114954, 16.657980007471387 ], [ -96.339213053639469, 16.653813340513331 ], [ -96.335075548098018, 16.654519992703559 ], [ -96.331591118535272, 16.657980007471426 ], [ -96.312499999875087, 16.658333333116925 ], [ -96.309184095169869, 16.659184095369746 ], [ -96.308333332917016, 16.662500000075021 ], [ -96.304280599270228, 16.661341349523685 ], [ -96.300617472618271, 16.656326971712456 ], [ -96.299138387326693, 16.64616427915821 ], [ -96.293826972436847, 16.642284138901857 ], [ -96.282715861148105, 16.640667046347261 ], [ -96.28395080568508, 16.614506361579366 ], [ -96.288117472643208, 16.6088026255408 ], [ -96.28727126826648, 16.60414577670824 ], [ -96.286882528106204, 16.602006361604385 ], [ -96.279723442582792, 16.593756442505853 ], [ -96.282715861148105, 16.589660305778548 ], [ -96.28333333296689, 16.587500000224971 ], [ -96.286649237672165, 16.586649237971955 ], [ -96.287499999925018, 16.58333333326674 ], [ -96.288467745989621, 16.579562716945858 ], [ -96.293622843419456, 16.575567288099965 ], [ -96.298043823363756, 16.574432712399847 ], [ -96.301956176436335, 16.571400621141809 ], [ -96.318877156355683, 16.570266045441706 ], [ -96.322789510327638, 16.567233954183703 ], [ -96.353253174094732, 16.566059027701989 ], [ -96.354166666758246, 16.562500000274834 ], [ -96.358333333716374, 16.562500000274849 ], [ -96.360757785443383, 16.562853325920329 ], [ -96.3642422150062, 16.566313340688165 ], [ -96.374999999750202, 16.566666666333603 ], [ -96.375567287600248, 16.589710489747343 ], [ -96.382766045816311, 16.597789509778099 ], [ -96.383900621516489, 16.602210489722417 ], [ -96.395266045791345, 16.614456176711279 ], [ -96.396541680154414, 16.624112616604044 ], [ -96.402210490122002, 16.62556728800007 ], [ -96.406122843194609, 16.628599378358693 ], [ -96.408333333616483, 16.629166667108052 ], [ -96.408900621466486, 16.635543823588623 ], [ -96.413067287525294, 16.640920003155649 ], [ -96.411826239289496, 16.653270128413769 ], [ -96.408333333616483, 16.654166667058075 ], [ -96.397575547973105, 16.653813340513345 ], [ -96.393379720497663, 16.649646674454548 ], [ -96.367458882504636, 16.650136514573553 ] ] ] ] } },
{ "type": "Feature", "properties": { "HAS_WS": 14074.399, "ID_WS": "28", "S1_N": 196, "S2_N": 284, "S3_N": 291, "S4_N": 291, "S5_N": 519, "S6_N": 566, "S7_N": 391, "S1_P": 7158, "S2_P": 9069, "S3_P": 8903, "S4_P": 9405, "S5_P": 14817, "S6_P": 15686, "S7_P": 10039, "SUM_NUTR": 0 }, "geometry": { "type": "MultiPolygon", "coordinates": [ [ [ [ -96.416376655405671, 16.676130605318441 ], [ -96.415815904380452, 16.678315904755316 ], [ -96.414454036322027, 16.678665387970153 ], [ -96.408931139060769, 16.680082532982532 ], [ -96.408711285351274, 16.687544471136494 ], [ -96.408568492439301, 16.692390555749054 ], [ -96.408005628219172, 16.711490090056348 ], [ -96.407766045766422, 16.719618394773168 ], [ -96.410440817883568, 16.720304878271023 ], [ -96.412494760282385, 16.720831988429673 ], [ -96.412499999675205, 16.72083333299199 ], [ -96.412443523140325, 16.722552984334421 ], [ -96.412295340165116, 16.727064824297997 ], [ -96.412146674029771, 16.731591118635318 ], [ -96.408686659261932, 16.735075548198019 ], [ -96.407980007970934, 16.739924451652158 ], [ -96.404519992303818, 16.743408881214972 ], [ -96.403808932536208, 16.748288303162742 ], [ -96.394091118410373, 16.757980007271588 ], [ -96.391666666683349, 16.758333332917015 ], [ -96.392019992328784, 16.760757785543493 ], [ -96.39583468981904, 16.764599270240154 ], [ -96.389924452351607, 16.770480007246579 ], [ -96.380908881039986, 16.771186659436804 ], [ -96.377424452376559, 16.77464667420475 ], [ -96.368408881064951, 16.77535332549564 ], [ -96.364924452401524, 16.778813341162788 ], [ -96.360075548048087, 16.779519992453721 ], [ -96.356591118485355, 16.782980007221667 ], [ -96.34999999980009, 16.783333333766414 ], [ -96.347542996212269, 16.782975260599876 ], [ -96.342019992428703, 16.777424452476627 ], [ -96.341308932661093, 16.772545030528789 ], [ -96.331591118535229, 16.762853325520673 ], [ -96.320833332891965, 16.762499999875203 ], [ -96.319982570639098, 16.759184095169918 ], [ -96.313208347287357, 16.757445950270444 ], [ -96.311962349750559, 16.748013878602233 ], [ -96.311932712025012, 16.747789510377647 ], [ -96.304733954708169, 16.73971049034694 ], [ -96.303599379008176, 16.722789510427596 ], [ -96.2921264650643, 16.710428195804649 ], [ -96.295266045091878, 16.706377156480638 ], [ -96.296400620792042, 16.701956176536363 ], [ -96.300567287750113, 16.696579996969302 ], [ -96.299432712049992, 16.693622843519456 ], [ -96.291099379033099, 16.68427056243652 ], [ -96.292643907090664, 16.67998521554529 ], [ -96.299149237647129, 16.678315904755316 ], [ -96.300850762152905, 16.671684095344773 ], [ -96.304166666858151, 16.670833333091934 ], [ -96.304166666858151, 16.666666667033134 ], [ -96.308333332916959, 16.666666667033144 ], [ -96.319091118560237, 16.667019992678572 ], [ -96.326742214181849, 16.674646674404535 ], [ -96.330883111066669, 16.675353325695511 ], [ -96.345475599619192, 16.660787624349407 ], [ -96.345833333741325, 16.658333333116925 ], [ -96.348257785468405, 16.657980007471387 ], [ -96.355908881089974, 16.650353325745481 ], [ -96.367458882504636, 16.650136514573553 ], [ -96.393379720497663, 16.649646674454548 ], [ -96.397575547973105, 16.653813340513345 ], [ -96.408333333616483, 16.654166667058075 ], [ -96.409184095869335, 16.657482570864016 ], [ -96.414710490097022, 16.658900620967003 ], [ -96.419865586627509, 16.662896050712206 ], [ -96.420833333591432, 16.666666667033134 ], [ -96.420266045741371, 16.668877156555656 ], [ -96.417233954483436, 16.672789510527565 ], [ -96.416376655405671, 16.676130605318441 ] ] ] ] } },
{ "type": "Feature", "properties": { "HAS_WS": 19422.103, "ID_WS": "29", "S1_N": 746, "S2_N": 779, "S3_N": 1279, "S4_N": 1279, "S5_N": 1421, "S6_N": 1544, "S7_N": 1642, "S1_P": 24421, "S2_P": 24825, "S3_P": 36743, "S4_P": 36743, "S5_P": 39984, "S6_P": 42182, "S7_P": 44574, "SUM_NUTR": 0 }, "geometry": { "type": "MultiPolygon", "coordinates": [ [ [ [ -96.203213800635027, 16.896973541280314 ], [ -96.202424451826957, 16.896186659187087 ], [ -96.195833333141749, 16.8958333335415 ], [ -96.195480007496343, 16.889242214856409 ], [ -96.192019992728461, 16.885757785293649 ], [ -96.19131334053823, 16.880908880940133 ], [ -96.187853325770348, 16.877424452276777 ], [ -96.187500000124871, 16.874999999650342 ], [ -96.187500000124942, 16.866666666633453 ], [ -96.187146674479393, 16.864242214906426 ], [ -96.183331976989138, 16.860400729310257 ], [ -96.184398999442848, 16.859339082377936 ], [ -96.189242214456641, 16.854519992303874 ], [ -96.198287963418807, 16.853810967702028 ], [ -96.20381334051325, 16.84825778536856 ], [ -96.204519992703496, 16.83924221495629 ], [ -96.205156141628919, 16.838601594689777 ], [ -96.207980007471377, 16.835757785393572 ], [ -96.208686658762289, 16.826742214981252 ], [ -96.212146674429476, 16.82325778541853 ], [ -96.212853325720388, 16.818408881065068 ], [ -96.216313340488227, 16.814924452401662 ], [ -96.216666667033039, 16.808333333716377 ], [ -96.217019992678502, 16.805908881090087 ], [ -96.224646674404482, 16.798257785468472 ], [ -96.225357734172107, 16.793378363520706 ], [ -96.235075548297843, 16.783686659411831 ], [ -96.23750000002498, 16.783333333766425 ], [ -96.238445366460468, 16.786554633389692 ], [ -96.243814087050438, 16.788130357130374 ], [ -96.253354560264739, 16.796354167111218 ], [ -96.265910847907293, 16.795074463315892 ], [ -96.267297024238275, 16.781185912799717 ], [ -96.271153428687768, 16.775827026296255 ], [ -96.283729722648602, 16.774369642545011 ], [ -96.2895192468158, 16.778536309503085 ], [ -96.296229722623565, 16.779797024113407 ], [ -96.302019246790778, 16.77563035715535 ], [ -96.311507161825986, 16.774217054573512 ], [ -96.313130357180256, 16.768685912824679 ], [ -96.316711426091445, 16.763709513383393 ], [ -96.320833332891965, 16.762499999875203 ], [ -96.331591118535229, 16.762853325520673 ], [ -96.341308932661093, 16.772545030528789 ], [ -96.342019992428703, 16.777424452476627 ], [ -96.347542996212269, 16.782975260599876 ], [ -96.34999999980009, 16.783333333766414 ], [ -96.349646674154684, 16.798257785468536 ], [ -96.346186659386802, 16.801742215031243 ], [ -96.345833333741297, 16.804166666758341 ], [ -96.345833333741382, 16.808333333716412 ], [ -96.341666666783254, 16.808333333716426 ], [ -96.34166666678324, 16.82324439078916 ], [ -96.34166666678324, 16.829166666708392 ], [ -96.341099378933194, 16.831377156230857 ], [ -96.336715756329198, 16.836296947189499 ], [ -96.333900621616351, 16.839456177160937 ], [ -96.332918868186624, 16.843281681919287 ], [ -96.332766045016953, 16.843877156205814 ], [ -96.32973395465828, 16.847789510177744 ], [ -96.328599378958174, 16.852210490122062 ], [ -96.324888520846358, 16.856375257381885 ], [ -96.321400621641317, 16.86028951015286 ], [ -96.320868807568971, 16.862361803331865 ], [ -96.320266045041947, 16.864710490097117 ], [ -96.312483322830673, 16.872781663696856 ], [ -96.29512464738454, 16.890779283037535 ], [ -96.288123575442611, 16.892575751669654 ], [ -96.286932712075014, 16.914710489997141 ], [ -96.283900620816979, 16.918622843069834 ], [ -96.283333332966905, 16.920833333491654 ], [ -96.280908881239881, 16.921186659137096 ], [ -96.276713053764382, 16.925353326095159 ], [ -96.264242214306734, 16.924646673904963 ], [ -96.260757785643264, 16.921186659137042 ], [ -96.255908881289827, 16.920480007846198 ], [ -96.251713053814314, 16.916313340888035 ], [ -96.243408881314778, 16.917019992178986 ], [ -96.235049099236505, 16.92535332609512 ], [ -96.226712035831767, 16.924643961549638 ], [ -96.221186658737281, 16.919091118260585 ], [ -96.220477634135477, 16.910045369298381 ], [ -96.214924451801934, 16.904519992203923 ], [ -96.210075548347831, 16.903813340913022 ], [ -96.203213800635027, 16.896973541280314 ] ] ] ] } },
{ "type": "Feature", "properties": { "HAS_WS": 5164.667, "ID_WS": "30", "S1_N": 33, "S2_N": 68, "S3_N": 34, "S4_N": 34, "S5_N": 37, "S6_N": 246, "S7_N": 274, "S1_P": 3169, "S2_P": 1740, "S3_P": 861, "S4_P": 861, "S5_P": 939, "S6_P": 6259, "S7_P": 6955, "SUM_NUTR": 0 }, "geometry": { "type": "MultiPolygon", "coordinates": [ [ [ [ -96.091666666383531, 16.899502678981133 ], [ -96.091666666383531, 16.896811213510958 ], [ -96.091666666383517, 16.8666666666334 ], [ -96.106591118984952, 16.866313340987993 ], [ -96.110075547648378, 16.862853325320753 ], [ -96.119091118959943, 16.86214667402982 ], [ -96.126742214581469, 16.85451999230385 ], [ -96.1357577849938, 16.853813341012916 ], [ -96.13924221455656, 16.850353325345687 ], [ -96.155879720072946, 16.84964667405487 ], [ -96.160075547548416, 16.853813341012955 ], [ -96.164198795360534, 16.854136594622219 ], [ -96.169091118859996, 16.854519992303874 ], [ -96.171418734657706, 16.856836020888 ], [ -96.174641926983327, 16.860042996087415 ], [ -96.175000000149851, 16.86249999967534 ], [ -96.179166667108007, 16.862499999675368 ], [ -96.179886542030303, 16.874223497116819 ], [ -96.187500000124871, 16.874999999650342 ], [ -96.187853325770348, 16.877424452276777 ], [ -96.19131334053823, 16.880908880940133 ], [ -96.192019992728461, 16.885757785293649 ], [ -96.195480007496343, 16.889242214856409 ], [ -96.195833333141749, 16.8958333335415 ], [ -96.19340888141474, 16.896186659187077 ], [ -96.189924451851994, 16.899646673954877 ], [ -96.17745361329365, 16.90035332614519 ], [ -96.17291632762641, 16.895847575205508 ], [ -96.167024739400205, 16.901709662970674 ], [ -96.166666666233567, 16.90416666655851 ], [ -96.166666666233567, 16.908333333516609 ], [ -96.16424221450653, 16.907980007871117 ], [ -96.160757784943769, 16.904519992203923 ], [ -96.15833333321676, 16.904166666558471 ], [ -96.155908881489637, 16.904519992203952 ], [ -96.151713053114861, 16.908686659162051 ], [ -96.143408881514617, 16.907980007871181 ], [ -96.139924451951899, 16.904519992203912 ], [ -96.130908881539597, 16.903813340913061 ], [ -96.126713053164877, 16.899646673954901 ], [ -96.118408881564648, 16.900353326145126 ], [ -96.11492445200183, 16.903813340913036 ], [ -96.110075547648407, 16.904519992203912 ], [ -96.10677587297792, 16.907796762829758 ], [ -96.106675369724044, 16.907816569835642 ], [ -96.106675369724002, 16.907816569835617 ], [ -96.104762310156374, 16.90830678106974 ], [ -96.10440564981765, 16.908222250806119 ], [ -96.104093489726722, 16.907452201199323 ], [ -96.104093489726765, 16.907452201199273 ], [ -96.103743289771955, 16.90683383026607 ], [ -96.10330017020469, 16.906340311276981 ], [ -96.102796490386893, 16.906015800632979 ], [ -96.101976380379256, 16.904918949801289 ], [ -96.101228170197857, 16.904205970317676 ], [ -96.100415779740857, 16.903609949935031 ], [ -96.099477510190496, 16.90295305035891 ], [ -96.099477510190454, 16.902953050358935 ], [ -96.098823979665781, 16.902624540132127 ], [ -96.097676000318771, 16.902159999793973 ], [ -96.097676000318728, 16.902159999794023 ], [ -96.097213430238, 16.901904380984096 ], [ -96.096294709588321, 16.902089201125495 ], [ -96.095555320068215, 16.902021429669063 ], [ -96.094670279849922, 16.902228021110759 ], [ -96.093721579739608, 16.901533249674404 ], [ -96.093105020179323, 16.900709659957581 ], [ -96.092689650106408, 16.900319580129452 ], [ -96.092435539819178, 16.900168109548872 ], [ -96.092033970260474, 16.899985060082646 ], [ -96.091666666383531, 16.899502678981133 ] ] ] ] } },
{ "type": "Feature", "properties": { "HAS_WS": 12737.334, "ID_WS": "31", "S1_N": 192, "S2_N": 236, "S3_N": 939, "S4_N": 939, "S5_N": 1020, "S6_N": 1363, "S7_N": 581, "S1_P": 8911, "S2_P": 11567, "S3_P": 26891, "S4_P": 26891, "S5_P": 28234, "S6_P": 35333, "S7_P": 14878, "SUM_NUTR": 0 }, "geometry": { "type": "MultiPolygon", "coordinates": [ [ [ [ -96.20781288260531, 17.012581141519046 ], [ -96.207748049960472, 17.012184430187244 ], [ -96.206800000183776, 17.01089286002453 ], [ -96.20571156987306, 17.008625179721623 ], [ -96.205327340424361, 17.008229319660963 ], [ -96.204449630213958, 17.007785119985584 ], [ -96.203841349638878, 17.00698890983292 ], [ -96.202923829562124, 17.002073309813465 ], [ -96.202367709951972, 17.001210850183497 ], [ -96.201197000069257, 16.997734919948464 ], [ -96.200873119887788, 16.994515350182173 ], [ -96.198906369786997, 16.992558880015281 ], [ -96.197614620171677, 16.992590280237209 ], [ -96.19598033999992, 16.991890709623494 ], [ -96.193514950027946, 16.988007290112598 ], [ -96.193378059602054, 16.985232650159755 ], [ -96.192017830111723, 16.981982889947329 ], [ -96.189743080248306, 16.979961309720345 ], [ -96.188634849839062, 16.977573509796951 ], [ -96.188310549650254, 16.976221650411578 ], [ -96.186098860159731, 16.970915830168533 ], [ -96.185676627351526, 16.97057156574208 ], [ -96.187146674479408, 16.969091119060021 ], [ -96.187853325770334, 16.955908881689563 ], [ -96.192019992728419, 16.951713053314773 ], [ -96.191307576783274, 16.947541978779348 ], [ -96.185757785793157, 16.942019992128966 ], [ -96.180878363845338, 16.941308933260657 ], [ -96.171186658837243, 16.931591119134914 ], [ -96.170480007546274, 16.926742214781488 ], [ -96.167884325509263, 16.924138438884782 ], [ -96.162146674529396, 16.918382432703126 ], [ -96.162853325820379, 16.914242214806407 ], [ -96.166313340588175, 16.910757785243643 ], [ -96.166666666233567, 16.908333333516609 ], [ -96.166666666233567, 16.90416666655851 ], [ -96.167024739400205, 16.901709662970674 ], [ -96.17291632762641, 16.895847575205508 ], [ -96.17745361329365, 16.90035332614519 ], [ -96.189924451851994, 16.899646673954877 ], [ -96.19340888141474, 16.896186659187077 ], [ -96.195833333141749, 16.8958333335415 ], [ -96.202424451826957, 16.896186659187087 ], [ -96.203213800635027, 16.896973541280314 ], [ -96.210075548347831, 16.903813340913022 ], [ -96.214924451801934, 16.904519992203923 ], [ -96.220477634135477, 16.910045369298381 ], [ -96.221186658737281, 16.919091118260585 ], [ -96.226712035831767, 16.924643961549638 ], [ -96.235049099236505, 16.92535332609512 ], [ -96.243408881314778, 16.917019992178986 ], [ -96.251713053814314, 16.916313340888035 ], [ -96.255908881289827, 16.920480007846198 ], [ -96.260757785643264, 16.921186659137042 ], [ -96.264242214306734, 16.924646673904963 ], [ -96.276713053764382, 16.925353326095159 ], [ -96.280908881239881, 16.921186659137096 ], [ -96.283333332966905, 16.920833333491654 ], [ -96.282980007321441, 16.923257785218688 ], [ -96.279519992553602, 16.926742214781488 ], [ -96.278813341262705, 16.939213053339817 ], [ -96.282980007321456, 16.943408881714582 ], [ -96.283140163899816, 16.945452272653512 ], [ -96.283686659511744, 16.952424452126785 ], [ -96.291313341237696, 16.960075547748417 ], [ -96.292019992528637, 16.964924452101897 ], [ -96.305879041684378, 16.978808933185732 ], [ -96.308333332916959, 16.979166666408553 ], [ -96.307482570664149, 16.982482571113799 ], [ -96.30416666685818, 16.98333333336674 ], [ -96.303599379008162, 16.985543822889202 ], [ -96.296400620791985, 16.993622843819235 ], [ -96.295266045091864, 16.998043822864183 ], [ -96.292233954733192, 17.001956176836128 ], [ -96.290747070520837, 17.007750447625156 ], [ -96.281377156430622, 17.016099378483638 ], [ -96.275850762202865, 17.017517428586547 ], [ -96.274149237697145, 17.024149237996998 ], [ -96.268622843469458, 17.025567288099939 ], [ -96.264710489497503, 17.028599378458644 ], [ -96.26249999997502, 17.029166666308644 ], [ -96.259184095269802, 17.028315904055791 ], [ -96.257433742972808, 17.02149454723558 ], [ -96.243622843519447, 17.020266045441801 ], [ -96.230154758435376, 17.007766045466713 ], [ -96.214456176611264, 17.008900621166855 ], [ -96.210665454586248, 17.01183856383895 ], [ -96.209079997044142, 17.013067288124944 ], [ -96.20781288260531, 17.012581141519046 ] ] ] ] } },
{ "type": "Feature", "properties": { "HAS_WS": 2121.24, "ID_WS": "32", "S1_N": 13, "S2_N": 13, "S3_N": 54, "S4_N": 54, "S5_N": 113, "S6_N": 121, "S7_N": 103, "S1_P": 683, "S2_P": 515, "S3_P": 2195, "S4_P": 2195, "S5_P": 3174, "S6_P": 3348, "S7_P": 2622, "SUM_NUTR": 0 }, "geometry": { "type": "MultiPolygon", "coordinates": [ [ [ [ -96.170981349867304, 16.960382720429276 ], [ -96.17139927954338, 16.959681149988754 ], [ -96.171232630430538, 16.959304680256928 ], [ -96.170573029892665, 16.958299180860493 ], [ -96.169987909829544, 16.957911910581714 ], [ -96.168553970444151, 16.95781328021295 ], [ -96.167827829638114, 16.956760969616205 ], [ -96.167759049957013, 16.95595512079899 ], [ -96.167003050156538, 16.95483668038537 ], [ -96.164958770035355, 16.952174779755833 ], [ -96.163011170158384, 16.950303851137715 ], [ -96.162128319642321, 16.945670970407825 ], [ -96.161207509615892, 16.944124089940075 ], [ -96.159299350115305, 16.941911370266773 ], [ -96.157139489532327, 16.940343400685617 ], [ -96.156506060380153, 16.937231259914558 ], [ -96.156198310314252, 16.936841630503398 ], [ -96.155583649753012, 16.936371920833228 ], [ -96.155200599901249, 16.936029170230512 ], [ -96.15452361996168, 16.93401985034177 ], [ -96.154143279878653, 16.933277749942803 ], [ -96.153474940364234, 16.931942620118171 ], [ -96.152369909943857, 16.930875740597436 ], [ -96.151911340401711, 16.930565431236378 ], [ -96.151337490409304, 16.930014860619643 ], [ -96.150430030049279, 16.929286659989984 ], [ -96.149677080099266, 16.928618181013185 ], [ -96.148800229757654, 16.927645770263023 ], [ -96.148255350399495, 16.927249449926975 ], [ -96.148255350399452, 16.927249449927029 ], [ -96.146534550113088, 16.926342800507946 ], [ -96.144296310429169, 16.924525110758427 ], [ -96.143457939829077, 16.923581060218655 ], [ -96.142938720223285, 16.922796800422752 ], [ -96.142196770120464, 16.921775540400851 ], [ -96.141835659753042, 16.921459941031692 ], [ -96.140827079940593, 16.920773350335626 ], [ -96.140487649635617, 16.920562459701433 ], [ -96.140282339771403, 16.92045730993766 ], [ -96.140282339771346, 16.920457309937671 ], [ -96.13799656961352, 16.919951339562317 ], [ -96.137660320457329, 16.919913150116912 ], [ -96.13711382979514, 16.919839000295685 ], [ -96.137113829795098, 16.919839000295699 ], [ -96.136333970275729, 16.919728709691199 ], [ -96.13590122004841, 16.919636350641746 ], [ -96.135489379858853, 16.919693631278463 ], [ -96.134144689852704, 16.919826631088899 ], [ -96.133404059823533, 16.919628860479897 ], [ -96.133404059823476, 16.919628860479907 ], [ -96.132882420446279, 16.919344509680872 ], [ -96.132567579692065, 16.919223320418912 ], [ -96.131989539697145, 16.919302370241489 ], [ -96.131761709593945, 16.919345120610707 ], [ -96.131761709593903, 16.919345120610657 ], [ -96.131537479730483, 16.919352510997726 ], [ -96.131193199766486, 16.919287520735516 ], [ -96.130961920212954, 16.919191569661159 ], [ -96.130251630077083, 16.918850980243526 ], [ -96.129667969945885, 16.918859920210185 ], [ -96.129667969945842, 16.91885992021016 ], [ -96.127120020267157, 16.919277199633779 ], [ -96.126147229757805, 16.919539860673201 ], [ -96.124654430343384, 16.919228341104485 ], [ -96.124278340282132, 16.918686679756874 ], [ -96.124278340282075, 16.918686679756913 ], [ -96.123500060051683, 16.918115571143272 ], [ -96.12303771981459, 16.917738251122397 ], [ -96.123037719814533, 16.917738251122422 ], [ -96.122106249990821, 16.917181540098841 ], [ -96.121975540099939, 16.917095720383468 ], [ -96.121531880135564, 16.91658723007663 ], [ -96.121531880135521, 16.91658723007663 ], [ -96.121197580021402, 16.91638946052932 ], [ -96.120737750132335, 16.916259399889714 ], [ -96.120319999779056, 16.916021661274232 ], [ -96.119885539814462, 16.915664619828565 ], [ -96.119885539814405, 16.915664619828615 ], [ -96.118307800332929, 16.915247340058642 ], [ -96.117941110418712, 16.915055340168749 ], [ -96.116984289574987, 16.914170109950128 ], [ -96.116562030437706, 16.913798510448665 ], [ -96.116086399595233, 16.91331832053303 ], [ -96.115905080057132, 16.913086460070357 ], [ -96.11546392038349, 16.912506400018927 ], [ -96.115366819733055, 16.912088860698798 ], [ -96.115242460294482, 16.911973910098808 ], [ -96.114915739795308, 16.911813650829977 ], [ -96.11424074022311, 16.911196110308754 ], [ -96.113968740091281, 16.910696400186943 ], [ -96.113785060304053, 16.909731460339103 ], [ -96.11378506030411, 16.909731460339113 ], [ -96.113604919768747, 16.909003019689745 ], [ -96.112793819838274, 16.908496220949345 ], [ -96.112793819838217, 16.908496220949409 ], [ -96.111707020289217, 16.907558739742235 ], [ -96.110268459832113, 16.907421310674639 ], [ -96.109822400350936, 16.90727314982076 ], [ -96.108607850355881, 16.907371370587594 ], [ -96.107414149644669, 16.907670970679877 ], [ -96.107414149644612, 16.907670970679852 ], [ -96.10677587297792, 16.907796762829758 ], [ -96.110075547648407, 16.904519992203912 ], [ -96.11492445200183, 16.903813340913036 ], [ -96.118408881564648, 16.900353326145126 ], [ -96.126713053164877, 16.899646673954901 ], [ -96.130908881539597, 16.903813340913061 ], [ -96.139924451951899, 16.904519992203912 ], [ -96.143408881514617, 16.907980007871181 ], [ -96.151713053114861, 16.908686659162051 ], [ -96.155908881489637, 16.904519992203952 ], [ -96.15833333321676, 16.904166666558471 ], [ -96.160757784943769, 16.904519992203923 ], [ -96.16424221450653, 16.907980007871117 ], [ -96.166666666233567, 16.908333333516609 ], [ -96.166313340588175, 16.910757785243643 ], [ -96.162853325820379, 16.914242214806407 ], [ -96.162146674529396, 16.918382432703126 ], [ -96.167884325509263, 16.924138438884782 ], [ -96.170480007546274, 16.926742214781488 ], [ -96.171186658837243, 16.931591119134914 ], [ -96.180878363845338, 16.941308933260657 ], [ -96.185757785793157, 16.942019992128966 ], [ -96.191307576783274, 16.947541978779348 ], [ -96.192019992728419, 16.951713053314773 ], [ -96.187853325770334, 16.955908881689563 ], [ -96.187146674479408, 16.969091119060021 ], [ -96.185676627351526, 16.97057156574208 ], [ -96.183095140091538, 16.968466710433017 ], [ -96.181545549912656, 16.969358450203764 ], [ -96.179453309521222, 16.968885350224646 ], [ -96.175531979694455, 16.967357659845486 ], [ -96.173436940249161, 16.964837579836871 ], [ -96.172047060066717, 16.964064079615177 ], [ -96.172047060066674, 16.964064079615216 ], [ -96.170598200363116, 16.96340906030721 ], [ -96.170463650104466, 16.963059020383525 ], [ -96.170981349867304, 16.960382720429276 ] ] ] ] } },
{ "type": "Feature", "properties": { "HAS_WS": 7001.797, "ID_WS": "33", "S1_N": 25, "S2_N": 384, "S3_N": 300, "S4_N": 300, "S5_N": 300, "S6_N": 66, "S7_N": 66, "S1_P": 648, "S2_P": 5442, "S3_P": 8430, "S4_P": 7611, "S5_P": 7628, "S6_P": 1673, "S7_P": 1680, "SUM_NUTR": 0 }, "geometry": { "type": "MultiPolygon", "coordinates": [ [ [ [ -96.308333332916959, 16.491666666483553 ], [ -96.312499999875058, 16.491666666483578 ], [ -96.314924451602153, 16.491313340838094 ], [ -96.322575548122998, 16.483686659112124 ], [ -96.327424452476507, 16.482980007821133 ], [ -96.332975260599767, 16.477457004037529 ], [ -96.333333333766348, 16.47500000044975 ], [ -96.335543823288802, 16.47556728829985 ], [ -96.339456176361438, 16.478599378658419 ], [ -96.356377156280686, 16.479733954358547 ], [ -96.361763169934349, 16.484225802678715 ], [ -96.363067287625185, 16.49241333041093 ], [ -96.358900621566406, 16.497789509978031 ], [ -96.357766045866299, 16.507118394298512 ], [ -96.366931151951064, 16.509470621472108 ], [ -96.363067287625199, 16.514456176911096 ], [ -96.361932711925064, 16.518877156855407 ], [ -96.358900621566448, 16.522789509928035 ], [ -96.357766045866313, 16.527210489872232 ], [ -96.354733954608264, 16.531122843844237 ], [ -96.354166666758189, 16.537500000324876 ], [ -96.353813341112726, 16.539924452051896 ], [ -96.350353325445596, 16.543408881614656 ], [ -96.349999999800133, 16.562500000274824 ], [ -96.354166666758246, 16.562500000274834 ], [ -96.353253174094732, 16.566059027701989 ], [ -96.322789510327638, 16.567233954183703 ], [ -96.318877156355683, 16.570266045441706 ], [ -96.301956176436335, 16.571400621141809 ], [ -96.298043823363756, 16.574432712399847 ], [ -96.293622843419456, 16.575567288099965 ], [ -96.288467745989621, 16.579562716945858 ], [ -96.287499999925018, 16.58333333326674 ], [ -96.284041680379246, 16.582445949720821 ], [ -96.282766045116873, 16.572789509828048 ], [ -96.270266045141838, 16.559321424744041 ], [ -96.271400620841916, 16.551956176836129 ], [ -96.274432712099994, 16.548043822864226 ], [ -96.275567287800115, 16.543622843819303 ], [ -96.28276604511683, 16.535543822889181 ], [ -96.284184095219743, 16.530017428661463 ], [ -96.291270616245967, 16.528198920343915 ], [ -96.295266045091864, 16.523043822914143 ], [ -96.296400620791985, 16.514456176911146 ], [ -96.303599379008162, 16.506377156880284 ], [ -96.304733954708198, 16.501956176936098 ], [ -96.307766045066884, 16.498043822964149 ], [ -96.308333332916959, 16.491666666483553 ] ] ] ] } },
{ "type": "Feature", "properties": { "HAS_WS": 12515.968, "ID_WS": "34", "S1_N": 94, "S2_N": 151, "S3_N": 424, "S4_N": 424, "S5_N": 425, "S6_N": 562, "S7_N": 481, "S1_P": 6000, "S2_P": 6128, "S3_P": 14757, "S4_P": 14457, "S5_P": 14485, "S6_P": 16676, "S7_P": 12523, "SUM_NUTR": 0 }, "geometry": { "type": "MultiPolygon", "coordinates": [ [ [ [ -96.374999999750202, 16.566666666333603 ], [ -96.375353325395594, 16.564242214606573 ], [ -96.378813341062823, 16.560757785043823 ], [ -96.379166666708329, 16.558333333316806 ], [ -96.379166666708272, 16.554166666358679 ], [ -96.38248257141349, 16.553315904105752 ], [ -96.383333333666371, 16.550000000299843 ], [ -96.383333333666371, 16.545833333341772 ], [ -96.385543823188911, 16.545266045491676 ], [ -96.394913737279168, 16.536917114633184 ], [ -96.396400621491452, 16.531122843844248 ], [ -96.399432711850167, 16.527210489872221 ], [ -96.400850761953109, 16.521684095644595 ], [ -96.40637715618081, 16.520266045541661 ], [ -96.414456177110793, 16.513067288224875 ], [ -96.420833333591403, 16.512500000374761 ], [ -96.423257785318512, 16.512853326020238 ], [ -96.427083333129303, 16.516652085725219 ], [ -96.430908880940081, 16.512853326020224 ], [ -96.439304395129582, 16.512568554534546 ], [ -96.451716443858743, 16.512146673829978 ], [ -96.466308932411323, 16.52671237517605 ], [ -96.467019992178905, 16.531591119034957 ], [ -96.476714409542325, 16.541311984560494 ], [ -96.489924452151726, 16.54201999202909 ], [ -96.493408881714501, 16.545480007696316 ], [ -96.502612261079989, 16.545782329091356 ], [ -96.504166666458431, 16.545833333341744 ], [ -96.507482571163706, 16.546684095594578 ], [ -96.508900621266605, 16.552210489822336 ], [ -96.511932712524697, 16.556122843794203 ], [ -96.513137817556185, 16.574094306507142 ], [ -96.518877156855282, 16.57556728809994 ], [ -96.526956176886046, 16.582766045416705 ], [ -96.529166666408486, 16.58333333326674 ], [ -96.5291666664085, 16.600000000199877 ], [ -96.518408881664556, 16.600353325845322 ], [ -96.514924452101781, 16.60381334061324 ], [ -96.505156150459243, 16.604211470863671 ], [ -96.49757554777328, 16.604519992803493 ], [ -96.493749321873707, 16.608319430597316 ], [ -96.48575778519357, 16.600353325845386 ], [ -96.476742214781382, 16.599646674554464 ], [ -96.475404644888414, 16.598318503783258 ], [ -96.473257785218578, 16.596186658887255 ], [ -96.460785590482629, 16.595480007596315 ], [ -96.454524739724917, 16.601709662670856 ], [ -96.454166666558365, 16.604166666258713 ], [ -96.449999999600266, 16.604166666258674 ], [ -96.449188910939398, 16.60732659254824 ], [ -96.445086669614042, 16.608900621066947 ], [ -96.439710490047048, 16.604733954108706 ], [ -96.430054050154297, 16.603458319745716 ], [ -96.428029378552935, 16.595568848023937 ], [ -96.423043823113943, 16.59943271234982 ], [ -96.414456177110807, 16.600567288049934 ], [ -96.408923679184426, 16.605181206747268 ], [ -96.408333333616483, 16.629166667108052 ], [ -96.406122843194609, 16.628599378358693 ], [ -96.402210490122002, 16.62556728800007 ], [ -96.396541680154414, 16.624112616604044 ], [ -96.395266045791345, 16.614456176711279 ], [ -96.383900621516489, 16.602210489722417 ], [ -96.382766045816311, 16.597789509778099 ], [ -96.375567287600248, 16.589710489747343 ], [ -96.374999999750202, 16.566666666333603 ] ] ] ] } },
{ "type": "Feature", "properties": { "HAS_WS": 6537.657, "ID_WS": "35", "S1_N": 45, "S2_N": 115, "S3_N": 81, "S4_N": 81, "S5_N": 105, "S6_N": 103, "S7_N": 69, "S1_P": 1280, "S2_P": 2337, "S3_P": 1461, "S4_P": 2235, "S5_P": 2665, "S6_P": 2625, "S7_P": 1749, "SUM_NUTR": 0 }, "geometry": { "type": "MultiPolygon", "coordinates": [ [ [ [ -96.354166666758246, 16.562500000274834 ], [ -96.349999999800133, 16.562500000274824 ], [ -96.350353325445596, 16.543408881614656 ], [ -96.353813341112726, 16.539924452051896 ], [ -96.354166666758189, 16.537500000324876 ], [ -96.354733954608264, 16.531122843844237 ], [ -96.357766045866313, 16.527210489872232 ], [ -96.358900621566448, 16.522789509928035 ], [ -96.361932711925064, 16.518877156855407 ], [ -96.363067287625199, 16.514456176911096 ], [ -96.366931151951064, 16.509470621472108 ], [ -96.357766045866299, 16.507118394298512 ], [ -96.358900621566406, 16.497789509978031 ], [ -96.363067287625185, 16.49241333041093 ], [ -96.361763169934349, 16.484225802678715 ], [ -96.356377156280686, 16.479733954358547 ], [ -96.339456176361438, 16.478599378658419 ], [ -96.335543823288802, 16.47556728829985 ], [ -96.333333333766348, 16.47500000044975 ], [ -96.329562717445398, 16.47403225348577 ], [ -96.325468614085281, 16.468750000012566 ], [ -96.32859937895816, 16.464710489997199 ], [ -96.330017429061073, 16.459184095769469 ], [ -96.336610082636469, 16.457492286603276 ], [ -96.336892361193492, 16.457419840853024 ], [ -96.337499999825127, 16.44166666658348 ], [ -96.348043823263836, 16.442233954433533 ], [ -96.351956176336444, 16.445266045691497 ], [ -96.356377156280743, 16.4464006213916 ], [ -96.357347402846145, 16.447152586724766 ], [ -96.360289510252656, 16.449432711750319 ], [ -96.373043823213891, 16.450567287450383 ], [ -96.376956177185747, 16.453599378708425 ], [ -96.381377156230712, 16.454733954408599 ], [ -96.393622843219603, 16.466099378683481 ], [ -96.399149237447361, 16.467517428786429 ], [ -96.400567287550288, 16.473043823014088 ], [ -96.40359937880821, 16.476956176986057 ], [ -96.404733954508401, 16.485543822989111 ], [ -96.407766045766408, 16.489456176961014 ], [ -96.408333333616483, 16.491666666483528 ], [ -96.408333333616469, 16.495833333441652 ], [ -96.40918409586935, 16.499149238146916 ], [ -96.41581590438048, 16.500850762652618 ], [ -96.417233954483379, 16.506377156880347 ], [ -96.420266045741386, 16.510289509953029 ], [ -96.420833333591403, 16.512500000374761 ], [ -96.414456177110793, 16.513067288224875 ], [ -96.40637715618081, 16.520266045541661 ], [ -96.400850761953109, 16.521684095644595 ], [ -96.399432711850167, 16.527210489872221 ], [ -96.396400621491452, 16.531122843844248 ], [ -96.394913737279168, 16.536917114633184 ], [ -96.385543823188911, 16.545266045491676 ], [ -96.383333333666371, 16.545833333341772 ], [ -96.383333333666371, 16.550000000299843 ], [ -96.38248257141349, 16.553315904105752 ], [ -96.379166666708272, 16.554166666358679 ], [ -96.379166666708329, 16.558333333316806 ], [ -96.378813341062823, 16.560757785043823 ], [ -96.375353325395594, 16.564242214606573 ], [ -96.374999999750202, 16.566666666333603 ], [ -96.3642422150062, 16.566313340688165 ], [ -96.360757785443383, 16.562853325920329 ], [ -96.358333333716374, 16.562500000274849 ], [ -96.354166666758246, 16.562500000274834 ] ] ] ] } },
{ "type": "Feature", "properties": { "HAS_WS": 7046.446, "ID_WS": "36", "S1_N": 21, "S2_N": 318, "S3_N": 517, "S4_N": 517, "S5_N": 518, "S6_N": 540, "S7_N": 220, "S1_P": 1969, "S2_P": 8087, "S3_P": 15829, "S4_P": 15438, "S5_P": 15504, "S6_P": 16060, "S7_P": 5921, "SUM_NUTR": 0 }, "geometry": { "type": "MultiPolygon", "coordinates": [ [ [ [ -96.504889970172655, 16.522202973485179 ], [ -96.504519992103909, 16.522575547723399 ], [ -96.504456807753812, 16.52673517538857 ], [ -96.504166666458431, 16.545833333341744 ], [ -96.502612261079989, 16.545782329091356 ], [ -96.493408881714501, 16.545480007696316 ], [ -96.489924452151726, 16.54201999202909 ], [ -96.476714409542325, 16.541311984560494 ], [ -96.467019992178905, 16.531591119034957 ], [ -96.466308932411323, 16.52671237517605 ], [ -96.451716443858743, 16.512146673829978 ], [ -96.439304395129582, 16.512568554534546 ], [ -96.430908880940081, 16.512853326020224 ], [ -96.427083333129303, 16.516652085725219 ], [ -96.423257785318512, 16.512853326020238 ], [ -96.420833333591403, 16.512500000374761 ], [ -96.420266045741386, 16.510289509953029 ], [ -96.417233954483379, 16.506377156880347 ], [ -96.41581590438048, 16.500850762652618 ], [ -96.40918409586935, 16.499149238146916 ], [ -96.408333333616469, 16.495833333441652 ], [ -96.408333333616483, 16.491666666483528 ], [ -96.410757785343506, 16.491313340838044 ], [ -96.414242214906309, 16.487853326070169 ], [ -96.416666666633304, 16.487500000424788 ], [ -96.419982571338551, 16.486649238171889 ], [ -96.420667866732174, 16.483978568516893 ], [ -96.421400621441492, 16.481122843044901 ], [ -96.421941456718571, 16.480425056729285 ], [ -96.425396050287517, 16.475967746514389 ], [ -96.425697772079246, 16.475890316890656 ], [ -96.431377156130779, 16.474432711700302 ], [ -96.44074707022105, 16.466083780841895 ], [ -96.442517428836311, 16.459184095769459 ], [ -96.449149237347427, 16.457482571263718 ], [ -96.45056728745034, 16.451956177035996 ], [ -96.455126613702262, 16.446489121875594 ], [ -96.46887715695523, 16.445266045691483 ], [ -96.472789510027823, 16.442233954433572 ], [ -96.483333333466547, 16.44166666658349 ], [ -96.490895250515379, 16.442438083450849 ], [ -96.492309570230418, 16.456301541083317 ], [ -96.495190429694574, 16.460365125949863 ], [ -96.495833333441567, 16.462499999575371 ], [ -96.495833333441539, 16.466666666533474 ], [ -96.500000000399709, 16.466666666533484 ], [ -96.500353326045158, 16.510757785143714 ], [ -96.505672610812866, 16.516094187489816 ], [ -96.508319430797044, 16.51874932182384 ], [ -96.504889970172655, 16.522202973485179 ] ] ] ] } },
{ "type": "Feature", "properties": { "HAS_WS": 22251.409, "ID_WS": "37", "S1_N": 1655, "S2_N": 1827, "S3_N": 2229, "S4_N": 2229, "S5_N": 2539, "S6_N": 2385, "S7_N": 1881, "S1_P": 46959, "S2_P": 51639, "S3_P": 66688, "S4_P": 65070, "S5_P": 71192, "S6_P": 66004, "S7_P": 47899, "SUM_NUTR": 0 }, "geometry": { "type": "MultiPolygon", "coordinates": [ [ [ [ -96.372275431396631, 16.332367644202112 ], [ -96.372789510227705, 16.332766045017042 ], [ -96.377819092427671, 16.33343060201419 ], [ -96.381377156230712, 16.333900621616454 ], [ -96.385425483199484, 16.337038167377557 ], [ -96.393622843219632, 16.32973395465828 ], [ -96.400988091127545, 16.328599378958259 ], [ -96.414456177110821, 16.341099378933258 ], [ -96.425937229019894, 16.342233954633343 ], [ -96.431331032202095, 16.337427993118911 ], [ -96.435289510102834, 16.333900621616444 ], [ -96.438246663552647, 16.332766045017042 ], [ -96.443622843119698, 16.33693271197512 ], [ -96.448043823063941, 16.338067287675301 ], [ -96.453198920493804, 16.342062717420546 ], [ -96.454448046325169, 16.346930434850258 ], [ -96.455075751644571, 16.349376424282639 ], [ -96.464440176064599, 16.349880288185197 ], [ -96.466666666533428, 16.349999999800239 ], [ -96.466666666533371, 16.345833333741403 ], [ -96.469982571238646, 16.344982571488558 ], [ -96.470833333491498, 16.341666666783276 ], [ -96.475567288299686, 16.34288160500218 ], [ -96.474192301333645, 16.349138048182439 ], [ -96.470833333491512, 16.349999999800215 ], [ -96.470833333491484, 16.351767309168142 ], [ -96.470833333491512, 16.354166666758388 ], [ -96.474999999550292, 16.354166666758324 ], [ -96.475776502983194, 16.361780123953604 ], [ -96.487500000424632, 16.362499999775189 ], [ -96.487146673879906, 16.385757785393533 ], [ -96.479519992153854, 16.39340888101508 ], [ -96.478813340862914, 16.402424452326652 ], [ -96.475353326095089, 16.405908880990118 ], [ -96.474646673904886, 16.41004638653164 ], [ -96.47881334086297, 16.41424221490638 ], [ -96.479519992153911, 16.431591118335497 ], [ -96.482980007821084, 16.435075547898318 ], [ -96.483333333466547, 16.44166666658349 ], [ -96.472789510027823, 16.442233954433572 ], [ -96.46887715695523, 16.445266045691483 ], [ -96.455126613702262, 16.446489121875594 ], [ -96.45056728745034, 16.451956177035996 ], [ -96.449149237347427, 16.457482571263718 ], [ -96.442517428836311, 16.459184095769459 ], [ -96.44074707022105, 16.466083780841895 ], [ -96.431377156130779, 16.474432711700302 ], [ -96.425697772079246, 16.475890316890656 ], [ -96.425396050287517, 16.475967746514389 ], [ -96.421941456718571, 16.480425056729285 ], [ -96.421400621441492, 16.481122843044901 ], [ -96.420667866732174, 16.483978568516893 ], [ -96.419982571338551, 16.486649238171889 ], [ -96.416666666633304, 16.487500000424788 ], [ -96.414242214906309, 16.487853326070169 ], [ -96.410757785343506, 16.491313340838044 ], [ -96.408333333616483, 16.491666666483528 ], [ -96.407766045766408, 16.489456176961014 ], [ -96.404733954508401, 16.485543822989111 ], [ -96.40359937880821, 16.476956176986057 ], [ -96.400567287550288, 16.473043823014088 ], [ -96.399149237447361, 16.467517428786429 ], [ -96.393622843219603, 16.466099378683481 ], [ -96.381377156230712, 16.454733954408599 ], [ -96.376956177185747, 16.453599378708425 ], [ -96.373043823213891, 16.450567287450383 ], [ -96.360289510252656, 16.449432711750319 ], [ -96.357347402846145, 16.447152586724766 ], [ -96.356377156280743, 16.4464006213916 ], [ -96.351956176336444, 16.445266045691497 ], [ -96.348043823263836, 16.442233954433533 ], [ -96.337499999825127, 16.44166666658348 ], [ -96.33714667417965, 16.439242214856456 ], [ -96.333686659411725, 16.435757785293667 ], [ -96.332980007221579, 16.430908880940141 ], [ -96.32951999245364, 16.427424452276732 ], [ -96.328813341162771, 16.422575547923234 ], [ -96.317019992478606, 16.410757785343609 ], [ -96.316666666833143, 16.395833333641495 ], [ -96.317019992478578, 16.393408881015105 ], [ -96.320480007246488, 16.389924452351593 ], [ -96.321186659436748, 16.364242215006271 ], [ -96.33714667417965, 16.348257785468473 ], [ -96.337163576331918, 16.348042159619173 ], [ -96.337297842963366, 16.34632925918585 ], [ -96.337453086631257, 16.344348699648393 ], [ -96.337855699680745, 16.339212036506328 ], [ -96.343408881114968, 16.33368665941185 ], [ -96.348290337329161, 16.332975260599824 ], [ -96.353813341112797, 16.327424452476595 ], [ -96.354166666758189, 16.324999999850203 ], [ -96.356377156280743, 16.325567287700284 ], [ -96.360289510252642, 16.328599378958234 ], [ -96.368877156255763, 16.329733954658344 ], [ -96.372275431396631, 16.332367644202112 ] ] ] ] } },
{ "type": "Feature", "properties": { "HAS_WS": 13892.189, "ID_WS": "38", "S1_N": 436, "S2_N": 532, "S3_N": 673, "S4_N": 673, "S5_N": 719, "S6_N": 554, "S7_N": 610, "S1_P": 12320, "S2_P": 13336, "S3_P": 18499, "S4_P": 17298, "S5_P": 18490, "S6_P": 14295, "S7_P": 15578, "SUM_NUTR": 0 }, "geometry": { "type": "MultiPolygon", "coordinates": [ [ [ [ -96.197111343613457, 16.392705809714549 ], [ -96.198977719894017, 16.387043970896833 ], [ -96.199892137303863, 16.387079707213154 ], [ -96.210661116111268, 16.387500144696073 ], [ -96.229231007086923, 16.388223303104525 ], [ -96.229733954858105, 16.393877156205917 ], [ -96.232766045216778, 16.397789510177844 ], [ -96.233900620916913, 16.406377156180827 ], [ -96.237896050662201, 16.411532253610716 ], [ -96.243877156505491, 16.413067287525312 ], [ -96.249295722019895, 16.417586262995716 ], [ -96.250567287850046, 16.427210490072174 ], [ -96.274432712100008, 16.451956177035971 ], [ -96.275850762202865, 16.457482571263718 ], [ -96.281377156430665, 16.45890062136667 ], [ -96.289935390864187, 16.466663169265175 ], [ -96.291011894783054, 16.467639499163678 ], [ -96.292327880827017, 16.482433742523281 ], [ -96.298043823363784, 16.483900621316671 ], [ -96.301956176436391, 16.486932712574685 ], [ -96.307482570664092, 16.48835076267768 ], [ -96.308333332916959, 16.491666666483553 ], [ -96.307766045066884, 16.498043822964149 ], [ -96.304733954708198, 16.501956176936098 ], [ -96.303599379008162, 16.506377156880284 ], [ -96.296400620791985, 16.514456176911146 ], [ -96.295266045091864, 16.523043822914143 ], [ -96.291270616245967, 16.528198920343915 ], [ -96.284184095219743, 16.530017428661463 ], [ -96.28276604511683, 16.535543822889181 ], [ -96.275567287800115, 16.543622843819303 ], [ -96.274432712099994, 16.548043822864226 ], [ -96.271400620841916, 16.551956176836129 ], [ -96.270266045141838, 16.559321424744041 ], [ -96.282766045116873, 16.572789509828048 ], [ -96.284041680379246, 16.582445949720821 ], [ -96.287499999925018, 16.58333333326674 ], [ -96.286649237672165, 16.586649237971955 ], [ -96.28333333296689, 16.587500000224971 ], [ -96.276742214281768, 16.587146674579454 ], [ -96.273257785618284, 16.583686658912306 ], [ -96.254166666958085, 16.58333333326674 ], [ -96.253599379108081, 16.576956176786172 ], [ -96.249432712149925, 16.571579996319848 ], [ -96.250567287850046, 16.568622843769298 ], [ -96.254733954808145, 16.56324666330292 ], [ -96.254236521309522, 16.556470131619758 ], [ -96.253778098200272, 16.550224529051395 ], [ -96.253599379108081, 16.547789509878001 ], [ -96.246400620891919, 16.539710489847291 ], [ -96.246122888180153, 16.537608177640024 ], [ -96.245624350582119, 16.533834331746625 ], [ -96.245212981938238, 16.530720205163036 ], [ -96.245124986528879, 16.530054049954558 ], [ -96.241666666983093, 16.529166666408564 ], [ -96.240753173420202, 16.525607638981402 ], [ -96.225000000049931, 16.525000000349827 ], [ -96.221797688712385, 16.524035644729267 ], [ -96.220190429344839, 16.518698458866876 ], [ -96.213142903821932, 16.510468207042152 ], [ -96.211857096327918, 16.506198458891841 ], [ -96.208976236863805, 16.502134874025337 ], [ -96.207690429369833, 16.49786512587492 ], [ -96.203523763310983, 16.491988457401462 ], [ -96.204809569905677, 16.485365125899936 ], [ -96.208976236863805, 16.479488457426445 ], [ -96.207690429369777, 16.477031792882997 ], [ -96.204809569905748, 16.472968207117162 ], [ -96.203523763311011, 16.468698458966809 ], [ -96.200642903846955, 16.464634874100248 ], [ -96.199357096352898, 16.460365125949874 ], [ -96.196476236888785, 16.456301541083306 ], [ -96.195094129990082, 16.438274807836162 ], [ -96.187500000124913, 16.437499999625327 ], [ -96.187139976261037, 16.42287622149728 ], [ -96.18716331007532, 16.422877050436419 ], [ -96.197111343613457, 16.392705809714549 ] ] ] ] } },
{ "type": "Feature", "properties": { "HAS_WS": 7405.417, "ID_WS": "39", "S1_N": 413, "S2_N": 487, "S3_N": 541, "S4_N": 541, "S5_N": 499, "S6_N": 481, "S7_N": 385, "S1_P": 11955, "S2_P": 12949, "S3_P": 20407, "S4_P": 16439, "S5_P": 15878, "S6_P": 15422, "S7_P": 10201, "SUM_NUTR": 0 }, "geometry": { "type": "MultiPolygon", "coordinates": [ [ [ [ -96.252847380226754, 16.383498539142476 ], [ -96.253879049698782, 16.38309248113892 ], [ -96.25528085911607, 16.383392371991022 ], [ -96.270620987334993, 16.386673167640094 ], [ -96.271684095244822, 16.390815904430468 ], [ -96.277210489472438, 16.392233954533395 ], [ -96.281122843444464, 16.395266045791409 ], [ -96.2928085120123, 16.39571680526063 ], [ -96.295833332941939, 16.395833333641495 ], [ -96.298257785568353, 16.396186659286997 ], [ -96.302083333379088, 16.399985418991939 ], [ -96.305908881189907, 16.396186659286972 ], [ -96.316666666833143, 16.395833333641495 ], [ -96.317019992478606, 16.410757785343609 ], [ -96.328813341162771, 16.422575547923234 ], [ -96.32951999245364, 16.427424452276732 ], [ -96.332980007221579, 16.430908880940141 ], [ -96.333686659411725, 16.435757785293667 ], [ -96.33714667417965, 16.439242214856456 ], [ -96.337499999825127, 16.44166666658348 ], [ -96.336892361193492, 16.457419840853024 ], [ -96.336610082636469, 16.457492286603276 ], [ -96.330017429061073, 16.459184095769469 ], [ -96.32859937895816, 16.464710489997199 ], [ -96.325468614085281, 16.468750000012566 ], [ -96.329562717445398, 16.47403225348577 ], [ -96.333333333766348, 16.47500000044975 ], [ -96.332975260599767, 16.477457004037529 ], [ -96.327424452476507, 16.482980007821133 ], [ -96.322575548122998, 16.483686659112124 ], [ -96.314924451602153, 16.491313340838094 ], [ -96.312499999875058, 16.491666666483578 ], [ -96.308333332916959, 16.491666666483553 ], [ -96.307482570664092, 16.48835076267768 ], [ -96.301956176436391, 16.486932712574685 ], [ -96.298043823363784, 16.483900621316671 ], [ -96.292327880827017, 16.482433742523281 ], [ -96.291011894783054, 16.467639499163678 ], [ -96.289935390864187, 16.466663169265175 ], [ -96.281377156430665, 16.45890062136667 ], [ -96.275850762202865, 16.457482571263718 ], [ -96.274432712100008, 16.451956177035971 ], [ -96.250567287850046, 16.427210490072174 ], [ -96.249295722019895, 16.417586262995716 ], [ -96.243877156505491, 16.413067287525312 ], [ -96.237896050662201, 16.411532253610716 ], [ -96.233900620916913, 16.406377156180827 ], [ -96.232766045216778, 16.397789510177844 ], [ -96.229733954858105, 16.393877156205917 ], [ -96.229231007086923, 16.388223303104525 ], [ -96.239798279606589, 16.388633780263259 ], [ -96.252847380226754, 16.383498539142476 ] ] ] ] } },
{ "type": "Feature", "properties": { "HAS_WS": 14221.797, "ID_WS": "40", "S1_N": 279, "S2_N": 305, "S3_N": 582, "S4_N": 582, "S5_N": 581, "S6_N": 602, "S7_N": 410, "S1_P": 11680, "S2_P": 11270, "S3_P": 23600, "S4_P": 22291, "S5_P": 22226, "S6_P": 22574, "S7_P": 14640, "SUM_NUTR": 0 }, "geometry": { "type": "MultiPolygon", "coordinates": [ [ [ [ -96.505156150459243, 16.604211470863671 ], [ -96.514924452101781, 16.60381334061324 ], [ -96.518408881664556, 16.600353325845322 ], [ -96.5291666664085, 16.600000000199877 ], [ -96.532482571113775, 16.600850762452758 ], [ -96.534252251640069, 16.607747396125504 ], [ -96.566666666333546, 16.608333333216791 ], [ -96.570833333291645, 16.608333333216866 ], [ -96.571186658937151, 16.610757784943942 ], [ -96.575676114306759, 16.615269597960182 ], [ -96.576713053164838, 16.616311645366189 ], [ -96.583333333266737, 16.616666666233719 ], [ -96.583653823435725, 16.61667426937597 ], [ -96.594438074187309, 16.616929706373384 ], [ -96.59825778496878, 16.617019992778477 ], [ -96.601056819482721, 16.619799433218205 ], [ -96.601742214531555, 16.62048000754638 ], [ -96.604166666258592, 16.620833333191854 ], [ -96.603813340613172, 16.639924451852089 ], [ -96.592019992828455, 16.651742214431707 ], [ -96.591898563635525, 16.658303852799833 ], [ -96.591666666283615, 16.670833333091874 ], [ -96.589506361629276, 16.670215861273046 ], [ -96.585493638820395, 16.667284138852015 ], [ -96.577716402805436, 16.666525259753151 ], [ -96.572839694696185, 16.666049194314954 ], [ -96.568826971887276, 16.663117471893919 ], [ -96.564506360779859, 16.661882527356767 ], [ -96.560493638870327, 16.658950805835097 ], [ -96.545364041017692, 16.657715861297998 ], [ -96.539576891060648, 16.661943223501055 ], [ -96.531326971962173, 16.654784138877002 ], [ -96.527006360854884, 16.653549194339877 ], [ -96.522993638945294, 16.650617471918871 ], [ -96.500999620236314, 16.649382527381825 ], [ -96.49938252768149, 16.660493638670491 ], [ -96.49228413920163, 16.668673027538329 ], [ -96.491666666483397, 16.67083333309186 ], [ -96.487500000424632, 16.67083333309191 ], [ -96.487532271004724, 16.671435347739138 ], [ -96.487853326070081, 16.677424451777068 ], [ -96.491313340838019, 16.680908881339878 ], [ -96.492019992128945, 16.689213052940115 ], [ -96.487853326070095, 16.693408881314951 ], [ -96.487500000424646, 16.695833333041911 ], [ -96.485289510002929, 16.696400620892053 ], [ -96.481377156930222, 16.699432712149996 ], [ -96.476956176985922, 16.700567287850127 ], [ -96.472916666970548, 16.703698052723013 ], [ -96.472269043203823, 16.703196136770497 ], [ -96.468877156955244, 16.700567287850166 ], [ -96.462896050212521, 16.6990322539354 ], [ -96.458900621366524, 16.693877156505629 ], [ -96.457624986104193, 16.684220716612867 ], [ -96.450850761853118, 16.682482570814123 ], [ -96.449080403237986, 16.675582885741626 ], [ -96.439710490047077, 16.66723395488318 ], [ -96.427212755614249, 16.666858646941698 ], [ -96.420833333591432, 16.666666667033134 ], [ -96.419865586627509, 16.662896050712206 ], [ -96.414710490097022, 16.658900620967003 ], [ -96.409184095869335, 16.657482570864016 ], [ -96.408333333616483, 16.654166667058075 ], [ -96.411826239289496, 16.653270128413769 ], [ -96.413067287525294, 16.640920003155649 ], [ -96.408900621466486, 16.635543823588623 ], [ -96.408333333616483, 16.629166667108052 ], [ -96.408923679184426, 16.605181206747268 ], [ -96.414456177110807, 16.600567288049934 ], [ -96.423043823113943, 16.59943271234982 ], [ -96.428029378552935, 16.595568848023937 ], [ -96.430054050154297, 16.603458319745716 ], [ -96.439710490047048, 16.604733954108706 ], [ -96.445086669614042, 16.608900621066947 ], [ -96.449188910939398, 16.60732659254824 ], [ -96.449999999600266, 16.604166666258674 ], [ -96.454166666558365, 16.604166666258713 ], [ -96.454524739724917, 16.601709662670856 ], [ -96.460785590482629, 16.595480007596315 ], [ -96.473257785218578, 16.596186658887255 ], [ -96.475404644888414, 16.598318503783258 ], [ -96.476742214781382, 16.599646674554464 ], [ -96.48575778519357, 16.600353325845386 ], [ -96.493749321873707, 16.608319430597316 ], [ -96.49757554777328, 16.604519992803493 ], [ -96.505156150459243, 16.604211470863671 ] ] ] ] } },
{ "type": "Feature", "properties": { "HAS_WS": 13186.904, "ID_WS": "41", "S1_N": 1493, "S2_N": 1908, "S3_N": 1730, "S4_N": 1730, "S5_N": 1733, "S6_N": 2019, "S7_N": 1824, "S1_P": 48778, "S2_P": 54110, "S3_P": 65012, "S4_P": 50287, "S5_P": 50384, "S6_P": 55309, "S7_P": 47955, "SUM_NUTR": 0 }, "geometry": { "type": "MultiPolygon", "coordinates": [ [ [ [ -96.504166666458431, 16.545833333341744 ], [ -96.504456807753812, 16.52673517538857 ], [ -96.504519992103909, 16.522575547723399 ], [ -96.504889970172655, 16.522202973485179 ], [ -96.508319430797044, 16.51874932182384 ], [ -96.505672610812866, 16.516094187489816 ], [ -96.500353326045158, 16.510757785143714 ], [ -96.500000000399709, 16.466666666533484 ], [ -96.495833333441539, 16.466666666533474 ], [ -96.495833333441567, 16.462499999575371 ], [ -96.500000000399723, 16.462499999575346 ], [ -96.502424452126718, 16.46214667392994 ], [ -96.505908881689535, 16.458686659162097 ], [ -96.519091119059865, 16.457980007871196 ], [ -96.522575547723335, 16.454519992203924 ], [ -96.544091119009906, 16.453813340913058 ], [ -96.546439540222167, 16.451472532154533 ], [ -96.551742214631517, 16.44618665918707 ], [ -96.573257785018768, 16.445480007896119 ], [ -96.576742214581515, 16.442019992228879 ], [ -96.585757784993774, 16.441313340937995 ], [ -96.589242214556535, 16.437853326170146 ], [ -96.593379720098028, 16.437146673979907 ], [ -96.597575547573427, 16.441313340937995 ], [ -96.612500000174805, 16.441666666583455 ], [ -96.619933743147698, 16.442327880527355 ], [ -96.621684095444621, 16.449149237347459 ], [ -96.627210489672407, 16.450567287450397 ], [ -96.631122843644334, 16.45359937870845 ], [ -96.633333333166817, 16.45416666655845 ], [ -96.633147405291183, 16.457622544023106 ], [ -96.633039914035834, 16.459620436916193 ], [ -96.632926407412469, 16.461730080810163 ], [ -96.632902081843852, 16.462182190707981 ], [ -96.632812987586888, 16.463838056057401 ], [ -96.632766045316757, 16.464710489997234 ], [ -96.629812031959688, 16.468522098276324 ], [ -96.628902180990892, 16.469696044536878 ], [ -96.629263876102456, 16.469788881615568 ], [ -96.636838786180974, 16.471732923535644 ], [ -96.637500000124888, 16.479166666508522 ], [ -96.637145657346196, 16.489953274524133 ], [ -96.631591118835075, 16.495480007796168 ], [ -96.62257554752351, 16.496186659087055 ], [ -96.619091118860027, 16.499646673854972 ], [ -96.610075547548405, 16.500353326045278 ], [ -96.602424451926922, 16.507980007771227 ], [ -96.589242214556506, 16.508686659062096 ], [ -96.585757784993746, 16.512146673829989 ], [ -96.579166666308609, 16.5125000003748 ], [ -96.563228692150417, 16.513228692250447 ], [ -96.562841947527659, 16.521688572387198 ], [ -96.561832004543348, 16.543776448923982 ], [ -96.549613443805328, 16.557399156246092 ], [ -96.538294474010755, 16.559202405766513 ], [ -96.536832003694002, 16.572943114932862 ], [ -96.529834662139933, 16.581223551625662 ], [ -96.529166666408486, 16.58333333326674 ], [ -96.526956176886046, 16.582766045416705 ], [ -96.518877156855282, 16.57556728809994 ], [ -96.513137817556185, 16.574094306507142 ], [ -96.511932712524697, 16.556122843794203 ], [ -96.508900621266605, 16.552210489822336 ], [ -96.507482571163706, 16.546684095594578 ], [ -96.504166666458431, 16.545833333341744 ] ] ] ] } },
{ "type": "Feature", "properties": { "HAS_WS": 17310.216, "ID_WS": "42", "S1_N": 3052, "S2_N": 2970, "S3_N": 3178, "S4_N": 3178, "S5_N": 3317, "S6_N": 3317, "S7_N": 3087, "S1_P": 80511, "S2_P": 79044, "S3_P": 86503, "S4_P": 85984, "S5_P": 88528, "S6_P": 87809, "S7_P": 78414, "SUM_NUTR": 0 }, "geometry": { "type": "MultiPolygon", "coordinates": [ [ [ [ -96.529052462052235, 16.240883051269872 ], [ -96.529212289959759, 16.240974400297791 ], [ -96.529554629483002, 16.241460029983024 ], [ -96.529693480171844, 16.241978510814953 ], [ -96.529818999168171, 16.24265789124313 ], [ -96.530042768912793, 16.243039080223109 ], [ -96.530692769471202, 16.243883460188265 ], [ -96.530998969092067, 16.244403280499416 ], [ -96.53249440339917, 16.247086531445166 ], [ -96.533074142143917, 16.248126726026044 ], [ -96.533686659012076, 16.251713053814441 ], [ -96.529519992053935, 16.255908881289869 ], [ -96.528813340763051, 16.260046386831377 ], [ -96.532980007721221, 16.264242214306808 ], [ -96.533686659012048, 16.269091118660253 ], [ -96.537146674679306, 16.27257554822301 ], [ -96.537500000324727, 16.287499999925103 ], [ -96.538085937416085, 16.319914415517999 ], [ -96.544982571088724, 16.321684096044233 ], [ -96.546400621191651, 16.327210490272009 ], [ -96.549432712449729, 16.331122843344563 ], [ -96.550850762552614, 16.336649237572374 ], [ -96.556377156780314, 16.338067287675276 ], [ -96.578464762538701, 16.359269884097881 ], [ -96.579733954158655, 16.368877156255845 ], [ -96.582766045416648, 16.372789510227868 ], [ -96.583900621116811, 16.381377156230801 ], [ -96.591099378433555, 16.389456177160945 ], [ -96.5923750136959, 16.399112617053678 ], [ -96.599291652787528, 16.400887383246197 ], [ -96.600567288049874, 16.410543823139037 ], [ -96.603599378408589, 16.414456177110978 ], [ -96.60473395410871, 16.418877156155872 ], [ -96.607766045366674, 16.422789510127828 ], [ -96.608900621066823, 16.431377156130939 ], [ -96.611932712324858, 16.435289510102852 ], [ -96.612500000174805, 16.441666666583455 ], [ -96.597575547573427, 16.441313340937995 ], [ -96.593379720098028, 16.437146673979907 ], [ -96.589242214556535, 16.437853326170146 ], [ -96.585757784993774, 16.441313340937995 ], [ -96.576742214581515, 16.442019992228879 ], [ -96.573257785018768, 16.445480007896119 ], [ -96.551742214631517, 16.44618665918707 ], [ -96.546439540222167, 16.451472532154533 ], [ -96.544091119009906, 16.453813340913058 ], [ -96.522575547723335, 16.454519992203924 ], [ -96.519091119059865, 16.457980007871196 ], [ -96.505908881689535, 16.458686659162097 ], [ -96.502424452126718, 16.46214667392994 ], [ -96.500000000399723, 16.462499999575346 ], [ -96.495833333441567, 16.462499999575371 ], [ -96.495190429694574, 16.460365125949863 ], [ -96.492309570230418, 16.456301541083317 ], [ -96.490895250515379, 16.442438083450849 ], [ -96.483333333466547, 16.44166666658349 ], [ -96.482980007821084, 16.435075547898318 ], [ -96.479519992153911, 16.431591118335497 ], [ -96.47881334086297, 16.41424221490638 ], [ -96.474646673904886, 16.41004638653164 ], [ -96.475353326095089, 16.405908880990118 ], [ -96.478813340862914, 16.402424452326652 ], [ -96.479519992153854, 16.39340888101508 ], [ -96.487146673879906, 16.385757785393533 ], [ -96.487500000424632, 16.362499999775189 ], [ -96.488161214368489, 16.355066256802303 ], [ -96.495437282804389, 16.353198920693703 ], [ -96.496919093460761, 16.351287067642829 ], [ -96.499432712549606, 16.348043823263918 ], [ -96.500567288249698, 16.343622843319633 ], [ -96.507766045566584, 16.335543823288884 ], [ -96.508900621266591, 16.32695617638657 ], [ -96.513067288224804, 16.321579996819398 ], [ -96.512682235253422, 16.310679229784178 ], [ -96.512122393998524, 16.294827615328206 ], [ -96.511932712524697, 16.289456176461449 ], [ -96.509030564184243, 16.285711495851693 ], [ -96.508900621266605, 16.285543823388796 ], [ -96.507766045566598, 16.281122843444567 ], [ -96.504733954308506, 16.277210489472619 ], [ -96.504292815939834, 16.267392209914867 ], [ -96.503599378608413, 16.251956176536474 ], [ -96.500468614634826, 16.247916666520986 ], [ -96.501718312239746, 16.246304259616611 ], [ -96.502840880019789, 16.245509570653109 ], [ -96.50528656908665, 16.24464289064295 ], [ -96.505785229766175, 16.245014691284737 ], [ -96.506727580295674, 16.245229029852993 ], [ -96.507454949228844, 16.245430109963618 ], [ -96.508314218715469, 16.24557472130282 ], [ -96.508982969854216, 16.245648910433626 ], [ -96.509658369867509, 16.246309570942721 ], [ -96.509966169777172, 16.246645420753094 ], [ -96.510706939837789, 16.246674090078912 ], [ -96.511664830433219, 16.246486029593228 ], [ -96.512550090319678, 16.246400780732902 ], [ -96.513113089600594, 16.246267221223036 ], [ -96.513759279308104, 16.246180150579537 ], [ -96.514672168665427, 16.245681260163266 ], [ -96.515332889059522, 16.245306851307369 ], [ -96.516330629430357, 16.24467057023984 ], [ -96.517206339380365, 16.24430933995405 ], [ -96.517940618804232, 16.243728480816969 ], [ -96.518638779535138, 16.243170400743058 ], [ -96.519055566351952, 16.242758090048756 ], [ -96.519169368622912, 16.242645509682397 ], [ -96.519724309187239, 16.242063349599217 ], [ -96.520086198769846, 16.241686580833427 ], [ -96.52035133907043, 16.241435690880827 ], [ -96.523713140111653, 16.241027479576424 ], [ -96.52411807947793, 16.241245971139609 ], [ -96.524486569800089, 16.241478819848215 ], [ -96.524999778689747, 16.241563230310284 ], [ -96.525407909715952, 16.24137091065252 ], [ -96.525926538652172, 16.240834369927608 ], [ -96.526584949405887, 16.240724379947107 ], [ -96.526977879702329, 16.240888401213851 ], [ -96.527597258903043, 16.241134551032424 ], [ -96.528000920395158, 16.241448111110188 ], [ -96.528118085647364, 16.241342625988722 ], [ -96.528494850243987, 16.241003420993195 ], [ -96.528926890150899, 16.240811280938022 ], [ -96.529052462052235, 16.240883051269872 ] ] ] ] } },
{ "type": "Feature", "properties": { "HAS_WS": 2577.912, "ID_WS": "43", "S1_N": 174, "S2_N": 213, "S3_N": 283, "S4_N": 283, "S5_N": 283, "S6_N": 418, "S7_N": 257, "S1_P": 4911, "S2_P": 6085, "S3_P": 9830, "S4_P": 8497, "S5_P": 8509, "S6_P": 10620, "S7_P": 6537, "SUM_NUTR": 0 }, "geometry": { "type": "MultiPolygon", "coordinates": [ [ [ [ -96.310255461951755, 16.333234826126546 ], [ -96.312499999875087, 16.333333333766426 ], [ -96.31581590458029, 16.332482571513559 ], [ -96.317233954683246, 16.326956176386457 ], [ -96.320266045041976, 16.323043823313903 ], [ -96.321400621641359, 16.31862284336961 ], [ -96.329579332420209, 16.309444172810391 ], [ -96.334345161000314, 16.307766045066991 ], [ -96.3519561763365, 16.324432712000103 ], [ -96.354166666758189, 16.324999999850203 ], [ -96.353813341112797, 16.327424452476595 ], [ -96.348290337329161, 16.332975260599824 ], [ -96.343408881114968, 16.33368665941185 ], [ -96.337855699680745, 16.339212036506328 ], [ -96.337453086631257, 16.344348699648393 ], [ -96.337297842963366, 16.34632925918585 ], [ -96.337163576331918, 16.348042159619173 ], [ -96.33714667417965, 16.348257785468473 ], [ -96.321186659436748, 16.364242215006271 ], [ -96.320480007246488, 16.389924452351593 ], [ -96.317019992478578, 16.393408881015105 ], [ -96.316666666833143, 16.395833333641495 ], [ -96.305908881189907, 16.396186659286972 ], [ -96.302083333379088, 16.399985418991939 ], [ -96.298257785568353, 16.396186659286997 ], [ -96.295833332941939, 16.395833333641495 ], [ -96.2928085120123, 16.39571680526063 ], [ -96.281122843444464, 16.395266045791409 ], [ -96.277210489472438, 16.392233954533395 ], [ -96.271684095244822, 16.390815904430468 ], [ -96.270620987334993, 16.386673167640094 ], [ -96.295524739878587, 16.391995679813299 ], [ -96.296042710452781, 16.391136539918008 ], [ -96.296252940408493, 16.390471719953279 ], [ -96.296411750350615, 16.390162829825908 ], [ -96.296632079953085, 16.389682120227736 ], [ -96.297604659926279, 16.389334920398916 ], [ -96.298795540304837, 16.388713819965972 ], [ -96.299373430013517, 16.38836288981096 ], [ -96.300036690157413, 16.387851850328126 ], [ -96.30042483015238, 16.38733815029077 ], [ -96.300674140109592, 16.38637481998337 ], [ -96.300848680378479, 16.385698260089359 ], [ -96.301023450073345, 16.384998679978221 ], [ -96.301100249880363, 16.384516569621937 ], [ -96.301346079669116, 16.383886629924316 ], [ -96.301732619683776, 16.383522400197364 ], [ -96.302107720273014, 16.383112050422387 ], [ -96.302328549707283, 16.382585369720434 ], [ -96.302368619684103, 16.3821833495739 ], [ -96.302246199869543, 16.381308520132798 ], [ -96.302251749788127, 16.380768250411268 ], [ -96.302185880330399, 16.380204379600311 ], [ -96.30233705971051, 16.37947007998088 ], [ -96.302822229754526, 16.378830829856604 ], [ -96.303378380071948, 16.378261319798725 ], [ -96.303775399827245, 16.378046599910203 ], [ -96.304164710058032, 16.377417940375551 ], [ -96.304738029695685, 16.376354260277775 ], [ -96.304970280355846, 16.375873620249987 ], [ -96.305111880341045, 16.374909320435172 ], [ -96.305323120085191, 16.374152579936347 ], [ -96.305306850138038, 16.373416680009068 ], [ -96.305264369912123, 16.372898979815275 ], [ -96.305269920256507, 16.372358709760224 ], [ -96.305374709927193, 16.371485979732693 ], [ -96.305344200239801, 16.370968450122284 ], [ -96.305304890232847, 16.370151860384524 ], [ -96.305119370439201, 16.369586819751756 ], [ -96.304981650346889, 16.369022309879025 ], [ -96.304952340103455, 16.368389719744904 ], [ -96.304659689556246, 16.36777771031948 ], [ -96.304400850399972, 16.367361459647967 ], [ -96.304213370414942, 16.366980369614737 ], [ -96.3039792300805, 16.366495349630405 ], [ -96.303935110408531, 16.366138489617835 ], [ -96.304228919663728, 16.365486050315205 ], [ -96.304424350236545, 16.365097030381662 ], [ -96.304635580369222, 16.364340289770599 ], [ -96.304364980333617, 16.363900860433038 ], [ -96.304624620374909, 16.363087119681285 ], [ -96.304677980269474, 16.362558830324204 ], [ -96.304286279804103, 16.362267780053681 ], [ -96.303753779958214, 16.361504709999092 ], [ -96.30416997978557, 16.360658449616267 ], [ -96.304005829207924, 16.360113480030009 ], [ -96.30394517964713, 16.359721549921279 ], [ -96.305443149750104, 16.359054400996797 ], [ -96.305419250226649, 16.358577950629105 ], [ -96.30585824911546, 16.35796680126127 ], [ -96.306119260187685, 16.357673971288992 ], [ -96.306622080003621, 16.357109860114697 ], [ -96.30636197991025, 16.356503800586232 ], [ -96.306780570324392, 16.35507648093439 ], [ -96.30740869035175, 16.354645650775286 ], [ -96.307949058892831, 16.354608619689238 ], [ -96.307954940198414, 16.354265971017345 ], [ -96.307959289432972, 16.354062511116947 ], [ -96.307851510385618, 16.353921080725033 ], [ -96.307784149844309, 16.35383269036836 ], [ -96.307670198823132, 16.353730079613296 ], [ -96.307548999525139, 16.353695950041462 ], [ -96.307280019613003, 16.353808829702125 ], [ -96.307178939777799, 16.353913751229541 ], [ -96.307192859686154, 16.354045431165954 ], [ -96.307105150474328, 16.354167509736875 ], [ -96.306620910355917, 16.354327400022136 ], [ -96.306517999006431, 16.354309889765343 ], [ -96.306351828749087, 16.354191449862522 ], [ -96.306249598947431, 16.353997950105903 ], [ -96.306195919141516, 16.353731429870788 ], [ -96.306186799613116, 16.353673910433869 ], [ -96.306253458973458, 16.352825169921505 ], [ -96.306567030051866, 16.352674119580843 ], [ -96.306622369961488, 16.352462421230879 ], [ -96.306595909816906, 16.352097949914757 ], [ -96.306599648622608, 16.351824910883892 ], [ -96.306718178793616, 16.351593780016685 ], [ -96.306973288635973, 16.351066570107413 ], [ -96.307053460255133, 16.350956339664965 ], [ -96.307128318838778, 16.350826909787898 ], [ -96.307130600118825, 16.350660029738069 ], [ -96.307043279402038, 16.35052743098635 ], [ -96.306929630262914, 16.350406110432854 ], [ -96.306778828838219, 16.350313150760794 ], [ -96.306585879418719, 16.350234820025747 ], [ -96.306464829305398, 16.350134080624731 ], [ -96.306519059600205, 16.349443459540272 ], [ -96.306576419761441, 16.349395170838697 ], [ -96.306645688974541, 16.349315140435067 ], [ -96.306757379319492, 16.349200250581543 ], [ -96.307099618869884, 16.349121680611361 ], [ -96.307075619185937, 16.348959521303893 ], [ -96.306903489972413, 16.348891581146002 ], [ -96.30673752015791, 16.34875796982088 ], [ -96.306575278795322, 16.348727741007846 ], [ -96.306717180065391, 16.346920801327585 ], [ -96.306883310091692, 16.346845720071077 ], [ -96.3072573994762, 16.346734580001073 ], [ -96.30754785015101, 16.346586581184891 ], [ -96.307615080315486, 16.346312319924561 ], [ -96.307601429883462, 16.346160420741523 ], [ -96.307512999496709, 16.34610871115602 ], [ -96.307330260063438, 16.346050750558234 ], [ -96.307152278633765, 16.346028250843094 ], [ -96.306963949891482, 16.345995490032792 ], [ -96.306789429158272, 16.346000910238971 ], [ -96.306932949200046, 16.344173119921074 ], [ -96.307193419552661, 16.344140630947699 ], [ -96.307366909776945, 16.34410745009351 ], [ -96.307501829145153, 16.344210320196431 ], [ -96.307525768726208, 16.344377521292692 ], [ -96.307539059045681, 16.344554710536372 ], [ -96.307615969981384, 16.344682120705052 ], [ -96.307745379076366, 16.344805149976999 ], [ -96.308027378877554, 16.344889661119296 ], [ -96.308148450086776, 16.344855821177266 ], [ -96.308301879487729, 16.344756631143898 ], [ -96.308524569198497, 16.344577401241686 ], [ -96.308736400165927, 16.344415149556689 ], [ -96.30876979930899, 16.344273980416677 ], [ -96.308942628821086, 16.343907000856962 ], [ -96.308813979662645, 16.343728351182094 ], [ -96.308678978859035, 16.343630541222211 ], [ -96.308486659300456, 16.343506691115412 ], [ -96.308435550326166, 16.343409949626842 ], [ -96.308027308904286, 16.343354170599437 ], [ -96.307837659994632, 16.3434174904786 ], [ -96.307733020356096, 16.343400979606816 ], [ -96.30761920033639, 16.343288260808954 ], [ -96.307580450101995, 16.343055139833691 ], [ -96.307542459465353, 16.342766381116054 ], [ -96.307620199301951, 16.34252238057682 ], [ -96.307749059642362, 16.342301510141318 ], [ -96.307921140306945, 16.341990149733345 ], [ -96.30799645994361, 16.341849509582431 ], [ -96.308125339954742, 16.341628630901887 ], [ -96.308290678630129, 16.341425911232605 ], [ -96.308396909083015, 16.341326119660511 ], [ -96.308499849100528, 16.341084680871344 ], [ -96.308643648979228, 16.340998259790393 ], [ -96.308804369549932, 16.340939630362097 ], [ -96.308964909994486, 16.340896150765136 ], [ -96.309120819211159, 16.340807120233816 ], [ -96.30921929033029, 16.340699649956765 ], [ -96.309270719351161, 16.340581450826161 ], [ -96.309280600105865, 16.340434911201726 ], [ -96.309247908570427, 16.340333350861197 ], [ -96.309186969310929, 16.340188431233166 ], [ -96.309070428725406, 16.340083279511127 ], [ -96.308985059846037, 16.339998740211382 ], [ -96.308837738914278, 16.33984388078073 ], [ -96.308778090337796, 16.339604000042122 ], [ -96.308765150319758, 16.339401540086406 ], [ -96.308628049433722, 16.338959799766599 ], [ -96.308564048676431, 16.338655519580072 ], [ -96.30854011921214, 16.338488340852127 ], [ -96.308588119013777, 16.338313770727222 ], [ -96.308736519615493, 16.338199340526781 ], [ -96.308963748963961, 16.33807075057446 ], [ -96.309184350148016, 16.338043219908624 ], [ -96.309383430131959, 16.338055880643555 ], [ -96.309508289624333, 16.338128259720513 ], [ -96.309744180199445, 16.338206749667023 ], [ -96.309885880422357, 16.338198449763691 ], [ -96.310106480056774, 16.338170910442543 ], [ -96.310405720373609, 16.338144379845929 ], [ -96.310669110018807, 16.338056710110674 ], [ -96.310833769717036, 16.337902050427964 ], [ -96.310956630206789, 16.337736709896738 ], [ -96.311022719057561, 16.337504910527642 ], [ -96.310952779830387, 16.337251150033389 ], [ -96.310836570150897, 16.336931049928133 ], [ -96.31074680011281, 16.33656131012274 ], [ -96.310521540240558, 16.336163970355855 ], [ -96.310465258941804, 16.335677739750178 ], [ -96.310228949332696, 16.335320709803121 ], [ -96.310160949193047, 16.334925369770652 ], [ -96.310175058675881, 16.33389382985672 ], [ -96.310224340329071, 16.333358379729905 ], [ -96.310255461951755, 16.333234826126546 ] ] ] ] } },
{ "type": "Feature", "properties": { "HAS_WS": 13618.027, "ID_WS": "44", "S1_N": 686, "S2_N": 776, "S3_N": 1009, "S4_N": 1009, "S5_N": 1005, "S6_N": 979, "S7_N": 766, "S1_P": 25304, "S2_P": 28303, "S3_P": 36746, "S4_P": 37056, "S5_P": 36942, "S6_P": 34742, "S7_P": 26722, "SUM_NUTR": 0 }, "geometry": { "type": "MultiPolygon", "coordinates": [ [ [ [ -96.577716402805436, 16.666525259753151 ], [ -96.585493638820395, 16.667284138852015 ], [ -96.589506361629276, 16.670215861273046 ], [ -96.591666666283615, 16.670833333091874 ], [ -96.593877156705432, 16.671400620941931 ], [ -96.597789509778039, 16.674432712199987 ], [ -96.603538683163663, 16.675908067103666 ], [ -96.604733954108696, 16.696579996969341 ], [ -96.600567288049902, 16.701956176536402 ], [ -96.599432712349795, 16.709079996944357 ], [ -96.603599378408575, 16.714456176511405 ], [ -96.604733954108681, 16.717413329961275 ], [ -96.600567288049888, 16.722789510427635 ], [ -96.599432712349753, 16.727210489472601 ], [ -96.596400621091774, 16.731122843444567 ], [ -96.595266045391654, 16.73554382338877 ], [ -96.592666396905997, 16.738898204551976 ], [ -96.592233954133647, 16.739456176461406 ], [ -96.591666666283572, 16.745833332942016 ], [ -96.580908881539642, 16.74618665948686 ], [ -96.57291734485959, 16.754152764238771 ], [ -96.568749321723743, 16.750013902519633 ], [ -96.558687337050898, 16.760048760042341 ], [ -96.55798000767119, 16.793379719698383 ], [ -96.562146674629275, 16.797575548073169 ], [ -96.562500000274781, 16.804166666758327 ], [ -96.55100606287948, 16.803548176906837 ], [ -96.546451836056193, 16.798527472093671 ], [ -96.542233954233581, 16.793877156305772 ], [ -96.541637476985457, 16.791552958830149 ], [ -96.541099378533417, 16.789456176361565 ], [ -96.538067288174815, 16.785543823288918 ], [ -96.536612616778854, 16.779875013321234 ], [ -96.53373025838853, 16.779494315925717 ], [ -96.526956176886046, 16.778599378958223 ], [ -96.523043822914133, 16.775567287700181 ], [ -96.51862284386911, 16.774432712000152 ], [ -96.510543822939098, 16.767233954683324 ], [ -96.504562717095723, 16.765698920768642 ], [ -96.500567288249698, 16.760543823338846 ], [ -96.499432712549662, 16.747789510377647 ], [ -96.496400621291656, 16.743877156405649 ], [ -96.49583333344161, 16.733333332967028 ], [ -96.495833333441581, 16.712499999975115 ], [ -96.495209757923959, 16.700909085086256 ], [ -96.488350762677513, 16.699149237747168 ], [ -96.487500000424646, 16.695833333041911 ], [ -96.487853326070095, 16.693408881314951 ], [ -96.492019992128945, 16.689213052940115 ], [ -96.491313340838019, 16.680908881339878 ], [ -96.487853326070081, 16.677424451777068 ], [ -96.487532271004724, 16.671435347739138 ], [ -96.487500000424632, 16.67083333309191 ], [ -96.491666666483397, 16.67083333309186 ], [ -96.49228413920163, 16.668673027538329 ], [ -96.49938252768149, 16.660493638670491 ], [ -96.500999620236314, 16.649382527381825 ], [ -96.522993638945294, 16.650617471918871 ], [ -96.527006360854884, 16.653549194339877 ], [ -96.531326971962173, 16.654784138877002 ], [ -96.539576891060648, 16.661943223501055 ], [ -96.545364041017692, 16.657715861297998 ], [ -96.560493638870327, 16.658950805835097 ], [ -96.564506360779859, 16.661882527356767 ], [ -96.568826971887276, 16.663117471893919 ], [ -96.572839694696185, 16.666049194314954 ], [ -96.577716402805436, 16.666525259753151 ] ] ] ] } },
{ "type": "Feature", "properties": { "HAS_WS": 12468.321, "ID_WS": "45", "S1_N": 344, "S2_N": 504, "S3_N": 959, "S4_N": 959, "S5_N": 1111, "S6_N": 1635, "S7_N": 1034, "S1_P": 13743, "S2_P": 17198, "S3_P": 35615, "S4_P": 35615, "S5_P": 37876, "S6_P": 46190, "S7_P": 26605, "SUM_NUTR": 0 }, "geometry": { "type": "MultiPolygon", "coordinates": [ [ [ [ -96.464440176064599, 16.349880288185197 ], [ -96.455075751644571, 16.349376424282639 ], [ -96.454448046325169, 16.346930434850258 ], [ -96.453198920493804, 16.342062717420546 ], [ -96.448043823063941, 16.338067287675301 ], [ -96.443622843119698, 16.33693271197512 ], [ -96.438246663552647, 16.332766045017042 ], [ -96.435289510102834, 16.333900621616444 ], [ -96.431331032202095, 16.337427993118911 ], [ -96.425937229019894, 16.342233954633343 ], [ -96.414456177110821, 16.341099378933258 ], [ -96.400988091127545, 16.328599378958259 ], [ -96.393622843219632, 16.32973395465828 ], [ -96.385425483199484, 16.337038167377557 ], [ -96.381377156230712, 16.333900621616454 ], [ -96.377819092427671, 16.33343060201419 ], [ -96.372789510227705, 16.332766045017042 ], [ -96.372275431396631, 16.332367644202112 ], [ -96.368877156255763, 16.329733954658344 ], [ -96.360289510252642, 16.328599378958234 ], [ -96.356377156280743, 16.325567287700284 ], [ -96.354166666758189, 16.324999999850203 ], [ -96.354733954608307, 16.322789510327731 ], [ -96.357766045866327, 16.3188771563557 ], [ -96.358900621566391, 16.314456176411451 ], [ -96.361932711925064, 16.310543823338847 ], [ -96.363067287625199, 16.306122843394597 ], [ -96.366099378883192, 16.302210490321897 ], [ -96.367233954583341, 16.297789510377605 ], [ -96.371400621541369, 16.292413329911316 ], [ -96.370266045841333, 16.289456176461425 ], [ -96.35890062156642, 16.277210489472559 ], [ -96.357413737354051, 16.271416218683651 ], [ -96.348043823263822, 16.263067287825113 ], [ -96.347737405080252, 16.262988668213332 ], [ -96.347206148876921, 16.261732510193895 ], [ -96.347242089721362, 16.260410150870229 ], [ -96.348193079982181, 16.258873379551019 ], [ -96.348370458944402, 16.258733970103073 ], [ -96.348733580404399, 16.258052721130714 ], [ -96.348717308705986, 16.257558520864688 ], [ -96.348807490040258, 16.255637921134703 ], [ -96.347906830355456, 16.250887401089162 ], [ -96.346055688882657, 16.239406431104882 ], [ -96.344047380148425, 16.226949821341464 ], [ -96.344069079651774, 16.226928579964518 ], [ -96.350658539606613, 16.220497980809277 ], [ -96.357214459952942, 16.212996650061584 ], [ -96.369052379205755, 16.215053660918734 ], [ -96.379410318954768, 16.216852950543057 ], [ -96.380187399577352, 16.218233599962037 ], [ -96.381520690170078, 16.222474650407364 ], [ -96.385177219746978, 16.228213720762714 ], [ -96.386003998870805, 16.229833350653738 ], [ -96.384693890314722, 16.231201820950904 ], [ -96.383870680314402, 16.232985909790969 ], [ -96.383231940471205, 16.236958309655815 ], [ -96.3834917799621, 16.238225200224665 ], [ -96.384592769190945, 16.238854179895128 ], [ -96.385409969272459, 16.240569220272491 ], [ -96.385179769832675, 16.241879460984766 ], [ -96.38542091008766, 16.242568580834416 ], [ -96.385425131112854, 16.242707271928449 ], [ -96.385438379408953, 16.24314263110783 ], [ -96.385689419874126, 16.24336174075728 ], [ -96.386487629628959, 16.243697000761383 ], [ -96.386618510274275, 16.244013400004118 ], [ -96.386564200091598, 16.244688079708926 ], [ -96.386775940356472, 16.24486688006785 ], [ -96.386902510120365, 16.245204711321502 ], [ -96.38687962879338, 16.245454000102377 ], [ -96.387091549861012, 16.245845771301656 ], [ -96.387968228729704, 16.246667620417721 ], [ -96.388599520385483, 16.246812779674094 ], [ -96.389032139243866, 16.247993220609384 ], [ -96.389611320328328, 16.248095321264163 ], [ -96.38967222430729, 16.248601305659818 ], [ -96.389733750429144, 16.249112459720926 ], [ -96.391413121019013, 16.250534475760869 ], [ -96.391426236458003, 16.250545580356611 ], [ -96.392098516285458, 16.251114825571968 ], [ -96.392099631399404, 16.251115768928411 ], [ -96.392646395703991, 16.25157872902216 ], [ -96.392661633119943, 16.251591631341693 ], [ -96.393006896854061, 16.251883972360982 ], [ -96.393073572190858, 16.251940428420117 ], [ -96.393657047449622, 16.252434463877183 ], [ -96.393683683509238, 16.252457016410421 ], [ -96.394486417389714, 16.253136696455744 ], [ -96.394494310085676, 16.253143373491991 ], [ -96.396117817562185, 16.254517966666093 ], [ -96.396409221596315, 16.254764686404663 ], [ -96.396461429988022, 16.254808889836564 ], [ -96.396455813388357, 16.254837072956008 ], [ -96.396414385106297, 16.255044959823749 ], [ -96.396261910059508, 16.255810081208708 ], [ -96.39693402514277, 16.255867383003519 ], [ -96.397039448967078, 16.255876370344584 ], [ -96.397050256471985, 16.255907192628314 ], [ -96.397148219487065, 16.25618652116485 ], [ -96.397220970251183, 16.256427750153755 ], [ -96.397413030273924, 16.25663408068705 ], [ -96.397640739867967, 16.256759800581175 ], [ -96.397784488698193, 16.256828320346077 ], [ -96.398442978874471, 16.257010030874493 ], [ -96.398634369878835, 16.257032340646681 ], [ -96.398777828717002, 16.257008911032035 ], [ -96.399028998972796, 16.257008031299765 ], [ -96.399459289760642, 16.256937541019873 ], [ -96.399699259272182, 16.257155179785432 ], [ -96.399712349727778, 16.257454140519751 ], [ -96.399857219870327, 16.257821631248778 ], [ -96.400228458997219, 16.257946860226685 ], [ -96.400443228680061, 16.257819620121001 ], [ -96.400622230144677, 16.257704049620649 ], [ -96.400956740440961, 16.257622350264089 ], [ -96.401495319188271, 16.257735551277335 ], [ -96.4016510501516, 16.25780395103375 ], [ -96.401998569022211, 16.257963750486347 ], [ -96.402502369654727, 16.258376029891295 ], [ -96.402587569237184, 16.258766720215036 ], [ -96.402792150199616, 16.25908807978978 ], [ -96.403176019470777, 16.259420201298187 ], [ -96.403355920169005, 16.259534601207076 ], [ -96.403595180274124, 16.259556770284185 ], [ -96.40387039938102, 16.259590321276814 ], [ -96.404086339568778, 16.259773520794642 ], [ -96.404218648707882, 16.259980090941767 ], [ -96.404508949721716, 16.260830060663789 ], [ -96.404531428734089, 16.26093814106142 ], [ -96.404551889092389, 16.261082910860022 ], [ -96.404924620250526, 16.261470651174875 ], [ -96.405201429777748, 16.261790199759712 ], [ -96.405489218758774, 16.262006219850573 ], [ -96.405562036336065, 16.262138118075804 ], [ -96.405655179619458, 16.262306830012534 ], [ -96.405911739419196, 16.262560720167205 ], [ -96.406300308692067, 16.2626595201287 ], [ -96.406772871511805, 16.262809889782723 ], [ -96.406915019113256, 16.262855119851068 ], [ -96.407501349342084, 16.262736920664686 ], [ -96.408062218764115, 16.262085549633259 ], [ -96.408723180058018, 16.261244780739503 ], [ -96.409121619563521, 16.260591419869531 ], [ -96.409297578829282, 16.25955920030469 ], [ -96.409567720214795, 16.258778880919493 ], [ -96.410122800178272, 16.25856626109125 ], [ -96.410226819651982, 16.258066020947833 ], [ -96.410267110059763, 16.257470950922489 ], [ -96.410151549988242, 16.256372479627309 ], [ -96.410421278729103, 16.255623490171054 ], [ -96.411050028695342, 16.254990720968721 ], [ -96.41170582884746, 16.254528550790049 ], [ -96.41226458027441, 16.254033879696745 ], [ -96.412793719236362, 16.253319401257169 ], [ -96.413415799452196, 16.252950860311064 ], [ -96.413715519295138, 16.252390320453333 ], [ -96.414111858615215, 16.251893650058562 ], [ -96.414518778961963, 16.251515251038807 ], [ -96.414850248886594, 16.250895320157042 ], [ -96.415019379343462, 16.250325399789315 ], [ -96.415502909660503, 16.249563430490358 ], [ -96.416591508754294, 16.249616600260328 ], [ -96.417835579271483, 16.249267780553268 ], [ -96.418813629180676, 16.24865572094561 ], [ -96.419846908779604, 16.247940340091429 ], [ -96.420316450047466, 16.247228719924241 ], [ -96.422069549889343, 16.24869834045149 ], [ -96.425394310104792, 16.251485920456705 ], [ -96.428159540378289, 16.253493521082426 ], [ -96.430660598821987, 16.255360910238426 ], [ -96.432550420159131, 16.256773050747789 ], [ -96.43524450974985, 16.25327968094912 ], [ -96.440471799424202, 16.244275370466017 ], [ -96.443685260041647, 16.238741980988294 ], [ -96.444135650223785, 16.238996320230282 ], [ -96.45375787865548, 16.243664031032811 ], [ -96.454221918946672, 16.243860260557227 ], [ -96.455072450256267, 16.244244771221208 ], [ -96.456282119501594, 16.244839141037549 ], [ -96.461625139334458, 16.247411479721979 ], [ -96.462423859342337, 16.245536317921971 ], [ -96.463067287425375, 16.248043823463732 ], [ -96.466198052298225, 16.252083333479135 ], [ -96.463067287425389, 16.256122843494467 ], [ -96.461932711725268, 16.26741332996124 ], [ -96.466931152650531, 16.273862711894665 ], [ -96.459340074185022, 16.275811089510277 ], [ -96.457766045666432, 16.279913329936267 ], [ -96.461932711725268, 16.285289510402603 ], [ -96.463067287425403, 16.302210490321922 ], [ -96.470266045641424, 16.310289510352703 ], [ -96.471400621341587, 16.313246663802577 ], [ -96.467135280768588, 16.318750000312335 ], [ -96.470266045641424, 16.322789510327716 ], [ -96.470647707984469, 16.33549025084217 ], [ -96.470833333491498, 16.341666666783276 ], [ -96.469982571238646, 16.344982571488558 ], [ -96.466666666533371, 16.345833333741403 ], [ -96.466666666533428, 16.349999999800239 ], [ -96.464440176064599, 16.349880288185197 ] ] ] ] } },
{ "type": "Feature", "properties": { "HAS_WS": 13871.096, "ID_WS": "46", "S1_N": 1565, "S2_N": 1578, "S3_N": 1611, "S4_N": 1611, "S5_N": 1615, "S6_N": 2176, "S7_N": 1869, "S1_P": 51137, "S2_P": 51362, "S3_P": 60051, "S4_P": 55470, "S5_P": 55560, "S6_P": 64373, "S7_P": 50818, "SUM_NUTR": 0 }, "geometry": { "type": "MultiPolygon", "coordinates": [ [ [ [ -96.6602168000734, 16.582854373574762 ], [ -96.667233954883116, 16.590729437813348 ], [ -96.666902577242524, 16.59164895164659 ], [ -96.665576510647441, 16.595328436758038 ], [ -96.643877156605441, 16.616099378383659 ], [ -96.639456176661241, 16.617233954983053 ], [ -96.635543823588563, 16.620266045341811 ], [ -96.63333333316676, 16.620833333191829 ], [ -96.630017429360919, 16.621684095444714 ], [ -96.629166667107924, 16.625000000149996 ], [ -96.62257554752351, 16.624646674504397 ], [ -96.619091118860041, 16.621186658837345 ], [ -96.60833333321672, 16.620833333191815 ], [ -96.606963796532597, 16.620833346068114 ], [ -96.604166666258592, 16.620833333191854 ], [ -96.601742214531555, 16.62048000754638 ], [ -96.601056819482721, 16.619799433218205 ], [ -96.59825778496878, 16.617019992778477 ], [ -96.594438074187309, 16.616929706373384 ], [ -96.583653823435725, 16.61667426937597 ], [ -96.583333333266737, 16.616666666233719 ], [ -96.576713053164838, 16.616311645366189 ], [ -96.575676114306759, 16.615269597960182 ], [ -96.571186658937151, 16.610757784943942 ], [ -96.570833333291645, 16.608333333216866 ], [ -96.566666666333546, 16.608333333216791 ], [ -96.534252251640069, 16.607747396125504 ], [ -96.532482571113775, 16.600850762452758 ], [ -96.5291666664085, 16.600000000199877 ], [ -96.529166666408486, 16.58333333326674 ], [ -96.529834662139933, 16.581223551625662 ], [ -96.536832003694002, 16.572943114932862 ], [ -96.538294474010755, 16.559202405766513 ], [ -96.549613443805328, 16.557399156246092 ], [ -96.561832004543348, 16.543776448923982 ], [ -96.562841947527659, 16.521688572387198 ], [ -96.563228692150417, 16.513228692250447 ], [ -96.579166666308609, 16.5125000003748 ], [ -96.585757784993746, 16.512146673829989 ], [ -96.589242214556506, 16.508686659062096 ], [ -96.602424451926922, 16.507980007771227 ], [ -96.610075547548405, 16.500353326045278 ], [ -96.619091118860027, 16.499646673854972 ], [ -96.62257554752351, 16.496186659087055 ], [ -96.631591118835075, 16.495480007796168 ], [ -96.637145657346196, 16.489953274524133 ], [ -96.637500000124888, 16.479166666508522 ], [ -96.643877156605498, 16.479733954358572 ], [ -96.647789509678091, 16.482766045616575 ], [ -96.653315904805183, 16.484184095719513 ], [ -96.654733954908082, 16.489710489947196 ], [ -96.657766045266769, 16.49362284301991 ], [ -96.658333333116786, 16.500000000399712 ], [ -96.657365587052183, 16.503770616720669 ], [ -96.652210489622391, 16.507766045566612 ], [ -96.646229383779058, 16.50930107948135 ], [ -96.642233954933033, 16.514456176911096 ], [ -96.641099379232884, 16.518877156855407 ], [ -96.636932712274856, 16.52425333642233 ], [ -96.63806728797492, 16.535543822889142 ], [ -96.642233954933062, 16.54092000335552 ], [ -96.641101658403031, 16.552187810753619 ], [ -96.641099379232912, 16.552210489822286 ], [ -96.637968614360076, 16.5562499998377 ], [ -96.641099379232884, 16.560289509853039 ], [ -96.642517429335868, 16.565815904080754 ], [ -96.646333397056566, 16.566795070174933 ], [ -96.649417114408323, 16.567586262695965 ], [ -96.654061056198316, 16.572798301103347 ], [ -96.657766045266712, 16.576956176786158 ], [ -96.65890062096689, 16.581377156730532 ], [ -96.6602168000734, 16.582854373574762 ] ] ] ] } },
{ "type": "Feature", "properties": { "HAS_WS": 4132.909, "ID_WS": "47", "S1_N": 113, "S2_N": 104, "S3_N": 111, "S4_N": 111, "S5_N": 121, "S6_N": 154, "S7_N": 127, "S1_P": 4674, "S2_P": 4205, "S3_P": 4454, "S4_P": 4361, "S5_P": 4754, "S6_P": 5334, "S7_P": 4629, "SUM_NUTR": 0 }, "geometry": { "type": "MultiPolygon", "coordinates": [ [ [ [ -96.410440817883568, 16.720304878271023 ], [ -96.407766045766422, 16.719618394773168 ], [ -96.408005628219172, 16.711490090056348 ], [ -96.408568492439301, 16.692390555749054 ], [ -96.408711285351274, 16.687544471136494 ], [ -96.408931139060769, 16.680082532982532 ], [ -96.414454036322027, 16.678665387970153 ], [ -96.415815904380452, 16.678315904755316 ], [ -96.416376655405671, 16.676130605318441 ], [ -96.417233954483436, 16.672789510527565 ], [ -96.420266045741371, 16.668877156555656 ], [ -96.420833333591432, 16.666666667033134 ], [ -96.427212755614249, 16.666858646941698 ], [ -96.439710490047077, 16.66723395488318 ], [ -96.449080403237986, 16.675582885741626 ], [ -96.450850761853118, 16.682482570814123 ], [ -96.457624986104193, 16.684220716612867 ], [ -96.458900621366524, 16.693877156505629 ], [ -96.462896050212521, 16.6990322539354 ], [ -96.468877156955244, 16.700567287850166 ], [ -96.472269043203823, 16.703196136770497 ], [ -96.472916666970548, 16.703698052723013 ], [ -96.476956176985922, 16.700567287850127 ], [ -96.481377156930222, 16.699432712149996 ], [ -96.485289510002929, 16.696400620892053 ], [ -96.487500000424646, 16.695833333041911 ], [ -96.488350762677513, 16.699149237747168 ], [ -96.495209757923959, 16.700909085086256 ], [ -96.495833333441581, 16.712499999975115 ], [ -96.49583333344161, 16.733333332967028 ], [ -96.49362284301975, 16.732766045116936 ], [ -96.489710489947157, 16.729733954758327 ], [ -96.486733414853987, 16.728970078124789 ], [ -96.484184095719385, 16.728315904655368 ], [ -96.483333333466504, 16.724999999950175 ], [ -96.479166666508476, 16.724999999950121 ], [ -96.439242214856307, 16.724646674304648 ], [ -96.435757785293532, 16.721186658637471 ], [ -96.412499999675205, 16.72083333299199 ], [ -96.412494760282385, 16.720831988429673 ], [ -96.410440817883568, 16.720304878271023 ] ] ] ] } },
{ "type": "Feature", "properties": { "HAS_WS": 23149.591, "ID_WS": "48", "S1_N": 2672, "S2_N": 2970, "S3_N": 2978, "S4_N": 2978, "S5_N": 3273, "S6_N": 3514, "S7_N": 3171, "S1_P": 79880, "S2_P": 85413, "S3_P": 86326, "S4_P": 86140, "S5_P": 91559, "S6_P": 91476, "S7_P": 79134, "SUM_NUTR": 0 }, "geometry": { "type": "MultiPolygon", "coordinates": [ [ [ [ -96.53373025838853, 16.779494315925717 ], [ -96.536612616778854, 16.779875013321234 ], [ -96.538067288174815, 16.785543823288918 ], [ -96.541099378533417, 16.789456176361565 ], [ -96.541637476985457, 16.791552958830149 ], [ -96.542233954233581, 16.793877156305772 ], [ -96.546451836056193, 16.798527472093671 ], [ -96.55100606287948, 16.803548176906837 ], [ -96.562500000274781, 16.804166666758327 ], [ -96.562853325920244, 16.806591118485368 ], [ -96.566652085625208, 16.810416666296149 ], [ -96.562853325920273, 16.814242215006306 ], [ -96.56250000027481, 16.837499999725257 ], [ -96.562500000274824, 16.84166666668337 ], [ -96.561989262645199, 16.843657319097776 ], [ -96.561649238021857, 16.844982571388563 ], [ -96.557453174394226, 16.846059285167716 ], [ -96.556122843794157, 16.846400621491526 ], [ -96.55221048982223, 16.849432711850241 ], [ -96.550000000299789, 16.849999999700358 ], [ -96.543408881614582, 16.850353325345701 ], [ -96.53992445205175, 16.853813341013005 ], [ -96.535075547698384, 16.854519992303796 ], [ -96.523257785118631, 16.866313340987983 ], [ -96.520833333391593, 16.866666666633424 ], [ -96.518719631438842, 16.866603265755391 ], [ -96.513899327437883, 16.866458567461407 ], [ -96.501956176935991, 16.866099378783385 ], [ -96.499518168327484, 16.863927136744611 ], [ -96.492672753609625, 16.857827407482819 ], [ -96.49260389495376, 16.857766045766422 ], [ -96.492382303366782, 16.857845919805989 ], [ -96.489629403298252, 16.858838185244046 ], [ -96.489456176961028, 16.858900621466553 ], [ -96.484954433652035, 16.862389606308177 ], [ -96.484079996494629, 16.863067287525364 ], [ -96.481122843044744, 16.861932711825258 ], [ -96.477210489972066, 16.858900621466582 ], [ -96.472789510027837, 16.857766045766475 ], [ -96.468877156955188, 16.854733954508429 ], [ -96.463350761828195, 16.853315904405555 ], [ -96.461532253510654, 16.846229383379473 ], [ -96.458716881846158, 16.84404739227849 ], [ -96.456377156980153, 16.842233954533423 ], [ -96.454166666558351, 16.841666666683409 ], [ -96.453361004894361, 16.841681626822091 ], [ -96.435075547898236, 16.842019992328876 ], [ -96.431250000087445, 16.845818752933145 ], [ -96.427424452276611, 16.842019992328865 ], [ -96.426449785597072, 16.84187796322351 ], [ -96.422575547923145, 16.841313341037846 ], [ -96.41909111836037, 16.837853325370698 ], [ -96.41007554794821, 16.837146674079829 ], [ -96.40659111838545, 16.833686659311983 ], [ -96.393408881015063, 16.83298000802105 ], [ -96.389924452351579, 16.829519992353823 ], [ -96.385075547998113, 16.828813341062869 ], [ -96.381591118435338, 16.825353325395739 ], [ -96.372575548023107, 16.824646674104727 ], [ -96.368379719648374, 16.820480007146696 ], [ -96.364242215006172, 16.821186659336878 ], [ -96.356591118485312, 16.828813341062908 ], [ -96.35416666675826, 16.829166666708421 ], [ -96.34166666678324, 16.829166666708392 ], [ -96.34166666678324, 16.82324439078916 ], [ -96.341666666783254, 16.808333333716426 ], [ -96.345833333741382, 16.808333333716412 ], [ -96.345833333741297, 16.804166666758341 ], [ -96.346186659386802, 16.801742215031243 ], [ -96.349646674154684, 16.798257785468536 ], [ -96.34999999980009, 16.783333333766414 ], [ -96.356591118485355, 16.782980007221667 ], [ -96.360075548048087, 16.779519992453721 ], [ -96.364924452401524, 16.778813341162788 ], [ -96.368408881064951, 16.77535332549564 ], [ -96.377424452376559, 16.77464667420475 ], [ -96.380908881039986, 16.771186659436804 ], [ -96.389924452351607, 16.770480007246579 ], [ -96.39583468981904, 16.764599270240154 ], [ -96.392019992328784, 16.760757785543493 ], [ -96.391666666683349, 16.758333332917015 ], [ -96.394091118410373, 16.757980007271588 ], [ -96.403808932536208, 16.748288303162742 ], [ -96.404519992303818, 16.743408881214972 ], [ -96.407980007970934, 16.739924451652158 ], [ -96.408686659261932, 16.735075548198019 ], [ -96.412146674029771, 16.731591118635318 ], [ -96.412295340165116, 16.727064824297997 ], [ -96.412443523140325, 16.722552984334421 ], [ -96.412499999675205, 16.72083333299199 ], [ -96.435757785293532, 16.721186658637471 ], [ -96.439242214856307, 16.724646674304648 ], [ -96.479166666508476, 16.724999999950121 ], [ -96.483333333466504, 16.724999999950175 ], [ -96.484184095719385, 16.728315904655368 ], [ -96.486733414853987, 16.728970078124789 ], [ -96.489710489947157, 16.729733954758327 ], [ -96.49362284301975, 16.732766045116936 ], [ -96.49583333344161, 16.733333332967028 ], [ -96.496400621291656, 16.743877156405649 ], [ -96.499432712549662, 16.747789510377647 ], [ -96.500567288249698, 16.760543823338846 ], [ -96.504562717095723, 16.765698920768642 ], [ -96.510543822939098, 16.767233954683324 ], [ -96.51862284386911, 16.774432712000152 ], [ -96.523043822914133, 16.775567287700181 ], [ -96.526956176886046, 16.778599378958223 ], [ -96.53373025838853, 16.779494315925717 ] ] ] ] } },
{ "type": "Feature", "properties": { "HAS_WS": 2211.132, "ID_WS": "49", "S1_N": 264, "S2_N": 429, "S3_N": 429, "S4_N": 429, "S5_N": 430, "S6_N": 500, "S7_N": 458, "S1_P": 9889, "S2_P": 12073, "S3_P": 12073, "S4_P": 12073, "S5_P": 12078, "S6_P": 13342, "S7_P": 11633, "SUM_NUTR": 0 }, "geometry": { "type": "MultiPolygon", "coordinates": [ [ [ [ -96.750417488991189, 16.488984452107125 ], [ -96.748043823363716, 16.4910993786335 ], [ -96.742062716621092, 16.492634412548185 ], [ -96.738067287775095, 16.497789509977942 ], [ -96.736532253860389, 16.503770616720708 ], [ -96.731377156430611, 16.507766045566651 ], [ -96.729166666908114, 16.508333333416697 ], [ -96.726742214281728, 16.507980007771213 ], [ -96.723257785618287, 16.504519992104044 ], [ -96.710822789560652, 16.50401369905984 ], [ -96.705908881289815, 16.503813340813046 ], [ -96.70242445172704, 16.500353326045254 ], [ -96.7, 16.500000000399723 ], [ -96.699432712149957, 16.493622843019867 ], [ -96.698941914983465, 16.492989600553045 ], [ -96.695266045191772, 16.488246663452792 ], [ -96.696461317036096, 16.46757473448643 ], [ -96.703315904705278, 16.465815904280593 ], [ -96.705134413022762, 16.458729383254475 ], [ -96.710289510452554, 16.454733954408521 ], [ -96.71627061629583, 16.453198920493854 ], [ -96.717335476911771, 16.451825028138792 ], [ -96.717394878624177, 16.451831229729247 ], [ -96.717663150238693, 16.451843420572956 ], [ -96.718239819729703, 16.452180879561162 ], [ -96.718163259782344, 16.452567180521669 ], [ -96.718068229678991, 16.452785680708352 ], [ -96.717934309971795, 16.452928221207049 ], [ -96.717709309377611, 16.453383539947215 ], [ -96.717519479408736, 16.453418981193426 ], [ -96.717361090063363, 16.453928199872731 ], [ -96.716880459600176, 16.454394849572036 ], [ -96.717010709629008, 16.45466195025849 ], [ -96.716992219264043, 16.455000080402904 ], [ -96.717227318707685, 16.455165980736624 ], [ -96.717745050069539, 16.45577662017099 ], [ -96.717494719608851, 16.455848250447115 ], [ -96.717100889581914, 16.456194399874178 ], [ -96.716449340273158, 16.456397861241339 ], [ -96.715672570328152, 16.456375600339719 ], [ -96.715437979015675, 16.457175000314582 ], [ -96.714495260182048, 16.456972800529389 ], [ -96.714488888950186, 16.457020109621709 ], [ -96.714377720131822, 16.457332740741759 ], [ -96.714274968648979, 16.45731640045431 ], [ -96.71431088886348, 16.457603629794978 ], [ -96.714734579640009, 16.457916571083334 ], [ -96.715563119045854, 16.457981019942977 ], [ -96.715767688932431, 16.457996541159201 ], [ -96.716911619885309, 16.458060290510655 ], [ -96.717791658692491, 16.458120829771953 ], [ -96.718442859260989, 16.458404141214956 ], [ -96.719173058854707, 16.458758399813576 ], [ -96.71985591023504, 16.459198109829458 ], [ -96.720750428736878, 16.459697311196805 ], [ -96.721203919564175, 16.460161519793488 ], [ -96.721356579914556, 16.460509920710425 ], [ -96.721544369058435, 16.461438920592773 ], [ -96.721785549619838, 16.462183121333752 ], [ -96.721833539598251, 16.46233245961476 ], [ -96.722028050342615, 16.462498020268516 ], [ -96.722202848655343, 16.46255702037163 ], [ -96.72251905891747, 16.462453371223472 ], [ -96.722776089423377, 16.462080151153042 ], [ -96.722862079556648, 16.461805780359231 ], [ -96.722956859470727, 16.461523780566992 ], [ -96.72320648925681, 16.461300119855373 ], [ -96.723412139826792, 16.461272200885283 ], [ -96.723613818925841, 16.461273570422446 ], [ -96.723735428878953, 16.461162630205479 ], [ -96.72378387873637, 16.461106110333112 ], [ -96.724000599749957, 16.461441820061925 ], [ -96.724886290411575, 16.46215909087973 ], [ -96.725317780186003, 16.461964540036149 ], [ -96.725340138572278, 16.461857911069004 ], [ -96.725343980247516, 16.461713749835948 ], [ -96.725202218910653, 16.461677649697382 ], [ -96.72514070860646, 16.461716311228543 ], [ -96.724913850073335, 16.461712280970623 ], [ -96.725109519780105, 16.461134281261703 ], [ -96.725500659452123, 16.461332171056775 ], [ -96.725742028815006, 16.461231539985384 ], [ -96.726105829916364, 16.460760460794997 ], [ -96.725903970032547, 16.460617370026583 ], [ -96.725770004290808, 16.460452773439521 ], [ -96.725669249688636, 16.460328981198714 ], [ -96.725561660289827, 16.460279571086001 ], [ -96.725407720123542, 16.460138311005327 ], [ -96.725822428968897, 16.459879259910728 ], [ -96.726039629451591, 16.45986578016273 ], [ -96.726210449353943, 16.459885880512342 ], [ -96.726260479808673, 16.459966001103908 ], [ -96.726119779101381, 16.460185979836453 ], [ -96.726220669126178, 16.460246153125716 ], [ -96.726495618754925, 16.460410139886012 ], [ -96.726782689110536, 16.460397220642651 ], [ -96.72680153958575, 16.460467020642909 ], [ -96.727207289888796, 16.460532060792136 ], [ -96.727444860448855, 16.460307649853103 ], [ -96.727419018709142, 16.460107061254995 ], [ -96.727646280260444, 16.459981050637921 ], [ -96.727704138988784, 16.459735420358825 ], [ -96.728010819804595, 16.459651111287389 ], [ -96.728645719355356, 16.459567750890432 ], [ -96.728989489704333, 16.459584920838207 ], [ -96.72904699945606, 16.459577370401281 ], [ -96.729088649212699, 16.459549380542107 ], [ -96.729670279948053, 16.459196981002439 ], [ -96.729699279694657, 16.45918491029348 ], [ -96.730388180230491, 16.459183261024656 ], [ -96.730448079199917, 16.459218351053185 ], [ -96.730671918931023, 16.459440920114293 ], [ -96.730705680071836, 16.459456310840217 ], [ -96.731177769246827, 16.459274630924764 ], [ -96.731185309085433, 16.459224630025528 ], [ -96.731290799534207, 16.45875245963968 ], [ -96.731555509242199, 16.458614950158747 ], [ -96.731587878773027, 16.458655140267496 ], [ -96.731810198813065, 16.45959008003587 ], [ -96.731890199100761, 16.459723249705451 ], [ -96.73205013881568, 16.460676739993485 ], [ -96.732131980102707, 16.460745969975548 ], [ -96.732480480067267, 16.461849690661342 ], [ -96.732701030410951, 16.462724320685343 ], [ -96.732731969475523, 16.462816750187311 ], [ -96.733157770230846, 16.464095429617654 ], [ -96.733159119155161, 16.464145921282899 ], [ -96.733221708586342, 16.464363370786391 ], [ -96.733414689896776, 16.465090569575082 ], [ -96.733396600181067, 16.465364080681059 ], [ -96.734026259293998, 16.466974230189663 ], [ -96.734025660362818, 16.467031480881843 ], [ -96.734261230375509, 16.468187950556526 ], [ -96.734289348709979, 16.468205950825585 ], [ -96.734570508931043, 16.469247385992588 ], [ -96.734856080230387, 16.470305139824305 ], [ -96.734993630288344, 16.470748920458348 ], [ -96.735040370422894, 16.47093275026025 ], [ -96.735123428841078, 16.471277450832272 ], [ -96.735298689534986, 16.471976401273196 ], [ -96.735461720214644, 16.472581980219086 ], [ -96.735494909759595, 16.472723413736475 ], [ -96.735634910003938, 16.473320001135477 ], [ -96.736003249879658, 16.474422881012107 ], [ -96.736061380152549, 16.47464847977977 ], [ -96.736275570364853, 16.47583517011028 ], [ -96.736692659932629, 16.477073110161442 ], [ -96.737104509667631, 16.478479319638073 ], [ -96.736695178969953, 16.478637680585567 ], [ -96.750417488991189, 16.488984452107125 ] ] ] ] } },
{ "type": "Feature", "properties": { "HAS_WS": 13146.474, "ID_WS": "50", "S1_N": 2404, "S2_N": 3444, "S3_N": 3504, "S4_N": 3504, "S5_N": 3505, "S6_N": 3537, "S7_N": 3202, "S1_P": 75541, "S2_P": 92082, "S3_P": 94280, "S4_P": 94280, "S5_P": 94252, "S6_P": 91517, "S7_P": 80455, "SUM_NUTR": 0 }, "geometry": { "type": "MultiPolygon", "coordinates": [ [ [ [ -96.727850123528839, 16.383671254619784 ], [ -96.747931399628158, 16.401349649568655 ], [ -96.747945379710544, 16.402040079795373 ], [ -96.747820999741478, 16.402349050123426 ], [ -96.747382860066836, 16.402791709914236 ], [ -96.747173920121568, 16.403145569878415 ], [ -96.747165179554827, 16.403743619781658 ], [ -96.747121080117751, 16.404306769791162 ], [ -96.747077519609931, 16.404823850117285 ], [ -96.746902320377814, 16.40532758025245 ], [ -96.746905029688179, 16.405971909837721 ], [ -96.743707400101613, 16.407353949992384 ], [ -96.740282619812206, 16.407794149894482 ], [ -96.73943616112463, 16.407811443525532 ], [ -96.73786409019057, 16.407843549566145 ], [ -96.737245025717669, 16.407979459791285 ], [ -96.736064079679366, 16.408238719704155 ], [ -96.735645229837743, 16.408393309835244 ], [ -96.73568028029068, 16.408832339657575 ], [ -96.735688060431926, 16.409214050273267 ], [ -96.735805199639245, 16.409481600356767 ], [ -96.735979340374442, 16.410083940158351 ], [ -96.736085680260459, 16.410190320026899 ], [ -96.736270820102192, 16.41027472007065 ], [ -96.736096550050817, 16.410411180150412 ], [ -96.735983630272372, 16.410657480376635 ], [ -96.735879849653756, 16.410999479896883 ], [ -96.735536340050245, 16.411476629858019 ], [ -96.735388289804007, 16.41157672014543 ], [ -96.735179019888477, 16.411791579614857 ], [ -96.735060719964764, 16.411910860200202 ], [ -96.73457280038528, 16.412297829642402 ], [ -96.733770289604067, 16.41309016984793 ], [ -96.73433940037151, 16.413165710461978 ], [ -96.728677687476022, 16.420707847992798 ], [ -96.728219689733052, 16.42131792017771 ], [ -96.728204770135264, 16.421491720195728 ], [ -96.728278320445781, 16.422721369969839 ], [ -96.72843622039511, 16.423813739934317 ], [ -96.728301120305005, 16.424352740313513 ], [ -96.72769291033697, 16.424555430410177 ], [ -96.726762660216863, 16.424870829832848 ], [ -96.725834230078263, 16.42495647961205 ], [ -96.725109819808338, 16.424813750142278 ], [ -96.725053020357862, 16.424802820413873 ], [ -96.724907570079509, 16.424920749941489 ], [ -96.722514519760125, 16.428198819682638 ], [ -96.718261998791931, 16.434023691268287 ], [ -96.717052859603982, 16.435679830575019 ], [ -96.715218000138478, 16.438192890800842 ], [ -96.713542118998561, 16.440488141020506 ], [ -96.71431769043626, 16.440834350209759 ], [ -96.714721368763946, 16.441011620224494 ], [ -96.71474293982142, 16.441043460592081 ], [ -96.715166919459875, 16.441266749891639 ], [ -96.714578629000812, 16.441814081025797 ], [ -96.714721718648065, 16.441929460617946 ], [ -96.714444820077304, 16.442191449949298 ], [ -96.714544829843717, 16.442315580571254 ], [ -96.714512018957464, 16.442465690039551 ], [ -96.714845370306747, 16.442609170038928 ], [ -96.715084448649236, 16.44287385072894 ], [ -96.715425719231874, 16.442898571239329 ], [ -96.715555369612701, 16.442930139782931 ], [ -96.715536778961194, 16.442976539998558 ], [ -96.715582749856665, 16.443092849613926 ], [ -96.715542889139343, 16.443149650364244 ], [ -96.71568325877702, 16.443275781067783 ], [ -96.715897999337059, 16.442940090273101 ], [ -96.716017249800899, 16.442930141183641 ], [ -96.716374780079207, 16.443074380403814 ], [ -96.716094429163178, 16.443505030578454 ], [ -96.716292889602911, 16.44362903094683 ], [ -96.716293880440872, 16.443692549570574 ], [ -96.716069280039122, 16.444010519643946 ], [ -96.716274349558091, 16.44420417101362 ], [ -96.716598248721837, 16.444071431147904 ], [ -96.716964798952944, 16.443566380181558 ], [ -96.717080858778715, 16.443576770377828 ], [ -96.717141369248438, 16.443456400846141 ], [ -96.717452370036469, 16.443635280638318 ], [ -96.717880630159925, 16.443815349723355 ], [ -96.717225050204362, 16.444655830299354 ], [ -96.717000149114682, 16.444733691319165 ], [ -96.716961820423521, 16.44475263027212 ], [ -96.717057648570261, 16.444852720961141 ], [ -96.717002255349669, 16.444960817946626 ], [ -96.716976979635461, 16.445010140965096 ], [ -96.716673249106947, 16.44544129082718 ], [ -96.716479094655767, 16.445845340550974 ], [ -96.71634230944673, 16.446130000642043 ], [ -96.716146551721323, 16.446308674552107 ], [ -96.716066488825973, 16.446381750005013 ], [ -96.716079736598857, 16.446381009309704 ], [ -96.716313148638221, 16.446367950953597 ], [ -96.716623199191432, 16.446228579589683 ], [ -96.71669751047763, 16.446343315753928 ], [ -96.716700919855583, 16.446348579779425 ], [ -96.716725054455964, 16.446340580206581 ], [ -96.71673644887386, 16.446336802842033 ], [ -96.716750330320991, 16.446332201604939 ], [ -96.716793331797319, 16.44631794893165 ], [ -96.716810117005608, 16.446312385230165 ], [ -96.716821755753699, 16.446308527211745 ], [ -96.717029055725433, 16.446239814934376 ], [ -96.71706647220357, 16.446227412908744 ], [ -96.717177108747293, 16.446190740490369 ], [ -96.717785436440408, 16.447352592737612 ], [ -96.717799724560308, 16.447379882223103 ], [ -96.71780910674704, 16.447397801806854 ], [ -96.717858580178742, 16.447492290708524 ], [ -96.717888349880354, 16.447465309881601 ], [ -96.717903504820029, 16.447252932937282 ], [ -96.717906598203157, 16.44720958246522 ], [ -96.717909808369996, 16.447164593782396 ], [ -96.717928636813795, 16.4469007240473 ], [ -96.717945769112717, 16.446660630095693 ], [ -96.717949401550598, 16.446657285924218 ], [ -96.717966637205635, 16.446641418275913 ], [ -96.718141950279772, 16.446480024142282 ], [ -96.718157416203795, 16.446465785550743 ], [ -96.718174639189684, 16.446449930069324 ], [ -96.71822835887258, 16.446400475621292 ], [ -96.718238713416198, 16.44639094267303 ], [ -96.718242028917018, 16.446387890433694 ], [ -96.71825067173917, 16.446386036490729 ], [ -96.718288370299447, 16.446377951331176 ], [ -96.718502658669848, 16.446691089791955 ], [ -96.718772309857528, 16.446762951178869 ], [ -96.71950661878634, 16.446234739506902 ], [ -96.719557749487109, 16.447385200147753 ], [ -96.719564319940105, 16.447432569640188 ], [ -96.719493910145587, 16.447506019975986 ], [ -96.719118369803638, 16.447769660072915 ], [ -96.718977888636587, 16.447850890338323 ], [ -96.718830726459828, 16.447896907729216 ], [ -96.718820589512916, 16.447900077538069 ], [ -96.718777250773798, 16.447913629428861 ], [ -96.718748370276955, 16.447922659930697 ], [ -96.718709439113383, 16.447939776867781 ], [ -96.718670514614772, 16.447956890422908 ], [ -96.718644122357361, 16.447968494580273 ], [ -96.717831848756106, 16.448325620574078 ], [ -96.717766424016787, 16.448356348256681 ], [ -96.717719109866096, 16.448378569551011 ], [ -96.717706775116042, 16.448385222917327 ], [ -96.717313619697663, 16.448597291245513 ], [ -96.717297509433322, 16.448615048836828 ], [ -96.71727272945212, 16.448642364081678 ], [ -96.717185350351755, 16.448738680694543 ], [ -96.717111878812773, 16.448835567672567 ], [ -96.717107850346267, 16.448840881238301 ], [ -96.717085970142236, 16.448887735541376 ], [ -96.717065835386848, 16.448930853706091 ], [ -96.716983619780024, 16.449106920584331 ], [ -96.716940199790074, 16.449164971119409 ], [ -96.71687963004004, 16.449279380463945 ], [ -96.716720090365754, 16.449563980903516 ], [ -96.716431228939896, 16.450003110066493 ], [ -96.715925148845457, 16.450896629546225 ], [ -96.716010219103993, 16.450917250625963 ], [ -96.716128200371273, 16.450960149564541 ], [ -96.716065658780465, 16.451130454383598 ], [ -96.7159625698567, 16.451411170385192 ], [ -96.716651278882836, 16.451611480442459 ], [ -96.717212798811431, 16.451812220361926 ], [ -96.717335476911771, 16.451825028138792 ], [ -96.71627061629583, 16.453198920493854 ], [ -96.710289510452554, 16.454733954408521 ], [ -96.705134413022762, 16.458729383254475 ], [ -96.703315904705278, 16.465815904280593 ], [ -96.696461317036096, 16.46757473448643 ], [ -96.695266045191772, 16.488246663452792 ], [ -96.698941914983465, 16.492989600553045 ], [ -96.699432712149957, 16.493622843019867 ], [ -96.7, 16.500000000399723 ], [ -96.697575548272908, 16.500353326045254 ], [ -96.693379719898118, 16.504519992104008 ], [ -96.689242214356725, 16.503813340813036 ], [ -96.685757785693283, 16.500353326045243 ], [ -96.658333333116786, 16.500000000399712 ], [ -96.657766045266769, 16.49362284301991 ], [ -96.654733954908082, 16.489710489947196 ], [ -96.653315904805183, 16.484184095719513 ], [ -96.647789509678091, 16.482766045616575 ], [ -96.643877156605498, 16.479733954358572 ], [ -96.637500000124888, 16.479166666508522 ], [ -96.636838786180974, 16.471732923535644 ], [ -96.629263876102456, 16.469788881615568 ], [ -96.628902180990892, 16.469696044536878 ], [ -96.629812031959688, 16.468522098276324 ], [ -96.632766045316757, 16.464710489997234 ], [ -96.632812987586888, 16.463838056057401 ], [ -96.632902081843852, 16.462182190707981 ], [ -96.632926407412469, 16.461730080810163 ], [ -96.633039914035834, 16.459620436916193 ], [ -96.633147405291183, 16.457622544023106 ], [ -96.633333333166817, 16.45416666655845 ], [ -96.640895250215578, 16.453395249691081 ], [ -96.64230956993066, 16.439531792957954 ], [ -96.645190429394802, 16.435468207192063 ], [ -96.646476236888802, 16.427031792982909 ], [ -96.649357096352873, 16.422968207217046 ], [ -96.650642903846929, 16.420511542673619 ], [ -96.646439615595767, 16.414583333154287 ], [ -96.649357096352915, 16.410468207242083 ], [ -96.650642903846915, 16.397865126074791 ], [ -96.661898125198306, 16.385422769944949 ], [ -96.65897623686385, 16.381301541233203 ], [ -96.658333333116815, 16.370833333691468 ], [ -96.658490884483101, 16.367092934405608 ], [ -96.658950805835005, 16.356173028162843 ], [ -96.661882527356738, 16.352160305353859 ], [ -96.66311747189377, 16.339506361229617 ], [ -96.674382527331744, 16.327160305403829 ], [ -96.675735134668713, 16.313302612425741 ], [ -96.686705864484011, 16.311705865233517 ], [ -96.68811747274313, 16.302006361304578 ], [ -96.691049194264821, 16.29799363849569 ], [ -96.691666666983096, 16.295833332942081 ], [ -96.702424451727012, 16.295480007296554 ], [ -96.705908881289815, 16.292019992528775 ], [ -96.710452402835969, 16.291870861658445 ], [ -96.705236150194963, 16.294201941165426 ], [ -96.702269600346398, 16.296079429720791 ], [ -96.699250200020899, 16.299440420058186 ], [ -96.689661279951778, 16.308817720371295 ], [ -96.687835229554878, 16.317039150022964 ], [ -96.687752480116089, 16.317843449686819 ], [ -96.686910150441008, 16.326029649697954 ], [ -96.68879318010174, 16.33104770959088 ], [ -96.690464820462509, 16.335381479750964 ], [ -96.700539519995985, 16.341055381148166 ], [ -96.699675220063298, 16.343561479747461 ], [ -96.700259860107593, 16.345204090221333 ], [ -96.699592860060037, 16.346415509927308 ], [ -96.699157630218323, 16.347205971257402 ], [ -96.699101140201677, 16.349341259839207 ], [ -96.699973489933086, 16.34990617975398 ], [ -96.702211879843546, 16.350148920149874 ], [ -96.703027290038534, 16.352846889798911 ], [ -96.702121180205197, 16.352968450193845 ], [ -96.700147090239057, 16.353192369656906 ], [ -96.692926509832745, 16.350031460381601 ], [ -96.694472740218401, 16.351898220427174 ], [ -96.695394179548742, 16.353010650419407 ], [ -96.705626550041146, 16.355558890093214 ], [ -96.705801460429427, 16.355560659876577 ], [ -96.706280150359405, 16.355514219971294 ], [ -96.70642361996785, 16.355631140881215 ], [ -96.707232979611874, 16.355717820026772 ], [ -96.707250540282374, 16.355936220318657 ], [ -96.707849659644708, 16.355982889571361 ], [ -96.708235709736769, 16.356012970237771 ], [ -96.708690770122544, 16.356048429745407 ], [ -96.709026420061178, 16.3563233698918 ], [ -96.709296580125098, 16.357510119635236 ], [ -96.709748969532797, 16.358397290393196 ], [ -96.710162719821014, 16.359208690345394 ], [ -96.710120980073512, 16.35989198015503 ], [ -96.710371229566746, 16.360685089562484 ], [ -96.710387970230954, 16.361372219660861 ], [ -96.710603169920759, 16.361538939854299 ], [ -96.710792800114504, 16.362902780429547 ], [ -96.710389380170454, 16.36368775002023 ], [ -96.711920149925547, 16.364012880059743 ], [ -96.712207489984962, 16.364233540037649 ], [ -96.713054429927226, 16.364799109671779 ], [ -96.713241890230535, 16.364924291178681 ], [ -96.713310309920502, 16.365572249966835 ], [ -96.712745419662781, 16.366280320260721 ], [ -96.712950120210976, 16.367969690406419 ], [ -96.712972780102575, 16.368156710303712 ], [ -96.713109629712079, 16.369285969850022 ], [ -96.713230260430763, 16.369520910093328 ], [ -96.713364120064881, 16.369781650448509 ], [ -96.713841779545106, 16.370711920634445 ], [ -96.714426030221574, 16.371849779970866 ], [ -96.727850123528839, 16.383671254619784 ] ] ] ] } },
{ "type": "Feature", "properties": { "HAS_WS": 16302.456, "ID_WS": "51", "S1_N": 1819, "S2_N": 2054, "S3_N": 2252, "S4_N": 2252, "S5_N": 2254, "S6_N": 2481, "S7_N": 2424, "S1_P": 51621, "S2_P": 53389, "S3_P": 58444, "S4_P": 58444, "S5_P": 58549, "S6_P": 60582, "S7_P": 58237, "SUM_NUTR": 0 }, "geometry": { "type": "MultiPolygon", "coordinates": [ [ [ [ -96.723757065000399, 16.633444025637907 ], [ -96.723957770178885, 16.643405281331511 ], [ -96.719002950352134, 16.641428801193147 ], [ -96.716515060239814, 16.641175320069198 ], [ -96.714003230237878, 16.64266799962617 ], [ -96.710191139537486, 16.646947689948004 ], [ -96.709588279576437, 16.655259830389223 ], [ -96.7165160604346, 16.660731320118462 ], [ -96.716772570111772, 16.66412354978749 ], [ -96.725666660456213, 16.674267550090565 ], [ -96.715745110706081, 16.68058994867026 ], [ -96.708900620866956, 16.673043823513702 ], [ -96.708333333016867, 16.658333333116914 ], [ -96.701742214331759, 16.657980007471426 ], [ -96.698257785668261, 16.654519992703587 ], [ -96.693408881314781, 16.653813340513281 ], [ -96.689924451752049, 16.650353325745417 ], [ -96.683333333066869, 16.650000000100015 ], [ -96.682118394848061, 16.64526604529183 ], [ -96.676956176586259, 16.646400620991905 ], [ -96.671579997019222, 16.650567287950022 ], [ -96.66445617661121, 16.649432712249951 ], [ -96.659079997044259, 16.64526604529178 ], [ -96.656122843594346, 16.646400620991919 ], [ -96.650746663127961, 16.650567287949997 ], [ -96.64778950967812, 16.649432712249965 ], [ -96.643877156605456, 16.646400620991997 ], [ -96.638350762377769, 16.644982570889024 ], [ -96.636932712274856, 16.639456176661266 ], [ -96.632272940859295, 16.634226742241477 ], [ -96.629733954958013, 16.631377156630588 ], [ -96.629166667107924, 16.625000000149996 ], [ -96.630017429360919, 16.621684095444714 ], [ -96.63333333316676, 16.620833333191829 ], [ -96.635543823588563, 16.620266045341811 ], [ -96.639456176661241, 16.617233954983053 ], [ -96.643877156605441, 16.616099378383659 ], [ -96.665576510647441, 16.595328436758038 ], [ -96.666902577242524, 16.59164895164659 ], [ -96.667233954883116, 16.590729437813348 ], [ -96.6602168000734, 16.582854373574762 ], [ -96.65890062096689, 16.581377156730532 ], [ -96.657766045266712, 16.576956176786158 ], [ -96.654061056198316, 16.572798301103347 ], [ -96.649417114408323, 16.567586262695965 ], [ -96.646333397056566, 16.566795070174933 ], [ -96.642517429335868, 16.565815904080754 ], [ -96.641099379232884, 16.560289509853039 ], [ -96.637968614360076, 16.5562499998377 ], [ -96.641099379232912, 16.552210489822286 ], [ -96.641101658403031, 16.552187810753619 ], [ -96.642233954933062, 16.54092000335552 ], [ -96.63806728797492, 16.535543822889142 ], [ -96.636932712274856, 16.52425333642233 ], [ -96.641099379232884, 16.518877156855407 ], [ -96.642233954933033, 16.514456176911096 ], [ -96.646229383779058, 16.50930107948135 ], [ -96.652210489622391, 16.507766045566612 ], [ -96.657365587052183, 16.503770616720669 ], [ -96.658333333116786, 16.500000000399712 ], [ -96.685757785693283, 16.500353326045243 ], [ -96.689242214356725, 16.503813340813036 ], [ -96.693379719898118, 16.504519992104008 ], [ -96.697575548272908, 16.500353326045254 ], [ -96.7, 16.500000000399723 ], [ -96.70242445172704, 16.500353326045254 ], [ -96.705908881289815, 16.503813340813046 ], [ -96.710822789560652, 16.50401369905984 ], [ -96.723257785618287, 16.504519992104044 ], [ -96.726742214281728, 16.507980007771213 ], [ -96.729166666908114, 16.508333333416697 ], [ -96.730017429160952, 16.511649238121894 ], [ -96.736649237672211, 16.513350762627589 ], [ -96.738067287775095, 16.518877156855382 ], [ -96.741099379033074, 16.522789509928046 ], [ -96.742233954733223, 16.527210489872221 ], [ -96.745266045091839, 16.531122843844198 ], [ -96.746684095194809, 16.536649238071913 ], [ -96.752210490321801, 16.538067288174933 ], [ -96.760289510352607, 16.545266045491676 ], [ -96.764710490296835, 16.5464006211918 ], [ -96.76875881636623, 16.549538166952949 ], [ -96.77695617638642, 16.542233954233673 ], [ -96.779407438883624, 16.542106708213865 ], [ -96.780723169525416, 16.543247680290456 ], [ -96.780963479907896, 16.54345607987225 ], [ -96.781979029668918, 16.544336720403027 ], [ -96.785921750030298, 16.548493829719426 ], [ -96.786180340381108, 16.548766460356799 ], [ -96.786266879854807, 16.548857710208679 ], [ -96.786475149858106, 16.550398719970151 ], [ -96.780342219967622, 16.554408030047913 ], [ -96.778866460235534, 16.555437920234905 ], [ -96.779067570303084, 16.557344569959305 ], [ -96.777213679542498, 16.557247649926623 ], [ -96.775668260373436, 16.560503429841592 ], [ -96.775640120038361, 16.560584519600805 ], [ -96.774511339670738, 16.559988860269044 ], [ -96.773375219703269, 16.56016715036742 ], [ -96.772543799736326, 16.560279969547846 ], [ -96.771886140002323, 16.560176170025894 ], [ -96.772594459683958, 16.559194860393241 ], [ -96.77093039971858, 16.559439249879635 ], [ -96.770595280213229, 16.559500520168573 ], [ -96.769594079649977, 16.560320229649875 ], [ -96.769920379855279, 16.559621769890462 ], [ -96.769880080307274, 16.559345970107259 ], [ -96.769638089858617, 16.559210489623428 ], [ -96.768556940190877, 16.560215080378459 ], [ -96.767598279890763, 16.562256460413277 ], [ -96.765516185104957, 16.562742821547772 ], [ -96.765216599883118, 16.562812799920653 ], [ -96.765099237097431, 16.56274837500273 ], [ -96.764856540100112, 16.562615149972164 ], [ -96.764811938609341, 16.562608740279963 ], [ -96.764747689591488, 16.562555020385854 ], [ -96.764679910132514, 16.562481859664079 ], [ -96.764581859755381, 16.562407000002377 ], [ -96.76444174961523, 16.562309600360205 ], [ -96.76431054013652, 16.562252029750589 ], [ -96.764180630304509, 16.562244661144188 ], [ -96.764064169666355, 16.562246540311481 ], [ -96.763872739832337, 16.56225697969894 ], [ -96.763753140199199, 16.562278060889476 ], [ -96.763624320026409, 16.562279950199478 ], [ -96.763552650295921, 16.562279180017196 ], [ -96.763457649629714, 16.562284480086365 ], [ -96.763356739804436, 16.562286520237482 ], [ -96.763213149619901, 16.562303829588256 ], [ -96.763099149579318, 16.562315510235958 ], [ -96.763005230056635, 16.562317739567856 ], [ -96.762893140058907, 16.562319711336084 ], [ -96.762790970365145, 16.562321779825677 ], [ -96.762675029673616, 16.562323740312522 ], [ -96.762559320094326, 16.562322490194319 ], [ -96.762427050154031, 16.562344490414578 ], [ -96.762348890174025, 16.562349449900154 ], [ -96.762205229729332, 16.562356379563138 ], [ -96.762063618919825, 16.562360539941402 ], [ -96.761937290117459, 16.562356420353478 ], [ -96.761851650211838, 16.562367689597448 ], [ -96.761757449568179, 16.562383660196669 ], [ -96.761644180367895, 16.56238804994803 ], [ -96.761506650433915, 16.56240587992724 ], [ -96.761399280415688, 16.562415890267992 ], [ -96.761302479929086, 16.562425510350927 ], [ -96.761131150201706, 16.562482110311802 ], [ -96.761016649906324, 16.562483890116763 ], [ -96.760824740226838, 16.562523150274419 ], [ -96.760726289828739, 16.5625393107203 ], [ -96.760615260049732, 16.562543599915561 ], [ -96.760505619646537, 16.56257015001475 ], [ -96.760366200103959, 16.562577230112193 ], [ -96.760200110208359, 16.562583860927202 ], [ -96.760086630392024, 16.562579750442119 ], [ -96.759920920274624, 16.562552259911271 ], [ -96.75977525017619, 16.562511259787406 ], [ -96.759474459047865, 16.562427599992247 ], [ -96.759303450333931, 16.562372949653689 ], [ -96.759180489852227, 16.562333150384273 ], [ -96.758749309846053, 16.562199949667001 ], [ -96.758613880245875, 16.562148889923932 ], [ -96.758530580303002, 16.562111020262265 ], [ -96.758344448714894, 16.562075079817493 ], [ -96.758251400411481, 16.5620597100542 ], [ -96.758139890359843, 16.562020219853395 ], [ -96.757935120007801, 16.561987320431271 ], [ -96.757829690355493, 16.561976020417124 ], [ -96.757695579638948, 16.561974579669869 ], [ -96.75757230887038, 16.561958829551937 ], [ -96.757395119965338, 16.561917680326065 ], [ -96.757308849860522, 16.561886379924051 ], [ -96.757269739835778, 16.561858319712812 ], [ -96.757137430089571, 16.561813509936204 ], [ -96.757090619995878, 16.561755779612 ], [ -96.75707314979438, 16.561703369703956 ], [ -96.757026030100207, 16.561648449964938 ], [ -96.756986020258438, 16.561578080343356 ], [ -96.756922369549983, 16.561506969787889 ], [ -96.756903459943928, 16.561489779852085 ], [ -96.756870230164594, 16.561478180015438 ], [ -96.756832400198675, 16.561473550216672 ], [ -96.756723249657412, 16.561517709954281 ], [ -96.756659909611329, 16.561546400367657 ], [ -96.756523630117357, 16.561610249870977 ], [ -96.756373799662896, 16.561691259760977 ], [ -96.756243290355769, 16.561767400166215 ], [ -96.755892919596135, 16.562035709947548 ], [ -96.755682940256222, 16.562152830268193 ], [ -96.755515029928716, 16.562249940198036 ], [ -96.755375649535338, 16.562339350157515 ], [ -96.755303049326145, 16.562431049531671 ], [ -96.755136520201873, 16.562472910163809 ], [ -96.75499912024965, 16.562462539773524 ], [ -96.754895229595533, 16.562409680398471 ], [ -96.754836110322529, 16.562291199707097 ], [ -96.754789648679022, 16.562206050022059 ], [ -96.754717110190157, 16.562069140414192 ], [ -96.754656489993693, 16.561957149683423 ], [ -96.754609350121356, 16.561874021341783 ], [ -96.754506890401416, 16.561820980265004 ], [ -96.754407750358595, 16.56180289020433 ], [ -96.754263970223235, 16.56180382012835 ], [ -96.754168059554743, 16.56183844995007 ], [ -96.754060510429525, 16.561904230082028 ], [ -96.753974539878087, 16.561953969879347 ], [ -96.75389791953657, 16.562039350162689 ], [ -96.753865279722902, 16.56215473979271 ], [ -96.753874519675065, 16.562318459621579 ], [ -96.753876878681467, 16.562501379520146 ], [ -96.753872859950377, 16.562662489640459 ], [ -96.753795060346377, 16.562795091177886 ], [ -96.753732380450117, 16.562954630102222 ], [ -96.753651579871587, 16.563156739634422 ], [ -96.753508849410807, 16.563319749691235 ], [ -96.753267090190434, 16.563447149676552 ], [ -96.752955290233203, 16.563502710234435 ], [ -96.752810080191296, 16.563507090432921 ], [ -96.75268954000515, 16.563492260325322 ], [ -96.752635309568532, 16.563496029557808 ], [ -96.752568600194749, 16.563536339584576 ], [ -96.752525429663848, 16.563582110016824 ], [ -96.752445338583371, 16.563651551087013 ], [ -96.752345090241519, 16.563668549723495 ], [ -96.752251119184507, 16.563685120038929 ], [ -96.752202779915876, 16.563713820249248 ], [ -96.752083579646438, 16.563777399881698 ], [ -96.752025979913157, 16.563839430192864 ], [ -96.751951279996931, 16.563895139663227 ], [ -96.751819599638154, 16.563945400166084 ], [ -96.751621579804279, 16.563985259771869 ], [ -96.751437220135713, 16.563983280273678 ], [ -96.75132529030563, 16.563959290212583 ], [ -96.751201199696482, 16.563918880157477 ], [ -96.750946230082121, 16.563799720303674 ], [ -96.75080994984117, 16.563705079909752 ], [ -96.750658200082114, 16.56360360015351 ], [ -96.75054130960784, 16.563543399770211 ], [ -96.750366419527325, 16.563515521057941 ], [ -96.75023915039958, 16.563589770013635 ], [ -96.75005289026609, 16.563850280331454 ], [ -96.749889580337666, 16.563984920071015 ], [ -96.749657258754056, 16.564237140203797 ], [ -96.749447660201227, 16.564423770017012 ], [ -96.749379649726691, 16.564465921021817 ], [ -96.749279018649659, 16.564598540240187 ], [ -96.749164310015388, 16.564696800063697 ], [ -96.749046460294181, 16.564789320224339 ], [ -96.74894103020533, 16.564931060290441 ], [ -96.748751549824462, 16.565117679879862 ], [ -96.748570109778356, 16.565250569704411 ], [ -96.748446480015787, 16.565357750316128 ], [ -96.748313119924674, 16.565486479760136 ], [ -96.748239999820498, 16.565557079570169 ], [ -96.748147859540609, 16.565632849901604 ], [ -96.748052380133117, 16.565671509825489 ], [ -96.74797294016706, 16.565670649900291 ], [ -96.747865779623069, 16.565620449758818 ], [ -96.747731849751958, 16.565547140180382 ], [ -96.747629629954218, 16.565449049823094 ], [ -96.747523059130685, 16.565402180137337 ], [ -96.747400169607161, 16.565329310045495 ], [ -96.747346079415607, 16.565295910366153 ], [ -96.747233120212087, 16.565238280427771 ], [ -96.747102909494174, 16.565167060394028 ], [ -96.746952220140045, 16.565099079872383 ], [ -96.746811090414482, 16.565034171039482 ], [ -96.746648879962208, 16.564965170180109 ], [ -96.746539339773889, 16.564935479742097 ], [ -96.746426569528325, 16.564913310192555 ], [ -96.746330879851527, 16.564891250535943 ], [ -96.746229919468377, 16.56487319982962 ], [ -96.746097370415825, 16.564838709912486 ], [ -96.74592279909217, 16.564832710010222 ], [ -96.745706400322661, 16.564830369894747 ], [ -96.745495229756131, 16.564848829770352 ], [ -96.745408510263857, 16.564863449845117 ], [ -96.745323460372234, 16.564882970464566 ], [ -96.745253319997389, 16.564897521250252 ], [ -96.745154890362116, 16.564905350304361 ], [ -96.745060909642874, 16.564921830087794 ], [ -96.744955089917724, 16.564935230382584 ], [ -96.744794179826073, 16.564974309842238 ], [ -96.744698739888591, 16.56500608119563 ], [ -96.744625460027763, 16.565033419825809 ], [ -96.744541969878796, 16.565056490045812 ], [ -96.744465459914679, 16.565085830103918 ], [ -96.744420370329578, 16.565090830303141 ], [ -96.744046479540131, 16.565493149922041 ], [ -96.74369368041954, 16.566169119919646 ], [ -96.743432249543702, 16.566648580296022 ], [ -96.743389889717136, 16.566734090133988 ], [ -96.742469630159022, 16.568378549643988 ], [ -96.742935349185458, 16.569263219680803 ], [ -96.742935611076263, 16.569263716353955 ], [ -96.742935791732805, 16.569264060320481 ], [ -96.742939979620317, 16.569269780261649 ], [ -96.742941214895055, 16.569271359293673 ], [ -96.742945716908523, 16.569277112909617 ], [ -96.742945763248784, 16.569277174120835 ], [ -96.742945804289818, 16.569277227021416 ], [ -96.742951090059776, 16.569283979567548 ], [ -96.742953400227577, 16.569286949631447 ], [ -96.742958999919239, 16.56929411042962 ], [ -96.742966970424177, 16.5693043201581 ], [ -96.742967059948199, 16.569420800148787 ], [ -96.742837085781133, 16.569627416780296 ], [ -96.74243305958808, 16.570269679717445 ], [ -96.743119910166257, 16.570779490356482 ], [ -96.744244460009398, 16.571229029784032 ], [ -96.744691020282147, 16.571685019858343 ], [ -96.74485098041562, 16.571848370359877 ], [ -96.745046629872562, 16.572095769591879 ], [ -96.745003279624953, 16.572120030283443 ], [ -96.744832448582343, 16.572216875861251 ], [ -96.744776169668782, 16.572248780422477 ], [ -96.744349829976144, 16.572482750427689 ], [ -96.744236050284584, 16.572559090393902 ], [ -96.744109910089776, 16.572643709837951 ], [ -96.743483060383497, 16.573109999606935 ], [ -96.743138019787551, 16.573366690203414 ], [ -96.742875570145316, 16.573536689822447 ], [ -96.742628459789472, 16.573661829736178 ], [ -96.742579979959416, 16.573699740172184 ], [ -96.742443149538545, 16.573903860222899 ], [ -96.742261620206435, 16.574158680010687 ], [ -96.742109199929985, 16.574326539915521 ], [ -96.741755579640298, 16.575004169866066 ], [ -96.741500260258789, 16.575441000118246 ], [ -96.741405779668725, 16.575591459652077 ], [ -96.741152879728759, 16.575709150325235 ], [ -96.740803739996409, 16.575770089667827 ], [ -96.740298279537939, 16.575802460395469 ], [ -96.739968510021498, 16.575757740370239 ], [ -96.739862350153899, 16.575619950316224 ], [ -96.739646310019779, 16.575666820326255 ], [ -96.73954288970377, 16.575702800207708 ], [ -96.739354170017805, 16.575767089681943 ], [ -96.739236199843717, 16.57581782958486 ], [ -96.738667030134252, 16.576128970008384 ], [ -96.738534060265039, 16.576212350033739 ], [ -96.738269319599482, 16.576327549958673 ], [ -96.737826800452325, 16.576558479746868 ], [ -96.737750830333056, 16.576597970198794 ], [ -96.737256740423476, 16.57694285024483 ], [ -96.736961739740082, 16.577134909726343 ], [ -96.736790060392892, 16.577264019780817 ], [ -96.736763089671456, 16.577290289933263 ], [ -96.736740750392528, 16.577312030396619 ], [ -96.736675660171443, 16.577375419990474 ], [ -96.735720519553965, 16.577987199563673 ], [ -96.735692370027394, 16.577878649791103 ], [ -96.735428490195147, 16.577833600185585 ], [ -96.735102909893911, 16.577818110341287 ], [ -96.734921459814615, 16.577826800055014 ], [ -96.734743980343282, 16.5778962598635 ], [ -96.734549680437581, 16.577943569762283 ], [ -96.734080140269555, 16.578067719708567 ], [ -96.733933140123753, 16.577891369855298 ], [ -96.733883940224871, 16.577927709804733 ], [ -96.733492629818898, 16.577937220439104 ], [ -96.733208080403685, 16.577930319906713 ], [ -96.733093820083511, 16.577915140340718 ], [ -96.732868939822239, 16.577833650437167 ], [ -96.732815049746492, 16.577829889665434 ], [ -96.732661019560467, 16.577840260368731 ], [ -96.732057140447736, 16.57831308980381 ], [ -96.731633750445198, 16.578584890115447 ], [ -96.731341859962058, 16.578803979746439 ], [ -96.731147139847522, 16.578952279618765 ], [ -96.731017629692261, 16.579040219933763 ], [ -96.731043399717066, 16.579077000381716 ], [ -96.730994120351156, 16.579140320008118 ], [ -96.730766909755943, 16.579329909723267 ], [ -96.730521420224406, 16.579452859649038 ], [ -96.730376230133643, 16.579573660122712 ], [ -96.7301698600522, 16.57967194987415 ], [ -96.730007279874542, 16.579850540365552 ], [ -96.729925630196448, 16.579972049606983 ], [ -96.729785819890395, 16.58020564958311 ], [ -96.729429600257745, 16.580720080186893 ], [ -96.728937310039356, 16.581032000040253 ], [ -96.729505519619607, 16.581350799746279 ], [ -96.728716180292864, 16.58232265039247 ], [ -96.727717019754692, 16.582808399719877 ], [ -96.728021429995266, 16.592843279673783 ], [ -96.721350910257044, 16.59485570967415 ], [ -96.719182060242829, 16.601353279704792 ], [ -96.718735049879484, 16.605670419750705 ], [ -96.718694079554552, 16.608841769924126 ], [ -96.71924733681827, 16.608998725351757 ], [ -96.720427436939431, 16.609333504531179 ], [ -96.72065572068658, 16.609398263615503 ], [ -96.720730441793251, 16.6094194608152 ], [ -96.720768592363157, 16.609430283788051 ], [ -96.720799291959295, 16.609438992571576 ], [ -96.720978642040308, 16.609489870637891 ], [ -96.721060596659129, 16.609513118154826 ], [ -96.721092626254205, 16.609522204485305 ], [ -96.721132069790698, 16.609533394630585 ], [ -96.721175320830497, 16.609545664166095 ], [ -96.721218073635143, 16.609557791427754 ], [ -96.721252382569261, 16.60956752373599 ], [ -96.721547331713879, 16.609651192883909 ], [ -96.721566052338886, 16.609656503663327 ], [ -96.721603153708955, 16.609667028295625 ], [ -96.721737765740514, 16.609705215849466 ], [ -96.722342750145145, 16.609876829712981 ], [ -96.722369818498791, 16.609935678273967 ], [ -96.722414742032612, 16.610033344437223 ], [ -96.722426864289162, 16.610059695490516 ], [ -96.722440893445125, 16.610090194392988 ], [ -96.72246917467821, 16.610151680343201 ], [ -96.722497692937594, 16.610213677506895 ], [ -96.722527279588647, 16.610278000013381 ], [ -96.722544219264549, 16.610309558179416 ], [ -96.722618812086992, 16.610448523955842 ], [ -96.723018641514386, 16.611193393783761 ], [ -96.723221770407179, 16.611571813834214 ], [ -96.723291705014347, 16.611702099139944 ], [ -96.723320150221653, 16.611755090256732 ], [ -96.723757065000399, 16.633444025637907 ] ] ] ] } },
{ "type": "Feature", "properties": { "HAS_WS": 1270.271, "ID_WS": "52", "S1_N": 144, "S2_N": 144, "S3_N": 154, "S4_N": 154, "S5_N": 124, "S6_N": 182, "S7_N": 182, "S1_P": 4656, "S2_P": 4735, "S3_P": 5145, "S4_P": 5145, "S5_P": 4394, "S6_P": 5283, "S7_P": 5283, "SUM_NUTR": 0 }, "geometry": { "type": "MultiPolygon", "coordinates": [ [ [ [ -96.686996220276228, 16.691103562479007 ], [ -96.686932712174865, 16.689456176561343 ], [ -96.679733954858051, 16.681377156530537 ], [ -96.678599379157973, 16.676956176586287 ], [ -96.67556728789998, 16.673043823513662 ], [ -96.674432712199888, 16.670086670063817 ], [ -96.67859937915793, 16.664710489597478 ], [ -96.679733954858108, 16.656122843594428 ], [ -96.682766045216852, 16.652210489622487 ], [ -96.683333333066869, 16.650000000100015 ], [ -96.689924451752049, 16.650353325745417 ], [ -96.693408881314781, 16.653813340513281 ], [ -96.698257785668261, 16.654519992703587 ], [ -96.701742214331759, 16.657980007471426 ], [ -96.708333333016867, 16.658333333116914 ], [ -96.708900620866956, 16.673043823513702 ], [ -96.715745110706081, 16.68058994867026 ], [ -96.704104541335866, 16.688006291889796 ], [ -96.686996220276228, 16.691103562479007 ] ] ] ] } },
{ "type": "Feature", "properties": { "HAS_WS": 4254.73, "ID_WS": "53", "S1_N": 510, "S2_N": 507, "S3_N": 481, "S4_N": 481, "S5_N": 478, "S6_N": 531, "S7_N": 528, "S1_P": 16109, "S2_P": 16086, "S3_P": 15756, "S4_P": 15249, "S5_P": 15233, "S6_P": 16038, "S7_P": 15915, "SUM_NUTR": 0 }, "geometry": { "type": "MultiPolygon", "coordinates": [ [ [ [ -96.617005541117678, 16.827011813761949 ], [ -96.617019992778438, 16.826742214981305 ], [ -96.619092351390961, 16.824666964395806 ], [ -96.632980007521269, 16.810757785443499 ], [ -96.633111537487707, 16.806753233016167 ], [ -96.633333333166775, 16.799999999800178 ], [ -96.63369140633327, 16.797542996212361 ], [ -96.63439210056832, 16.796845844357705 ], [ -96.639242214456615, 16.792019992428781 ], [ -96.641666667083001, 16.7916666667833 ], [ -96.649677035353918, 16.791929831114366 ], [ -96.649604343324711, 16.793074228966706 ], [ -96.653081516305917, 16.808968563665807 ], [ -96.655725109900672, 16.82744329100834 ], [ -96.6557245491788, 16.827445179996349 ], [ -96.655724280229236, 16.827446120384643 ], [ -96.655724509688469, 16.827446369746731 ], [ -96.655724969641909, 16.827446890182095 ], [ -96.655977599784805, 16.827726750433879 ], [ -96.659672380248068, 16.832303480218307 ], [ -96.659672630281392, 16.832303610203112 ], [ -96.659672879273671, 16.832303742859754 ], [ -96.660187849636444, 16.832579920263861 ], [ -96.660682090241949, 16.832826940188543 ], [ -96.66133542983934, 16.833168750394073 ], [ -96.66166575001553, 16.833335289779317 ], [ -96.661815939681702, 16.833427770319187 ], [ -96.661876419753753, 16.833465019922961 ], [ -96.662097029931346, 16.833571780256793 ], [ -96.662139379932441, 16.833593169705782 ], [ -96.662199919810703, 16.833623710441536 ], [ -96.662425820440092, 16.833743829830031 ], [ -96.662641509968807, 16.83386662979062 ], [ -96.662615880129266, 16.834009219625351 ], [ -96.662609949808981, 16.834037576361407 ], [ -96.662587749661, 16.834139259839976 ], [ -96.662268570275387, 16.835345120313338 ], [ -96.662043889571365, 16.836120289602391 ], [ -96.662197029842631, 16.836161619718485 ], [ -96.666277539586034, 16.837262719809811 ], [ -96.666459290134171, 16.836660379610553 ], [ -96.666550079811302, 16.836463079973864 ], [ -96.666666659276061, 16.836402540121163 ], [ -96.666710180194372, 16.836379919913242 ], [ -96.666927679903267, 16.836422050092153 ], [ -96.667174819670052, 16.836447540227027 ], [ -96.667295828772964, 16.836399260088626 ], [ -96.667309139266678, 16.836215020221807 ], [ -96.667381570136698, 16.836020850179658 ], [ -96.667672229606367, 16.835785650295467 ], [ -96.666459090445187, 16.834350059622405 ], [ -96.666539850227082, 16.834315350292123 ], [ -96.669337660218105, 16.834729479724043 ], [ -96.6695115193573, 16.83501103020842 ], [ -96.669652539828689, 16.835249969808196 ], [ -96.669667020309959, 16.835274479952279 ], [ -96.669667594818719, 16.835274172701691 ], [ -96.669764629777973, 16.835222290439614 ], [ -96.670380938638672, 16.835151969981425 ], [ -96.670220200278422, 16.835757889796358 ], [ -96.670220369529545, 16.83577697013056 ], [ -96.670221379889554, 16.8358993097991 ], [ -96.670222569633552, 16.836040710334178 ], [ -96.671865380456765, 16.838283889219781 ], [ -96.671868450240055, 16.83828808020429 ], [ -96.671965110263017, 16.838272769997861 ], [ -96.672081768868324, 16.83824686872968 ], [ -96.672446620108587, 16.838165860422446 ], [ -96.67259960037002, 16.837985780353009 ], [ -96.672961629741962, 16.837715769748037 ], [ -96.673429539618112, 16.837438570120554 ], [ -96.673839149078987, 16.837073310211771 ], [ -96.674143480130709, 16.836871509997472 ], [ -96.674324920340467, 16.836751179830959 ], [ -96.674603600224813, 16.836420349799067 ], [ -96.674968309896897, 16.83604771962699 ], [ -96.675183479722932, 16.835807459647654 ], [ -96.675183948818301, 16.83580652998555 ], [ -96.675184419786589, 16.835805600390387 ], [ -96.675292619578187, 16.835592349943816 ], [ -96.675311080435606, 16.83555988032051 ], [ -96.675327420158183, 16.83552633961266 ], [ -96.675341679617631, 16.835489719899915 ], [ -96.675358020458262, 16.835457219597412 ], [ -96.675379289610504, 16.835411480132542 ], [ -96.67539779977821, 16.83537491042517 ], [ -96.675415820162257, 16.835335259906028 ], [ -96.675438820058105, 16.835279340374726 ], [ -96.675454710093945, 16.835239659713185 ], [ -96.675470570371814, 16.83520306024538 ], [ -96.675488619626378, 16.835160350182768 ], [ -96.67551208018898, 16.835110550240216 ], [ -96.675525799985607, 16.835073940137242 ], [ -96.675544980268526, 16.835026120198464 ], [ -96.681671060202788, 16.836749519910846 ], [ -96.681671399577695, 16.836749619636272 ], [ -96.681671019996784, 16.836750709655639 ], [ -96.680852739721274, 16.839088369894913 ], [ -96.680852400232496, 16.839089319563634 ], [ -96.680852369737153, 16.839089429555084 ], [ -96.680852349682723, 16.8390905098472 ], [ -96.680852349880936, 16.839090650737695 ], [ -96.680852339583154, 16.839093059836223 ], [ -96.680834859475311, 16.842101650798682 ], [ -96.680824199982894, 16.843937510220648 ], [ -96.681187939863207, 16.844731909897611 ], [ -96.681335949633308, 16.845063980696853 ], [ -96.681542259902244, 16.845505691156625 ], [ -96.681828149510054, 16.84611651988374 ], [ -96.682260859131347, 16.847075000984834 ], [ -96.682489775744884, 16.847574906525111 ], [ -96.682749318973009, 16.848141690661354 ], [ -96.682737479954739, 16.848830249858871 ], [ -96.682734448660071, 16.84900599970295 ], [ -96.682733801512342, 16.849043691570749 ], [ -96.682731480161678, 16.84917895038544 ], [ -96.682677478673199, 16.852316830078216 ], [ -96.682677428686759, 16.852319880840312 ], [ -96.682677340340788, 16.852320421363352 ], [ -96.683381748911998, 16.854914649768524 ], [ -96.683356279239646, 16.855138311231883 ], [ -96.683285689713969, 16.856457139956582 ], [ -96.683285689714012, 16.856457139956607 ], [ -96.683285498434074, 16.856460714412986 ], [ -96.683227139656694, 16.857551259883142 ], [ -96.6832224495638, 16.857638890111048 ], [ -96.683222449563829, 16.857638890111087 ], [ -96.683195250033819, 16.858147200918129 ], [ -96.683162310333088, 16.858762460133665 ], [ -96.683157180356147, 16.858876046208799 ], [ -96.683157180356091, 16.858876046208838 ], [ -96.683156554437417, 16.858889910406987 ], [ -96.683155049170594, 16.858923220138916 ], [ -96.683096309892989, 16.860223579858875 ], [ -96.683096309898801, 16.860223579860246 ], [ -96.683096309858257, 16.860223580760717 ], [ -96.683122078802796, 16.860229549594241 ], [ -96.683122078802839, 16.860229549594202 ], [ -96.683122112034908, 16.860229557110294 ], [ -96.683122126223083, 16.860229560319198 ], [ -96.683122179228391, 16.860229572146604 ], [ -96.683121938600806, 16.860233140866445 ], [ -96.683121938600763, 16.86023314086647 ], [ -96.682921018903585, 16.863236180663435 ], [ -96.682921018903627, 16.863236180663485 ], [ -96.682833690060008, 16.864541200761298 ], [ -96.682511821565043, 16.871973708794489 ], [ -96.682511821565001, 16.871973708794513 ], [ -96.682482089826237, 16.872660231201809 ], [ -96.682246939454885, 16.87268788816721 ], [ -96.681302576461647, 16.872798954202494 ], [ -96.681173068664251, 16.872814185317122 ], [ -96.67892607676437, 16.873078425023902 ], [ -96.678926076764242, 16.873078425023849 ], [ -96.678745319338802, 16.873099680764081 ], [ -96.678723609440269, 16.873102233865986 ], [ -96.678723609440141, 16.873102233865829 ], [ -96.678674068698584, 16.873108058765659 ], [ -96.67864567433098, 16.873111398026541 ], [ -96.678645674330937, 16.873111398026477 ], [ -96.67725260772275, 16.87327520946307 ], [ -96.677252607722622, 16.873275209463159 ], [ -96.677198330027011, 16.873281591569359 ], [ -96.677198330026954, 16.873281591569501 ], [ -96.676824999763838, 16.873325489789032 ], [ -96.676824579915646, 16.873329249977029 ], [ -96.676823323155901, 16.873340434003278 ], [ -96.676803757535851, 16.87351452802303 ], [ -96.676263230007734, 16.878323979672857 ], [ -96.6724709399018, 16.884272479650306 ], [ -96.666984290392293, 16.893481549665381 ], [ -96.666583630254593, 16.89415402004207 ], [ -96.666436120288552, 16.89488989006945 ], [ -96.666087830434009, 16.89645546022367 ], [ -96.665886980214211, 16.897087479876483 ], [ -96.665886620276794, 16.897386349697175 ], [ -96.663357550111854, 16.908236029940472 ], [ -96.663357550111868, 16.908236029940522 ], [ -96.663178600014888, 16.908843430061555 ], [ -96.66192763961044, 16.915145440932285 ], [ -96.660757785743144, 16.916313340887996 ], [ -96.658333333116772, 16.916666666533466 ], [ -96.657690429369808, 16.914531792907955 ], [ -96.654809569905737, 16.910468207142124 ], [ -96.653523763311, 16.902031792932945 ], [ -96.650606282553852, 16.897916667020631 ], [ -96.654809569905737, 16.89198845750138 ], [ -96.653523763310986, 16.889531792957985 ], [ -96.64230956993066, 16.877134874175219 ], [ -96.641023763335994, 16.860365126049786 ], [ -96.638142903871895, 16.856301541183235 ], [ -96.636728583257522, 16.842438083550768 ], [ -96.629166667107953, 16.84166666668337 ], [ -96.625000000149868, 16.84166666668337 ], [ -96.624641926983315, 16.839209662196222 ], [ -96.619091118860055, 16.833686659311933 ], [ -96.61666666623367, 16.833333333666484 ], [ -96.617005541117678, 16.827011813761949 ] ] ] ] } },
{ "type": "Feature", "properties": { "HAS_WS": 10936.107, "ID_WS": "54", "S1_N": 1345, "S2_N": 1399, "S3_N": 1230, "S4_N": 1230, "S5_N": 1205, "S6_N": 1205, "S7_N": 1188, "S1_P": 35424, "S2_P": 33672, "S3_P": 32318, "S4_P": 28994, "S5_P": 28576, "S6_P": 28537, "S7_P": 28097, "SUM_NUTR": 0 }, "geometry": { "type": "MultiPolygon", "coordinates": [ [ [ [ -96.535535382851776, 17.104347241422587 ], [ -96.534610828873141, 17.105993860546661 ], [ -96.533837021773721, 17.106571073299051 ], [ -96.531350179159546, 17.108426049928855 ], [ -96.528583548852978, 17.10908833966316 ], [ -96.523281090429535, 17.113989050084246 ], [ -96.515676649923279, 17.10980863009344 ], [ -96.511463999650843, 17.104336340017699 ], [ -96.50666246024366, 17.102668249792622 ], [ -96.502774120231422, 17.105503940274048 ], [ -96.498716626977696, 17.108561564869927 ], [ -96.498686430161612, 17.108584319778313 ], [ -96.498569522417384, 17.108580529383786 ], [ -96.4985432698452, 17.108579677987457 ], [ -96.498484785951788, 17.108577781637532 ], [ -96.498484400253844, 17.108577769210115 ], [ -96.498453023870027, 17.108576751288499 ], [ -96.498421249591317, 17.108575720482584 ], [ -96.497906278785365, 17.108559019855587 ], [ -96.497874483837037, 17.108557989073649 ], [ -96.497813256015618, 17.108556002927937 ], [ -96.49781325601559, 17.108556002927884 ], [ -96.49777611579168, 17.10855479832162 ], [ -96.497733042831427, 17.108553400927153 ], [ -96.497733042831385, 17.108553400927129 ], [ -96.497689975501657, 17.10855200372804 ], [ -96.496334020378242, 17.10850801964418 ], [ -96.496334020378185, 17.108508019644141 ], [ -96.496018940049112, 17.108578260108509 ], [ -96.495792122593357, 17.10874367975099 ], [ -96.495764326495589, 17.108763952014371 ], [ -96.495384032292648, 17.109041302310004 ], [ -96.495330637844489, 17.109080242663765 ], [ -96.495330637844447, 17.109080242663712 ], [ -96.495248776398, 17.109139944559583 ], [ -96.495248776397958, 17.109139944559558 ], [ -96.495145299239894, 17.109215410177381 ], [ -96.495066034342884, 17.109273218163704 ], [ -96.495066034342855, 17.109273218163679 ], [ -96.494595563540429, 17.109616329195308 ], [ -96.494225010865947, 17.109886568688545 ], [ -96.494188813389997, 17.109912967636312 ], [ -96.494156508620804, 17.109936526678911 ], [ -96.494156378928452, 17.109936621284433 ], [ -96.494123572807823, 17.109960545832347 ], [ -96.494085223783131, 17.109988513452059 ], [ -96.494085223783159, 17.109988513452134 ], [ -96.49408370330643, 17.109989622028493 ], [ -96.494046658913533, 17.110016638449792 ], [ -96.494008099838069, 17.110044759135494 ], [ -96.494008099838013, 17.110044759135469 ], [ -96.493793339864951, 17.11020137972055 ], [ -96.49334688739539, 17.110639601922628 ], [ -96.4932453495191, 17.110739267815188 ], [ -96.493245349519142, 17.110739267815237 ], [ -96.492764693357074, 17.111211057235948 ], [ -96.492758312774498, 17.111217320193319 ], [ -96.492742421001751, 17.111232918346129 ], [ -96.492731918094947, 17.111243227126682 ], [ -96.492705516549165, 17.111269141031983 ], [ -96.492652896275914, 17.111320790349833 ], [ -96.492426489637069, 17.111543019621639 ], [ -96.492426489637111, 17.111543019621688 ], [ -96.492359900659849, 17.111607659782443 ], [ -96.492346804967767, 17.11162037210638 ], [ -96.492341548502807, 17.111625474797087 ], [ -96.492341548502765, 17.111625474797101 ], [ -96.492333179418935, 17.111633598880122 ], [ -96.492312989418338, 17.111653197465269 ], [ -96.492284429348118, 17.111680920997014 ], [ -96.492277852157159, 17.111687305891348 ], [ -96.492262607728819, 17.111702103845069 ], [ -96.491800986351592, 17.112150209950396 ], [ -96.49180098635162, 17.112150209950421 ], [ -96.491693161983207, 17.112254877412408 ], [ -96.491693161983179, 17.112254877412422 ], [ -96.491541518792317, 17.112402080093911 ], [ -96.491130151082643, 17.112801399465322 ], [ -96.491130151082601, 17.112801399465322 ], [ -96.491038969371175, 17.112889909883805 ], [ -96.491013390433565, 17.112914739848875 ], [ -96.490983889379493, 17.112943376318242 ], [ -96.490689180141857, 17.113229450129506 ], [ -96.490460708266326, 17.113183522101274 ], [ -96.490460708266284, 17.113183522101323 ], [ -96.489782122746192, 17.113047108837137 ], [ -96.489782122746163, 17.113047108837161 ], [ -96.489679069587666, 17.113026392295758 ], [ -96.488420859698479, 17.112773450330096 ], [ -96.481631260095909, 17.113246969618249 ], [ -96.479919820281879, 17.11103377999023 ], [ -96.473832509810862, 17.111787460223088 ], [ -96.471081980396178, 17.109617630324447 ], [ -96.47010137020618, 17.109687139623382 ], [ -96.469260920099345, 17.108082149811732 ], [ -96.467788279816816, 17.107247629827516 ], [ -96.467158280286455, 17.106969620145797 ], [ -96.46663790725151, 17.106779565965411 ], [ -96.466313340888007, 17.089242214456686 ], [ -96.462146673929809, 17.085046386981265 ], [ -96.462853326120111, 17.076742214481687 ], [ -96.466313340887993, 17.073257785818232 ], [ -96.466666666533413, 17.062500000174936 ], [ -96.469206933062608, 17.062416638527967 ], [ -96.477424452176763, 17.062146674529462 ], [ -96.480908881739481, 17.058686658862268 ], [ -96.485757785193613, 17.057980007571366 ], [ -96.491311645615895, 17.052453613343658 ], [ -96.492019992128959, 17.039242214556634 ], [ -96.505879042184034, 17.025357733472681 ], [ -96.510757785143696, 17.024646674604437 ], [ -96.514242214706456, 17.021186658937186 ], [ -96.519091119059823, 17.020480007646384 ], [ -96.528063127939092, 17.011526780230302 ], [ -96.530908881639562, 17.008686658962173 ], [ -96.535757785093665, 17.007980007671268 ], [ -96.543408881614582, 17.000353325945341 ], [ -96.552424452026827, 16.999646674654375 ], [ -96.555908881589559, 16.996186658987195 ], [ -96.579066245165876, 16.995888640378372 ], [ -96.583333333266694, 16.995833333341711 ], [ -96.599221123456104, 16.996531168578592 ], [ -96.600000000199813, 17.004166666358639 ], [ -96.600004144804927, 17.004195106277521 ], [ -96.599899979588457, 17.004406971801945 ], [ -96.599899980395705, 17.004406974311571 ], [ -96.600004144985334, 17.004195107515468 ], [ -96.600057385912635, 17.004560441197953 ], [ -96.600108210350527, 17.00490919158926 ], [ -96.600353325845262, 17.006591118985074 ], [ -96.60130067986745, 17.007543223470474 ], [ -96.60587972007302, 17.012144978508008 ], [ -96.612500000174833, 17.01250000027483 ], [ -96.612356049814196, 17.013974745915146 ], [ -96.611782836708528, 17.019846937086562 ], [ -96.608336931806122, 17.020832165225411 ], [ -96.606173027663061, 17.021450806009945 ], [ -96.596939764658373, 17.029463365242151 ], [ -96.594906955091844, 17.036573622075021 ], [ -96.589506361629262, 17.038117472043702 ], [ -96.585493638820381, 17.041049194464758 ], [ -96.585014443941475, 17.041118940713371 ], [ -96.574732462732953, 17.042615085018188 ], [ -96.578605143112895, 17.047916666720806 ], [ -96.575617472068615, 17.052006361604395 ], [ -96.574073622099959, 17.057406955067069 ], [ -96.568673027738001, 17.058950805935051 ], [ -96.564660305828454, 17.061882527456739 ], [ -96.560339694721137, 17.063117471993799 ], [ -96.546568128915993, 17.075804646967004 ], [ -96.545215860623443, 17.089660305678656 ], [ -96.542284139101668, 17.093673027588196 ], [ -96.542031353343901, 17.09455745093608 ], [ -96.540010229664375, 17.097112820093347 ], [ -96.537828339459878, 17.100263341069052 ], [ -96.535535382851776, 17.104347241422587 ] ] ] ] } },
{ "type": "Feature", "properties": { "HAS_WS": 2087.523, "ID_WS": "55", "S1_N": 275, "S2_N": 282, "S3_N": 267, "S4_N": 267, "S5_N": 266, "S6_N": 265, "S7_N": 265, "S1_P": 5718, "S2_P": 6655, "S3_P": 8134, "S4_P": 5950, "S5_P": 5940, "S6_P": 5894, "S7_P": 5894, "SUM_NUTR": 0 }, "geometry": { "type": "MultiPolygon", "coordinates": [ [ [ [ -96.66227987933317, 17.003202445246732 ], [ -96.662290149881258, 17.003229350471905 ], [ -96.662859658974654, 17.005322321239095 ], [ -96.664538338929702, 17.006915080412973 ], [ -96.664530237288091, 17.006932137997374 ], [ -96.663260229651215, 17.009606020997335 ], [ -96.663260229651257, 17.009606020997349 ], [ -96.66246107873485, 17.010856103503272 ], [ -96.6615030298736, 17.012354712538748 ], [ -96.660075548347891, 17.012146674629403 ], [ -96.654870310223217, 17.006958140655598 ], [ -96.65208401166781, 17.004180568978207 ], [ -96.648655292704277, 17.007585496147385 ], [ -96.647546386956151, 17.008686658962159 ], [ -96.642813564437049, 17.008283972494343 ], [ -96.639242214456601, 17.007980007671257 ], [ -96.630882432378357, 16.999646674654375 ], [ -96.625120444726718, 17.000136886119432 ], [ -96.622575547523496, 17.000353325945355 ], [ -96.620837447850988, 17.00208597857463 ], [ -96.614924451901942, 17.007980007671332 ], [ -96.61342470730375, 17.008198576658327 ], [ -96.612500000174833, 17.008333333316749 ], [ -96.612500000174791, 17.011018328542669 ], [ -96.612500000174833, 17.01250000027483 ], [ -96.60587972007302, 17.012144978508008 ], [ -96.60130067986745, 17.007543223470474 ], [ -96.600353325845262, 17.006591118985074 ], [ -96.600108210350527, 17.00490919158926 ], [ -96.600057385912635, 17.004560441197953 ], [ -96.600004144985334, 17.004195107515468 ], [ -96.600069798590653, 17.004061570261278 ], [ -96.600004144804927, 17.004195106277521 ], [ -96.600000000199813, 17.004166666358639 ], [ -96.599221123456104, 16.996531168578592 ], [ -96.583333333266694, 16.995833333341711 ], [ -96.584363470697539, 16.992411635088967 ], [ -96.599228583332462, 16.990895250415566 ], [ -96.599622377347202, 16.987035122729889 ], [ -96.599977160169985, 16.983557236258129 ], [ -96.600000000199856, 16.983333333366716 ], [ -96.600052702147863, 16.98333333409408 ], [ -96.601670203289174, 16.983333347354868 ], [ -96.602341591214369, 16.983333347703706 ], [ -96.604166666258621, 16.983333333366716 ], [ -96.604166666258649, 16.979166666408616 ], [ -96.607378199900126, 16.979107400697696 ], [ -96.62325778581814, 16.978813340763107 ], [ -96.626742214481553, 16.975353325995204 ], [ -96.627598505405871, 16.975324297958203 ], [ -96.647546386956137, 16.974646674704388 ], [ -96.650728118243364, 16.9778063235768 ], [ -96.651131960707218, 16.978207349339758 ], [ -96.654429344167497, 16.984066833039833 ], [ -96.655606489959567, 16.986158510203015 ], [ -96.656101628880691, 16.987350610734726 ], [ -96.657676199889664, 16.991141430476173 ], [ -96.658615399833536, 16.993602167666616 ], [ -96.658874057827745, 16.994279846306096 ], [ -96.66227987933317, 17.003202445246732 ] ] ] ] } },
{ "type": "Feature", "properties": { "HAS_WS": 9951.106, "ID_WS": "56", "S1_N": 1389, "S2_N": 1328, "S3_N": 1322, "S4_N": 1322, "S5_N": 1312, "S6_N": 1359, "S7_N": 1342, "S1_P": 35617, "S2_P": 33202, "S3_P": 34718, "S4_P": 33266, "S5_P": 33065, "S6_P": 32783, "S7_P": 32412, "SUM_NUTR": 0 }, "geometry": { "type": "MultiPolygon", "coordinates": [ [ [ [ -96.567620044062792, 16.94421377976229 ], [ -96.570474546188009, 16.947503225889118 ], [ -96.570976359447329, 16.948081481279516 ], [ -96.574382527531668, 16.952006360904853 ], [ -96.575617472068629, 16.956326972012267 ], [ -96.578549194489696, 16.960339694821087 ], [ -96.579960801849481, 16.97003919785071 ], [ -96.589660305778452, 16.971450806109893 ], [ -96.594527525469317, 16.975674717187111 ], [ -96.59889356788382, 16.979463365342109 ], [ -96.600000000199856, 16.983333333366716 ], [ -96.599977160169985, 16.983557236258129 ], [ -96.599622377347202, 16.987035122729889 ], [ -96.599228583332462, 16.990895250415566 ], [ -96.584363470697539, 16.992411635088967 ], [ -96.583333333266694, 16.995833333341711 ], [ -96.579066245165876, 16.995888640378372 ], [ -96.555908881589559, 16.996186658987195 ], [ -96.552424452026827, 16.999646674654375 ], [ -96.543408881614582, 17.000353325945341 ], [ -96.535757785093665, 17.007980007671268 ], [ -96.530908881639562, 17.008686658962173 ], [ -96.528063127939092, 17.011526780230302 ], [ -96.519091119059823, 17.020480007646384 ], [ -96.514242214706456, 17.021186658937186 ], [ -96.510757785143696, 17.024646674604437 ], [ -96.505879042184034, 17.025357733472681 ], [ -96.492019992128959, 17.039242214556634 ], [ -96.491311645615895, 17.052453613343658 ], [ -96.485757785193613, 17.057980007571366 ], [ -96.480908881739481, 17.058686658862268 ], [ -96.477424452176763, 17.062146674529462 ], [ -96.469206933062608, 17.062416638527967 ], [ -96.466666666533413, 17.062500000174936 ], [ -96.466099378683396, 17.051956176736205 ], [ -96.462513224106004, 17.047329033508156 ], [ -96.462874456928617, 17.04702780171327 ], [ -96.468622843069767, 17.042233954133774 ], [ -96.471543986483979, 17.041484304658074 ], [ -96.473043823013981, 17.041099378433671 ], [ -96.485289510002843, 17.029733954158733 ], [ -96.491005452539625, 17.028267076264598 ], [ -96.492233954333514, 17.014456176811212 ], [ -96.51193271252464, 16.993877156805421 ], [ -96.512232473864557, 16.991608343225124 ], [ -96.513067288224789, 16.985289509903048 ], [ -96.516099378583448, 16.981377156830398 ], [ -96.51723395428354, 16.976956176886137 ], [ -96.518820386286023, 16.974909211103697 ], [ -96.520266045541533, 16.97304382291416 ], [ -96.520683155602526, 16.971418544736487 ], [ -96.521400621241639, 16.968622843869184 ], [ -96.524432712499703, 16.964710489897247 ], [ -96.525000000349678, 16.962500000374735 ], [ -96.525000000349706, 16.958333333416657 ], [ -96.525353325995212, 16.955908881689627 ], [ -96.529519992053935, 16.951713053314759 ], [ -96.529333791692522, 16.931965357415606 ], [ -96.528813340762994, 16.876742214881332 ], [ -96.523987812174511, 16.871901369724057 ], [ -96.521431509689208, 16.869336770364324 ], [ -96.52118665903707, 16.869091118360437 ], [ -96.520833333391593, 16.866666666633424 ], [ -96.523257785118631, 16.866313340987983 ], [ -96.535075547698384, 16.854519992303796 ], [ -96.53992445205175, 16.853813341013005 ], [ -96.543408881614582, 16.850353325345701 ], [ -96.550000000299789, 16.849999999700358 ], [ -96.550617472118603, 16.852160305254017 ], [ -96.553549194539642, 16.856173028062905 ], [ -96.554784139076702, 16.860493639170208 ], [ -96.574452039729849, 16.881246608744103 ], [ -96.567284139051779, 16.889506361029767 ], [ -96.566273944244202, 16.932779282116748 ], [ -96.56604919451469, 16.942403496324349 ], [ -96.567620044062792, 16.94421377976229 ] ] ] ] } },
{ "type": "Feature", "properties": { "HAS_WS": 13800.678, "ID_WS": "57", "S1_N": 1784, "S2_N": 1756, "S3_N": 1859, "S4_N": 1859, "S5_N": 1852, "S6_N": 2050, "S7_N": 2015, "S1_P": 49491, "S2_P": 49260, "S3_P": 53281, "S4_P": 48335, "S5_P": 48075, "S6_P": 50859, "S7_P": 49960, "SUM_NUTR": 0 }, "geometry": { "type": "MultiPolygon", "coordinates": [ [ [ [ -96.658333333116772, 16.916666666533466 ], [ -96.660757785743144, 16.916313340887996 ], [ -96.66192763961044, 16.915145440932285 ], [ -96.661733539648623, 16.916123219862047 ], [ -96.661537508710978, 16.920093220870484 ], [ -96.661278910263206, 16.923501690103667 ], [ -96.658473370181582, 16.92625534995463 ], [ -96.658767509047038, 16.929718981033837 ], [ -96.658767509046996, 16.929718981033872 ], [ -96.660241199076296, 16.947070490221254 ], [ -96.659853093991302, 16.949432476882652 ], [ -96.658650888706475, 16.956748579996543 ], [ -96.659296678984887, 16.960682170295808 ], [ -96.659153719528973, 16.963614150262192 ], [ -96.659156668318388, 16.963768932634803 ], [ -96.659217850417605, 16.966980321324002 ], [ -96.659873769135842, 16.969910059853731 ], [ -96.658027602540059, 16.972650591969039 ], [ -96.656855917179186, 16.974389832931855 ], [ -96.654895658786316, 16.977299519711043 ], [ -96.654430009406951, 16.97735966965789 ], [ -96.650910740334155, 16.977814220356585 ], [ -96.651131960707218, 16.978207349339758 ], [ -96.650728118243364, 16.9778063235768 ], [ -96.647546386956137, 16.974646674704388 ], [ -96.627598505405871, 16.975324297958203 ], [ -96.626742214481553, 16.975353325995204 ], [ -96.62325778581814, 16.978813340763107 ], [ -96.607378199900126, 16.979107400697696 ], [ -96.604166666258649, 16.979166666408616 ], [ -96.604166666258621, 16.983333333366716 ], [ -96.602341591214369, 16.983333347703706 ], [ -96.601670203289174, 16.983333347354868 ], [ -96.600052702147863, 16.98333333409408 ], [ -96.600000000199856, 16.983333333366716 ], [ -96.59889356788382, 16.979463365342109 ], [ -96.594527525469317, 16.975674717187111 ], [ -96.589660305778452, 16.971450806109893 ], [ -96.579960801849481, 16.97003919785071 ], [ -96.578549194489696, 16.960339694821087 ], [ -96.575617472068629, 16.956326972012267 ], [ -96.574382527531668, 16.952006360904853 ], [ -96.570976359447329, 16.948081481279516 ], [ -96.570474546188009, 16.947503225889118 ], [ -96.567620044062792, 16.94421377976229 ], [ -96.56604919451469, 16.942403496324349 ], [ -96.566273944244202, 16.932779282116748 ], [ -96.567284139051779, 16.889506361029767 ], [ -96.574452039729849, 16.881246608744103 ], [ -96.554784139076702, 16.860493639170208 ], [ -96.553549194539642, 16.856173028062905 ], [ -96.550617472118603, 16.852160305254017 ], [ -96.550000000299789, 16.849999999700358 ], [ -96.55221048982223, 16.849432711850241 ], [ -96.556122843794157, 16.846400621491526 ], [ -96.557453174394226, 16.846059285167716 ], [ -96.561649238021857, 16.844982571388563 ], [ -96.561989262645199, 16.843657319097776 ], [ -96.562500000274824, 16.84166666668337 ], [ -96.57252031943132, 16.841514886370494 ], [ -96.581350045961599, 16.841380581224765 ], [ -96.58575778499376, 16.841313341037939 ], [ -96.589242214556549, 16.837853325370723 ], [ -96.594091118910015, 16.83714667407979 ], [ -96.596829906144805, 16.834427095879672 ], [ -96.597575547573456, 16.833686659311919 ], [ -96.599679184395512, 16.83338008985481 ], [ -96.600000000199827, 16.833333333666548 ], [ -96.61666666623367, 16.833333333666484 ], [ -96.619091118860055, 16.833686659311933 ], [ -96.624641926983315, 16.839209662196222 ], [ -96.625000000149868, 16.84166666668337 ], [ -96.629166667107953, 16.84166666668337 ], [ -96.636728583257522, 16.842438083550768 ], [ -96.638142903871895, 16.856301541183235 ], [ -96.641023763335994, 16.860365126049786 ], [ -96.64230956993066, 16.877134874175219 ], [ -96.653523763310986, 16.889531792957985 ], [ -96.654809569905737, 16.89198845750138 ], [ -96.650606282553852, 16.897916667020631 ], [ -96.653523763311, 16.902031792932945 ], [ -96.654809569905737, 16.910468207142124 ], [ -96.657690429369808, 16.914531792907955 ], [ -96.658333333116772, 16.916666666533466 ] ] ] ] } },
{ "type": "Feature", "properties": { "HAS_WS": 18227.696, "ID_WS": "58", "S1_N": 2532, "S2_N": 3432, "S3_N": 3439, "S4_N": 3439, "S5_N": 2593, "S6_N": 2040, "S7_N": 1778, "S1_P": 87416, "S2_P": 96621, "S3_P": 94170, "S4_P": 93102, "S5_P": 78136, "S6_P": 55379, "S7_P": 47504, "SUM_NUTR": 0 }, "geometry": { "type": "MultiPolygon", "coordinates": [ [ [ [ -96.462248180288327, 17.108726357885828 ], [ -96.462331749620361, 17.109071710355622 ], [ -96.462071250196445, 17.110397719821425 ], [ -96.460609579968519, 17.112003110265935 ], [ -96.459155460446979, 17.11239243039654 ], [ -96.459150052066846, 17.112938165571059 ], [ -96.459150052066818, 17.112938165571098 ], [ -96.459148830393673, 17.113061460163944 ], [ -96.459133404638138, 17.113083665898269 ], [ -96.45884989058824, 17.113491785558949 ], [ -96.458849890588198, 17.113491785558949 ], [ -96.458725425473702, 17.113670952507285 ], [ -96.458707169982205, 17.113697230433463 ], [ -96.458690349704298, 17.113715880112657 ], [ -96.45770685007264, 17.114806340023179 ], [ -96.457548515355754, 17.114891748024796 ], [ -96.457548515355725, 17.114891748024846 ], [ -96.457187955687601, 17.115086238267072 ], [ -96.456496571619454, 17.115459174320737 ], [ -96.456496571619411, 17.115459174320712 ], [ -96.456093276466589, 17.115676710997846 ], [ -96.456083668168247, 17.115681893734862 ], [ -96.456060530634829, 17.115694374234423 ], [ -96.456060530634801, 17.115694374234383 ], [ -96.455903932448209, 17.115778843174859 ], [ -96.455783100906174, 17.115844018972638 ], [ -96.45570822936304, 17.115884404603129 ], [ -96.455519183554401, 17.115986373948171 ], [ -96.455519183554358, 17.115986373948161 ], [ -96.455476914736607, 17.116009173250973 ], [ -96.455467860639914, 17.11601405668587 ], [ -96.455442482037583, 17.116027745918512 ], [ -96.455417481867912, 17.116041231451344 ], [ -96.455411569720923, 17.116044419994608 ], [ -96.455396565857825, 17.116059874915742 ], [ -96.455377971034366, 17.116079029411516 ], [ -96.455333511267526, 17.116124827340194 ], [ -96.455254881230275, 17.116205822437092 ], [ -96.455254881230303, 17.116205822437117 ], [ -96.455091494711326, 17.116374125048377 ], [ -96.455084274611252, 17.1163815616259 ], [ -96.454946019524854, 17.116523975074088 ], [ -96.454946019524897, 17.116523975074127 ], [ -96.454887479951964, 17.116584275433478 ], [ -96.454887479951921, 17.116584275433478 ], [ -96.454689900456685, 17.116787796631662 ], [ -96.454622279818778, 17.11685745041558 ], [ -96.454622279818807, 17.116857450415619 ], [ -96.454620903969328, 17.116858670646554 ], [ -96.454620862923448, 17.116858707049861 ], [ -96.45453687660185, 17.116933208965889 ], [ -96.454389476279246, 17.117063963467508 ], [ -96.454387537906783, 17.117065682938339 ], [ -96.45438753790674, 17.117065682938314 ], [ -96.454365263993651, 17.117085440552174 ], [ -96.454365263993608, 17.117085440552145 ], [ -96.454337525081968, 17.117110046987662 ], [ -96.454320969437788, 17.117124732964889 ], [ -96.45429789246333, 17.117145204374395 ], [ -96.454276436113588, 17.117164236968513 ], [ -96.454276436113545, 17.117164236968488 ], [ -96.45395491040469, 17.117449450153263 ], [ -96.453747876567036, 17.117574826273422 ], [ -96.453747876566993, 17.117574826273383 ], [ -96.453727299041972, 17.117587287861401 ], [ -96.453706811099707, 17.117599694948229 ], [ -96.453664135153787, 17.117625539242237 ], [ -96.453640289509849, 17.117639980142378 ], [ -96.453640289509792, 17.117639980142329 ], [ -96.453616442922666, 17.117654421004126 ], [ -96.453616442922623, 17.117654421004058 ], [ -96.452929582105526, 17.118070370051424 ], [ -96.452904931106886, 17.11808529775449 ], [ -96.452859352771171, 17.118112898924537 ], [ -96.452846190714979, 17.118120869748356 ], [ -96.452822323712127, 17.11813532329656 ], [ -96.45282232371207, 17.118135323296471 ], [ -96.452798454791434, 17.118149777673665 ], [ -96.452798454791392, 17.11814977767364 ], [ -96.451986557882378, 17.118641437305669 ], [ -96.451961813229332, 17.118656421933004 ], [ -96.451961813229289, 17.118656421932954 ], [ -96.451923761919687, 17.118679465002568 ], [ -96.451894911153019, 17.118696935377333 ], [ -96.451870984249751, 17.118711424518487 ], [ -96.451847018828076, 17.118725936620645 ], [ -96.451847018828033, 17.118725936620596 ], [ -96.4510714415661, 17.119195595057093 ], [ -96.451032133950164, 17.119219398104658 ], [ -96.451005021525077, 17.119235816161428 ], [ -96.450974349082628, 17.119254389670619 ], [ -96.450950244757792, 17.119268985938227 ], [ -96.450925943924673, 17.119283701394899 ], [ -96.450925943924631, 17.119283701394874 ], [ -96.450052423348893, 17.119812660350185 ], [ -96.450013803111432, 17.119836046887634 ], [ -96.44998636681035, 17.119852660562294 ], [ -96.449963252488686, 17.11986665649675 ], [ -96.449929854795144, 17.119886880488437 ], [ -96.44990453176743, 17.119902214681233 ], [ -96.449901220205462, 17.119904220328308 ], [ -96.449877143639753, 17.119906685436714 ], [ -96.449861906011051, 17.119908245267187 ], [ -96.449861906011009, 17.119908245267151 ], [ -96.449618261478577, 17.119933186523422 ], [ -96.449618261478534, 17.119933186523461 ], [ -96.449486782597958, 17.119946645668868 ], [ -96.449486782597901, 17.119946645668804 ], [ -96.449382931112751, 17.119957276698255 ], [ -96.449034837564056, 17.11999290885494 ], [ -96.448914081934106, 17.120005269484054 ], [ -96.448914081934063, 17.120005269484118 ], [ -96.448909007120406, 17.120005788956597 ], [ -96.448909007120363, 17.120005788956568 ], [ -96.448425991887163, 17.120055230761622 ], [ -96.448404613101673, 17.120057419288479 ], [ -96.448377249862304, 17.120060219899162 ], [ -96.448370684799556, 17.120066544760473 ], [ -96.448367664783973, 17.1200694540127 ], [ -96.448316729246315, 17.120118523896707 ], [ -96.448316666578123, 17.120118584269488 ], [ -96.448161444538201, 17.120268122161335 ], [ -96.448117338767915, 17.120310612597031 ], [ -96.447949498494154, 17.120472304045723 ], [ -96.447888233355911, 17.120531326045057 ], [ -96.447847030130617, 17.120571020277517 ], [ -96.447830563977078, 17.120568968448069 ], [ -96.44780262015054, 17.120565486120981 ], [ -96.447245519554059, 17.120496060046214 ], [ -96.447179285202893, 17.120533189800415 ], [ -96.446467230038436, 17.120932339837605 ], [ -96.445844200235797, 17.121752539589433 ], [ -96.445802150351511, 17.122255049847794 ], [ -96.445631438392581, 17.122716215240423 ], [ -96.444091118310467, 17.121186658737368 ], [ -96.439209662096147, 17.12047526082463 ], [ -96.433686659211887, 17.114924451802036 ], [ -96.432977972755239, 17.105880398061981 ], [ -96.423257785318555, 17.0961866587873 ], [ -96.410075547948196, 17.095480007496441 ], [ -96.402424452326542, 17.087853325770489 ], [ -96.397542996112378, 17.087141926958417 ], [ -96.392019992328741, 17.081591118835124 ], [ -96.391313341037815, 17.076742214481687 ], [ -96.387853325370685, 17.073257785818267 ], [ -96.387146674079759, 17.060075547548585 ], [ -96.375353325395665, 17.048257784968801 ], [ -96.374646674104653, 17.043408881514733 ], [ -96.371186659336828, 17.039924451951972 ], [ -96.370480007146597, 17.035075547598471 ], [ -96.367019992378673, 17.031591118935072 ], [ -96.366666666733281, 17.000000000299863 ], [ -96.367233954583298, 16.997789509878025 ], [ -96.378599378858269, 16.985543822889191 ], [ -96.380017428961125, 16.980017428661455 ], [ -96.387103949987235, 16.97819892034402 ], [ -96.391099378833232, 16.973043822914189 ], [ -96.392545341488969, 16.96740978709305 ], [ -96.39263441274791, 16.967062717070821 ], [ -96.39419331416768, 16.965854539504281 ], [ -96.397789510177674, 16.96306728822486 ], [ -96.402210490121988, 16.961932712524717 ], [ -96.410289510152722, 16.954733954308626 ], [ -96.412519144469456, 16.954535645917826 ], [ -96.416666666633333, 16.954166666458555 ], [ -96.427424452276654, 16.954519992104004 ], [ -96.435075547898165, 16.962146673830024 ], [ -96.441168685913411, 16.962319471966495 ], [ -96.442735550213087, 16.962363867069961 ], [ -96.460049099686159, 16.962853326020266 ], [ -96.468408880865169, 16.954519992103979 ], [ -96.47325778521855, 16.953813340813152 ], [ -96.476742214781311, 16.950353326045249 ], [ -96.480879720322775, 16.949646673854936 ], [ -96.485075547798317, 16.953813340813152 ], [ -96.489924452151726, 16.954519992104043 ], [ -96.497575547773351, 16.962146673829949 ], [ -96.502424452126746, 16.962853326020266 ], [ -96.505908881689493, 16.966313340788098 ], [ -96.50833333341653, 16.966666666433603 ], [ -96.515928089098495, 16.966417307204019 ], [ -96.519091119059865, 16.966313340788123 ], [ -96.522575547723321, 16.96285332602028 ], [ -96.525000000349678, 16.962500000374735 ], [ -96.524432712499703, 16.964710489897247 ], [ -96.521400621241639, 16.968622843869184 ], [ -96.520683155602526, 16.971418544736487 ], [ -96.520266045541533, 16.97304382291416 ], [ -96.518820386286023, 16.974909211103697 ], [ -96.51723395428354, 16.976956176886137 ], [ -96.516099378583448, 16.981377156830398 ], [ -96.513067288224789, 16.985289509903048 ], [ -96.512232473864557, 16.991608343225124 ], [ -96.51193271252464, 16.993877156805421 ], [ -96.492233954333514, 17.014456176811212 ], [ -96.491005452539625, 17.028267076264598 ], [ -96.485289510002843, 17.029733954158733 ], [ -96.473043823013981, 17.041099378433671 ], [ -96.471543986483979, 17.041484304658074 ], [ -96.468622843069767, 17.042233954133774 ], [ -96.462874456928617, 17.04702780171327 ], [ -96.462513224106004, 17.047329033508156 ], [ -96.466099378683396, 17.051956176736205 ], [ -96.466666666533413, 17.062500000174936 ], [ -96.466313340887993, 17.073257785818232 ], [ -96.462853326120111, 17.076742214481687 ], [ -96.462146673929809, 17.085046386981265 ], [ -96.466313340888007, 17.089242214456686 ], [ -96.46663790725151, 17.106779565965411 ], [ -96.464680860293583, 17.106064779602438 ], [ -96.462978480071939, 17.107136600397247 ], [ -96.462845139806831, 17.10768734040472 ], [ -96.462157829662218, 17.108352979784453 ], [ -96.462248180288327, 17.108726357885828 ] ] ] ] } },
{ "type": "Feature", "properties": { "HAS_WS": 12887.548, "ID_WS": "59", "S1_N": 2601, "S2_N": 2254, "S3_N": 2196, "S4_N": 2196, "S5_N": 2349, "S6_N": 2376, "S7_N": 2256, "S1_P": 64729, "S2_P": 55696, "S3_P": 55874, "S4_P": 54133, "S5_P": 57186, "S6_P": 53683, "S7_P": 50299, "SUM_NUTR": 0 }, "geometry": { "type": "MultiPolygon", "coordinates": [ [ [ [ -96.529333791692522, 16.931965357415606 ], [ -96.529519992053935, 16.951713053314759 ], [ -96.525353325995212, 16.955908881689627 ], [ -96.525000000349706, 16.958333333416657 ], [ -96.525000000349678, 16.962500000374735 ], [ -96.522575547723321, 16.96285332602028 ], [ -96.519091119059865, 16.966313340788123 ], [ -96.515928089098495, 16.966417307204019 ], [ -96.50833333341653, 16.966666666433603 ], [ -96.505908881689493, 16.966313340788098 ], [ -96.502424452126746, 16.962853326020266 ], [ -96.497575547773351, 16.962146673829949 ], [ -96.489924452151726, 16.954519992104043 ], [ -96.485075547798317, 16.953813340813152 ], [ -96.480879720322775, 16.949646673854936 ], [ -96.476742214781311, 16.950353326045249 ], [ -96.47325778521855, 16.953813340813152 ], [ -96.468408880865169, 16.954519992103979 ], [ -96.460049099686159, 16.962853326020266 ], [ -96.442735550213087, 16.962363867069961 ], [ -96.441168685913411, 16.962319471966495 ], [ -96.435075547898165, 16.962146673830024 ], [ -96.427424452276654, 16.954519992104004 ], [ -96.416666666633333, 16.954166666458555 ], [ -96.416313340987841, 16.951742214731532 ], [ -96.414301547714032, 16.949716254663947 ], [ -96.412853325320697, 16.948257785168714 ], [ -96.412146674029799, 16.939242214756515 ], [ -96.407980007970934, 16.935046386381703 ], [ -96.408692423916236, 16.93087531184625 ], [ -96.412615133393885, 16.926972316991712 ], [ -96.414242214906281, 16.925353326095184 ], [ -96.419251810571581, 16.925084806133345 ], [ -96.42083333359146, 16.924999999550401 ], [ -96.420833333591432, 16.921198238054171 ], [ -96.420833333591446, 16.920833333491625 ], [ -96.421108033023771, 16.918948405306502 ], [ -96.421186659236909, 16.918408880865247 ], [ -96.424985418941901, 16.914583333054491 ], [ -96.42374143089377, 16.913330677277337 ], [ -96.420480007945983, 16.910046386431663 ], [ -96.421187337325719, 16.876715426775533 ], [ -96.423571521812889, 16.87433781382309 ], [ -96.430908880940066, 16.86701999227887 ], [ -96.435790337154287, 16.86630859346689 ], [ -96.441313340937867, 16.860757785343633 ], [ -96.442019992228879, 16.85590888099015 ], [ -96.45381334091293, 16.844091118410464 ], [ -96.454101536897994, 16.842113579346652 ], [ -96.454166666558351, 16.841666666683409 ], [ -96.456377156980153, 16.842233954533423 ], [ -96.458716881846158, 16.84404739227849 ], [ -96.461532253510654, 16.846229383379473 ], [ -96.463350761828195, 16.853315904405555 ], [ -96.468877156955188, 16.854733954508429 ], [ -96.472789510027837, 16.857766045766475 ], [ -96.477210489972066, 16.858900621466582 ], [ -96.481122843044744, 16.861932711825258 ], [ -96.484079996494629, 16.863067287525364 ], [ -96.484954433652035, 16.862389606308177 ], [ -96.489456176961028, 16.858900621466553 ], [ -96.489629403298252, 16.858838185244046 ], [ -96.492382303366782, 16.857845919805989 ], [ -96.49260389495376, 16.857766045766422 ], [ -96.492672753609625, 16.857827407482819 ], [ -96.499518168327484, 16.863927136744611 ], [ -96.501956176935991, 16.866099378783385 ], [ -96.513899327437883, 16.866458567461407 ], [ -96.518719631438842, 16.866603265755391 ], [ -96.520833333391593, 16.866666666633424 ], [ -96.52118665903707, 16.869091118360437 ], [ -96.521431509689208, 16.869336770364324 ], [ -96.523987812174511, 16.871901369724057 ], [ -96.528813340762994, 16.876742214881332 ], [ -96.529333791692522, 16.931965357415606 ] ] ] ] } },
{ "type": "Feature", "properties": { "HAS_WS": 21790.049, "ID_WS": "60", "S1_N": 2173, "S2_N": 2339, "S3_N": 2463, "S4_N": 2463, "S5_N": 2543, "S6_N": 2887, "S7_N": 2633, "S1_P": 63791, "S2_P": 68826, "S3_P": 75404, "S4_P": 73928, "S5_P": 74622, "S6_P": 77511, "S7_P": 68225, "SUM_NUTR": 0 }, "geometry": { "type": "MultiPolygon", "coordinates": [ [ [ [ -96.39419331416768, 16.965854539504281 ], [ -96.39263441274791, 16.967062717070821 ], [ -96.392545341488969, 16.96740978709305 ], [ -96.391099378833232, 16.973043822914189 ], [ -96.387103949987235, 16.97819892034402 ], [ -96.380017428961125, 16.980017428661455 ], [ -96.378599378858269, 16.985543822889191 ], [ -96.367233954583298, 16.997789509878025 ], [ -96.366666666733281, 17.000000000299863 ], [ -96.362499999775181, 17.000000000299917 ], [ -96.360075548048101, 16.999646674654361 ], [ -96.356591118485341, 16.996186658987209 ], [ -96.351742215031166, 16.99548000769623 ], [ -96.348257785468377, 16.992019992029046 ], [ -96.343408881114968, 16.991313340738159 ], [ -96.342061816809917, 16.989975742340796 ], [ -96.339924452451527, 16.987853325970267 ], [ -96.335075548098047, 16.987146674679352 ], [ -96.331591118535258, 16.983686659012196 ], [ -96.318408881164913, 16.982980007721224 ], [ -96.31492445160211, 16.979519992054083 ], [ -96.308333332916959, 16.979166666408553 ], [ -96.305879041684378, 16.978808933185732 ], [ -96.292019992528637, 16.964924452101897 ], [ -96.291313341237696, 16.960075547748417 ], [ -96.283686659511744, 16.952424452126785 ], [ -96.283140163899816, 16.945452272653512 ], [ -96.282980007321456, 16.943408881714582 ], [ -96.278813341262705, 16.939213053339817 ], [ -96.279519992553602, 16.926742214781488 ], [ -96.282980007321441, 16.923257785218688 ], [ -96.283333332966905, 16.920833333491654 ], [ -96.283900620816979, 16.918622843069834 ], [ -96.286932712075014, 16.914710489997141 ], [ -96.288123575442611, 16.892575751669654 ], [ -96.29512464738454, 16.890779283037535 ], [ -96.312483322830673, 16.872781663696856 ], [ -96.320266045041947, 16.864710490097117 ], [ -96.320868807568971, 16.862361803331865 ], [ -96.321400621641317, 16.86028951015286 ], [ -96.324888520846358, 16.856375257381885 ], [ -96.328599378958174, 16.852210490122062 ], [ -96.32973395465828, 16.847789510177744 ], [ -96.332766045016953, 16.843877156205814 ], [ -96.332918868186624, 16.843281681919287 ], [ -96.333900621616351, 16.839456177160937 ], [ -96.336715756329198, 16.836296947189499 ], [ -96.341099378933194, 16.831377156230857 ], [ -96.34166666678324, 16.829166666708392 ], [ -96.35416666675826, 16.829166666708421 ], [ -96.356591118485312, 16.828813341062908 ], [ -96.364242215006172, 16.821186659336878 ], [ -96.368379719648374, 16.820480007146696 ], [ -96.372575548023107, 16.824646674104727 ], [ -96.381591118435338, 16.825353325395739 ], [ -96.385075547998113, 16.828813341062869 ], [ -96.389924452351579, 16.829519992353823 ], [ -96.393408881015063, 16.83298000802105 ], [ -96.40659111838545, 16.833686659311983 ], [ -96.41007554794821, 16.837146674079829 ], [ -96.41909111836037, 16.837853325370698 ], [ -96.422575547923145, 16.841313341037846 ], [ -96.426449785597072, 16.84187796322351 ], [ -96.427424452276611, 16.842019992328865 ], [ -96.431250000087445, 16.845818752933145 ], [ -96.435075547898236, 16.842019992328876 ], [ -96.453361004894361, 16.841681626822091 ], [ -96.454166666558351, 16.841666666683409 ], [ -96.454101536897994, 16.842113579346652 ], [ -96.45381334091293, 16.844091118410464 ], [ -96.442019992228879, 16.85590888099015 ], [ -96.441313340937867, 16.860757785343633 ], [ -96.435790337154287, 16.86630859346689 ], [ -96.430908880940066, 16.86701999227887 ], [ -96.423571521812889, 16.87433781382309 ], [ -96.421187337325719, 16.876715426775533 ], [ -96.420480007945983, 16.910046386431663 ], [ -96.42374143089377, 16.913330677277337 ], [ -96.424985418941901, 16.914583333054491 ], [ -96.421186659236909, 16.918408880865247 ], [ -96.421108033023771, 16.918948405306502 ], [ -96.420833333591446, 16.920833333491625 ], [ -96.420833333591432, 16.921198238054171 ], [ -96.42083333359146, 16.924999999550401 ], [ -96.419251810571581, 16.925084806133345 ], [ -96.414242214906281, 16.925353326095184 ], [ -96.412615133393885, 16.926972316991712 ], [ -96.408692423916236, 16.93087531184625 ], [ -96.407980007970934, 16.935046386381703 ], [ -96.412146674029799, 16.939242214756515 ], [ -96.412853325320697, 16.948257785168714 ], [ -96.414301547714032, 16.949716254663947 ], [ -96.416313340987841, 16.951742214731532 ], [ -96.416666666633333, 16.954166666458555 ], [ -96.412519144469456, 16.954535645917826 ], [ -96.410289510152722, 16.954733954308626 ], [ -96.402210490121988, 16.961932712524717 ], [ -96.397789510177674, 16.96306728822486 ], [ -96.39419331416768, 16.965854539504281 ] ] ] ] } },
{ "type": "Feature", "properties": { "HAS_WS": 9942.8, "ID_WS": "61", "S1_N": 1976, "S2_N": 1546, "S3_N": 2903, "S4_N": 2903, "S5_N": 1162, "S6_N": 665, "S7_N": 281, "S1_P": 56174, "S2_P": 45858, "S3_P": 74661, "S4_P": 74661, "S5_P": 30448, "S6_P": 16881, "S7_P": 7133, "SUM_NUTR": 0 }, "geometry": { "type": "MultiPolygon", "coordinates": [ [ [ [ -96.198583414306327, 17.049925547384962 ], [ -96.198631689723058, 17.049425169868073 ], [ -96.199642089664735, 17.047848620397765 ], [ -96.199681889962505, 17.046123219869123 ], [ -96.200831539862008, 17.043979649918604 ], [ -96.204737355886536, 17.041861651728038 ], [ -96.205768719739467, 17.041302349780949 ], [ -96.206467489946675, 17.040079309561285 ], [ -96.206377089743739, 17.036529049997931 ], [ -96.206739089858601, 17.035502280248611 ], [ -96.209028620177094, 17.031178750216565 ], [ -96.209070120309391, 17.030161139966459 ], [ -96.207356050259307, 17.02481291957606 ], [ -96.207458230056034, 17.017887879621806 ], [ -96.207951450111466, 17.013429030127085 ], [ -96.20781288260531, 17.012581141519046 ], [ -96.209079997044142, 17.013067288124944 ], [ -96.210665454586248, 17.01183856383895 ], [ -96.214456176611264, 17.008900621166855 ], [ -96.230154758435376, 17.007766045466713 ], [ -96.243622843519447, 17.020266045441801 ], [ -96.257433742972808, 17.02149454723558 ], [ -96.259184095269802, 17.028315904055791 ], [ -96.26249999997502, 17.029166666308644 ], [ -96.261932712124889, 17.031377156730514 ], [ -96.258795166363853, 17.035425482799841 ], [ -96.266099379083059, 17.043622843719376 ], [ -96.267375013446099, 17.053279283612056 ], [ -96.273043823413687, 17.05473395410883 ], [ -96.276956176486337, 17.057766045366773 ], [ -96.28333333296689, 17.058333333216815 ], [ -96.283333332966848, 17.0584510109862 ], [ -96.283333332966919, 17.062500000174921 ], [ -96.28554382338875, 17.063067288024968 ], [ -96.310289510352561, 17.086932712274955 ], [ -96.327210490271838, 17.088067287975043 ], [ -96.331122843344531, 17.091099379233025 ], [ -96.334079996794401, 17.092233954933114 ], [ -96.340529377828517, 17.087235514007858 ], [ -96.342233954633315, 17.093877156605476 ], [ -96.361932711925093, 17.114456176611316 ], [ -96.362499999775181, 17.125000000050065 ], [ -96.360075548048059, 17.12464667440463 ], [ -96.356591118485298, 17.121186658737422 ], [ -96.355966649344523, 17.121161258133924 ], [ -96.355767399754058, 17.120711110220405 ], [ -96.356506200042631, 17.118783110230861 ], [ -96.359991450002553, 17.118353109787993 ], [ -96.358554909990943, 17.115826749899053 ], [ -96.354805970375466, 17.111138859984148 ], [ -96.354549970253814, 17.110470580101346 ], [ -96.35474499985861, 17.109856179717383 ], [ -96.354854709715895, 17.109674859922642 ], [ -96.354353490390153, 17.109028880082672 ], [ -96.353761820080095, 17.108424290315309 ], [ -96.353975380249423, 17.107735320259266 ], [ -96.353293000387353, 17.106838140048627 ], [ -96.35255265004848, 17.105667519824259 ], [ -96.350796400363919, 17.104796309943577 ], [ -96.34996425017053, 17.105034229923149 ], [ -96.34853783030411, 17.104783919732377 ], [ -96.348192079909168, 17.104233579696711 ], [ -96.346619910390928, 17.105042050333982 ], [ -96.344796380253939, 17.104799450055573 ], [ -96.341581519705983, 17.103427819642338 ], [ -96.340421060409241, 17.10246214988144 ], [ -96.338983579927131, 17.103309920366719 ], [ -96.337194950112163, 17.103104140278564 ], [ -96.336496739901548, 17.102427910365265 ], [ -96.334223779756513, 17.102705489623549 ], [ -96.331956370389406, 17.103711120360874 ], [ -96.329775219669969, 17.103809430340977 ], [ -96.329775219669926, 17.103809430340913 ], [ -96.326901780162089, 17.104498599665014 ], [ -96.325857459851704, 17.104401430038759 ], [ -96.324754659690711, 17.103405950399971 ], [ -96.324567689989237, 17.102906339773757 ], [ -96.323606060169013, 17.101908969740194 ], [ -96.31760003008722, 17.099706139667532 ], [ -96.31500034012582, 17.100456709612018 ], [ -96.313894890129063, 17.100451859984624 ], [ -96.313568339882593, 17.100073400327314 ], [ -96.31245524959489, 17.10048991960927 ], [ -96.312455249594862, 17.100489919609231 ], [ -96.311443949996175, 17.10052093985426 ], [ -96.307890750180292, 17.100811489860192 ], [ -96.307548629631299, 17.101669849935853 ], [ -96.306726940162051, 17.101713619789628 ], [ -96.306445920400265, 17.102494309931881 ], [ -96.305462179730554, 17.10169281958515 ], [ -96.304682550120347, 17.102784970100107 ], [ -96.304682550120305, 17.102784970100082 ], [ -96.304043079819834, 17.102896709990883 ], [ -96.303578170241551, 17.103713650434717 ], [ -96.299792819645504, 17.10283608036962 ], [ -96.299495629902012, 17.102007660356108 ], [ -96.298146949907618, 17.102507650002753 ], [ -96.294318819996874, 17.101317199849454 ], [ -96.293453779996881, 17.101906719809445 ], [ -96.289152820324844, 17.101188550069349 ], [ -96.289152820324801, 17.101188550069374 ], [ -96.28808935024577, 17.100667320245343 ], [ -96.28691891033121, 17.101314799953268 ], [ -96.285657259526758, 17.10154811032681 ], [ -96.28459920043197, 17.101017689830709 ], [ -96.281501380457314, 17.101067600003802 ], [ -96.280690779751211, 17.100618320259148 ], [ -96.279541259969875, 17.100785199840242 ], [ -96.27898127956216, 17.099871119632152 ], [ -96.277808580248958, 17.100448200288628 ], [ -96.276311169908794, 17.099756029868612 ], [ -96.273877460241465, 17.10011568970236 ], [ -96.273412230314079, 17.100465940326011 ], [ -96.272788679980309, 17.099678220018539 ], [ -96.271673230065829, 17.10002297042983 ], [ -96.270725939624484, 17.099762570155406 ], [ -96.270327830123946, 17.100244949822194 ], [ -96.269350290106544, 17.10005127974356 ], [ -96.269202779774545, 17.099427230255692 ], [ -96.268505779792306, 17.099233860125018 ], [ -96.266003780173435, 17.100622599969061 ], [ -96.265338519610069, 17.101408199813417 ], [ -96.264675249932566, 17.101459619718401 ], [ -96.263325430432033, 17.100168890076016 ], [ -96.261643540357284, 17.100102969713731 ], [ -96.25836940027294, 17.101428090079128 ], [ -96.257743819941453, 17.102109970144092 ], [ -96.257029649627384, 17.101751120214242 ], [ -96.257029649627341, 17.101751120214281 ], [ -96.255708830161083, 17.101670380149194 ], [ -96.255425179879396, 17.101001820275929 ], [ -96.254746080352305, 17.100379230354775 ], [ -96.253155370069791, 17.100233059713204 ], [ -96.251720399760757, 17.098496849967589 ], [ -96.250073519953929, 17.097611379577589 ], [ -96.249711169679074, 17.096270249939746 ], [ -96.248864139822103, 17.095821550320231 ], [ -96.247363580305233, 17.097321430453917 ], [ -96.247136430027609, 17.097155080144855 ], [ -96.244899000077069, 17.097148399561039 ], [ -96.243169430103137, 17.097218459958967 ], [ -96.240839280363531, 17.095795249740529 ], [ -96.236817400300481, 17.097231750361935 ], [ -96.230796109949509, 17.098612880218507 ], [ -96.229554169615128, 17.099819449605132 ], [ -96.227149619560137, 17.100642429581686 ], [ -96.227149619560095, 17.100642429581612 ], [ -96.225336150413028, 17.101258709987782 ], [ -96.222211149544833, 17.100744719693555 ], [ -96.22225698001364, 17.100016120111025 ], [ -96.219962290381076, 17.099525720364749 ], [ -96.218236829841928, 17.099243479865681 ], [ -96.217628379849629, 17.09922468973279 ], [ -96.216894230108721, 17.09902907959226 ], [ -96.216121980443617, 17.098960090198556 ], [ -96.215431800112654, 17.099246679926704 ], [ -96.215431800112611, 17.09924667992669 ], [ -96.211686689904724, 17.10005294988947 ], [ -96.210928769561207, 17.100550250309372 ], [ -96.208922430352814, 17.101401290176334 ], [ -96.208922430352786, 17.101401290176309 ], [ -96.206432739787957, 17.101725179852728 ], [ -96.204727290145513, 17.102227119614401 ], [ -96.202095480120619, 17.101277770147753 ], [ -96.198354249962406, 17.10315008005151 ], [ -96.196084710444666, 17.104029019958947 ], [ -96.194740950464777, 17.104086719853321 ], [ -96.19474095046472, 17.104086719853267 ], [ -96.19413907991256, 17.104209549797208 ], [ -96.193655850007076, 17.104580479782722 ], [ -96.193074950088302, 17.104885109887956 ], [ -96.19307495008826, 17.104885109887906 ], [ -96.192617289592732, 17.105158169809179 ], [ -96.19232689007363, 17.105112720376606 ], [ -96.192329881975255, 17.105325834031095 ], [ -96.192346419649354, 17.106503919858344 ], [ -96.189968950222905, 17.109271230415803 ], [ -96.189423630456162, 17.11239566013472 ], [ -96.188399880278993, 17.114734750448903 ], [ -96.188597020332438, 17.115761580316267 ], [ -96.188179400123389, 17.115401089967907 ], [ -96.187810020319986, 17.115267479809031 ], [ -96.186848180014948, 17.114583110051594 ], [ -96.18630911969494, 17.113973220431529 ], [ -96.18516882019064, 17.113045109612635 ], [ -96.182345038477081, 17.111779227200003 ], [ -96.181710149993862, 17.111494600436 ], [ -96.180104799758453, 17.109380679671617 ], [ -96.180079180299231, 17.107626339868276 ], [ -96.179923049691737, 17.107361220221375 ], [ -96.180957280090922, 17.105890630330272 ], [ -96.181388215680087, 17.10505887652857 ], [ -96.18138821568013, 17.105058876528556 ], [ -96.182148229549227, 17.10359194032052 ], [ -96.182949819867034, 17.102789369831299 ], [ -96.182866653196086, 17.101824767932033 ], [ -96.182866653196058, 17.101824767931983 ], [ -96.182736850007288, 17.100319238535423 ], [ -96.182390979873063, 17.096307509675224 ], [ -96.182390979873119, 17.096307509675174 ], [ -96.181830490391036, 17.094218019926739 ], [ -96.181921769781795, 17.09275905955057 ], [ -96.181658980132255, 17.091575020102951 ], [ -96.179512659757606, 17.086002861358001 ], [ -96.179372157445471, 17.085638082185291 ], [ -96.179254110029703, 17.085331600137941 ], [ -96.179209489614749, 17.084147860159792 ], [ -96.178631980102637, 17.080831350375679 ], [ -96.178042889638306, 17.078595659636722 ], [ -96.177642219812483, 17.076294679707384 ], [ -96.17774768021674, 17.074308509723714 ], [ -96.178042170437777, 17.07239385022919 ], [ -96.17837568006378, 17.071477140159107 ], [ -96.178141890155459, 17.07042293996917 ], [ -96.178135720059856, 17.068765089711199 ], [ -96.177287850071124, 17.066263459712683 ], [ -96.177360940028038, 17.06429133972205 ], [ -96.177590520027053, 17.063734660033408 ], [ -96.179317219932798, 17.061872459745544 ], [ -96.179617819677276, 17.061354000031699 ], [ -96.179617819677233, 17.061354000031674 ], [ -96.180254539604846, 17.060684449965681 ], [ -96.182286349851367, 17.059639200412747 ], [ -96.19361748979091, 17.05185734955278 ], [ -96.197832350082507, 17.051995719591869 ], [ -96.198433199714728, 17.051482510023476 ], [ -96.198583414306327, 17.049925547384962 ] ] ] ] } },
{ "type": "Feature", "properties": { "HAS_WS": 15839.531, "ID_WS": "62", "S1_N": 604, "S2_N": 1340, "S3_N": 1951, "S4_N": 1951, "S5_N": 1933, "S6_N": 1806, "S7_N": 1037, "S1_P": 26569, "S2_P": 39744, "S3_P": 53318, "S4_P": 52608, "S5_P": 52151, "S6_P": 47375, "S7_P": 27785, "SUM_NUTR": 0 }, "geometry": { "type": "MultiPolygon", "coordinates": [ [ [ [ -96.356011480124636, 17.121262540169994 ], [ -96.355966649344523, 17.121161258133924 ], [ -96.356591118485298, 17.121186658737422 ], [ -96.360075548048059, 17.12464667440463 ], [ -96.362499999775181, 17.125000000050065 ], [ -96.361932711925093, 17.114456176611316 ], [ -96.342233954633315, 17.093877156605476 ], [ -96.340529377828517, 17.087235514007858 ], [ -96.334079996794401, 17.092233954933114 ], [ -96.331122843344531, 17.091099379233025 ], [ -96.327210490271838, 17.088067287975043 ], [ -96.310289510352561, 17.086932712274955 ], [ -96.28554382338875, 17.063067288024968 ], [ -96.283333332966919, 17.062500000174921 ], [ -96.283333332966848, 17.0584510109862 ], [ -96.28333333296689, 17.058333333216815 ], [ -96.276956176486337, 17.057766045366773 ], [ -96.273043823413687, 17.05473395410883 ], [ -96.267375013446099, 17.053279283612056 ], [ -96.266099379083059, 17.043622843719376 ], [ -96.258795166363853, 17.035425482799841 ], [ -96.261932712124889, 17.031377156730514 ], [ -96.26249999997502, 17.029166666308644 ], [ -96.264710489497503, 17.028599378458644 ], [ -96.268622843469458, 17.025567288099939 ], [ -96.274149237697145, 17.024149237996998 ], [ -96.275850762202865, 17.017517428586547 ], [ -96.281377156430622, 17.016099378483638 ], [ -96.290747070520837, 17.007750447625156 ], [ -96.292233954733192, 17.001956176836128 ], [ -96.295266045091864, 16.998043822864183 ], [ -96.296400620791985, 16.993622843819235 ], [ -96.303599379008162, 16.985543822889202 ], [ -96.30416666685818, 16.98333333336674 ], [ -96.307482570664149, 16.982482571113799 ], [ -96.308333332916959, 16.979166666408553 ], [ -96.31492445160211, 16.979519992054083 ], [ -96.318408881164913, 16.982980007721224 ], [ -96.331591118535258, 16.983686659012196 ], [ -96.335075548098047, 16.987146674679352 ], [ -96.339924452451527, 16.987853325970267 ], [ -96.342061816809917, 16.989975742340796 ], [ -96.343408881114968, 16.991313340738159 ], [ -96.348257785468377, 16.992019992029046 ], [ -96.351742215031166, 16.99548000769623 ], [ -96.356591118485341, 16.996186658987209 ], [ -96.360075548048101, 16.999646674654361 ], [ -96.362499999775181, 17.000000000299917 ], [ -96.366666666733281, 17.000000000299863 ], [ -96.367019992378673, 17.031591118935072 ], [ -96.370480007146597, 17.035075547598471 ], [ -96.371186659336828, 17.039924451951972 ], [ -96.374646674104653, 17.043408881514733 ], [ -96.375353325395665, 17.048257784968801 ], [ -96.387146674079759, 17.060075547548585 ], [ -96.387853325370685, 17.073257785818267 ], [ -96.391313341037815, 17.076742214481687 ], [ -96.392019992328741, 17.081591118835124 ], [ -96.397542996112378, 17.087141926958417 ], [ -96.402424452326542, 17.087853325770489 ], [ -96.410075547948196, 17.095480007496441 ], [ -96.423257785318555, 17.0961866587873 ], [ -96.432977972755239, 17.105880398061981 ], [ -96.433686659211887, 17.114924451802036 ], [ -96.439209662096147, 17.12047526082463 ], [ -96.444091118310467, 17.121186658737368 ], [ -96.445631438392581, 17.122716215240423 ], [ -96.445537800398043, 17.12296916994223 ], [ -96.445537800398071, 17.122969169942269 ], [ -96.445021949798473, 17.123989580236017 ], [ -96.445021949798502, 17.123989580236056 ], [ -96.444586149668751, 17.124505859996386 ], [ -96.443884970431, 17.125165629718939 ], [ -96.442513369642228, 17.125492309673305 ], [ -96.429316800092593, 17.133003799823413 ], [ -96.413747739890297, 17.140858909948161 ], [ -96.412800889620911, 17.141304979562708 ], [ -96.411095419730259, 17.142058819759455 ], [ -96.410943550168142, 17.14230670980119 ], [ -96.410916248811731, 17.142355432446998 ], [ -96.410853428762422, 17.142467542592225 ], [ -96.410758988699953, 17.142636083545774 ], [ -96.41069862546982, 17.142743809012156 ], [ -96.410288474046553, 17.143475772703869 ], [ -96.410103510190908, 17.143805859722523 ], [ -96.410066037441055, 17.143852289751823 ], [ -96.409743849906334, 17.144251490074186 ], [ -96.409729664489006, 17.144262226092856 ], [ -96.409729664488964, 17.144262226092817 ], [ -96.409685816587356, 17.144295412284354 ], [ -96.409466852186284, 17.14446113381328 ], [ -96.409466852186256, 17.14446113381323 ], [ -96.408769840833628, 17.144988655973211 ], [ -96.408732745390424, 17.145016730958723 ], [ -96.408718450215673, 17.145027550442233 ], [ -96.408093916070271, 17.145017142109104 ], [ -96.407155090453969, 17.145001489879036 ], [ -96.407155090453941, 17.145001489878972 ], [ -96.406915280007894, 17.145005250237148 ], [ -96.405548880295456, 17.145332490022124 ], [ -96.405548880295413, 17.14533249002211 ], [ -96.405114909923839, 17.145407289914033 ], [ -96.40511490992381, 17.145407289914022 ], [ -96.404787029664774, 17.145424580192177 ], [ -96.404568430362815, 17.145381020204962 ], [ -96.404403139974377, 17.145368380033517 ], [ -96.40391526017568, 17.14495987994659 ], [ -96.402597600314095, 17.144210090325796 ], [ -96.402597600314053, 17.144210090325846 ], [ -96.402367089889069, 17.144129000368586 ], [ -96.402101019771592, 17.144063260381539 ], [ -96.40210101977155, 17.144063260381579 ], [ -96.401458660160856, 17.144008219987285 ], [ -96.401045179744756, 17.144015940148893 ], [ -96.397947110419111, 17.144330780067708 ], [ -96.395857000247915, 17.144691520096398 ], [ -96.395663429984367, 17.144691799750042 ], [ -96.395335620140258, 17.144655369951298 ], [ -96.394139119859787, 17.144405289611807 ], [ -96.393945279896855, 17.144396309554903 ], [ -96.393560429590025, 17.144511379650211 ], [ -96.393305400054942, 17.144630050237605 ], [ -96.392615049624382, 17.145066630215162 ], [ -96.392286849824671, 17.145356340115566 ], [ -96.392151179842941, 17.145512580140817 ], [ -96.391805829594048, 17.146258420141002 ], [ -96.391166049550847, 17.147216379680952 ], [ -96.391086089911951, 17.147277220444398 ], [ -96.390971620193497, 17.147303910442325 ], [ -96.390852600379361, 17.147280920036156 ], [ -96.390653509918863, 17.147185079659835 ], [ -96.390477769813316, 17.147190980222472 ], [ -96.390073259595979, 17.147347879635248 ], [ -96.389905219939024, 17.147453420151162 ], [ -96.389770970408222, 17.147604479903311 ], [ -96.389696349745819, 17.147733179657404 ], [ -96.389562689711653, 17.148085259747212 ], [ -96.389455289644218, 17.148193950195616 ], [ -96.389321219577027, 17.148231180332608 ], [ -96.387597479670006, 17.148954400245543 ], [ -96.38513519984005, 17.151715569768303 ], [ -96.38378985957506, 17.152575909637797 ], [ -96.383152349685119, 17.152617749924758 ], [ -96.382806739672091, 17.152709429984931 ], [ -96.382227750042588, 17.153079000441402 ], [ -96.381783949936704, 17.153805980264842 ], [ -96.381021169886409, 17.154462089765399 ], [ -96.38077214005132, 17.154965619643164 ], [ -96.380507259694738, 17.155226419928447 ], [ -96.379610150402968, 17.154988290297897 ], [ -96.374868563294854, 17.149098141187913 ], [ -96.372130690286596, 17.145696799573969 ], [ -96.362526400263192, 17.136422379639704 ], [ -96.360454420056726, 17.133484580254187 ], [ -96.356011480124636, 17.121262540169994 ] ] ] ] } },
{ "type": "Feature", "properties": { "HAS_WS": 4693.789, "ID_WS": "63", "S1_N": 0, "S2_N": 7, "S3_N": 0, "S4_N": 0, "S5_N": 0, "S6_N": 0, "S7_N": 8, "S1_P": 0, "S2_P": 167, "S3_P": 0, "S4_P": 0, "S5_P": 0, "S6_P": 0, "S7_P": 209, "SUM_NUTR": 0 }, "geometry": { "type": "MultiPolygon", "coordinates": [ [ [ [ -95.847662710265922, 16.937758039761917 ], [ -95.851742214231805, 16.933686659112084 ], [ -95.860757785543356, 16.932980007821108 ], [ -95.868408881164925, 16.925353326095184 ], [ -95.880882263006015, 16.924646673904924 ], [ -95.8892422150561, 16.932980007821158 ], [ -95.894091118510318, 16.933686659112109 ], [ -95.897575548073064, 16.937146673879937 ], [ -95.906591118485267, 16.937853326070233 ], [ -95.912141927507903, 16.943376328954503 ], [ -95.912853325420599, 16.948257785168753 ], [ -95.918380228664631, 16.953812323679919 ], [ -95.939924452351519, 16.954519992104057 ], [ -95.943408881015031, 16.957980007771244 ], [ -95.950789530899769, 16.958116894083037 ], [ -95.949960089964378, 16.962429739657299 ], [ -95.949344800067593, 16.965067890302226 ], [ -95.946553950287893, 16.981689140331675 ], [ -95.945969647190466, 16.987732921378736 ], [ -95.945527897628494, 16.992301881366423 ], [ -95.945415480439976, 16.993464550097478 ], [ -95.945333580338001, 16.993780969779959 ], [ -95.945166041723681, 16.995022337140544 ], [ -95.945166037763386, 16.995022363182404 ], [ -95.945165999823942, 16.995022649871263 ], [ -95.940794939640227, 16.995457750344073 ], [ -95.939724880251774, 16.996557230298006 ], [ -95.937677579730249, 16.995436340118747 ], [ -95.935506509732832, 16.995676829713183 ], [ -95.93516997970174, 16.997089059643347 ], [ -95.93526505989783, 16.998180829713924 ], [ -95.93466726012673, 16.999739570166057 ], [ -95.933928429747098, 17.000000059604773 ], [ -95.933492599877425, 17.000153719749786 ], [ -95.931820919724061, 17.000181690407356 ], [ -95.930593219791319, 17.000101679775906 ], [ -95.930314939775144, 17.000000140034562 ], [ -95.928444289519618, 16.999317580258257 ], [ -95.927390169759192, 16.998545799675124 ], [ -95.925671510087383, 16.997781020210113 ], [ -95.923124889938208, 16.997183110411861 ], [ -95.921048540414816, 16.997456949961716 ], [ -95.919324030170898, 16.999050289826116 ], [ -95.918474820268273, 16.998322399843541 ], [ -95.917706450987126, 16.997718477445758 ], [ -95.917347339872464, 16.997436220245351 ], [ -95.916567950387247, 16.99649625013064 ], [ -95.916018536580864, 16.996345159788397 ], [ -95.915169180275342, 16.996111580381385 ], [ -95.914142483209531, 16.996041621375205 ], [ -95.913544170063901, 16.996000849563099 ], [ -95.912655483615836, 16.995977443976599 ], [ -95.912268890100378, 16.995967259909428 ], [ -95.91126959970407, 16.995156659717701 ], [ -95.911159404088835, 16.995491104304374 ], [ -95.910930280358045, 16.99618648976206 ], [ -95.910590028382188, 16.996116077023611 ], [ -95.908944820335222, 16.995775600223585 ], [ -95.908345620387919, 16.993325230458009 ], [ -95.906834979853713, 16.992603740086523 ], [ -95.906365910125515, 16.991377490193262 ], [ -95.905386140259552, 16.9920426200297 ], [ -95.905231220362083, 16.993412950162437 ], [ -95.905488540149364, 16.995124419684718 ], [ -95.903939650413747, 16.995403949767692 ], [ -95.902254149984657, 16.994028449878474 ], [ -95.900693510072202, 16.99311185023193 ], [ -95.899572320271048, 16.992846630290821 ], [ -95.897846859559181, 16.992299600339859 ], [ -95.896922950278395, 16.991296250039536 ], [ -95.895362089815748, 16.990356570381248 ], [ -95.894125650162295, 16.989379229972101 ], [ -95.891859550241321, 16.988883450151164 ], [ -95.890212950386612, 16.98901428035909 ], [ -95.889292150248863, 16.989563820146337 ], [ -95.887565550010962, 16.990132539928631 ], [ -95.886489599898667, 16.990810059714864 ], [ -95.885780890142783, 16.992139660067174 ], [ -95.884716950076609, 16.992817000331289 ], [ -95.882805019928696, 16.992881370358976 ], [ -95.88104520025216, 16.993749420315137 ], [ -95.878949520281793, 16.993470420144149 ], [ -95.878548339885157, 16.993353459987386 ], [ -95.87871570974157, 16.992920539963656 ], [ -95.877944119779187, 16.992433090031305 ], [ -95.877711170133239, 16.992285919954998 ], [ -95.876990580052606, 16.992196350087038 ], [ -95.876569349695856, 16.992054720080336 ], [ -95.8762464604158, 16.991936289968478 ], [ -95.87609662007668, 16.991729350024418 ], [ -95.87602126020694, 16.991410720198878 ], [ -95.875966019654143, 16.990863489997921 ], [ -95.875817939732173, 16.990168980289912 ], [ -95.875698880461954, 16.989714690031551 ], [ -95.875398690135654, 16.989310349943281 ], [ -95.875101889730772, 16.98882965036746 ], [ -95.874802719555532, 16.988626120244362 ], [ -95.874133459870066, 16.988024939933297 ], [ -95.873955480190219, 16.988227950244706 ], [ -95.873638250424037, 16.988654739573629 ], [ -95.873266940361987, 16.98892683027519 ], [ -95.872467229961231, 16.989247719955173 ], [ -95.871862510176342, 16.989433170315223 ], [ -95.871200230201453, 16.989682659621192 ], [ -95.870981769548777, 16.989173079944823 ], [ -95.870843060209282, 16.988717319622531 ], [ -95.870555849594453, 16.988425279955312 ], [ -95.870432350409018, 16.987825780392196 ], [ -95.869639459551621, 16.988095279588084 ], [ -95.870435449923065, 16.9874550200913 ], [ -95.872144170173314, 16.986288429558336 ], [ -95.873050739864141, 16.985497520138363 ], [ -95.872545599784857, 16.984260030290752 ], [ -95.872834830382587, 16.983072460041747 ], [ -95.87484497962167, 16.98174345014375 ], [ -95.874430320022825, 16.97999014989648 ], [ -95.875161279780272, 16.978860399584526 ], [ -95.874142749761759, 16.977757140228597 ], [ -95.874543769688074, 16.976523599950237 ], [ -95.876097019833963, 16.975874949988345 ], [ -95.876228739984413, 16.974562379612571 ], [ -95.876073630078636, 16.973448089553365 ], [ -95.876542909696497, 16.972224220212283 ], [ -95.875414770139557, 16.971234260325517 ], [ -95.874338220247878, 16.970600279826655 ], [ -95.872482979648595, 16.969030520329635 ], [ -95.870811120080973, 16.967769539783593 ], [ -95.868673720323144, 16.967285450359231 ], [ -95.866989629810703, 16.966933830094142 ], [ -95.865457059576087, 16.966830539751538 ], [ -95.864052939640047, 16.966625829818245 ], [ -95.863561429722694, 16.966016709819566 ], [ -95.863261910213168, 16.965696020363946 ], [ -95.862767849624333, 16.965556740247777 ], [ -95.862273089995981, 16.96537271998228 ], [ -95.861812350266973, 16.965068549908235 ], [ -95.861214889919609, 16.964921630273039 ], [ -95.860725509783123, 16.964529229766029 ], [ -95.859364539949553, 16.964335019904876 ], [ -95.858248680394027, 16.963977740220745 ], [ -95.857268110046249, 16.962675310357625 ], [ -95.859479690179498, 16.962539460026228 ], [ -95.861382109950085, 16.962763000087012 ], [ -95.86342127993835, 16.962203140223341 ], [ -95.864544049989831, 16.961398770058345 ], [ -95.866675489583102, 16.960423819940722 ], [ -95.867897680012931, 16.961205979909359 ], [ -95.869723219959582, 16.962200890270974 ], [ -95.871687580361765, 16.963832340017142 ], [ -95.872489980464238, 16.964024049691734 ], [ -95.873481889815977, 16.964109220169018 ], [ -95.875001220388683, 16.963266510383026 ], [ -95.876120370229046, 16.962094060104622 ], [ -95.876406999613451, 16.961813180120529 ], [ -95.876967449700985, 16.961448660340952 ], [ -95.877548030402863, 16.961609660209636 ], [ -95.87875042980852, 16.961743459613999 ], [ -95.879569769796518, 16.961651399865886 ], [ -95.88020919995715, 16.961108060237571 ], [ -95.880368030449446, 16.960129379994012 ], [ -95.879542250390472, 16.959013110032657 ], [ -95.878721119751049, 16.957422049821883 ], [ -95.87767713989696, 16.956419710047623 ], [ -95.87686148954549, 16.957110719821237 ], [ -95.875513569829323, 16.957786229944954 ], [ -95.874426570442708, 16.958555739922133 ], [ -95.872201970237114, 16.958576880345774 ], [ -95.870828540066654, 16.958325309597821 ], [ -95.869780720275799, 16.95692042039536 ], [ -95.87025714985441, 16.955190400024982 ], [ -95.870839739593748, 16.953240820097484 ], [ -95.870919520392675, 16.951526140184221 ], [ -95.87077094028345, 16.949836599572368 ], [ -95.870842029708939, 16.948712120303263 ], [ -95.871920969887597, 16.946688889895679 ], [ -95.872241169539492, 16.945152380276205 ], [ -95.873620569951782, 16.944240149983852 ], [ -95.873624290322823, 16.942666079613865 ], [ -95.873870060417261, 16.940719689994225 ], [ -95.872500880191424, 16.938386060009289 ], [ -95.871429649908649, 16.936738830165744 ], [ -95.869488659704288, 16.935262710062904 ], [ -95.86894704980142, 16.933956519549117 ], [ -95.868175880125193, 16.933429540076258 ], [ -95.867782369846026, 16.933209890149488 ], [ -95.867038770102127, 16.932544819756352 ], [ -95.864611090189285, 16.933226779661169 ], [ -95.863217769567171, 16.933389450056591 ], [ -95.862128999888881, 16.933963400061511 ], [ -95.8619598499196, 16.93428916976568 ], [ -95.861333650026992, 16.934389250158674 ], [ -95.860497170293257, 16.934335370099696 ], [ -95.858557769637585, 16.934405400321673 ], [ -95.856564620040558, 16.934290019797118 ], [ -95.855953890019748, 16.933871919664252 ], [ -95.854268579599818, 16.933696149561886 ], [ -95.852916089535356, 16.933933080039111 ], [ -95.851311920284516, 16.934940690200591 ], [ -95.849566619877564, 16.936166450316126 ], [ -95.847662710265922, 16.937758039761917 ] ] ] ] } },
{ "type": "Feature", "properties": { "HAS_WS": 8818.304, "ID_WS": "64", "S1_N": 0, "S2_N": 0, "S3_N": 0, "S4_N": 0, "S5_N": 0, "S6_N": 0, "S7_N": 0, "S1_P": 0, "S2_P": 0, "S3_P": 0, "S4_P": 0, "S5_P": 0, "S6_P": 0, "S7_P": 0, "SUM_NUTR": 0 }, "geometry": { "type": "MultiPolygon", "coordinates": [ [ [ [ -95.670833333291739, 16.879166666608434 ], [ -95.673257785018777, 16.878813340962978 ], [ -95.676742214581523, 16.875353325295752 ], [ -95.679166666308603, 16.874999999650317 ], [ -95.680017598533354, 16.878315904355553 ], [ -95.685543823688491, 16.879733954458498 ], [ -95.686583321889856, 16.880539591575179 ], [ -95.666862339291384, 16.899726049981833 ], [ -95.65922664306791, 16.906872435984965 ], [ -95.659225227934726, 16.906873760743213 ], [ -95.658416290384807, 16.907630799581153 ], [ -95.65829168050999, 16.907578179460288 ], [ -95.658042450054268, 16.907472933032217 ], [ -95.65431042961832, 16.905896890002126 ], [ -95.654071014694054, 16.905809015398482 ], [ -95.645219843565698, 16.902559951543491 ], [ -95.636601309127116, 16.899395650051755 ], [ -95.635042729391671, 16.898661485473841 ], [ -95.620278515744715, 16.891705696943156 ], [ -95.616470649128019, 16.889911380117024 ], [ -95.613606909582415, 16.888701170884911 ], [ -95.609672249581848, 16.877496251023423 ], [ -95.589934819317051, 16.880657460961711 ], [ -95.589532059535642, 16.880413000501608 ], [ -95.589938259687827, 16.879782571173081 ], [ -95.5903020197118, 16.87939475107855 ], [ -95.590448819001423, 16.87898870959912 ], [ -95.590410629806527, 16.878390999891135 ], [ -95.590382618582439, 16.877712511158535 ], [ -95.590374800205524, 16.876872449928804 ], [ -95.590420249316338, 16.876249851174208 ], [ -95.590811149990614, 16.875481600421615 ], [ -95.591315919444639, 16.874952630073818 ], [ -95.591598478686592, 16.874693170268372 ], [ -95.591636180044475, 16.874569320051847 ], [ -95.591799490390102, 16.874032739664358 ], [ -95.591706090376846, 16.873643379730002 ], [ -95.59167061999689, 16.873160709863477 ], [ -95.591526540410541, 16.872151030452951 ], [ -95.591090490292302, 16.871348259566549 ], [ -95.590282079920044, 16.870688370250814 ], [ -95.589551710103763, 16.870077139692491 ], [ -95.589057169857099, 16.869454119845415 ], [ -95.588185949920472, 16.868725030126996 ], [ -95.587210969945303, 16.868617550009617 ], [ -95.586359119870963, 16.868553859625962 ], [ -95.585661650153995, 16.868463371201269 ], [ -95.584685049889444, 16.868191520245023 ], [ -95.583934769750414, 16.868000739789373 ], [ -95.583023879749959, 16.867629349842016 ], [ -95.582186449949845, 16.867313850419993 ], [ -95.581501489931838, 16.867340259757587 ], [ -95.580460720053537, 16.867075259821341 ], [ -95.579872889927358, 16.866627720369564 ], [ -95.579487949995865, 16.866118181298695 ], [ -95.578618479806195, 16.865458049542259 ], [ -95.578135079747796, 16.86536495001646 ], [ -95.577269119953726, 16.865449169671859 ], [ -95.577067059684495, 16.865468879706299 ], [ -95.564979399829227, 16.844386829592118 ], [ -95.565676910232128, 16.844468829766146 ], [ -95.566422829829122, 16.844660379992678 ], [ -95.566761979664363, 16.844444679898285 ], [ -95.56685530970725, 16.843939980007075 ], [ -95.566207719980113, 16.842856149802152 ], [ -95.566793909587119, 16.842689520352312 ], [ -95.567781680416033, 16.842895420123103 ], [ -95.568181400304013, 16.842538050366489 ], [ -95.568330539548654, 16.842270001024374 ], [ -95.568168229630544, 16.841844949800503 ], [ -95.568571260322784, 16.841535339731255 ], [ -95.569392140313852, 16.841424399600104 ], [ -95.569859889631871, 16.840977280289621 ], [ -95.569998310166469, 16.84051866006455 ], [ -95.570084450077729, 16.840090911318068 ], [ -95.570669399839787, 16.839640320117134 ], [ -95.571191689592581, 16.839632949532337 ], [ -95.571952449540532, 16.839625890328961 ], [ -95.572915170054998, 16.839121890302902 ], [ -95.573403533957801, 16.838782120255356 ], [ -95.573669539579953, 16.838597050362733 ], [ -95.573757925280731, 16.838504171447084 ], [ -95.574357720314381, 16.837873880344119 ], [ -95.574789680259329, 16.837362001282965 ], [ -95.574807002262617, 16.836822472565842 ], [ -95.574807079847687, 16.836820060277621 ], [ -95.57446075788873, 16.836203536829728 ], [ -95.574416539991375, 16.83612481970324 ], [ -95.574856379435346, 16.835770746792562 ], [ -95.5749941996432, 16.835659799747283 ], [ -95.575561490268754, 16.834422309695427 ], [ -95.575889685110582, 16.834072882101125 ], [ -95.576303079783543, 16.833632739910062 ], [ -95.576741629954043, 16.833147799567868 ], [ -95.577439679593297, 16.832336060362309 ], [ -95.578060820132819, 16.832007059991703 ], [ -95.578641909989372, 16.83179902135382 ], [ -95.579495879569805, 16.831655830248838 ], [ -95.579980179848661, 16.831529509549306 ], [ -95.580603489948786, 16.831361081068252 ], [ -95.581435310399513, 16.831190019632185 ], [ -95.582227599603399, 16.831180060236232 ], [ -95.582949890257083, 16.831246619880947 ], [ -95.583474979727768, 16.831074001315869 ], [ -95.584271350421133, 16.830676780942085 ], [ -95.584944919605263, 16.830167109683799 ], [ -95.585506999989931, 16.829521740353378 ], [ -95.585912219690243, 16.828856749882213 ], [ -95.58615054985917, 16.828253029753558 ], [ -95.586802109736809, 16.827317949843696 ], [ -95.587468249669783, 16.826497680097098 ], [ -95.587985510130196, 16.825991420555386 ], [ -95.588287890020297, 16.825354629865025 ], [ -95.588966450433361, 16.824749889997722 ], [ -95.589341859726872, 16.824350370158665 ], [ -95.590000220013593, 16.824220860449906 ], [ -95.590539800222246, 16.824151459630656 ], [ -95.591227879897048, 16.824263090315064 ], [ -95.591660289843915, 16.824242109559243 ], [ -95.592179090369783, 16.824311339974013 ], [ -95.592875769545259, 16.823766580277844 ], [ -95.59366997000366, 16.823277320420416 ], [ -95.594205430334199, 16.823035369958308 ], [ -95.594873920165199, 16.822825059814068 ], [ -95.595381459681818, 16.822929030436843 ], [ -95.595628739947401, 16.82219845985221 ], [ -95.595168800372491, 16.822070420270911 ], [ -95.594367060275019, 16.821731180374403 ], [ -95.593833089802331, 16.821524140077205 ], [ -95.59325397032211, 16.821444740310092 ], [ -95.592831950234469, 16.821396419580857 ], [ -95.592245510231194, 16.821006399678478 ], [ -95.591730999584044, 16.820603290756512 ], [ -95.591398880057525, 16.820288280293958 ], [ -95.591222769976866, 16.819958309588564 ], [ -95.591035420443532, 16.81966315031648 ], [ -95.590787979524606, 16.819369290833503 ], [ -95.590477510457021, 16.818950149584015 ], [ -95.590132030231757, 16.818577860398971 ], [ -95.589519150195414, 16.818084850043224 ], [ -95.589271970465163, 16.81780245972493 ], [ -95.588734479608391, 16.817445879588131 ], [ -95.588224769983199, 16.817249881302825 ], [ -95.587646250185998, 16.817193400392039 ], [ -95.587293320254389, 16.817017020982476 ], [ -95.586443119690145, 16.816655690076715 ], [ -95.585775290376262, 16.816382549616552 ], [ -95.5852118595609, 16.815945889659883 ], [ -95.584254660433189, 16.815126619630242 ], [ -95.583746119980603, 16.814470060108675 ], [ -95.583142139623334, 16.813904849575934 ], [ -95.582369449659424, 16.813958339960745 ], [ -95.582049459863171, 16.814124879982124 ], [ -95.581271220301687, 16.814445350396735 ], [ -95.580600089857398, 16.814783719561103 ], [ -95.57998932020277, 16.815012460035071 ], [ -95.579836859981327, 16.815943680382272 ], [ -95.578637490195092, 16.815582920582457 ], [ -95.578044019797659, 16.815409029726442 ], [ -95.577485820241009, 16.815512489879747 ], [ -95.576799230028186, 16.815527829727593 ], [ -95.576493630271685, 16.815897289970675 ], [ -95.575953689492408, 16.815776451146231 ], [ -95.574456780123569, 16.81657484981648 ], [ -95.574109199718066, 16.816507340185691 ], [ -95.573808180117439, 16.816276740584524 ], [ -95.573374780406155, 16.815672620320974 ], [ -95.572406979587242, 16.815533289603653 ], [ -95.571583000290047, 16.815820310290672 ], [ -95.571413110156186, 16.81612056993594 ], [ -95.57101331951867, 16.816645581200437 ], [ -95.570512920235473, 16.817014089816929 ], [ -95.570204179623218, 16.817450879836578 ], [ -95.569855259640832, 16.818080980086602 ], [ -95.569317600286695, 16.818375319847004 ], [ -95.568430830437379, 16.81833697971901 ], [ -95.56786228960614, 16.818327429703839 ], [ -95.567717849642463, 16.818750279662634 ], [ -95.567544089899982, 16.819635570284792 ], [ -95.56746138028042, 16.820407220242689 ], [ -95.566770709615881, 16.820677429702155 ], [ -95.566083090310372, 16.820880320937672 ], [ -95.565461980437703, 16.821131459676614 ], [ -95.564708460348413, 16.821579060208816 ], [ -95.563577149701871, 16.821891259720694 ], [ -95.56291002010606, 16.821322230130203 ], [ -95.562365750421804, 16.821126110299588 ], [ -95.561275249857729, 16.821347749822582 ], [ -95.560808909711184, 16.821461510567861 ], [ -95.559805049942909, 16.821652739941538 ], [ -95.559240050170857, 16.821733309644557 ], [ -95.558714570186481, 16.821898280424715 ], [ -95.557949719605432, 16.821592579818322 ], [ -95.558045799641022, 16.821072570981144 ], [ -95.557495490009202, 16.820163649805174 ], [ -95.556917109533401, 16.819600720621438 ], [ -95.556373970285122, 16.819002399998659 ], [ -95.556017780106572, 16.818169820133527 ], [ -95.555988570327941, 16.818010109803815 ], [ -95.558295770308106, 16.816998919667192 ], [ -95.564672799549811, 16.811207140007934 ], [ -95.569161060210774, 16.779402800199893 ], [ -95.568213380394837, 16.77736505956959 ], [ -95.568119547393252, 16.770783985322915 ], [ -95.573257785218544, 16.771186659436804 ], [ -95.585075547798269, 16.782980007221617 ], [ -95.604166666458454, 16.783333333766414 ], [ -95.604519992103945, 16.785757785493448 ], [ -95.607980007771118, 16.789242215056213 ], [ -95.608686659062002, 16.79409111851043 ], [ -95.616313340788025, 16.801742215031219 ], [ -95.617019992078994, 16.806591118485382 ], [ -95.620480007746153, 16.810075548048154 ], [ -95.621186659037022, 16.819091118460449 ], [ -95.62464667470428, 16.82257554802316 ], [ -95.624886648065768, 16.824222232320643 ], [ -95.625353325995164, 16.827424452376686 ], [ -95.630876498851293, 16.832975260499992 ], [ -95.633333333366636, 16.833333333666459 ], [ -95.635757785093702, 16.833686659311894 ], [ -95.64340888161459, 16.8413133410379 ], [ -95.648257785068708, 16.842019992328893 ], [ -95.666311984510472, 16.860048760741854 ], [ -95.666666666333526, 16.866666666633478 ], [ -95.667019991979089, 16.8732577853186 ], [ -95.670480007646162, 16.876742214881332 ], [ -95.670833333291739, 16.879166666608434 ] ] ] ] } },
{ "type": "Feature", "properties": { "HAS_WS": 3140.681, "ID_WS": "65", "S1_N": 0, "S2_N": 0, "S3_N": 0, "S4_N": 0, "S5_N": 0, "S6_N": 0, "S7_N": 0, "S1_P": 0, "S2_P": 0, "S3_P": 0, "S4_P": 0, "S5_P": 0, "S6_P": 0, "S7_P": 0, "SUM_NUTR": 0 }, "geometry": { "type": "MultiPolygon", "coordinates": [ [ [ [ -95.63909071344807, 16.724364429111816 ], [ -95.642233954233575, 16.728420002980769 ], [ -95.641099378533454, 16.731377156430657 ], [ -95.638067288174838, 16.735289510402655 ], [ -95.636932712474703, 16.743877156405649 ], [ -95.633900621216625, 16.747789510377583 ], [ -95.632766045516618, 16.760543823338832 ], [ -95.621400621241648, 16.772789510327698 ], [ -95.619945949845672, 16.778458319395927 ], [ -95.610289509952921, 16.779733954658333 ], [ -95.606377156880228, 16.782766045016974 ], [ -95.604166666458454, 16.783333333766414 ], [ -95.585075547798269, 16.782980007221617 ], [ -95.573257785218544, 16.771186659436804 ], [ -95.568119547393252, 16.770783985322915 ], [ -95.568087950040265, 16.768567749937223 ], [ -95.581076230001301, 16.75629052032399 ], [ -95.582514709643746, 16.754934910427703 ], [ -95.582553949496685, 16.754894821312714 ], [ -95.582618920314928, 16.7548364009503 ], [ -95.585280120211451, 16.752321350769623 ], [ -95.591416690129321, 16.746330020089328 ], [ -95.600825580315842, 16.739135229847044 ], [ -95.611886170034325, 16.713082150152285 ], [ -95.61214124954256, 16.71223413981901 ], [ -95.612387860446418, 16.711988420199667 ], [ -95.612902460380539, 16.711909569912784 ], [ -95.61329096956932, 16.712132260710941 ], [ -95.613484280276651, 16.712795739770041 ], [ -95.613626539856497, 16.713310750292194 ], [ -95.613807599972702, 16.713963019914296 ], [ -95.614061520407546, 16.714659860788196 ], [ -95.614467429567327, 16.715146800074727 ], [ -95.615269120368211, 16.715626090401358 ], [ -95.616188369791359, 16.71597674046636 ], [ -95.616985629497037, 16.716226140909225 ], [ -95.617512140005019, 16.716745219587519 ], [ -95.617839459971023, 16.717509690463952 ], [ -95.617983800386511, 16.718128170415298 ], [ -95.618056939973997, 16.718782420968004 ], [ -95.618393780219677, 16.719420230083358 ], [ -95.618776690442729, 16.719965060432457 ], [ -95.619471739835163, 16.720503949726069 ], [ -95.619868309837344, 16.721129090291175 ], [ -95.620553319844703, 16.721771689904873 ], [ -95.621100369958739, 16.722117910944863 ], [ -95.622093719476766, 16.721963081284329 ], [ -95.623046429559551, 16.722302220175699 ], [ -95.623709420142802, 16.72278550995502 ], [ -95.624374430425661, 16.723171179589887 ], [ -95.625029109885148, 16.723492260438462 ], [ -95.625495910008368, 16.723425820378186 ], [ -95.626415000256046, 16.723313079841777 ], [ -95.626953219891377, 16.722674019586783 ], [ -95.627309119800401, 16.722037280335098 ], [ -95.63357001963324, 16.721419320169726 ], [ -95.627231449749814, 16.726774630218618 ], [ -95.6265792796559, 16.727178170290159 ], [ -95.62799228961758, 16.730003970068893 ], [ -95.627881570017237, 16.730466279857851 ], [ -95.627927939788606, 16.730983030401159 ], [ -95.628057889552124, 16.730876970373956 ], [ -95.628605259805113, 16.730636449759704 ], [ -95.63909071344807, 16.724364429111816 ] ] ] ] } },
{ "type": "Feature", "properties": { "HAS_WS": 7869.558, "ID_WS": "66", "S1_N": 122, "S2_N": 175, "S3_N": 163, "S4_N": 163, "S5_N": 164, "S6_N": 235, "S7_N": 236, "S1_P": 5077, "S2_P": 6292, "S3_P": 4274, "S4_P": 5181, "S5_P": 5212, "S6_P": 8338, "S7_P": 8254, "SUM_NUTR": 0 }, "geometry": { "type": "MultiPolygon", "coordinates": [ [ [ [ -95.971150302745912, 16.844310687821231 ], [ -95.971400621441546, 16.84804382316397 ], [ -95.973636761691765, 16.850725274864526 ], [ -95.975919426939981, 16.85346238867837 ], [ -95.985543823088946, 16.854733954508443 ], [ -95.989456177060873, 16.857766045766436 ], [ -95.998043823063966, 16.858900621466582 ], [ -96.001956177035851, 16.861932711825233 ], [ -96.018877156955156, 16.863067287525379 ], [ -96.022789510027835, 16.866099378783399 ], [ -96.027210489972092, 16.867233954483499 ], [ -96.03112284304477, 16.870266045741442 ], [ -96.035543822988998, 16.871400621441595 ], [ -96.054300830606081, 16.889355614533184 ], [ -96.054120020022154, 16.889300310407041 ], [ -96.053175149537296, 16.889658420484231 ], [ -96.052494220282867, 16.889839280992334 ], [ -96.05190425996372, 16.889553430702815 ], [ -96.050743539713025, 16.888972520378424 ], [ -96.04960232016154, 16.888612480973034 ], [ -96.038690857195277, 16.88570511654509 ], [ -96.037036505283453, 16.885264234621303 ], [ -96.037036505283396, 16.885264234621328 ], [ -96.030287073281571, 16.883465306554235 ], [ -96.029152194856763, 16.883162793144066 ], [ -96.029152194856721, 16.88316279314413 ], [ -96.026661711536278, 16.882498894498713 ], [ -96.025256546563256, 16.882124293544081 ], [ -96.025256546563213, 16.882124293544145 ], [ -96.020143950881547, 16.880761205838127 ], [ -96.01716803412954, 16.879967693743986 ], [ -96.017065980188917, 16.879940480599473 ], [ -96.016895535986379, 16.879977672576249 ], [ -96.013729590278061, 16.880668466892409 ], [ -96.000000000363102, 16.883663350301447 ], [ -96.000000000363059, 16.883663350301422 ], [ -95.989046770192644, 16.886468140019161 ], [ -95.988280489587979, 16.887558059644157 ], [ -95.987703220277595, 16.888594290579395 ], [ -95.986901890139777, 16.888868450349104 ], [ -95.985895169517079, 16.88909335102009 ], [ -95.985387719727598, 16.889528249627126 ], [ -95.984753889905392, 16.8900833510857 ], [ -95.98329134027486, 16.890510890135271 ], [ -95.982374340433608, 16.891535679932801 ], [ -95.981795340448201, 16.891344089892328 ], [ -95.981442710163876, 16.890876920392863 ], [ -95.981254419762507, 16.890510419601547 ], [ -95.981520819551804, 16.890307549940527 ], [ -95.981400859609167, 16.890003619785354 ], [ -95.980208220088585, 16.890119539630174 ], [ -95.979737249691311, 16.889421890174553 ], [ -95.979470980177481, 16.889214579789822 ], [ -95.979339919614787, 16.888961480400347 ], [ -95.97947631967142, 16.888684999713249 ], [ -95.979312030021049, 16.888379259620201 ], [ -95.978860690095246, 16.888138850160249 ], [ -95.978384950331602, 16.888051229981514 ], [ -95.977869719996193, 16.887807120429638 ], [ -95.977738000147667, 16.887365979787095 ], [ -95.977623860203934, 16.886905950414342 ], [ -95.97735834029902, 16.886681580276623 ], [ -95.976672290188233, 16.886935820021417 ], [ -95.976136919802244, 16.886179259586275 ], [ -95.975797780040821, 16.885992279742375 ], [ -95.975666199552734, 16.885140970351195 ], [ -95.975666199552762, 16.885140970351131 ], [ -95.975202649553339, 16.884556849578196 ], [ -95.97499742581968, 16.884441153755638 ], [ -95.974321603347661, 16.884060154572627 ], [ -95.974321603347605, 16.884060154572651 ], [ -95.974170769827481, 16.88397512008196 ], [ -95.97420464591633, 16.883654059185819 ], [ -95.974204645916302, 16.883654059185794 ], [ -95.974291970425298, 16.882826429763956 ], [ -95.973724950352519, 16.881778060453783 ], [ -95.973022259943008, 16.881353150359725 ], [ -95.973022259943036, 16.881353150359661 ], [ -95.972820740162874, 16.880883569623794 ], [ -95.972017140329811, 16.880127320257245 ], [ -95.971605340374353, 16.879265970374465 ], [ -95.97160534037431, 16.879265970374494 ], [ -95.970599079668986, 16.87903109036197 ], [ -95.969752829934919, 16.87807393960049 ], [ -95.969031637241088, 16.877949645755283 ], [ -95.969022549638524, 16.877948079765321 ], [ -95.969018886913133, 16.877950525778957 ], [ -95.969018886913105, 16.877950525778985 ], [ -95.968572969617696, 16.878248320044818 ], [ -95.968355246546693, 16.878504108754854 ], [ -95.968355246546736, 16.878504108754903 ], [ -95.968094850099732, 16.878810030129412 ], [ -95.967209400096735, 16.878953580073325 ], [ -95.966309349947764, 16.87861804966499 ], [ -95.966222829892303, 16.877956550305882 ], [ -95.965966580017394, 16.877724000423907 ], [ -95.965415570317148, 16.8775307503367 ], [ -95.964925370240024, 16.877518709598377 ], [ -95.964645650052589, 16.876902120437286 ], [ -95.964399710308555, 16.876805229867866 ], [ -95.964276710405031, 16.877280310440373 ], [ -95.964508110251202, 16.87961908982642 ], [ -95.965171679971746, 16.880354200206448 ], [ -95.966281449550422, 16.882540169819904 ], [ -95.967630459590694, 16.886313740029557 ], [ -95.967809020268149, 16.887542519828799 ], [ -95.968580799724904, 16.888518909767484 ], [ -95.968580799724876, 16.888518909767534 ], [ -95.968654479926997, 16.889500630388817 ], [ -95.968521220036777, 16.890440619688132 ], [ -95.967718650262341, 16.891764089812273 ], [ -95.966985479830683, 16.895506340205984 ], [ -95.967455289879581, 16.896608600300841 ], [ -95.969050290064118, 16.898822140245048 ], [ -95.96998653971059, 16.899604079968334 ], [ -95.97099741984681, 16.901001400122375 ], [ -95.970286660009435, 16.906767879987765 ], [ -95.968385920439971, 16.909154060083228 ], [ -95.9654559803285, 16.916827480171591 ], [ -95.963473319561274, 16.918777740189832 ], [ -95.959713779572198, 16.922352419746954 ], [ -95.957523000459588, 16.923816319992557 ], [ -95.957858510328805, 16.92791244981446 ], [ -95.953208447907954, 16.934148660514758 ], [ -95.953195021133283, 16.934101698034983 ], [ -95.941049024892564, 16.932333712730717 ], [ -95.942284308474072, 16.918673027937928 ], [ -95.946450975432185, 16.912969292798689 ], [ -95.945215691850663, 16.910339694921085 ], [ -95.941049024892564, 16.904635958882427 ], [ -95.942284308474029, 16.893673027987923 ], [ -95.945278083216948, 16.889574856094779 ], [ -95.933888584090795, 16.877091810138982 ], [ -95.93811764151593, 16.871302625915568 ], [ -95.936882357934493, 16.868673028037879 ], [ -95.933950975457151, 16.864660305228956 ], [ -95.932715691875657, 16.85617302806288 ], [ -95.929784308498967, 16.852160305253967 ], [ -95.92854902491753, 16.847839694146675 ], [ -95.925617641540896, 16.843826972237071 ], [ -95.924382357959459, 16.839506361129736 ], [ -95.913117641565847, 16.827160305303881 ], [ -95.911411709482792, 16.821193780168908 ], [ -95.897993469323168, 16.80895080553535 ], [ -95.884319559999653, 16.807616170250178 ], [ -95.882715691076271, 16.802006361204626 ], [ -95.879784308598914, 16.797993638395759 ], [ -95.879166666808189, 16.787499999825172 ], [ -95.879166666808203, 16.78333333376635 ], [ -95.879166666808175, 16.779166666808301 ], [ -95.883333333766302, 16.77916666680834 ], [ -95.885757785493354, 16.779519992453757 ], [ -95.897575548073078, 16.791313341137791 ], [ -95.89999999980013, 16.791666666783271 ], [ -95.902210490221989, 16.792233954633378 ], [ -95.906122843294568, 16.79526604589141 ], [ -95.910543823238839, 16.796400621591481 ], [ -95.914456176311475, 16.799432711950143 ], [ -95.915206029073374, 16.799625160375694 ], [ -95.918877156255775, 16.800567287650278 ], [ -95.92114466835848, 16.802324645950009 ], [ -95.922789510227702, 16.803599378908249 ], [ -95.925084898715582, 16.80418847304546 ], [ -95.927210490171987, 16.804733954608409 ], [ -95.93112284324458, 16.807766045866366 ], [ -95.939710490147007, 16.808900621566476 ], [ -95.943622843219643, 16.811932711925206 ], [ -95.9480438231639, 16.813067287625312 ], [ -95.95195617713587, 16.816099378883315 ], [ -95.957482401391729, 16.817517428986225 ], [ -95.958900621466483, 16.823043823213936 ], [ -95.962895881239945, 16.828198920643732 ], [ -95.970195685482494, 16.830072360451176 ], [ -95.971150302745912, 16.844310687821231 ] ] ] ] } },
{ "type": "Feature", "properties": { "HAS_WS": 5551.464, "ID_WS": "67", "S1_N": 460, "S2_N": 498, "S3_N": 587, "S4_N": 587, "S5_N": 852, "S6_N": 990, "S7_N": 798, "S1_P": 16359, "S2_P": 16823, "S3_P": 20381, "S4_P": 20381, "S5_P": 24951, "S6_P": 27244, "S7_P": 20259, "SUM_NUTR": 0 }, "geometry": { "type": "MultiPolygon", "coordinates": [ [ [ [ -96.496919093460761, 16.351287067642829 ], [ -96.495437282804389, 16.353198920693703 ], [ -96.488161214368489, 16.355066256802303 ], [ -96.487500000424632, 16.362499999775189 ], [ -96.475776502983194, 16.361780123953604 ], [ -96.474999999550292, 16.354166666758324 ], [ -96.470833333491512, 16.354166666758388 ], [ -96.470833333491484, 16.351767309168142 ], [ -96.470833333491512, 16.349999999800215 ], [ -96.474192301333645, 16.349138048182439 ], [ -96.475567288299686, 16.34288160500218 ], [ -96.470833333491498, 16.341666666783276 ], [ -96.470647707984469, 16.33549025084217 ], [ -96.470266045641424, 16.322789510327716 ], [ -96.467135280768588, 16.318750000312335 ], [ -96.471400621341587, 16.313246663802577 ], [ -96.470266045641424, 16.310289510352703 ], [ -96.463067287425403, 16.302210490321922 ], [ -96.461932711725268, 16.285289510402603 ], [ -96.457766045666432, 16.279913329936267 ], [ -96.459340074185022, 16.275811089510277 ], [ -96.466931152650531, 16.273862711894665 ], [ -96.461932711725268, 16.26741332996124 ], [ -96.463067287425389, 16.256122843494467 ], [ -96.466198052298225, 16.252083333479135 ], [ -96.463067287425375, 16.248043823463732 ], [ -96.462423859342337, 16.245536317921971 ], [ -96.464346598879473, 16.241022089897282 ], [ -96.464354168693447, 16.241065710037219 ], [ -96.465816860263857, 16.238377570152537 ], [ -96.476908519555607, 16.231749769750291 ], [ -96.477313419858191, 16.231913940524208 ], [ -96.477331109405924, 16.232037721126598 ], [ -96.477403018732829, 16.232540979959005 ], [ -96.477448289401195, 16.232857910143764 ], [ -96.477470689053376, 16.232938181211853 ], [ -96.477602398696888, 16.2334102000159 ], [ -96.47762193992078, 16.233480250831644 ], [ -96.477704480308475, 16.233737509752068 ], [ -96.477798370455886, 16.234030149735979 ], [ -96.477905049120906, 16.234362649894038 ], [ -96.477947398959373, 16.234494680753983 ], [ -96.478111949277618, 16.234925060145194 ], [ -96.478145849662667, 16.235013710227229 ], [ -96.478243028625414, 16.235329340405354 ], [ -96.478273618920582, 16.235428650647496 ], [ -96.47876256860873, 16.235954430983984 ], [ -96.479110050075263, 16.236379661105317 ], [ -96.479231720084201, 16.236528580310448 ], [ -96.479353850314453, 16.236671629676263 ], [ -96.479925799501459, 16.237341620395178 ], [ -96.479953168895335, 16.237373680599116 ], [ -96.480151970078836, 16.237575120394691 ], [ -96.480551749085038, 16.237980220051654 ], [ -96.48061641960679, 16.238045750709503 ], [ -96.480808880371654, 16.238242090023384 ], [ -96.481104519047705, 16.238543690232948 ], [ -96.481173000174877, 16.238613569697044 ], [ -96.481509168768255, 16.238893949891438 ], [ -96.481896689658356, 16.239217169777106 ], [ -96.4822260596886, 16.239346999594787 ], [ -96.482313488946701, 16.23938146060809 ], [ -96.482699178952771, 16.239676090574193 ], [ -96.482800198682995, 16.239753250218129 ], [ -96.483489880380219, 16.240149581348064 ], [ -96.483994090078184, 16.241176340019088 ], [ -96.48411315001448, 16.241418780390209 ], [ -96.484148275303838, 16.241490317231545 ], [ -96.484158779730848, 16.24151171074886 ], [ -96.484284848906228, 16.242122091088731 ], [ -96.484298458627407, 16.242255420685197 ], [ -96.484350709785289, 16.242766540932671 ], [ -96.484436228589516, 16.242888750802464 ], [ -96.48463393988871, 16.243171230143947 ], [ -96.484646349609804, 16.243186711018801 ], [ -96.485010599132934, 16.243640579616546 ], [ -96.485153998628505, 16.243819260114154 ], [ -96.485432749232828, 16.244080859936147 ], [ -96.485734739900948, 16.244364251252151 ], [ -96.485884830193797, 16.244603449764369 ], [ -96.486111780215666, 16.244965151008145 ], [ -96.486299369181523, 16.245212750116711 ], [ -96.486655109209664, 16.245682290327306 ], [ -96.486799578625835, 16.245860941027054 ], [ -96.48705407969382, 16.246175650881046 ], [ -96.487104348562198, 16.246237801148279 ], [ -96.487155879703977, 16.246371970219016 ], [ -96.487207919339127, 16.246507489673633 ], [ -96.487232799576105, 16.246572279804891 ], [ -96.487322419976891, 16.247239941183949 ], [ -96.487408220009613, 16.247504600195587 ], [ -96.487531709537976, 16.247885460834286 ], [ -96.487607598949822, 16.248347920796167 ], [ -96.487645060353245, 16.248576259815419 ], [ -96.487647580048815, 16.248877981293298 ], [ -96.48765079889607, 16.249266250175715 ], [ -96.487660319065981, 16.249383290979054 ], [ -96.487679254831562, 16.249616224029591 ], [ -96.487693830027609, 16.249795521056047 ], [ -96.487809909751761, 16.250175911256136 ], [ -96.487930599437675, 16.250349150461151 ], [ -96.48830797031404, 16.250890920384599 ], [ -96.489260818717469, 16.250321289790872 ], [ -96.491610259885221, 16.250149061152573 ], [ -96.494967279152164, 16.249342060343302 ], [ -96.497487779551832, 16.248756940049859 ], [ -96.500999969418473, 16.246812780814729 ], [ -96.501718312239746, 16.246304259616611 ], [ -96.500468614634826, 16.247916666520986 ], [ -96.503599378608413, 16.251956176536474 ], [ -96.504292815939834, 16.267392209914867 ], [ -96.504733954308506, 16.277210489472619 ], [ -96.507766045566598, 16.281122843444567 ], [ -96.508900621266605, 16.285543823388796 ], [ -96.509030564184243, 16.285711495851693 ], [ -96.511932712524697, 16.289456176461449 ], [ -96.512122393998524, 16.294827615328206 ], [ -96.512682235253422, 16.310679229784178 ], [ -96.513067288224804, 16.321579996819398 ], [ -96.508900621266591, 16.32695617638657 ], [ -96.507766045566584, 16.335543823288884 ], [ -96.500567288249698, 16.343622843319633 ], [ -96.499432712549606, 16.348043823263918 ], [ -96.496919093460761, 16.351287067642829 ] ], [ [ -96.512288699967954, 16.310049023186465 ], [ -96.512283600209585, 16.310043480112181 ], [ -96.512268955041208, 16.31004829322513 ], [ -96.512283600173873, 16.310043481013 ], [ -96.512288699967954, 16.310049023186465 ] ], [ [ -96.498058248265266, 16.338019800213324 ], [ -96.498058222679106, 16.338019809189849 ], [ -96.497990884729745, 16.338045758923375 ], [ -96.497990860004961, 16.338045769736407 ], [ -96.497990859882975, 16.338045770232345 ], [ -96.497990883760835, 16.338045759789875 ], [ -96.498058222643294, 16.338019810090703 ], [ -96.498058248265266, 16.338019800213324 ] ], [ [ -96.49005684704612, 16.349448023095867 ], [ -96.490056819662797, 16.349448030200008 ], [ -96.490056790484971, 16.349448035433095 ], [ -96.490056818693759, 16.349448031066366 ], [ -96.49005684704612, 16.349448023095867 ] ] ] ] } },
{ "type": "Feature", "properties": { "HAS_WS": 1876.743, "ID_WS": "68", "S1_N": 160, "S2_N": 237, "S3_N": 282, "S4_N": 282, "S5_N": 306, "S6_N": 592, "S7_N": 348, "S1_P": 7208, "S2_P": 9581, "S3_P": 14288, "S4_P": 11421, "S5_P": 12399, "S6_P": 16825, "S7_P": 9317, "SUM_NUTR": 0 }, "geometry": { "type": "MultiPolygon", "coordinates": [ [ [ [ -96.347737405080252, 16.262988668213332 ], [ -96.348043823263822, 16.263067287825113 ], [ -96.357413737354051, 16.271416218683651 ], [ -96.35890062156642, 16.277210489472559 ], [ -96.370266045841333, 16.289456176461425 ], [ -96.371400621541369, 16.292413329911316 ], [ -96.367233954583341, 16.297789510377605 ], [ -96.366099378883192, 16.302210490321897 ], [ -96.363067287625199, 16.306122843394597 ], [ -96.361932711925064, 16.310543823338847 ], [ -96.358900621566391, 16.314456176411451 ], [ -96.357766045866327, 16.3188771563557 ], [ -96.354733954608307, 16.322789510327731 ], [ -96.354166666758189, 16.324999999850203 ], [ -96.3519561763365, 16.324432712000103 ], [ -96.334345161000314, 16.307766045066991 ], [ -96.329579332420209, 16.309444172810391 ], [ -96.321400621641359, 16.31862284336961 ], [ -96.320266045041976, 16.323043823313903 ], [ -96.317233954683246, 16.326956176386457 ], [ -96.31581590458029, 16.332482571513559 ], [ -96.312499999875087, 16.333333333766426 ], [ -96.310255461951755, 16.333234826126546 ], [ -96.310305218585711, 16.333037290666109 ], [ -96.310465378791392, 16.33282692126912 ], [ -96.310625708879002, 16.332606450888488 ], [ -96.310618139990709, 16.332393940903923 ], [ -96.31052820026693, 16.332069109994542 ], [ -96.310281118879743, 16.331732180472038 ], [ -96.309992659937947, 16.331354260118236 ], [ -96.309734429351408, 16.331061980912573 ], [ -96.309375218748258, 16.330490971097529 ], [ -96.309263620105014, 16.330216449902796 ], [ -96.309133520150482, 16.329759620546398 ], [ -96.309089549549029, 16.329142060251929 ], [ -96.309127000184816, 16.328727120043986 ], [ -96.309144949019327, 16.32856551121435 ], [ -96.309242289289926, 16.328349290211367 ], [ -96.309213179763034, 16.328176950346048 ], [ -96.309414649139867, 16.32801446029206 ], [ -96.309774798955189, 16.327751020615935 ], [ -96.309918549735784, 16.327591020282746 ], [ -96.310031149301267, 16.327410379943245 ], [ -96.310033429911144, 16.32724352058111 ], [ -96.309889118745176, 16.327059621296982 ], [ -96.309707109068171, 16.326951089571811 ], [ -96.309438629644987, 16.326910820614664 ], [ -96.309321720291834, 16.32714537045926 ], [ -96.3091364798223, 16.32745196979705 ], [ -96.30895287934483, 16.327637710318292 ], [ -96.308535120266157, 16.327632369763894 ], [ -96.308119029695092, 16.327506150481366 ], [ -96.307948319831155, 16.327379249851468 ], [ -96.307648280113398, 16.32645385058872 ], [ -96.307805779971233, 16.325970720585712 ], [ -96.307948709045036, 16.325703879774565 ], [ -96.307812419857072, 16.325487200034221 ], [ -96.307534278911064, 16.325456779932942 ], [ -96.307295418796997, 16.325365489573279 ], [ -96.306206719928738, 16.322007740631562 ], [ -96.30780719956087, 16.321920979632015 ], [ -96.308191120326228, 16.321320050795691 ], [ -96.311152059490951, 16.320801940624648 ], [ -96.317271049614646, 16.312631629953948 ], [ -96.317558089182199, 16.312347949566774 ], [ -96.32216146002655, 16.304634771200874 ], [ -96.325631220032065, 16.298820421247033 ], [ -96.327198939252682, 16.300271050175756 ], [ -96.327448549684519, 16.299853480882124 ], [ -96.328673709207237, 16.298151820814194 ], [ -96.329872218811275, 16.296702861013461 ], [ -96.330769059751063, 16.295527021200815 ], [ -96.331463738988006, 16.294245821182145 ], [ -96.332031890032823, 16.292457679963821 ], [ -96.332556119535028, 16.291126140002842 ], [ -96.332574419337035, 16.291060400349195 ], [ -96.332791380050381, 16.290682820667644 ], [ -96.333434249291457, 16.289780460091993 ], [ -96.333534369581159, 16.289712321092409 ], [ -96.334095419102042, 16.289591480989916 ], [ -96.334430119110849, 16.289521460926711 ], [ -96.334776979142532, 16.289520339940406 ], [ -96.335326579255067, 16.289346180217851 ], [ -96.335744320333575, 16.289103370319701 ], [ -96.336114649476173, 16.288964260697853 ], [ -96.336497109789221, 16.288882570869784 ], [ -96.336879969008251, 16.288915850099357 ], [ -96.337167369847307, 16.289018459795052 ], [ -96.337490689565797, 16.289132460983943 ], [ -96.338006109873277, 16.289441350442555 ], [ -96.338365858688803, 16.289704650032743 ], [ -96.338916682857047, 16.289939251845301 ], [ -96.338928769284138, 16.289944400694921 ], [ -96.339478689838458, 16.289850719616613 ], [ -96.339717600153051, 16.289769481105829 ], [ -96.339825109850963, 16.289723140909668 ], [ -96.339880384385339, 16.28962014061624 ], [ -96.339979650343849, 16.289435171309655 ], [ -96.340313649106704, 16.289181080533591 ], [ -96.340491889030247, 16.288847080287713 ], [ -96.340705030026896, 16.288213920985143 ], [ -96.341037579376973, 16.287545981226952 ], [ -96.341143570037218, 16.287051111349847 ], [ -96.341213250018924, 16.286452920262501 ], [ -96.341319539190408, 16.286073119638107 ], [ -96.341366999554765, 16.285958021030993 ], [ -96.341533378672182, 16.285658540610456 ], [ -96.341693628880208, 16.285652631172862 ], [ -96.342215059605266, 16.285633350866526 ], [ -96.343016060407436, 16.285538859728181 ], [ -96.343600849060579, 16.285146029705107 ], [ -96.344459768712227, 16.284499320302814 ], [ -96.345342948725175, 16.283967629509668 ], [ -96.345843169816206, 16.283368079946715 ], [ -96.346115709753789, 16.282619690601845 ], [ -96.346341119510086, 16.282101581231395 ], [ -96.346469219697809, 16.281100660372768 ], [ -96.346635380396648, 16.280732179606222 ], [ -96.346861368975539, 16.280386489896589 ], [ -96.347027908626032, 16.280121511204623 ], [ -96.347099120267785, 16.279971751312143 ], [ -96.347241980305427, 16.279764290531357 ], [ -96.347240460201704, 16.279327400331201 ], [ -96.347215198964221, 16.27895949088861 ], [ -96.347202580141058, 16.278763969876756 ], [ -96.347165508961737, 16.278419119986303 ], [ -96.347129019433567, 16.278246799774639 ], [ -96.347104489729148, 16.278074339721041 ], [ -96.347305489641045, 16.277395250995308 ], [ -96.347436139349782, 16.277130350128427 ], [ -96.347542348867165, 16.276727521296895 ], [ -96.347708568712918, 16.276382059686171 ], [ -96.347838109319071, 16.275795179690508 ], [ -96.347943478731892, 16.275162381226504 ], [ -96.34812055012263, 16.274494820001035 ], [ -96.348190598628989, 16.274000121001865 ], [ -96.348200688871756, 16.273471169831446 ], [ -96.348161690308672, 16.272585830263505 ], [ -96.348124519376213, 16.272206480564183 ], [ -96.34802797891966, 16.271965290466753 ], [ -96.347763678646572, 16.271621110795866 ], [ -96.347582999397972, 16.27125368959172 ], [ -96.347294619949665, 16.270863689831792 ], [ -96.347113939496879, 16.270496261282499 ], [ -96.347052430251381, 16.270013460310626 ], [ -96.347039110092837, 16.269634060824291 ], [ -96.347062459940474, 16.269461480710611 ], [ -96.347179659139158, 16.268782680436139 ], [ -96.347309908892228, 16.268414280856764 ], [ -96.347524508948339, 16.268218090416951 ], [ -96.34910646017758, 16.265740680988863 ], [ -96.349003419181784, 16.265672480582893 ], [ -96.348761509889812, 16.265249089661857 ], [ -96.348496380186688, 16.264894890005312 ], [ -96.348167459937329, 16.26405836980652 ], [ -96.347802109124714, 16.263141659794847 ], [ -96.347737405080252, 16.262988668213332 ] ] ] ] } },
{ "type": "Feature", "properties": { "HAS_WS": 1478.517, "ID_WS": "69", "S1_N": 179, "S2_N": 236, "S3_N": 236, "S4_N": 236, "S5_N": 236, "S6_N": 386, "S7_N": 386, "S1_P": 6319, "S2_P": 7118, "S3_P": 7118, "S4_P": 7118, "S5_P": 7115, "S6_P": 9857, "S7_P": 9857, "SUM_NUTR": 0 }, "geometry": { "type": "MultiPolygon", "coordinates": [ [ [ [ -96.779407438883624, 16.542106708213865 ], [ -96.77695617638642, 16.542233954233673 ], [ -96.76875881636623, 16.549538166952949 ], [ -96.764710490296835, 16.5464006211918 ], [ -96.760289510352607, 16.545266045491676 ], [ -96.752210490321801, 16.538067288174933 ], [ -96.746684095194809, 16.536649238071913 ], [ -96.745266045091839, 16.531122843844198 ], [ -96.742233954733223, 16.527210489872221 ], [ -96.741099379033074, 16.522789509928046 ], [ -96.738067287775095, 16.518877156855382 ], [ -96.736649237672211, 16.513350762627589 ], [ -96.730017429160952, 16.511649238121894 ], [ -96.729166666908114, 16.508333333416697 ], [ -96.731377156430611, 16.507766045566651 ], [ -96.736532253860389, 16.503770616720708 ], [ -96.738067287775095, 16.497789509977942 ], [ -96.742062716621092, 16.492634412548185 ], [ -96.748043823363716, 16.4910993786335 ], [ -96.750417488991189, 16.488984452107125 ], [ -96.752762969663451, 16.49075270994436 ], [ -96.752743599795778, 16.49167263026149 ], [ -96.752696660211228, 16.493901570298814 ], [ -96.752678719635796, 16.494753079539134 ], [ -96.75266108026571, 16.495590949972577 ], [ -96.752619480124508, 16.497565740336071 ], [ -96.752594779922305, 16.498738319575267 ], [ -96.752568219645369, 16.500000029551444 ], [ -96.752549770171981, 16.500875620439221 ], [ -96.752606049815554, 16.501990720339379 ], [ -96.752641769668017, 16.50269845987394 ], [ -96.754574379694347, 16.503783720117898 ], [ -96.755988950254832, 16.504578050009378 ], [ -96.756538319665452, 16.504886519943593 ], [ -96.757958710418407, 16.505684079729551 ], [ -96.758137490112745, 16.506146779688951 ], [ -96.758514555722897, 16.507122575960075 ], [ -96.759419690406133, 16.50946488982045 ], [ -96.759508249592827, 16.509694079916102 ], [ -96.759744463948863, 16.510305355276188 ], [ -96.759760214478987, 16.510346114540553 ], [ -96.759786780079992, 16.510414860074849 ], [ -96.759840629924511, 16.510554250095186 ], [ -96.76024606283562, 16.511603421057451 ], [ -96.760268281140554, 16.511660917060436 ], [ -96.760346519972984, 16.511863379641788 ], [ -96.761271283441246, 16.514256436642128 ], [ -96.761623830181293, 16.5151687197569 ], [ -96.761952849956373, 16.516020080380439 ], [ -96.762785179588988, 16.518173849595282 ], [ -96.764104570279542, 16.52158777038397 ], [ -96.764400830358184, 16.522354380334281 ], [ -96.764636280050794, 16.522827479899082 ], [ -96.765305720167717, 16.523005309888021 ], [ -96.765795650031308, 16.523158719705613 ], [ -96.766265049534212, 16.522921280224246 ], [ -96.766993430195953, 16.523202980434405 ], [ -96.767447509648946, 16.523344629616201 ], [ -96.767938650242485, 16.523360089672696 ], [ -96.768485819857844, 16.523812769780925 ], [ -96.768625339663799, 16.524296579753795 ], [ -96.769052910139209, 16.524725309993141 ], [ -96.769735140253047, 16.524811289640279 ], [ -96.770353540003939, 16.525333479744557 ], [ -96.770876109637186, 16.52586637974288 ], [ -96.771410569579828, 16.526399399727165 ], [ -96.772327370052054, 16.527061910040064 ], [ -96.77296988966549, 16.527572780434276 ], [ -96.773339150017591, 16.527828580217449 ], [ -96.774400919748771, 16.528828370083392 ], [ -96.771666029721388, 16.53414154035573 ], [ -96.770931749623529, 16.535864999780401 ], [ -96.776894369845422, 16.539927369597937 ], [ -96.778006540149605, 16.540891849628586 ], [ -96.779407438883624, 16.542106708213865 ] ] ] ] } },
{ "type": "Feature", "properties": { "HAS_WS": 13891.357, "ID_WS": "70", "S1_N": 2988, "S2_N": 3170, "S3_N": 3322, "S4_N": 3322, "S5_N": 3322, "S6_N": 2898, "S7_N": 2644, "S1_P": 80534, "S2_P": 81555, "S3_P": 87153, "S4_P": 87153, "S5_P": 87147, "S6_P": 74891, "S7_P": 67156, "SUM_NUTR": 0 }, "geometry": { "type": "MultiPolygon", "coordinates": [ [ [ [ -96.625078943144544, 16.297838305691155 ], [ -96.626742214481553, 16.296186659486846 ], [ -96.639924451851925, 16.295480007296579 ], [ -96.643750677751527, 16.291680569502727 ], [ -96.651742214431636, 16.299646674254689 ], [ -96.660757785743172, 16.300353325545611 ], [ -96.664584011642802, 16.304153103283138 ], [ -96.66862115448032, 16.300124604850883 ], [ -96.676742214381676, 16.29201999252879 ], [ -96.691666666983068, 16.291666666883266 ], [ -96.691666666983096, 16.295833332942081 ], [ -96.691049194264821, 16.29799363849569 ], [ -96.68811747274313, 16.302006361304578 ], [ -96.686705864484011, 16.311705865233517 ], [ -96.675735134668713, 16.313302612425741 ], [ -96.674382527331744, 16.327160305403829 ], [ -96.66311747189377, 16.339506361229617 ], [ -96.661882527356738, 16.352160305353859 ], [ -96.658950805835005, 16.356173028162843 ], [ -96.658490884483101, 16.367092934405608 ], [ -96.658333333116815, 16.370833333691468 ], [ -96.65897623686385, 16.381301541233203 ], [ -96.661898125198306, 16.385422769944949 ], [ -96.650642903846915, 16.397865126074791 ], [ -96.649357096352915, 16.410468207242083 ], [ -96.646439615595767, 16.414583333154287 ], [ -96.650642903846929, 16.420511542673619 ], [ -96.649357096352873, 16.422968207217046 ], [ -96.646476236888802, 16.427031792982909 ], [ -96.645190429394802, 16.435468207192063 ], [ -96.64230956993066, 16.439531792957954 ], [ -96.640895250215578, 16.453395249691081 ], [ -96.633333333166817, 16.45416666655845 ], [ -96.631122843644334, 16.45359937870845 ], [ -96.627210489672407, 16.450567287450397 ], [ -96.621684095444621, 16.449149237347459 ], [ -96.619933743147698, 16.442327880527355 ], [ -96.612500000174805, 16.441666666583455 ], [ -96.611932712324858, 16.435289510102852 ], [ -96.608900621066823, 16.431377156130939 ], [ -96.607766045366674, 16.422789510127828 ], [ -96.60473395410871, 16.418877156155872 ], [ -96.603599378408589, 16.414456177110978 ], [ -96.600567288049874, 16.410543823139037 ], [ -96.599291652787528, 16.400887383246197 ], [ -96.5923750136959, 16.399112617053678 ], [ -96.591099378433555, 16.389456177160945 ], [ -96.583900621116811, 16.381377156230801 ], [ -96.582766045416648, 16.372789510227868 ], [ -96.579733954158655, 16.368877156255845 ], [ -96.578464762538701, 16.359269884097881 ], [ -96.556377156780314, 16.338067287675276 ], [ -96.550850762552614, 16.336649237572374 ], [ -96.549432712449729, 16.331122843344563 ], [ -96.546400621191651, 16.327210490272009 ], [ -96.544982571088724, 16.321684096044233 ], [ -96.538085937416085, 16.319914415517999 ], [ -96.537500000324727, 16.287499999925103 ], [ -96.539710489847195, 16.288067287775213 ], [ -96.543622843819179, 16.291099379033174 ], [ -96.54804382286413, 16.292233954733256 ], [ -96.551956176836043, 16.295266045091989 ], [ -96.556377156780343, 16.296400620792049 ], [ -96.565747069971309, 16.304749552549847 ], [ -96.567517428586456, 16.311649237622287 ], [ -96.573043822814142, 16.313067287725154 ], [ -96.578198920243992, 16.317062716571243 ], [ -96.580046250933762, 16.324261135742852 ], [ -96.58824666325286, 16.32556728770027 ], [ -96.593622843719231, 16.321400621641484 ], [ -96.595833333241686, 16.3208333328921 ], [ -96.5958333332417, 16.316666666833342 ], [ -96.598257784968752, 16.316313341187854 ], [ -96.614242214506575, 16.300353325545597 ], [ -96.623257785818112, 16.299646674254728 ], [ -96.625078943144544, 16.297838305691155 ] ], [ [ -96.61654892545522, 16.35707594212996 ], [ -96.616475537862954, 16.357022168296183 ], [ -96.616473516193665, 16.357020686568447 ], [ -96.616475536894654, 16.357022169163372 ], [ -96.61654892545522, 16.35707594212996 ] ], [ [ -96.6137619635021, 16.355236374765308 ], [ -96.613765297418084, 16.355229877661074 ], [ -96.613767661650044, 16.355225268989653 ], [ -96.613765296449856, 16.355229878528277 ], [ -96.6137619635021, 16.355236374765308 ] ] ] ] } },
{ "type": "Feature", "properties": { "HAS_WS": 14909.766, "ID_WS": "71", "S1_N": 1515, "S2_N": 2027, "S3_N": 2206, "S4_N": 2206, "S5_N": 2446, "S6_N": 2077, "S7_N": 1332, "S1_P": 43240, "S2_P": 54967, "S3_P": 64618, "S4_P": 65487, "S5_P": 70663, "S6_P": 60689, "S7_P": 34527, "SUM_NUTR": 0 }, "geometry": { "type": "MultiPolygon", "coordinates": [ [ [ [ -96.718949780396429, 16.287335829652537 ], [ -96.716960857262038, 16.288652488806417 ], [ -96.715762429977829, 16.289445819646318 ], [ -96.712168620065285, 16.291103850396226 ], [ -96.710452402835969, 16.291870861658445 ], [ -96.705908881289815, 16.292019992528775 ], [ -96.702424451727012, 16.295480007296554 ], [ -96.691666666983096, 16.295833332942081 ], [ -96.691666666983068, 16.291666666883266 ], [ -96.676742214381676, 16.29201999252879 ], [ -96.66862115448032, 16.300124604850883 ], [ -96.664584011642802, 16.304153103283138 ], [ -96.660757785743172, 16.300353325545611 ], [ -96.651742214431636, 16.299646674254689 ], [ -96.643750677751527, 16.291680569502727 ], [ -96.639924451851925, 16.295480007296579 ], [ -96.626742214481553, 16.296186659486846 ], [ -96.625078943144544, 16.297838305691155 ], [ -96.623257785818112, 16.299646674254728 ], [ -96.614242214506575, 16.300353325545597 ], [ -96.598257784968752, 16.316313341187854 ], [ -96.5958333332417, 16.316666666833342 ], [ -96.595833333241686, 16.3208333328921 ], [ -96.593622843719231, 16.321400621641484 ], [ -96.58824666325286, 16.32556728770027 ], [ -96.580046250933762, 16.324261135742852 ], [ -96.578198920243992, 16.317062716571243 ], [ -96.573043822814142, 16.313067287725154 ], [ -96.567517428586456, 16.311649237622287 ], [ -96.565747069971309, 16.304749552549847 ], [ -96.556377156780343, 16.296400620792049 ], [ -96.551956176836043, 16.295266045091989 ], [ -96.54804382286413, 16.292233954733256 ], [ -96.543622843819179, 16.291099379033174 ], [ -96.539710489847195, 16.288067287775213 ], [ -96.537500000324727, 16.287499999925103 ], [ -96.537146674679306, 16.27257554822301 ], [ -96.533686659012048, 16.269091118660253 ], [ -96.532980007721221, 16.264242214306808 ], [ -96.528813340763051, 16.260046386831377 ], [ -96.529519992053935, 16.255908881289869 ], [ -96.533686659012076, 16.251713053814441 ], [ -96.533074142143917, 16.248126726026044 ], [ -96.53488077979911, 16.25136818011628 ], [ -96.535108020431124, 16.251367220393853 ], [ -96.53528790998152, 16.251481489641353 ], [ -96.535467579806351, 16.251538340245986 ], [ -96.535683650403868, 16.251721419880646 ], [ -96.535935449782158, 16.251858400429828 ], [ -96.536113660339225, 16.251604679740876 ], [ -96.536315849976319, 16.251339290303129 ], [ -96.536602449585644, 16.251234600358057 ], [ -96.536794620073096, 16.25142932010079 ], [ -96.536986660143967, 16.251566620011946 ], [ -96.537119779740507, 16.251922620225663 ], [ -96.537371950408485, 16.252151549620862 ], [ -96.53762312006937, 16.252150509748176 ], [ -96.53775079965574, 16.251787049637663 ], [ -96.538065170316898, 16.250892139771882 ], [ -96.538099420447395, 16.250684449661961 ], [ -96.538451309588169, 16.250495620218263 ], [ -96.538763309784102, 16.250441850011772 ], [ -96.539145429882822, 16.25049073991098 ], [ -96.539551450135235, 16.250528340121587 ], [ -96.539945580306707, 16.250565820164173 ], [ -96.54048445973001, 16.250454920202465 ], [ -96.541204910155173, 16.250080849828144 ], [ -96.541636310420799, 16.249957690319977 ], [ -96.542555999576805, 16.250045079988926 ], [ -96.542973649768058, 16.250117229562132 ], [ -96.54374105967355, 16.249847120304327 ], [ -96.544126690234066, 16.249493540175223 ], [ -96.544486369896603, 16.249369720346781 ], [ -96.54518099967828, 16.249214019881155 ], [ -96.54551603000408, 16.249170490145868 ], [ -96.546325380315707, 16.249567569800377 ], [ -96.54657428042492, 16.249811019697038 ], [ -96.546763769928631, 16.250019429676907 ], [ -96.546964029832267, 16.250354350224629 ], [ -96.547548480042053, 16.250496799894506 ], [ -96.547946260071754, 16.250120320236441 ], [ -96.548140709851481, 16.24975375014451 ], [ -96.548549780402951, 16.249446419843714 ], [ -96.548943599853317, 16.249518369820571 ], [ -96.549191450002112, 16.249876690252499 ], [ -96.549247520207928, 16.250302620316734 ], [ -96.549009320341469, 16.250892260286655 ], [ -96.549281110085147, 16.251412419719379 ], [ -96.549149659644613, 16.251447480374356 ], [ -96.549066459834464, 16.251551289985308 ], [ -96.548768310092854, 16.251736540208267 ], [ -96.548661019836501, 16.251829060125896 ], [ -96.548362769733515, 16.251991259644097 ], [ -96.54813598010135, 16.252084199920464 ], [ -96.547837419892844, 16.252188949817665 ], [ -96.547718349938137, 16.252304459820522 ], [ -96.547719569762123, 16.252568949809948 ], [ -96.547791740207799, 16.25266066036351 ], [ -96.547983290327466, 16.252717449594666 ], [ -96.548258599940013, 16.252762279841082 ], [ -96.54872474011465, 16.252679799815823 ], [ -96.549154920315601, 16.252609000092889 ], [ -96.549513340040733, 16.252504030300809 ], [ -96.549883400092099, 16.252364519841365 ], [ -96.550229710086796, 16.252248029722463 ], [ -96.550516449901664, 16.252177829973764 ], [ -96.551246139698605, 16.252197849720812 ], [ -96.55137749010116, 16.252139749764336 ], [ -96.551999460230462, 16.252160139723294 ], [ -96.552130680133175, 16.252067629908328 ], [ -96.552212519762236, 16.251664720334496 ], [ -96.552235690380243, 16.251492090388481 ], [ -96.552329510243723, 16.251089229560709 ], [ -96.552376889616028, 16.25098554035316 ], [ -96.552520169694361, 16.250938860326478 ], [ -96.552675680039528, 16.250938230038138 ], [ -96.552795510209492, 16.25099525956621 ], [ -96.55309525036229, 16.251143520308695 ], [ -96.55323924957267, 16.251257920229129 ], [ -96.553396250404049, 16.25159079978722 ], [ -96.553540429624434, 16.25172822985672 ], [ -96.553697399824287, 16.252049549907653 ], [ -96.553842059617736, 16.252313540250352 ], [ -96.553951340427005, 16.252658059893427 ], [ -96.554156119578124, 16.252990769679801 ], [ -96.554289600340709, 16.253404219804548 ], [ -96.554626290208759, 16.253793910400141 ], [ -96.554842079602778, 16.253896479552161 ], [ -96.55520074951977, 16.253883480371144 ], [ -96.555702260369671, 16.253685849728125 ], [ -96.55596438021557, 16.253466220001389 ], [ -96.556357620077378, 16.253154079801817 ], [ -96.556511349606495, 16.252773939839344 ], [ -96.556785170028434, 16.252485250310254 ], [ -96.557226280393294, 16.252172830326646 ], [ -96.557452220079185, 16.25188440001634 ], [ -96.556853169695884, 16.250892569604595 ], [ -96.554731060353348, 16.246451259694144 ], [ -96.552313180474783, 16.241390719671003 ], [ -96.544859169749657, 16.224396149986124 ], [ -96.540759667686856, 16.219041237873508 ], [ -96.538643420123648, 16.216276739759305 ], [ -96.542025890532528, 16.214552482626999 ], [ -96.554835383261903, 16.208021651210483 ], [ -96.557177309639414, 16.206827459717029 ], [ -96.558358246297118, 16.20622529036395 ], [ -96.561997786306563, 16.204369371588683 ], [ -96.564715629620196, 16.202983369719504 ], [ -96.563763200050843, 16.202562320132007 ], [ -96.554653750324405, 16.205011370253033 ], [ -96.540693950397426, 16.207765490111985 ], [ -96.54067171038723, 16.207647079873905 ], [ -96.54058686005186, 16.207195419660732 ], [ -96.549795689366363, 16.203723623338426 ], [ -96.555302244616527, 16.201647267991671 ], [ -96.555328319725433, 16.201637435405004 ], [ -96.55534861964334, 16.201629780223879 ], [ -96.555354394830815, 16.201627602813886 ], [ -96.562339591241653, 16.198993639419314 ], [ -96.565703435910791, 16.197725060457163 ], [ -96.566681382125935, 16.197356237132798 ], [ -96.567224018804851, 16.19715158409246 ], [ -96.570344152071911, 16.195974787245632 ], [ -96.573287313739385, 16.194864661623104 ], [ -96.578115164535859, 16.193043494375829 ], [ -96.584021290373897, 16.190815310450024 ], [ -96.585105820365442, 16.190809369919624 ], [ -96.585099139674909, 16.19137210998089 ], [ -96.585428579757306, 16.192151950348894 ], [ -96.585451428349543, 16.192192403661625 ], [ -96.588757310286624, 16.198045200279253 ], [ -96.590771629762202, 16.201767289760333 ], [ -96.591002583140849, 16.202035795219359 ], [ -96.594782150033964, 16.206429719957441 ], [ -96.595284429954063, 16.206531110187552 ], [ -96.595547090168154, 16.206985309975536 ], [ -96.595820920170951, 16.20715551958995 ], [ -96.596003509738523, 16.207267259808486 ], [ -96.596072429551597, 16.207382939565061 ], [ -96.596107250035885, 16.207634000211669 ], [ -96.59611045203755, 16.20765656276437 ], [ -96.596142140454504, 16.207879850041742 ], [ -96.596271750421408, 16.208195909588888 ], [ -96.596488769845777, 16.208480349562137 ], [ -96.596548450084441, 16.209036800252694 ], [ -96.596678180150235, 16.209294770092434 ], [ -96.596925861448113, 16.209474454749973 ], [ -96.597007429744323, 16.209533630015763 ], [ -96.597401539770104, 16.209901479714052 ], [ -96.597663600179118, 16.210203690124697 ], [ -96.597859479973906, 16.210483800058867 ], [ -96.598000020365618, 16.210598970067082 ], [ -96.59811074971563, 16.210771460312291 ], [ -96.598339570362995, 16.211054630042394 ], [ -96.598530010485661, 16.211370543575988 ], [ -96.598572259992466, 16.211440629554012 ], [ -96.598608238448705, 16.211467351226908 ], [ -96.598763490449812, 16.211582660302522 ], [ -96.598952570198676, 16.211730489925937 ], [ -96.599106139902787, 16.211877919663149 ], [ -96.599233550218315, 16.211986489852393 ], [ -96.599330940410141, 16.212009020139206 ], [ -96.599307749784558, 16.212090169902851 ], [ -96.599289380440794, 16.21214138031015 ], [ -96.599328340415923, 16.212223230189881 ], [ -96.599311201056011, 16.212269279979335 ], [ -96.599287049895082, 16.212334169749973 ], [ -96.599365510332049, 16.21247828981156 ], [ -96.599473619955333, 16.212715200315905 ], [ -96.599692325838561, 16.212859882699298 ], [ -96.599816290258346, 16.212941889656278 ], [ -96.599926019569025, 16.213067200047217 ], [ -96.600099200044582, 16.213315489621206 ], [ -96.600364430379486, 16.213488569806398 ], [ -96.600655110100149, 16.213568109638249 ], [ -96.600846450115526, 16.213822459637061 ], [ -96.60092429030145, 16.214037229920748 ], [ -96.60093656314028, 16.214102220727575 ], [ -96.600964249997531, 16.21424883043662 ], [ -96.601095350096145, 16.214461450140004 ], [ -96.601251309818579, 16.214627430071552 ], [ -96.601323958560116, 16.2146471934816 ], [ -96.601408750261513, 16.214670259833319 ], [ -96.601547770229743, 16.214730489821701 ], [ -96.601740460268715, 16.214873420219988 ], [ -96.601933489805916, 16.214987049599692 ], [ -96.602732419894096, 16.215340430208069 ], [ -96.602761490359057, 16.215659490262201 ], [ -96.603051545793988, 16.215872716183664 ], [ -96.603125491286221, 16.215927074301678 ], [ -96.603613680218558, 16.216285949623828 ], [ -96.604161519833639, 16.216462720399729 ], [ -96.604530340400132, 16.216504419772285 ], [ -96.605925349841144, 16.216876660038071 ], [ -96.607216710157701, 16.217268680214847 ], [ -96.608222690074953, 16.217664679564741 ], [ -96.608576059621313, 16.217908139967438 ], [ -96.608733919526301, 16.218229970323577 ], [ -96.608777905268838, 16.218341859219652 ], [ -96.608820229582207, 16.218449519599293 ], [ -96.60901070986742, 16.21874831014053 ], [ -96.609171186118729, 16.218911609109213 ], [ -96.60954593968583, 16.21929295021452 ], [ -96.609731279848774, 16.21950107968355 ], [ -96.60978759105295, 16.219704992406243 ], [ -96.609824260419572, 16.219837780152623 ], [ -96.609918939790774, 16.220034019851706 ], [ -96.610068890052645, 16.220340140157202 ], [ -96.610218479913499, 16.220677490212648 ], [ -96.61039324977267, 16.220937060221193 ], [ -96.610506000556271, 16.221008063133436 ], [ -96.610643340365101, 16.221094549993101 ], [ -96.611091400196997, 16.22125391960315 ], [ -96.611255769658115, 16.221370969891062 ], [ -96.611276090461146, 16.221650350073809 ], [ -96.611280019654188, 16.221745981239412 ], [ -96.61129097996745, 16.222012769680504 ], [ -96.611478769679735, 16.222643569637039 ], [ -96.61176299985388, 16.22307977982776 ], [ -96.61201881985545, 16.223456689968764 ], [ -96.612050049942695, 16.223484203371338 ], [ -96.612621080325837, 16.223987280196326 ], [ -96.612785812801491, 16.224351937891754 ], [ -96.612878200246953, 16.22455645031939 ], [ -96.61307165078334, 16.224683036688877 ], [ -96.613307459773665, 16.224837339784603 ], [ -96.613840580443508, 16.225020289910059 ], [ -96.614557880459159, 16.225133879742888 ], [ -96.614998139689931, 16.225573940014691 ], [ -96.615115369031727, 16.2258642642438 ], [ -96.615115859538818, 16.225865479922174 ], [ -96.615111259628463, 16.226172600085992 ], [ -96.61536622011981, 16.226314230075769 ], [ -96.615442329180595, 16.226269495480821 ], [ -96.615779800249996, 16.22607113994404 ], [ -96.616236279805307, 16.225965060192543 ], [ -96.616562490341437, 16.22611474039519 ], [ -96.616699869016571, 16.226562381084971 ], [ -96.61672032008893, 16.226629019903907 ], [ -96.61671250953718, 16.226845600363987 ], [ -96.616852750122135, 16.226979220409735 ], [ -96.617110550442291, 16.227194710343397 ], [ -96.617111342178674, 16.227195358752418 ], [ -96.61749414009077, 16.227508780381136 ], [ -96.617733859689551, 16.227736709917959 ], [ -96.6178815501885, 16.227760910317674 ], [ -96.618270339738956, 16.227772170053637 ], [ -96.618592600119811, 16.227924340352381 ], [ -96.618771849817747, 16.228111249574262 ], [ -96.618896769635569, 16.228438020073003 ], [ -96.618893456279523, 16.228445777249132 ], [ -96.618683970422268, 16.2289361500832 ], [ -96.618809020312142, 16.229212850205574 ], [ -96.618797110082838, 16.229365569755885 ], [ -96.618960454951491, 16.229513676543867 ], [ -96.619051689771922, 16.229596400065674 ], [ -96.619183704420976, 16.229740539933022 ], [ -96.620596791558413, 16.231283390510239 ], [ -96.62061639092623, 16.231304789898939 ], [ -96.620635990300102, 16.231326189285987 ], [ -96.620809519840336, 16.231515649926834 ], [ -96.622861919891832, 16.233409779977588 ], [ -96.624097786246807, 16.234654948974821 ], [ -96.628041570108678, 16.238628219975791 ], [ -96.628501880443167, 16.23912687978094 ], [ -96.630077679829398, 16.240833979895605 ], [ -96.636684710405376, 16.246252830410249 ], [ -96.642336249776179, 16.242119950907906 ], [ -96.652725259577338, 16.232046860748696 ], [ -96.65445734864025, 16.230489181243033 ], [ -96.657902249937749, 16.227040980091338 ], [ -96.659139090411955, 16.236111170346458 ], [ -96.666140873320828, 16.23900521803408 ], [ -96.669484168642612, 16.240386949640289 ], [ -96.674976658641938, 16.242767889651656 ], [ -96.676737284057637, 16.243678646154525 ], [ -96.679497006482507, 16.245106165323005 ], [ -96.682059280331273, 16.246431481167505 ], [ -96.683354199334829, 16.247310769588115 ], [ -96.683384859911556, 16.247331601103149 ], [ -96.685812658754145, 16.248980091305793 ], [ -96.687475348866727, 16.249609579700035 ], [ -96.687567448653354, 16.249644450100668 ], [ -96.691509938893432, 16.251136950586012 ], [ -96.69164054876596, 16.251186420051308 ], [ -96.691793819308998, 16.251244430503409 ], [ -96.698337880311243, 16.272320289962241 ], [ -96.702941118738053, 16.275295139752025 ], [ -96.704297170024375, 16.276171449718934 ], [ -96.710927970015163, 16.28044297127548 ], [ -96.714047419888999, 16.283156970811842 ], [ -96.717232247094472, 16.285871816898471 ], [ -96.718949780396429, 16.287335829652537 ] ], [ [ -96.584015035390337, 16.281299633749253 ], [ -96.584015089129167, 16.281299740357021 ], [ -96.584015088943531, 16.281299738209569 ], [ -96.584015035390337, 16.281299633749253 ] ] ] ] } },
{ "type": "Feature", "properties": { "HAS_WS": 7360.487, "ID_WS": "72", "S1_N": 795, "S2_N": 901, "S3_N": 1028, "S4_N": 1028, "S5_N": 1027, "S6_N": 1212, "S7_N": 1167, "S1_P": 25797, "S2_P": 28922, "S3_P": 30959, "S4_P": 32215, "S5_P": 32266, "S6_P": 35295, "S7_P": 33448, "SUM_NUTR": 0 }, "geometry": { "type": "MultiPolygon", "coordinates": [ [ [ [ -96.649677035353918, 16.791929831114366 ], [ -96.641666667083001, 16.7916666667833 ], [ -96.639242214456615, 16.792019992428781 ], [ -96.63439210056832, 16.796845844357705 ], [ -96.63369140633327, 16.797542996212361 ], [ -96.633333333166775, 16.799999999800178 ], [ -96.633111537487707, 16.806753233016167 ], [ -96.632980007521269, 16.810757785443499 ], [ -96.619092351390961, 16.824666964395806 ], [ -96.617019992778438, 16.826742214981305 ], [ -96.617005541117678, 16.827011813761949 ], [ -96.61666666623367, 16.833333333666484 ], [ -96.600000000199827, 16.833333333666548 ], [ -96.599679184395512, 16.83338008985481 ], [ -96.597575547573456, 16.833686659311919 ], [ -96.596829906144805, 16.834427095879672 ], [ -96.594091118910015, 16.83714667407979 ], [ -96.589242214556549, 16.837853325370723 ], [ -96.58575778499376, 16.841313341037939 ], [ -96.581350045961599, 16.841380581224765 ], [ -96.57252031943132, 16.841514886370494 ], [ -96.562500000274824, 16.84166666668337 ], [ -96.56250000027481, 16.837499999725257 ], [ -96.562853325920273, 16.814242215006306 ], [ -96.566652085625208, 16.810416666296149 ], [ -96.562853325920244, 16.806591118485368 ], [ -96.562500000274781, 16.804166666758327 ], [ -96.562146674629275, 16.797575548073169 ], [ -96.55798000767119, 16.793379719698383 ], [ -96.558687337050898, 16.760048760042341 ], [ -96.568749321723743, 16.750013902519633 ], [ -96.57291734485959, 16.754152764238771 ], [ -96.580908881539642, 16.74618665948686 ], [ -96.591666666283572, 16.745833332942016 ], [ -96.598257784968837, 16.746186659486821 ], [ -96.603757373264955, 16.751658700925624 ], [ -96.603808593991431, 16.751709662371088 ], [ -96.603826759797471, 16.751834315749388 ], [ -96.604519992803361, 16.756591118585309 ], [ -96.606487732765018, 16.758568826271262 ], [ -96.610046726075538, 16.762145657096433 ], [ -96.630449991492114, 16.762815921282439 ], [ -96.631591118835104, 16.762853325520624 ], [ -96.633832339335768, 16.765078869367205 ], [ -96.635075548397836, 16.766313341187836 ], [ -96.637945532455632, 16.766557618271506 ], [ -96.643379719998094, 16.767019992478748 ], [ -96.647575548372828, 16.762853325520624 ], [ -96.652424451826931, 16.762146674229676 ], [ -96.655524243882624, 16.759068613267139 ], [ -96.655581890292538, 16.759151250569641 ], [ -96.655611819213149, 16.759177859666249 ], [ -96.65603672007758, 16.759555629578209 ], [ -96.656272704344815, 16.759778185830001 ], [ -96.656292047782372, 16.759796429703222 ], [ -96.656425211586736, 16.759922015596132 ], [ -96.656454398719418, 16.759949540609792 ], [ -96.65646762012743, 16.759978323470939 ], [ -96.656495057022397, 16.76003805409238 ], [ -96.656584445762959, 16.760232655568799 ], [ -96.65660176298222, 16.760270352440145 ], [ -96.656615382050276, 16.760300001986565 ], [ -96.656747749873986, 16.760588168447409 ], [ -96.65676070947859, 16.760616381168003 ], [ -96.656761820103739, 16.760618779606151 ], [ -96.656760568762451, 16.760619969931824 ], [ -96.656657648183767, 16.760718601161734 ], [ -96.656513957588899, 16.760856303423722 ], [ -96.656498895296465, 16.760870738256983 ], [ -96.656481732580133, 16.760887185324211 ], [ -96.655865351924234, 16.761477875432696 ], [ -96.655847991418938, 16.761494513098306 ], [ -96.655660707138992, 16.76167398987824 ], [ -96.653650400056421, 16.763600449909386 ], [ -96.647274279276232, 16.764842970175096 ], [ -96.647268569472445, 16.764844081317118 ], [ -96.647274138658886, 16.76484654994168 ], [ -96.652912769298311, 16.767345520783845 ], [ -96.65055819214696, 16.778056379964493 ], [ -96.649677035353918, 16.791929831114366 ] ] ] ] } },
{ "type": "Feature", "properties": { "HAS_WS": 9904.112, "ID_WS": "73", "S1_N": 941, "S2_N": 948, "S3_N": 1035, "S4_N": 1035, "S5_N": 1022, "S6_N": 1546, "S7_N": 1546, "S1_P": 34202, "S2_P": 34648, "S3_P": 37950, "S4_P": 37915, "S5_P": 37522, "S6_P": 46053, "S7_P": 46053, "SUM_NUTR": 0 }, "geometry": { "type": "MultiPolygon", "coordinates": [ [ [ [ -96.606487732765018, 16.758568826271262 ], [ -96.604519992803361, 16.756591118585309 ], [ -96.603826759797471, 16.751834315749388 ], [ -96.603808593991431, 16.751709662371088 ], [ -96.603757373264955, 16.751658700925624 ], [ -96.598257784968837, 16.746186659486821 ], [ -96.591666666283572, 16.745833332942016 ], [ -96.592233954133647, 16.739456176461406 ], [ -96.592666396905997, 16.738898204551976 ], [ -96.595266045391654, 16.73554382338877 ], [ -96.596400621091774, 16.731122843444567 ], [ -96.599432712349753, 16.727210489472601 ], [ -96.600567288049888, 16.722789510427635 ], [ -96.604733954108681, 16.717413329961275 ], [ -96.603599378408575, 16.714456176511405 ], [ -96.599432712349795, 16.709079996944357 ], [ -96.600567288049902, 16.701956176536402 ], [ -96.604733954108696, 16.696579996969341 ], [ -96.603538683163663, 16.675908067103666 ], [ -96.597789509778039, 16.674432712199987 ], [ -96.593877156705432, 16.671400620941931 ], [ -96.591666666283615, 16.670833333091874 ], [ -96.591898563635525, 16.658303852799833 ], [ -96.592019992828455, 16.651742214431707 ], [ -96.603813340613172, 16.639924451852089 ], [ -96.604166666258592, 16.620833333191854 ], [ -96.606963796532597, 16.620833346068114 ], [ -96.60833333321672, 16.620833333191815 ], [ -96.619091118860041, 16.621186658837345 ], [ -96.62257554752351, 16.624646674504397 ], [ -96.629166667107924, 16.625000000149996 ], [ -96.629733954958013, 16.631377156630588 ], [ -96.632272940859295, 16.634226742241477 ], [ -96.636932712274856, 16.639456176661266 ], [ -96.638350762377769, 16.644982570889024 ], [ -96.643877156605456, 16.646400620991997 ], [ -96.64778950967812, 16.649432712249965 ], [ -96.650746663127961, 16.650567287949997 ], [ -96.656122843594346, 16.646400620991919 ], [ -96.659079997044259, 16.64526604529178 ], [ -96.66445617661121, 16.649432712249951 ], [ -96.671579997019222, 16.650567287950022 ], [ -96.676956176586259, 16.646400620991905 ], [ -96.682118394848061, 16.64526604529183 ], [ -96.683333333066869, 16.650000000100015 ], [ -96.682766045216852, 16.652210489622487 ], [ -96.679733954858108, 16.656122843594428 ], [ -96.67859937915793, 16.664710489597478 ], [ -96.674432712199888, 16.670086670063817 ], [ -96.67556728789998, 16.673043823513662 ], [ -96.678599379157973, 16.676956176586287 ], [ -96.679733954858051, 16.681377156530537 ], [ -96.686932712174865, 16.689456176561343 ], [ -96.686996220276228, 16.691103562479007 ], [ -96.67764839066048, 16.692795000973824 ], [ -96.664696858773922, 16.708240060553901 ], [ -96.662520139237003, 16.70845703070459 ], [ -96.661611658599568, 16.708598049963776 ], [ -96.661413920297122, 16.708607580869124 ], [ -96.659616779103303, 16.708802259915512 ], [ -96.658652149671155, 16.708889600913299 ], [ -96.657707920062251, 16.708995511052315 ], [ -96.656895119764997, 16.709072491272643 ], [ -96.656338309100505, 16.709134350486792 ], [ -96.654991818686824, 16.709282939515194 ], [ -96.654792979854236, 16.709367940870415 ], [ -96.65473811911319, 16.709402519940951 ], [ -96.653324149710826, 16.709460690787328 ], [ -96.653208260272962, 16.709483140430606 ], [ -96.651592780010205, 16.709634229977116 ], [ -96.650896739804693, 16.709733921029997 ], [ -96.650737969435454, 16.709705229681123 ], [ -96.64924750995948, 16.709840740377345 ], [ -96.649160800239088, 16.709863281279038 ], [ -96.648580250693456, 16.709899248026272 ], [ -96.648136448906129, 16.709926740939267 ], [ -96.648107430394958, 16.709939630199067 ], [ -96.646828829984216, 16.709977740944389 ], [ -96.646709545481215, 16.70998304677989 ], [ -96.646675502637223, 16.709984561906314 ], [ -96.646647664396198, 16.709985799216046 ], [ -96.646505740068932, 16.70999211124019 ], [ -96.645967109723472, 16.710043350865593 ], [ -96.645841547543625, 16.71005236392406 ], [ -96.645803968949807, 16.710055059866843 ], [ -96.645790978311126, 16.71005591952429 ], [ -96.645726952216691, 16.710060156361742 ], [ -96.645365289118416, 16.710084090469259 ], [ -96.644218600050266, 16.710209281076356 ], [ -96.643350108766285, 16.71026014088331 ], [ -96.643342637914699, 16.710261348975841 ], [ -96.641933659587565, 16.710489141144169 ], [ -96.641013939764264, 16.710644850667546 ], [ -96.640919420108503, 16.710659801161452 ], [ -96.640235058737915, 16.710807279739775 ], [ -96.640071355908944, 16.710830438863272 ], [ -96.63999115877121, 16.710841784076969 ], [ -96.639966800410519, 16.710845230301963 ], [ -96.639851318715216, 16.710865140081641 ], [ -96.639500618816371, 16.710927890118349 ], [ -96.637437489523847, 16.711320910518257 ], [ -96.637591479101303, 16.711415600252771 ], [ -96.638043819051774, 16.711590090041561 ], [ -96.638230249921634, 16.711622619908521 ], [ -96.640732000420527, 16.712579399710865 ], [ -96.640740708946055, 16.712559719872921 ], [ -96.641005089765358, 16.712642140243798 ], [ -96.641164080271281, 16.712694910219916 ], [ -96.641518628932957, 16.712778631267511 ], [ -96.64284114912229, 16.713285539971274 ], [ -96.643593519817031, 16.713559999858756 ], [ -96.644509650274159, 16.713888230192019 ], [ -96.645867199848439, 16.714414539597456 ], [ -96.64682639954178, 16.714766340141811 ], [ -96.64698764938781, 16.714824171018179 ], [ -96.647955278679987, 16.715194079955385 ], [ -96.648150549617938, 16.715269660141679 ], [ -96.649649179067083, 16.715863570651983 ], [ -96.651138979053101, 16.716563489841331 ], [ -96.651392878842174, 16.716687979947697 ], [ -96.653142048615223, 16.717823629693672 ], [ -96.653485309565113, 16.718101310097396 ], [ -96.655193539549671, 16.719242550310259 ], [ -96.657476249964517, 16.720629781265842 ], [ -96.65647071856236, 16.722355181194331 ], [ -96.656275019624672, 16.722717859764337 ], [ -96.655918939252217, 16.723390710521901 ], [ -96.655780109562315, 16.72362810989517 ], [ -96.65570453912521, 16.723740399930723 ], [ -96.655644399895621, 16.723826121039465 ], [ -96.655549308895132, 16.723950689945237 ], [ -96.655446029617082, 16.724136450748777 ], [ -96.655376619947148, 16.724252140310234 ], [ -96.655320850370614, 16.724352780895586 ], [ -96.655265149265915, 16.724463709855691 ], [ -96.655196658973722, 16.724572629947534 ], [ -96.655131688888531, 16.724683220480401 ], [ -96.655064480354142, 16.724793540977235 ], [ -96.654975199475103, 16.724888710396385 ], [ -96.654606509016645, 16.725597910750952 ], [ -96.654595998984803, 16.725629550257558 ], [ -96.654227319214726, 16.726272950729694 ], [ -96.654114578754573, 16.726450321239607 ], [ -96.653740169965232, 16.727118111125304 ], [ -96.652780768671008, 16.728812510395073 ], [ -96.652731660153805, 16.728931820750034 ], [ -96.652247909141423, 16.729743280142156 ], [ -96.652213309383541, 16.729795290418718 ], [ -96.652166779098764, 16.729941651010499 ], [ -96.652088509424331, 16.729970580372104 ], [ -96.651465828844536, 16.731081120858541 ], [ -96.651414720006329, 16.731151659600794 ], [ -96.651203659740332, 16.731478231123912 ], [ -96.651125849384613, 16.731707881309276 ], [ -96.650357259024844, 16.732997340881653 ], [ -96.648785228833461, 16.735714659793306 ], [ -96.648752490314095, 16.735757400635922 ], [ -96.647216949776961, 16.738346399885771 ], [ -96.646926449822814, 16.738836431000141 ], [ -96.64629981958754, 16.739892711282707 ], [ -96.646277249808008, 16.739931120834225 ], [ -96.646162320309884, 16.74012491042582 ], [ -96.645873459072959, 16.740782460924912 ], [ -96.645675228783645, 16.741230951175158 ], [ -96.645404779340097, 16.741850060446883 ], [ -96.645381149279714, 16.741898691064282 ], [ -96.647033919857293, 16.74179532082427 ], [ -96.648583178848867, 16.741771250600575 ], [ -96.650312920044826, 16.741845970418289 ], [ -96.651857918785325, 16.741893751098793 ], [ -96.652258519740926, 16.741906150009505 ], [ -96.652541119935691, 16.741905849754382 ], [ -96.653523200393707, 16.741987479877253 ], [ -96.653737800303162, 16.741987121059299 ], [ -96.654824048765562, 16.741985370330386 ], [ -96.655394548652112, 16.741984449677542 ], [ -96.655941429457826, 16.741993120020421 ], [ -96.656261079951136, 16.741998179644501 ], [ -96.658034779871954, 16.742118771328091 ], [ -96.659991218574291, 16.742429420855252 ], [ -96.660270880172462, 16.742489051128761 ], [ -96.66037507987005, 16.742494289713559 ], [ -96.660548659661927, 16.742505109831789 ], [ -96.660575785532075, 16.74250345849363 ], [ -96.662253650384358, 16.742401310165405 ], [ -96.663213105064642, 16.74530428833533 ], [ -96.663298170346309, 16.745561661120067 ], [ -96.662664229725266, 16.745572280884332 ], [ -96.662096378840857, 16.745465309674088 ], [ -96.661455369105369, 16.74537771954185 ], [ -96.66134118022255, 16.745365860524799 ], [ -96.66073663023505, 16.745335709616871 ], [ -96.659856749839747, 16.74531913987467 ], [ -96.659860119169636, 16.745265151117241 ], [ -96.658377419156835, 16.743932149952407 ], [ -96.658128049946725, 16.743727880041842 ], [ -96.657998399141846, 16.74358142012828 ], [ -96.657248769859692, 16.743312921216159 ], [ -96.656719519379536, 16.743669880608852 ], [ -96.655956829415231, 16.743880450149014 ], [ -96.655834508584917, 16.743871381038872 ], [ -96.655768170187045, 16.743833770852529 ], [ -96.65461701930316, 16.743336051035254 ], [ -96.65444201979733, 16.743262420496883 ], [ -96.654233599654717, 16.743184800657492 ], [ -96.654056850006896, 16.743160660105612 ], [ -96.653856509757347, 16.743111230893142 ], [ -96.653624919213769, 16.743071371049957 ], [ -96.6534072288093, 16.743070520731255 ], [ -96.653255600335356, 16.743037459806175 ], [ -96.652553819696678, 16.74303742104917 ], [ -96.651551860282041, 16.74319846105746 ], [ -96.651008139158264, 16.743274120016665 ], [ -96.65074945873593, 16.743614450916251 ], [ -96.650588738714276, 16.744016050572061 ], [ -96.65057622890707, 16.744060260283149 ], [ -96.650462489273792, 16.744321830732829 ], [ -96.650379339156899, 16.744459999781128 ], [ -96.650235279215451, 16.744594049999421 ], [ -96.65011632015613, 16.744713461247581 ], [ -96.649904799379584, 16.744970119650151 ], [ -96.649736370232787, 16.745238220166527 ], [ -96.648957178927702, 16.746114880268117 ], [ -96.648221859212967, 16.747946600737507 ], [ -96.647221829690949, 16.748331279663947 ], [ -96.646483230117596, 16.748109570617132 ], [ -96.645767119474101, 16.747957229994395 ], [ -96.644930889062081, 16.747813890105043 ], [ -96.644330879266846, 16.747284821136873 ], [ -96.643656120373265, 16.745802970687457 ], [ -96.643425859100432, 16.745733659673821 ], [ -96.642914570161409, 16.74616025024023 ], [ -96.639063739591691, 16.748825490846187 ], [ -96.638852200340594, 16.748971895213206 ], [ -96.63838335005758, 16.749296380907033 ], [ -96.638641628324748, 16.750000096050631 ], [ -96.638865648164156, 16.750610463027186 ], [ -96.638955199867581, 16.750854450401889 ], [ -96.638955607638763, 16.750854810024059 ], [ -96.640146779669337, 16.751903110401113 ], [ -96.645648999080379, 16.75374604992307 ], [ -96.646384490277313, 16.75342891084513 ], [ -96.647228549418557, 16.753066461283215 ], [ -96.647807680074678, 16.752771281316651 ], [ -96.648602419078031, 16.752569519582146 ], [ -96.649348998635816, 16.752378950406733 ], [ -96.649488406815436, 16.752360614153812 ], [ -96.649863547573545, 16.752311271835776 ], [ -96.650347458963111, 16.752247620537347 ], [ -96.651020080012714, 16.752309570195742 ], [ -96.651687280150853, 16.753073260541964 ], [ -96.652065569966283, 16.753892551066059 ], [ -96.65252759984476, 16.754781350777829 ], [ -96.652952480355538, 16.755681110051512 ], [ -96.653361849605048, 16.756518851016722 ], [ -96.65394528046906, 16.756989569940181 ], [ -96.654477584429998, 16.757413114947809 ], [ -96.65452638037435, 16.757451940994923 ], [ -96.654604498887053, 16.757597782411654 ], [ -96.654615650204519, 16.75761860085769 ], [ -96.654810829397292, 16.75798298074352 ], [ -96.65516134024729, 16.758532663103651 ], [ -96.655197832127485, 16.758589890105124 ], [ -96.655278050003389, 16.758715689666452 ], [ -96.655330052072884, 16.75879023555002 ], [ -96.655331716146435, 16.758792620462213 ], [ -96.655429872260285, 16.758933329391716 ], [ -96.655524243882624, 16.759068613267139 ], [ -96.652424451826931, 16.762146674229676 ], [ -96.647575548372828, 16.762853325520624 ], [ -96.643379719998094, 16.767019992478748 ], [ -96.637945532455632, 16.766557618271506 ], [ -96.635075548397836, 16.766313341187836 ], [ -96.633832339335768, 16.765078869367205 ], [ -96.631591118835104, 16.762853325520624 ], [ -96.630449991492114, 16.762815921282439 ], [ -96.610046726075538, 16.762145657096433 ], [ -96.606487732765018, 16.758568826271262 ] ] ] ] } },
{ "type": "Feature", "properties": { "HAS_WS": 3210.094, "ID_WS": "74", "S1_N": 497, "S2_N": 472, "S3_N": 544, "S4_N": 544, "S5_N": 518, "S6_N": 482, "S7_N": 480, "S1_P": 10106, "S2_P": 11220, "S3_P": 11231, "S4_P": 11214, "S5_P": 10802, "S6_P": 10084, "S7_P": 10013, "SUM_NUTR": 0 }, "geometry": { "type": "MultiPolygon", "coordinates": [ [ [ [ -96.630778920286261, 17.051732971293806 ], [ -96.630770080288116, 17.051729691232357 ], [ -96.630757891194136, 17.051757488378758 ], [ -96.630725677580585, 17.051830951255099 ], [ -96.630725659503852, 17.051830981321647 ], [ -96.630613509584009, 17.05197703014554 ], [ -96.630613509583966, 17.051977030145551 ], [ -96.630613480252237, 17.051977059806557 ], [ -96.630176779833619, 17.052350221150746 ], [ -96.629642949799631, 17.052782549674308 ], [ -96.629085509801513, 17.053234550895574 ], [ -96.628651739658039, 17.053582620330495 ], [ -96.628406808628839, 17.053787913089138 ], [ -96.628406808628796, 17.053787913089089 ], [ -96.628346540426861, 17.05383842670474 ], [ -96.628160859272313, 17.053994059665637 ], [ -96.62816085927227, 17.053994059665612 ], [ -96.627664108977939, 17.054365249700979 ], [ -96.627565058772532, 17.054519620513222 ], [ -96.627419737946269, 17.054462464482523 ], [ -96.627322879644439, 17.054424369618708 ], [ -96.62638063026229, 17.054143199773968 ], [ -96.626096520418329, 17.054058569503546 ], [ -96.625987288645774, 17.054026031167474 ], [ -96.6249503192942, 17.053716741094473 ], [ -96.624853381152732, 17.053687904153364 ], [ -96.62485338115269, 17.053687904153378 ], [ -96.62388213935634, 17.053398979905825 ], [ -96.623882139356283, 17.053398979905825 ], [ -96.623845450068032, 17.053387340500372 ], [ -96.623741249543343, 17.053354280024955 ], [ -96.623477320414963, 17.053270539943409 ], [ -96.623363090013655, 17.053235912119639 ], [ -96.622680490095618, 17.053028980974755 ], [ -96.622645519568366, 17.053017780943822 ], [ -96.622645519568323, 17.053017780943836 ], [ -96.622539877024607, 17.052983898743634 ], [ -96.622327369537729, 17.052915740365304 ], [ -96.622402979764118, 17.052705799715358 ], [ -96.622533266046375, 17.052308237109187 ], [ -96.622582549566644, 17.052157850953762 ], [ -96.622586319469448, 17.0521461825827 ], [ -96.622586320155136, 17.052146180460547 ], [ -96.622586320155094, 17.052146180460532 ], [ -96.622604419567907, 17.052090050447795 ], [ -96.622604419567864, 17.05209005044777 ], [ -96.622617922429583, 17.052048177576488 ], [ -96.622662140387376, 17.051911059744217 ], [ -96.622742820446504, 17.051657620435623 ], [ -96.622815780367546, 17.051425650958084 ], [ -96.622833893517054, 17.051366832891613 ], [ -96.622833895419191, 17.05136682671489 ], [ -96.62288657033497, 17.051195779712206 ], [ -96.622887620200359, 17.051192340142435 ], [ -96.622937666255396, 17.051026612109485 ], [ -96.622937666255439, 17.051026612109485 ], [ -96.622938699858338, 17.051023189793966 ], [ -96.622939561113526, 17.051020338131075 ], [ -96.622965519985073, 17.050934380089124 ], [ -96.622965519985016, 17.050934380089085 ], [ -96.623038019549327, 17.050684859723894 ], [ -96.623113090119716, 17.050426049701635 ], [ -96.623113090119688, 17.05042604970161 ], [ -96.623130465225671, 17.050338816219121 ], [ -96.623146900193063, 17.050256302872331 ], [ -96.623146900193035, 17.050256302872292 ], [ -96.623230493307901, 17.049836621185104 ], [ -96.623237558569855, 17.049801151233837 ], [ -96.623340450265047, 17.049284581030555 ], [ -96.623340450265019, 17.049284581030516 ], [ -96.623340475119846, 17.04928447351147 ], [ -96.623340487547239, 17.049284419751846 ], [ -96.6233405496492, 17.049284151856288 ], [ -96.623471334710416, 17.0487856557979 ], [ -96.623471334710374, 17.048785655797822 ], [ -96.623477291645045, 17.048762951626703 ], [ -96.623498829347909, 17.048680861106266 ], [ -96.623534158878783, 17.048691595001387 ], [ -96.623534158878812, 17.048691595001337 ], [ -96.623660144918091, 17.048729871115118 ], [ -96.623660144918134, 17.048729871115153 ], [ -96.623706750401453, 17.048744030247764 ], [ -96.623755780079406, 17.048759800966678 ], [ -96.625616029780687, 17.049334091160453 ], [ -96.62561602978073, 17.049334091160464 ], [ -96.625616025462605, 17.049334077818518 ], [ -96.625616019721505, 17.049334060079772 ], [ -96.62486916917679, 17.04827592064985 ], [ -96.624869169176748, 17.048275920649889 ], [ -96.62486914966864, 17.048275891035395 ], [ -96.624869149668683, 17.04827589103536 ], [ -96.624212680020136, 17.04743141986793 ], [ -96.623975309624115, 17.047126059673634 ], [ -96.624239538606318, 17.046510080292698 ], [ -96.624239549954581, 17.04651003010828 ], [ -96.624503919418416, 17.045822250956334 ], [ -96.624503919418373, 17.045822250956309 ], [ -96.624508549857566, 17.04580961958013 ], [ -96.624414399853137, 17.045771370617604 ], [ -96.623676706080303, 17.045646713894641 ], [ -96.622134123599025, 17.04538603201868 ], [ -96.62213382690652, 17.045385981559484 ], [ -96.620981749820331, 17.045191280785012 ], [ -96.620962072606204, 17.045188450099552 ], [ -96.620530598672985, 17.045126371249403 ], [ -96.620530598672943, 17.045126371249392 ], [ -96.61839342952247, 17.044471541081521 ], [ -96.618384135558912, 17.044468649560518 ], [ -96.618384135558856, 17.044468649560553 ], [ -96.617352289756496, 17.044147600749458 ], [ -96.617021089806713, 17.044040570902524 ], [ -96.616885540027809, 17.043997421098439 ], [ -96.616356659948124, 17.043831490519896 ], [ -96.615935991747705, 17.04369880127685 ], [ -96.614601219923543, 17.043277770735468 ], [ -96.613943785794802, 17.043009694558737 ], [ -96.613687229962323, 17.042905080568787 ], [ -96.613628458159084, 17.042863689278352 ], [ -96.611742427294345, 17.041535395246161 ], [ -96.611742378858082, 17.041535360970432 ], [ -96.611742371511298, 17.04153535575232 ], [ -96.61174233865087, 17.041535332412934 ], [ -96.61174231396393, 17.041535315258145 ], [ -96.61174228124888, 17.041535291985173 ], [ -96.611742276499697, 17.041535288606678 ], [ -96.611742254555651, 17.041535273357969 ], [ -96.611470348790604, 17.041343770987815 ], [ -96.611470348790547, 17.041343770987854 ], [ -96.611386726032876, 17.041278712290303 ], [ -96.610982770032223, 17.040964431024701 ], [ -96.609267879946984, 17.039711709786239 ], [ -96.608925540693036, 17.039841824009592 ], [ -96.607435540295114, 17.040408120010646 ], [ -96.607097319947897, 17.040521120684964 ], [ -96.607097319947869, 17.040521120684929 ], [ -96.607060718768238, 17.040535109641535 ], [ -96.606233707520289, 17.04085563058181 ], [ -96.605014400062387, 17.041328180216407 ], [ -96.604038780243343, 17.041445710796385 ], [ -96.602113229906266, 17.041694219992966 ], [ -96.600818509630969, 17.04219309106449 ], [ -96.598281278689129, 17.043184689735508 ], [ -96.596013819731638, 17.048032650863671 ], [ -96.590369380413733, 17.051868541041831 ], [ -96.589274619625996, 17.054226819975266 ], [ -96.588855720201138, 17.057035850921466 ], [ -96.587109048960059, 17.058150940424468 ], [ -96.580621079100851, 17.062347179949896 ], [ -96.571017049986594, 17.068555720545987 ], [ -96.566181629443349, 17.071682519582527 ], [ -96.558332339928768, 17.07674772057138 ], [ -96.546684279101072, 17.08426791988952 ], [ -96.546764818936182, 17.085137150153617 ], [ -96.547691449296863, 17.087400630095257 ], [ -96.542031353343901, 17.09455745093608 ], [ -96.542284139101668, 17.093673027588196 ], [ -96.545215860623443, 17.089660305678656 ], [ -96.546568128915993, 17.075804646967004 ], [ -96.560339694721137, 17.063117471993799 ], [ -96.564660305828454, 17.061882527456739 ], [ -96.568673027738001, 17.058950805935051 ], [ -96.574073622099959, 17.057406955067069 ], [ -96.575617472068615, 17.052006361604395 ], [ -96.578605143112895, 17.047916666720806 ], [ -96.574732462732953, 17.042615085018188 ], [ -96.585014443941475, 17.041118940713371 ], [ -96.585493638820381, 17.041049194464758 ], [ -96.589506361629262, 17.038117472043702 ], [ -96.594906955091844, 17.036573622075021 ], [ -96.596939764658373, 17.029463365242151 ], [ -96.606173027663061, 17.021450806009945 ], [ -96.608336931806122, 17.020832165225411 ], [ -96.611782836708528, 17.019846937086562 ], [ -96.612356049814196, 17.013974745915146 ], [ -96.612500000174833, 17.01250000027483 ], [ -96.612500000174791, 17.011018328542669 ], [ -96.612500000174833, 17.008333333316749 ], [ -96.61342470730375, 17.008198576658327 ], [ -96.614924451901942, 17.007980007671332 ], [ -96.620837447850988, 17.00208597857463 ], [ -96.622575547523496, 17.000353325945355 ], [ -96.625120444726718, 17.000136886119432 ], [ -96.630882432378357, 16.999646674654375 ], [ -96.639242214456601, 17.007980007671257 ], [ -96.642813564437049, 17.008283972494343 ], [ -96.647546386956151, 17.008686658962159 ], [ -96.648655292704277, 17.007585496147385 ], [ -96.65208401166781, 17.004180568978207 ], [ -96.654870310223217, 17.006958140655598 ], [ -96.660075548347891, 17.012146674629403 ], [ -96.6615030298736, 17.012354712538748 ], [ -96.644075709313299, 17.039609020837581 ], [ -96.642925338618412, 17.041447420912213 ], [ -96.64292533861844, 17.041447420912252 ], [ -96.642839379864355, 17.041777950633815 ], [ -96.642839379864398, 17.041777950633854 ], [ -96.642408479234419, 17.043435000584964 ], [ -96.642458819368571, 17.043443680260964 ], [ -96.64309044961648, 17.04366208020355 ], [ -96.643093489688795, 17.043663120041824 ], [ -96.642115570212965, 17.047998320082669 ], [ -96.642080839688859, 17.048152751045844 ], [ -96.641919949141197, 17.048868151180702 ], [ -96.641894680051649, 17.048974091290944 ], [ -96.641069999454842, 17.051032910456868 ], [ -96.640216449424543, 17.0531489799254 ], [ -96.639860648651194, 17.052981511224822 ], [ -96.639755058976561, 17.052931820850077 ], [ -96.639400748733635, 17.053800019584315 ], [ -96.63926204879381, 17.054155921270226 ], [ -96.63822011908762, 17.053821180284082 ], [ -96.637876509404052, 17.053710780105622 ], [ -96.637398531537215, 17.053529466177089 ], [ -96.636926569288761, 17.053350433449619 ], [ -96.63665508999209, 17.053247449842633 ], [ -96.636655089992033, 17.053247449842658 ], [ -96.636355260267848, 17.053179650090556 ], [ -96.635980350394561, 17.053137687025842 ], [ -96.635980350394505, 17.053137687025881 ], [ -96.635819379893064, 17.053126511076897 ], [ -96.635813443216364, 17.053131358620483 ], [ -96.635771719530226, 17.053165429967084 ], [ -96.635771719530197, 17.053165429967049 ], [ -96.6357140588335, 17.053212541117972 ], [ -96.63561391044567, 17.053287429602463 ], [ -96.635478739553477, 17.053286660262454 ], [ -96.635471618897256, 17.053284230194063 ], [ -96.635471618897213, 17.053284230194077 ], [ -96.635406518972189, 17.053262061055719 ], [ -96.635406518972161, 17.053262061055733 ], [ -96.635287400135908, 17.053221540317846 ], [ -96.635287375870774, 17.053221584617845 ], [ -96.635197088605821, 17.053190941231005 ], [ -96.634843339257941, 17.053070780180406 ], [ -96.634843339257898, 17.053070780180459 ], [ -96.634073580018836, 17.052809380099973 ], [ -96.632724479939455, 17.052402080027452 ], [ -96.632475620057903, 17.052323539994514 ], [ -96.631897448728878, 17.052128630865678 ], [ -96.631814217325015, 17.052100570546422 ], [ -96.631814217324973, 17.052100570546358 ], [ -96.631814193363752, 17.052100560676156 ], [ -96.631814169256032, 17.052100550745607 ], [ -96.631695020399277, 17.052058679900835 ], [ -96.631516749010345, 17.051995970144109 ], [ -96.631415369360113, 17.051960400319924 ], [ -96.631007618966592, 17.05181809052668 ], [ -96.630778920286261, 17.051732971293806 ] ] ] ] } }
]
}
