{
"type": "FeatureCollection",
"name": "MUNICIPIOS",
"crs": { "type": "name", "properties": { "name": "urn:ogc:def:crs:OGC:1.3:CRS84" } },
"features": [
{ "type": "Feature", "properties": { "CVEGEO": "20357", "CVE_ENT": "20", "CVE_MUN": "357", "PAISAJE": "Sierra de Yautepec", "ID_PAISA": 2, "NOM_MUN": "Santa Ana Tavela", "HAS_MUN": 17294.8, "RM": "R4" }, "geometry": { "type": "MultiPolygon", "coordinates": [ [ [ [ -95.880760650202959, 16.660811600038432 ], [ -95.820977599698054, 16.619148179997485 ], [ -95.817050138874777, 16.598319980199232 ], [ -95.808154969550031, 16.592185319640201 ], [ -95.803734399065945, 16.582607690571241 ], [ -95.803834509364009, 16.581147180463166 ], [ -95.805029599025914, 16.577943659835594 ], [ -95.804246308718547, 16.57632029069719 ], [ -95.803023710011288, 16.572894549780894 ], [ -95.838401318818256, 16.54391294120936 ], [ -95.838203519884416, 16.535165289973808 ], [ -95.850528049789702, 16.528924650033499 ], [ -95.859269939863651, 16.518633490332835 ], [ -95.870305319738335, 16.530162119857504 ], [ -95.892401690141469, 16.544089140128239 ], [ -95.918240551183686, 16.562670469208282 ], [ -95.91824058021254, 16.562670490257915 ], [ -95.941574059790355, 16.559787119566199 ], [ -95.92956734040591, 16.588070340452504 ], [ -95.929421320471761, 16.597826949870207 ], [ -95.949274680454963, 16.616900580102197 ], [ -95.952260649993306, 16.630546080015069 ], [ -95.954267450406576, 16.629019060770826 ], [ -95.956859970014648, 16.62702834958754 ], [ -95.957050620275652, 16.638583219765636 ], [ -95.957091289556786, 16.641075431259285 ], [ -95.954729750099077, 16.65794064959805 ], [ -95.946478662350202, 16.661557084148804 ], [ -95.946478580234782, 16.661557119633716 ], [ -95.936185309797352, 16.671906850177749 ], [ -95.930487139918014, 16.678461739831803 ], [ -95.923842939696002, 16.694293180315665 ], [ -95.918943510247061, 16.693561280077827 ], [ -95.914749780155972, 16.684619911217315 ], [ -95.899113800048738, 16.676431850315328 ], [ -95.894735850331983, 16.673478600447702 ], [ -95.889879659639305, 16.670202490148167 ], [ -95.880760650202959, 16.660811600038432 ] ] ] ] } },
{ "type": "Feature", "properties": { "CVEGEO": "20015", "CVE_ENT": "20", "CVE_MUN": "015", "PAISAJE": "Valles Centrales", "ID_PAISA": 1, "NOM_MUN": "Coatecas Altas", "HAS_MUN": 11981.8, "RM": "R2" }, "geometry": { "type": "MultiPolygon", "coordinates": [ [ [ [ -96.662989380008227, 16.587669370335945 ], [ -96.661703090266812, 16.585916280055038 ], [ -96.660348309920053, 16.583748939630066 ], [ -96.660280819872312, 16.583196799623007 ], [ -96.660211970287918, 16.582828540187993 ], [ -96.660239290075765, 16.582357480270705 ], [ -96.660360979629502, 16.582024949760157 ], [ -96.660458249964705, 16.581772719786212 ], [ -96.660676199536169, 16.581325890416284 ], [ -96.66105965989459, 16.581075540372975 ], [ -96.66150334970564, 16.580745110044333 ], [ -96.661589349605634, 16.58040085976447 ], [ -96.661448200045484, 16.580135569802483 ], [ -96.661154030285502, 16.579593450065662 ], [ -96.660706449565708, 16.578831920132163 ], [ -96.660304630407154, 16.57833505990703 ], [ -96.659699580151326, 16.577905830383266 ], [ -96.659392059658813, 16.577559019971972 ], [ -96.658870659571875, 16.577107339996797 ], [ -96.658538109835945, 16.576921260337254 ], [ -96.658206749981986, 16.576574280053244 ], [ -96.657864909545708, 16.576031830262853 ], [ -96.65742714955536, 16.57555772004012 ], [ -96.65708437027979, 16.575141689622683 ], [ -96.656705999976879, 16.574702449622251 ], [ -96.656493050290365, 16.574471169564113 ], [ -96.656281019830345, 16.574113480235567 ], [ -96.655990579804552, 16.573696429582238 ], [ -96.650168800135873, 16.570986479698639 ], [ -96.643346769807607, 16.563531000389858 ], [ -96.647232449614791, 16.54680152026684 ], [ -96.640084260246425, 16.553081600342129 ], [ -96.639038079794986, 16.554000660289812 ], [ -96.63739081980718, 16.552634830369115 ], [ -96.636488880306715, 16.552248980302959 ], [ -96.635701820065023, 16.552083780427882 ], [ -96.634844509918949, 16.551848199672591 ], [ -96.634405140161533, 16.551816149672796 ], [ -96.633756220007896, 16.551768819936861 ], [ -96.632970170331731, 16.551557619894609 ], [ -96.632040659856202, 16.551392859969464 ], [ -96.631256769938517, 16.551300569705109 ], [ -96.630369200314107, 16.551631450318435 ], [ -96.629331659764617, 16.551966600042796 ], [ -96.627994879579816, 16.552295799915409 ], [ -96.627292649719948, 16.552637739714353 ], [ -96.626409120172667, 16.552805139684544 ], [ -96.62589048994235, 16.553297659745841 ], [ -96.625249649996078, 16.554524350000175 ], [ -96.624795950167595, 16.554548230045423 ], [ -96.624269319550976, 16.555541819760574 ], [ -96.623182580194936, 16.555921509753844 ], [ -96.622616200441911, 16.556638260025824 ], [ -96.621683780444599, 16.556563570336362 ], [ -96.620807119681444, 16.555518399553812 ], [ -96.620869580099082, 16.55442862997451 ], [ -96.620978689584035, 16.553676230261015 ], [ -96.621081879751941, 16.553514169966771 ], [ -96.621180649767183, 16.553217659837362 ], [ -96.621121890271041, 16.552618599690614 ], [ -96.620752720068865, 16.552068880230042 ], [ -96.620815910123113, 16.551369349793013 ], [ -96.620860539999711, 16.550947339805262 ], [ -96.621249080216216, 16.550734749964494 ], [ -96.622125519694279, 16.55031765961964 ], [ -96.62234735024785, 16.54992750996821 ], [ -96.622559800069524, 16.549113939890002 ], [ -96.622525649786184, 16.5487626298784 ], [ -96.622379140014971, 16.548445430366865 ], [ -96.622130520148218, 16.547864030411734 ], [ -96.622100850289954, 16.547166400438652 ], [ -96.622148961165337, 16.546847719533829 ], [ -96.622190569732311, 16.546572110328391 ], [ -96.622146571397124, 16.546066588398034 ], [ -96.622142479931583, 16.546019580074987 ], [ -96.622132956745475, 16.546011004677879 ], [ -96.622073766068112, 16.545957708051606 ], [ -96.621794131977836, 16.545705917379319 ], [ -96.621363135339379, 16.545317832238695 ], [ -96.621356463827951, 16.545311824998404 ], [ -96.621238849548845, 16.54520591967524 ], [ -96.62117184191311, 16.545156304965424 ], [ -96.621132730488412, 16.545127345786206 ], [ -96.621113425357095, 16.545113052171292 ], [ -96.620739505089134, 16.544836189594669 ], [ -96.620674259665179, 16.544787879537513 ], [ -96.620641368177814, 16.544686051190109 ], [ -96.620640879547778, 16.544684539704996 ], [ -96.620414611223694, 16.544516223598684 ], [ -96.620324859968676, 16.544449460038635 ], [ -96.620013480008794, 16.544350170172162 ], [ -96.619817341889075, 16.5441961994396 ], [ -96.619704569033772, 16.544107670915857 ], [ -96.619631969957226, 16.544050680227411 ], [ -96.619430750212402, 16.543735909838055 ], [ -96.619423809432988, 16.543668387155627 ], [ -96.61940808040579, 16.543515361109186 ], [ -96.619381539551739, 16.54325714962318 ], [ -96.619336889672198, 16.542909820215325 ], [ -96.619231569792476, 16.542751819645758 ], [ -96.618923539072753, 16.542659712626399 ], [ -96.618255830357995, 16.542460049659987 ], [ -96.617578890299242, 16.542193579647211 ], [ -96.616782999893388, 16.541890259630019 ], [ -96.616215949811732, 16.541784080369681 ], [ -96.615552570417265, 16.541818679594247 ], [ -96.615208479734079, 16.541747230289491 ], [ -96.614955820237256, 16.541423520115096 ], [ -96.614541029913312, 16.541595260298489 ], [ -96.61406682002324, 16.541353029581149 ], [ -96.614082950060393, 16.540930689734335 ], [ -96.613637979771028, 16.540706940222403 ], [ -96.613563649679776, 16.539726199990859 ], [ -96.612851889977335, 16.539030179936468 ], [ -96.612774799691948, 16.538599219814152 ], [ -96.612877620206845, 16.538088940014745 ], [ -96.612446680420746, 16.537528719949098 ], [ -96.612324020241275, 16.536261320201849 ], [ -96.611220139737895, 16.535513260367384 ], [ -96.611698629980566, 16.534796720324671 ], [ -96.611264230396202, 16.534656939659254 ], [ -96.611334880307638, 16.534151599766684 ], [ -96.611719059980672, 16.53356198006027 ], [ -96.611215800376513, 16.533144860081944 ], [ -96.610782979745395, 16.532710510278751 ], [ -96.611123179659515, 16.532404019872853 ], [ -96.611287149567019, 16.531625650170255 ], [ -96.610762630246768, 16.531056429595566 ], [ -96.610800219781822, 16.530671339734603 ], [ -96.610779949612208, 16.529958660297389 ], [ -96.610662580008366, 16.52929162012115 ], [ -96.610652150203379, 16.52923229036108 ], [ -96.610764450128116, 16.528476319785138 ], [ -96.611453679907228, 16.528180080411644 ], [ -96.61225884961587, 16.528058600109063 ], [ -96.613127320102322, 16.527777509891862 ], [ -96.61347806044094, 16.527072340053458 ], [ -96.613658229851637, 16.526656059924832 ], [ -96.601559449904556, 16.527705980163212 ], [ -96.600213369864434, 16.527822740331217 ], [ -96.599841940449323, 16.527854950109624 ], [ -96.599051607434419, 16.527923492029597 ], [ -96.597899665472283, 16.528023387682328 ], [ -96.597891079593055, 16.528024132490799 ], [ -96.597883889820167, 16.528024755657178 ], [ -96.597869584404876, 16.528025996560515 ], [ -96.597272510034699, 16.528077770443609 ], [ -96.597260573353083, 16.528078805873154 ], [ -96.597235122706579, 16.528081013440037 ], [ -96.59721188029026, 16.52808302870687 ], [ -96.597181671526386, 16.528085648148323 ], [ -96.596612457995363, 16.528135010647159 ], [ -96.596582333687863, 16.528137623110485 ], [ -96.596512719929621, 16.528143660087046 ], [ -96.596485353988101, 16.528146033457904 ], [ -96.594729922891943, 16.528298264830763 ], [ -96.594728847878827, 16.528298358408616 ], [ -96.593539454050102, 16.528401489480821 ], [ -96.592952630259859, 16.528452369023722 ], [ -96.590231279787048, 16.529048049344457 ], [ -96.589494199817437, 16.529199889343197 ], [ -96.588018319939337, 16.529524428654589 ], [ -96.586442220228832, 16.529782488925807 ], [ -96.586391450499363, 16.529794078894277 ], [ -96.585481429787222, 16.529744748843854 ], [ -96.574208139689006, 16.529133309293687 ], [ -96.567354829974732, 16.524644648731115 ], [ -96.56117526001762, 16.520596778786519 ], [ -96.559785599547766, 16.516269949932362 ], [ -96.559134564621004, 16.511568081434781 ], [ -96.559042249795169, 16.510901349585723 ], [ -96.562772029999181, 16.507416549958897 ], [ -96.562689567004071, 16.507289010216454 ], [ -96.562320369881775, 16.506718000404391 ], [ -96.562046849634257, 16.506092080040965 ], [ -96.561785310149048, 16.505466310431736 ], [ -96.561504820457813, 16.504610510203889 ], [ -96.561247349892042, 16.503801029546896 ], [ -96.560636310089691, 16.503271520186725 ], [ -96.560392420105842, 16.502718377320942 ], [ -96.560378485368076, 16.502686772993307 ], [ -96.560364551499916, 16.502655170503054 ], [ -96.560347695632402, 16.502616942020186 ], [ -96.560339859934103, 16.50259917032237 ], [ -96.560738821882111, 16.502050782327213 ], [ -96.560759819839063, 16.502021919837297 ], [ -96.56115933954014, 16.500872510349819 ], [ -96.572354249685105, 16.495334030064129 ], [ -96.572928569886045, 16.495228170009462 ], [ -96.57325135007838, 16.494538280060159 ], [ -96.573575739637775, 16.494267679745949 ], [ -96.573310479546222, 16.494378019646543 ], [ -96.57316950994543, 16.494407889581449 ], [ -96.572894519800982, 16.494275350343425 ], [ -96.572595850186659, 16.494329909606567 ], [ -96.572185110450647, 16.49470366036989 ], [ -96.570849599534327, 16.494648890083297 ], [ -96.570284289673239, 16.493884769991645 ], [ -96.569867570398017, 16.493703370235881 ], [ -96.569217380449174, 16.493793779881649 ], [ -96.567686630110089, 16.493068139890909 ], [ -96.566837539675575, 16.492187350436328 ], [ -96.56641104985205, 16.491965109736597 ], [ -96.56608565991101, 16.491650399587364 ], [ -96.566002080473211, 16.491305379847788 ], [ -96.566107490382137, 16.490735459597278 ], [ -96.566759110227792, 16.489817889819314 ], [ -96.566726179748471, 16.489302380331612 ], [ -96.566546290092859, 16.488803969696157 ], [ -96.565600459805907, 16.488484779550571 ], [ -96.565263969711822, 16.488775349634881 ], [ -96.564950030246052, 16.488806719856655 ], [ -96.564479629814898, 16.489042649782959 ], [ -96.564193110045551, 16.489052230438258 ], [ -96.564102740437477, 16.488801999864869 ], [ -96.564261829977553, 16.488364550418442 ], [ -96.564230080438065, 16.487947739816036 ], [ -96.563839569838876, 16.487798819597462 ], [ -96.563628599753372, 16.487630169564007 ], [ -96.563294630213719, 16.487171549725709 ], [ -96.563253860450899, 16.487108890392779 ], [ -96.562882710172531, 16.486738449950497 ], [ -96.562259649904462, 16.48595213974761 ], [ -96.56193321994634, 16.485345800290748 ], [ -96.561873980091022, 16.484709649595651 ], [ -96.56179878035212, 16.4846132903144 ], [ -96.560721890403684, 16.48382719969247 ], [ -96.56036511974122, 16.483873819568792 ], [ -96.560117120103953, 16.48383259961432 ], [ -96.55999503029463, 16.483681940176801 ], [ -96.559968310232932, 16.483470370096647 ], [ -96.560019350004893, 16.482558339775547 ], [ -96.559711509902868, 16.482081910303222 ], [ -96.559295249956691, 16.482151180355025 ], [ -96.558969219962862, 16.481887350437702 ], [ -96.558843259543593, 16.480632139807376 ], [ -96.558704850314882, 16.480190520312004 ], [ -96.558208430240441, 16.479447089980855 ], [ -96.558308420288171, 16.479347259591815 ], [ -96.558669879174431, 16.478991890508354 ], [ -96.558704599193277, 16.478552089778539 ], [ -96.559094689232793, 16.47830169101476 ], [ -96.559500059669901, 16.478223739731902 ], [ -96.559855320351431, 16.478297480995185 ], [ -96.560299918662352, 16.47820459994076 ], [ -96.560551979842884, 16.478350850493577 ], [ -96.560750719645227, 16.478332109558711 ], [ -96.561160108827409, 16.478135090673401 ], [ -96.561542918901466, 16.478096431011856 ], [ -96.562026048899639, 16.477807679689235 ], [ -96.562703508938057, 16.477849351242057 ], [ -96.563316280353575, 16.478018481348919 ], [ -96.563444890342581, 16.4781898796092 ], [ -96.563671490247245, 16.478304250208829 ], [ -96.563688569937256, 16.478300414152429 ], [ -96.564380690341622, 16.478144969630922 ], [ -96.564702148962482, 16.478017020963197 ], [ -96.565407049653061, 16.47792386092922 ], [ -96.566153044104766, 16.477853238547837 ], [ -96.566154399783116, 16.477853110340224 ], [ -96.566510339546838, 16.477806421209412 ], [ -96.566661550203165, 16.477747831064185 ], [ -96.566685598685467, 16.477720501398188 ], [ -96.566751969533783, 16.477645077105006 ], [ -96.566803119037601, 16.477586950111633 ], [ -96.566803357301765, 16.477585694436481 ], [ -96.566811547008967, 16.47754250474679 ], [ -96.566829620111989, 16.477447201225083 ], [ -96.566812399733337, 16.477382213130625 ], [ -96.566808180109064, 16.477366290519878 ], [ -96.566866848807265, 16.47727580088927 ], [ -96.566905594195745, 16.477195251900536 ], [ -96.566930449045969, 16.477143579997598 ], [ -96.567228399987457, 16.477282710242026 ], [ -96.567399566963786, 16.477401182977342 ], [ -96.567427939106963, 16.47742082074166 ], [ -96.567609318717686, 16.477479369547286 ], [ -96.567750020107766, 16.477403651110428 ], [ -96.56778876896189, 16.477390424112542 ], [ -96.567882187245004, 16.477358537098446 ], [ -96.567905880031319, 16.477350449774466 ], [ -96.568065110374107, 16.477319599822618 ], [ -96.568232989904786, 16.477325663664395 ], [ -96.568278029207903, 16.477327290459904 ], [ -96.568286742091942, 16.477326405083343 ], [ -96.568409529294584, 16.477313923736844 ], [ -96.568475649809457, 16.477307202434375 ], [ -96.568505743952045, 16.477304143065169 ], [ -96.568557219317256, 16.477298910602791 ], [ -96.568556684692268, 16.477289039486973 ], [ -96.568541430083172, 16.477007571329292 ], [ -96.568576088542926, 16.476966903352544 ], [ -96.568654199593354, 16.476875250348066 ], [ -96.568806288617552, 16.47686450955149 ], [ -96.568918570267442, 16.476742650276975 ], [ -96.569273029093679, 16.476445231094313 ], [ -96.569309249710315, 16.476497291121699 ], [ -96.569605659261214, 16.476588459609758 ], [ -96.569720548999385, 16.476598600917153 ], [ -96.569942819280215, 16.476579771163617 ], [ -96.570117812840991, 16.476569090045604 ], [ -96.570436108631085, 16.47654966093631 ], [ -96.571438369171375, 16.476843751115315 ], [ -96.5717404601194, 16.476516980704787 ], [ -96.571994569360115, 16.476610060782349 ], [ -96.572673723005295, 16.476314610453191 ], [ -96.572849229218448, 16.476238260121381 ], [ -96.573014422285098, 16.4762750232094 ], [ -96.573228709076545, 16.476322710722528 ], [ -96.573358713338635, 16.476261056204393 ], [ -96.573394150306768, 16.476244250314867 ], [ -96.57347305881575, 16.476265231854207 ], [ -96.573739630285971, 16.476336110757863 ], [ -96.573859569632347, 16.476439219696974 ], [ -96.57413668976848, 16.476364380570271 ], [ -96.574363888769568, 16.476513779804268 ], [ -96.574404992634143, 16.476524902289189 ], [ -96.574482414545656, 16.476545852468501 ], [ -96.574561410789968, 16.476567228313428 ], [ -96.574632913152357, 16.476586576927971 ], [ -96.574898859543069, 16.476658540985976 ], [ -96.575103948956084, 16.476597540133415 ], [ -96.575294290108374, 16.476795290249246 ], [ -96.575571309144692, 16.476886540129765 ], [ -96.575875719554332, 16.476946339719166 ], [ -96.575991229287069, 16.476972169574008 ], [ -96.576203512356741, 16.476904154850228 ], [ -96.576309490418836, 16.476870199623583 ], [ -96.576376030160645, 16.476864027118214 ], [ -96.576707348873327, 16.476833290661535 ], [ -96.577017369323741, 16.47689997107744 ], [ -96.577255489132199, 16.476818820075671 ], [ -96.577536369927017, 16.476756481328774 ], [ -96.577681448955687, 16.47668894030905 ], [ -96.577823880271026, 16.476598031036588 ], [ -96.57800537988453, 16.47650302964864 ], [ -96.578112849309406, 16.476451170867872 ], [ -96.578364059516829, 16.476380399807258 ], [ -96.578521968702859, 16.476214350736619 ], [ -96.578622799304981, 16.476226000891344 ], [ -96.578803798585199, 16.476091141103741 ], [ -96.578914460253486, 16.475966981148193 ], [ -96.579513420348661, 16.475560520073007 ], [ -96.579668629823942, 16.475513950654655 ], [ -96.579883658859998, 16.475437740092524 ], [ -96.579894460392282, 16.475463891023331 ], [ -96.580277178963684, 16.475688770502153 ], [ -96.580610288798283, 16.47576698002073 ], [ -96.580809580245955, 16.475801481047213 ], [ -96.581001379628887, 16.475759351217942 ], [ -96.581274908988647, 16.4757298009112 ], [ -96.581663689068762, 16.475701310930813 ], [ -96.581964019749805, 16.475634110548672 ], [ -96.582383020409452, 16.475594620307724 ], [ -96.582474799389061, 16.475547650022548 ], [ -96.582790859090807, 16.475509550847445 ], [ -96.583006619220484, 16.475560690119714 ], [ -96.583285819481347, 16.47565863085952 ], [ -96.583563820114321, 16.475738919906576 ], [ -96.583721970396567, 16.47568185113073 ], [ -96.583899380396261, 16.475868340587816 ], [ -96.584409309724023, 16.47589369067574 ], [ -96.584721999074034, 16.476061369568313 ], [ -96.584958749288248, 16.476214721018557 ], [ -96.58634556976142, 16.476343891067987 ], [ -96.586239179481865, 16.476941600919623 ], [ -96.586240228742611, 16.47711634027732 ], [ -96.586301749281219, 16.477139290432479 ], [ -96.586581349080078, 16.476745030158447 ], [ -96.586840449832025, 16.476901431246745 ], [ -96.586870949352416, 16.476886850106865 ], [ -96.586862179716974, 16.476723661131821 ], [ -96.58701947877671, 16.476496939584369 ], [ -96.587121220326878, 16.47634766108138 ], [ -96.587236368660811, 16.476059229884505 ], [ -96.587120029537218, 16.47561465046029 ], [ -96.587083199598311, 16.475503621005348 ], [ -96.587132279651854, 16.475434219634909 ], [ -96.587862579075519, 16.47548258039653 ], [ -96.588004319479509, 16.475413180735707 ], [ -96.588178890289782, 16.475169350493008 ], [ -96.588448019779733, 16.475083109914735 ], [ -96.589410000082907, 16.474949720380589 ], [ -96.589628658987351, 16.474868819815931 ], [ -96.589963079914867, 16.474584860195428 ], [ -96.590011048763827, 16.474357680550398 ], [ -96.589844888776241, 16.473999630801352 ], [ -96.58985079941607, 16.473823121011964 ], [ -96.589987199820058, 16.473601880239524 ], [ -96.590197279342576, 16.473489080033389 ], [ -96.59047228995577, 16.473341690998723 ], [ -96.590888289612408, 16.473197480036873 ], [ -96.591082278959377, 16.473132242708843 ], [ -96.591363379707886, 16.473037710824361 ], [ -96.591344339516823, 16.473015540534217 ], [ -96.590029779803885, 16.470515780265931 ], [ -96.589539688602343, 16.469583819977231 ], [ -96.589500020439857, 16.469531380345433 ], [ -96.590181019995143, 16.469688169724058 ], [ -96.590533280047481, 16.469667520288191 ], [ -96.590637940214037, 16.469469309610879 ], [ -96.590716309718829, 16.469156049733179 ], [ -96.591432519525782, 16.468684249934075 ], [ -96.591953739481667, 16.468806199660946 ], [ -96.591993198885021, 16.468970879951623 ], [ -96.59214982915887, 16.469069089956086 ], [ -96.592594398636962, 16.468864910904131 ], [ -96.593349508582847, 16.468644140776799 ], [ -96.593452779802988, 16.468605289977738 ], [ -96.594058119706034, 16.468348320683685 ], [ -96.594374479552087, 16.468386400723446 ], [ -96.594704049109353, 16.467953420201496 ], [ -96.59491696894564, 16.467601980166751 ], [ -96.595085459766068, 16.467313511320445 ], [ -96.595309780186724, 16.467182580800529 ], [ -96.595670578566128, 16.46681982088954 ], [ -96.595820319998822, 16.466623000707578 ], [ -96.595851490075432, 16.466477749624126 ], [ -96.595977309680734, 16.465768170056609 ], [ -96.596066380381558, 16.465465080334859 ], [ -96.596045819352355, 16.465258250042709 ], [ -96.596033708914106, 16.465059091302866 ], [ -96.596049278958702, 16.46497018053077 ], [ -96.59610230866636, 16.464916149744731 ], [ -96.596251148967269, 16.464953149848228 ], [ -96.59650971958736, 16.464923380890578 ], [ -96.596753148963046, 16.464465450175314 ], [ -96.597077749091994, 16.463780180573835 ], [ -96.59762173059697, 16.463414844271249 ], [ -96.597684660104477, 16.463372581098781 ], [ -96.597638599286398, 16.463181969547634 ], [ -96.597970620160595, 16.46286429100298 ], [ -96.598081269601124, 16.462497050551995 ], [ -96.59809286030054, 16.46245858070429 ], [ -96.598218568458023, 16.46238720284261 ], [ -96.598488379632798, 16.462234001040756 ], [ -96.598506829685235, 16.462156575251583 ], [ -96.598552059233498, 16.461966771277158 ], [ -96.59884914862495, 16.461800260518121 ], [ -96.599270478728656, 16.461451510492161 ], [ -96.599788649143036, 16.460786400296303 ], [ -96.600227477977484, 16.460779921974328 ], [ -96.600486909827922, 16.460776090960742 ], [ -96.601103599908001, 16.460762480014321 ], [ -96.601285228020771, 16.46060820066587 ], [ -96.601486000250617, 16.460437659798565 ], [ -96.601748648674956, 16.460466200698235 ], [ -96.601762364303553, 16.460510663790082 ], [ -96.601850429314794, 16.460796140621696 ], [ -96.602528949864777, 16.460543150077648 ], [ -96.602544262722546, 16.460523507780668 ], [ -96.602879620135752, 16.46009334134634 ], [ -96.603234458770487, 16.459613291030436 ], [ -96.603852538599483, 16.459573061060489 ], [ -96.60426145510371, 16.459530011010816 ], [ -96.604976570097222, 16.45945472112804 ], [ -96.605279508792833, 16.459282429832154 ], [ -96.605776749585957, 16.459423550943477 ], [ -96.606140230012087, 16.459772939622862 ], [ -96.606423369601458, 16.459880169738362 ], [ -96.606522119494585, 16.460023690466855 ], [ -96.606918520229542, 16.460527920174481 ], [ -96.608116979606734, 16.461355080039898 ], [ -96.607880679017541, 16.462147369643112 ], [ -96.607987949988015, 16.462274290867388 ], [ -96.608042919395274, 16.462505480120953 ], [ -96.608491910305361, 16.462577550790009 ], [ -96.609193909686567, 16.462966799569049 ], [ -96.60986348921476, 16.463070170007576 ], [ -96.610724338969064, 16.463291109819203 ], [ -96.611062369568828, 16.463344690055749 ], [ -96.611467058979457, 16.463539140043679 ], [ -96.611668550172951, 16.463647050323448 ], [ -96.61194114032449, 16.463740800292555 ], [ -96.611811798865872, 16.464177620734425 ], [ -96.611612979905544, 16.46466546060547 ], [ -96.611637849045863, 16.464694919941131 ], [ -96.611930509421697, 16.464929859916079 ], [ -96.611964378609727, 16.464872280625944 ], [ -96.612331080390049, 16.465236200403773 ], [ -96.612067949812342, 16.465616860251714 ], [ -96.611948419869904, 16.465747689883386 ], [ -96.611733779702092, 16.465824550280523 ], [ -96.6116056897269, 16.466146060151249 ], [ -96.611873259951835, 16.466218121064816 ], [ -96.612256249612017, 16.466335349798602 ], [ -96.612406019586373, 16.466481980007039 ], [ -96.612661879103854, 16.466640019884057 ], [ -96.612587878651809, 16.466735181030899 ], [ -96.612582784236821, 16.466793486500485 ], [ -96.61258205996144, 16.466801780913702 ], [ -96.612564596911071, 16.466801993243358 ], [ -96.612326689191804, 16.466804890934863 ], [ -96.611949629652031, 16.46711302990904 ], [ -96.611944398611911, 16.467220791610455 ], [ -96.611943198770106, 16.467245519735727 ], [ -96.612157568599713, 16.467482950735992 ], [ -96.612032849694501, 16.467612399741473 ], [ -96.611777678745511, 16.467822250205408 ], [ -96.611780056846797, 16.46784585912134 ], [ -96.611804538689995, 16.468088880299113 ], [ -96.611587229065378, 16.468258180857173 ], [ -96.611558689919818, 16.468302940298642 ], [ -96.611429599079784, 16.468357510174808 ], [ -96.611295820384683, 16.468532170324028 ], [ -96.611114799028741, 16.468676431089683 ], [ -96.611083198982712, 16.468773680447363 ], [ -96.611156419862908, 16.468973320771205 ], [ -96.611229718638981, 16.469179369648 ], [ -96.611437420369086, 16.469382600931027 ], [ -96.611610979723721, 16.469474180693691 ], [ -96.611720049191163, 16.469392140714397 ], [ -96.611974168951662, 16.469325420190302 ], [ -96.612225119012962, 16.469528850738794 ], [ -96.61247913961563, 16.469693950871903 ], [ -96.612771679777239, 16.469672259983952 ], [ -96.612855540474783, 16.469731199575367 ], [ -96.612979078651634, 16.469960479615118 ], [ -96.613177549226506, 16.470060581296881 ], [ -96.613377979092903, 16.470099570211769 ], [ -96.613870419200197, 16.470307710784411 ], [ -96.614130019650077, 16.470531650959032 ], [ -96.614355259013067, 16.470598909759271 ], [ -96.614505090064924, 16.470637199998254 ], [ -96.614208320162177, 16.470780451291539 ], [ -96.61404241985646, 16.470727820987854 ], [ -96.613777950200102, 16.4706555800872 ], [ -96.613053509057721, 16.470698460787688 ], [ -96.612422319896268, 16.470372970280216 ], [ -96.611973198846997, 16.470155979614656 ], [ -96.611913089501044, 16.470098319619979 ], [ -96.611799599564634, 16.47025205028536 ], [ -96.611579340134426, 16.470310580670962 ], [ -96.611290948575345, 16.47032902108419 ], [ -96.611102338707738, 16.470408681177172 ], [ -96.610905829174484, 16.470292020712844 ], [ -96.610830570178621, 16.470191109614046 ], [ -96.61070234890218, 16.470050999998065 ], [ -96.610618878978158, 16.469904321137079 ], [ -96.610498459785688, 16.470095049617864 ], [ -96.610494787254012, 16.470119741427677 ], [ -96.610466719780362, 16.470308450521618 ], [ -96.610423549683915, 16.470491050798998 ], [ -96.610437380669339, 16.470571080644017 ], [ -96.610467879528571, 16.470747556279903 ], [ -96.610473489913204, 16.470780020308172 ], [ -96.61049405636679, 16.47080840716902 ], [ -96.61050511266771, 16.470823667383616 ], [ -96.610531289308412, 16.470859799682067 ], [ -96.610564936921776, 16.470844997895171 ], [ -96.610762109217092, 16.470758259583587 ], [ -96.611021879625895, 16.470657920910952 ], [ -96.611118575664406, 16.470643722877128 ], [ -96.61121488127776, 16.470629582817317 ], [ -96.611272518839172, 16.470621119995929 ], [ -96.6112908612089, 16.470629319098247 ], [ -96.611613078889633, 16.470773351081821 ], [ -96.611617001795622, 16.470774471637608 ], [ -96.611870599258481, 16.470846919557562 ], [ -96.611874312542909, 16.470863481839544 ], [ -96.611884315089668, 16.47090810250279 ], [ -96.611902949094016, 16.470991220506992 ], [ -96.611929687331568, 16.471034819183661 ], [ -96.612016205071285, 16.471175891869009 ], [ -96.612035148967621, 16.471206780884341 ], [ -96.612052592613423, 16.471230708001634 ], [ -96.612221148879172, 16.471461919808242 ], [ -96.612383660063841, 16.471620971113044 ], [ -96.612575429334626, 16.471774599924039 ], [ -96.612674290211658, 16.471801970322964 ], [ -96.61285619896141, 16.471961201148265 ], [ -96.612894298156334, 16.471982504653599 ], [ -96.612945022934852, 16.472010868419758 ], [ -96.612975000110055, 16.472027631282348 ], [ -96.613683398698527, 16.471836649642221 ], [ -96.613971078412021, 16.47176776583705 ], [ -96.613972018723359, 16.471767540918052 ], [ -96.613972213411486, 16.471767537146579 ], [ -96.614303193075813, 16.471761615585461 ], [ -96.614487889926266, 16.471758310687562 ], [ -96.614507200254664, 16.471776200897356 ], [ -96.614705888934239, 16.471960279750071 ], [ -96.614859108728055, 16.472057199553678 ], [ -96.615036895185455, 16.472029553881292 ], [ -96.615055687752815, 16.472026631480965 ], [ -96.615135118817307, 16.472014279556934 ], [ -96.61528237994149, 16.471973370939967 ], [ -96.615329169574693, 16.47192295105776 ], [ -96.615580150162501, 16.471729829608691 ], [ -96.615719191595076, 16.471660349283681 ], [ -96.615857014804291, 16.47159147808064 ], [ -96.615944059935018, 16.471547980475275 ], [ -96.616135259975721, 16.47134469054944 ], [ -96.61630801966399, 16.471205551012986 ], [ -96.616695509152507, 16.471013230641773 ], [ -96.616994369058389, 16.47079723014388 ], [ -96.617381939777957, 16.470478650850161 ], [ -96.617540799942461, 16.470309580848049 ], [ -96.61769454898581, 16.470173689692345 ], [ -96.617775538980581, 16.470384151001042 ], [ -96.617843599097171, 16.470597659933677 ], [ -96.617883399651745, 16.470670770185148 ], [ -96.617962548610933, 16.470815970761954 ], [ -96.618148119283489, 16.470593030239815 ], [ -96.618306259931003, 16.470461230414436 ], [ -96.618421109201705, 16.470462430630167 ], [ -96.61870870976928, 16.470486119932996 ], [ -96.618995429598186, 16.470494801275159 ], [ -96.619140199841098, 16.470460291172571 ], [ -96.619250578913778, 16.470385550691187 ], [ -96.619200578845849, 16.470299231197075 ], [ -96.619131979791916, 16.470180550740629 ], [ -96.61908807884592, 16.470120221102167 ], [ -96.618983120094384, 16.470039379795569 ], [ -96.618889088949885, 16.4698942600603 ], [ -96.618874540052346, 16.469844630038896 ], [ -96.618851149938848, 16.469653709575731 ], [ -96.618937650170523, 16.469637120231368 ], [ -96.619049658934429, 16.469587551009809 ], [ -96.619318848623323, 16.469512109987559 ], [ -96.619608748902635, 16.469455949723006 ], [ -96.619860950287105, 16.469424880275824 ], [ -96.620157489513261, 16.46943531024262 ], [ -96.620285429702122, 16.469459120503171 ], [ -96.620572340372604, 16.46954931980822 ], [ -96.620804980357889, 16.46963352135063 ], [ -96.621221018954941, 16.469811489960566 ], [ -96.621361878957586, 16.469847679565742 ], [ -96.6219331098916, 16.470130050140931 ], [ -96.622420108747988, 16.470363221307856 ], [ -96.622835250327896, 16.470570770100423 ], [ -96.62303028965195, 16.470665691298311 ], [ -96.623066029468191, 16.47071206109106 ], [ -96.623062080325141, 16.470742049640137 ], [ -96.623223419475394, 16.470834380971791 ], [ -96.623587550064698, 16.470994169620511 ], [ -96.623988318900189, 16.471156259660138 ], [ -96.624457919967639, 16.471286830704567 ], [ -96.625064649117064, 16.471375550582511 ], [ -96.625499628683173, 16.471464059904836 ], [ -96.626453049316368, 16.47166688072873 ], [ -96.626752289027948, 16.471707690823315 ], [ -96.626939149796655, 16.471802630629625 ], [ -96.627116419987999, 16.47191766060206 ], [ -96.627282519755141, 16.472065619888685 ], [ -96.627523349234551, 16.472135720090797 ], [ -96.627885449403635, 16.472250751030192 ], [ -96.628245179473126, 16.472392819915932 ], [ -96.628267998775925, 16.472334490150711 ], [ -96.629449460377657, 16.469314491328475 ], [ -96.629765034105134, 16.468624811409565 ], [ -96.629839279057023, 16.468462550070893 ], [ -96.630176479411389, 16.467740401299082 ], [ -96.631147738635718, 16.465602879706072 ], [ -96.631656058670899, 16.464491860900118 ], [ -96.63179610908449, 16.464019279838237 ], [ -96.632196570048379, 16.463821179588521 ], [ -96.632496259771514, 16.46390489133308 ], [ -96.632857799027903, 16.463828599976996 ], [ -96.633020140297035, 16.463747050030932 ], [ -96.633243750140082, 16.46305911097658 ], [ -96.633262790264126, 16.462746468046284 ], [ -96.633266399944091, 16.462687200260937 ], [ -96.632804078979106, 16.462046340647809 ], [ -96.632855378997164, 16.461798140657731 ], [ -96.633472749179177, 16.461206569836158 ], [ -96.633472728101836, 16.461201906143437 ], [ -96.633468279532039, 16.460212260130771 ], [ -96.632885949620373, 16.45940772066924 ], [ -96.632621779812482, 16.458578310776804 ], [ -96.632369750339578, 16.458125310845482 ], [ -96.632455339156451, 16.457941620074877 ], [ -96.632700849926607, 16.45783414089669 ], [ -96.632848458605622, 16.4578691099811 ], [ -96.6335537195705, 16.457287420989037 ], [ -96.63370250977097, 16.456950660244768 ], [ -96.63352375011759, 16.455984090253146 ], [ -96.633969489014135, 16.456687939771779 ], [ -96.633950659780254, 16.457182551224292 ], [ -96.634001049749685, 16.457446540285062 ], [ -96.634087058703386, 16.457698690980404 ], [ -96.634197508978232, 16.458008110726073 ], [ -96.634319999505877, 16.458328910226395 ], [ -96.634467719314486, 16.458787459802256 ], [ -96.63463017989082, 16.459521820815638 ], [ -96.63471153933456, 16.460486919568897 ], [ -96.634874690184375, 16.461290279647695 ], [ -96.634998458555742, 16.461737541197717 ], [ -96.636280379403587, 16.462961831156548 ], [ -96.636860979277373, 16.463157311257039 ], [ -96.637267619616978, 16.463279950504784 ], [ -96.637819080232461, 16.463573720080436 ], [ -96.638526458873287, 16.463958000863734 ], [ -96.638671979762066, 16.464198091334787 ], [ -96.639201339672979, 16.465283691104666 ], [ -96.639347939565525, 16.466180949579247 ], [ -96.639683750328999, 16.466373260868043 ], [ -96.640402849611775, 16.466734430116617 ], [ -96.641155940351041, 16.4669227803948 ], [ -96.641258356006901, 16.466963106985041 ], [ -96.642125629158642, 16.467304580415835 ], [ -96.642594459566055, 16.467679621210447 ], [ -96.642812819697042, 16.468045490056863 ], [ -96.642877470424025, 16.468110987754738 ], [ -96.643150168977627, 16.468387259855287 ], [ -96.643475818907277, 16.468752139680372 ], [ -96.644027658712062, 16.46908038109828 ], [ -96.644853708741891, 16.469406031192644 ], [ -96.645452059074685, 16.469618850224897 ], [ -96.645987519987642, 16.469510289884056 ], [ -96.646710282955269, 16.469417967114211 ], [ -96.646714249412639, 16.469417460269842 ], [ -96.647048740096167, 16.469511749899908 ], [ -96.647563170067642, 16.469679370207292 ], [ -96.647956258914434, 16.469641140455817 ], [ -96.64840872022117, 16.469579369896294 ], [ -96.648934370080454, 16.4696778805774 ], [ -96.649281454770701, 16.469739952554598 ], [ -96.649483858796373, 16.469776150550672 ], [ -96.650415349861575, 16.46991681995193 ], [ -96.651393039584548, 16.470070838942998 ], [ -96.651585770360796, 16.470101199778572 ], [ -96.652770818784347, 16.470549890355755 ], [ -96.653474249412568, 16.470543220008032 ], [ -96.653892479844515, 16.470631230482766 ], [ -96.654120658606601, 16.47079005046653 ], [ -96.654981919087106, 16.471057830859099 ], [ -96.65592664971247, 16.471324820276578 ], [ -96.656380890298038, 16.471435491057459 ], [ -96.657087629612704, 16.471750720864382 ], [ -96.657533368621401, 16.472194939705762 ], [ -96.658050079018651, 16.472580970250625 ], [ -96.658254418728475, 16.472740000984587 ], [ -96.65849067520449, 16.472888654572163 ], [ -96.658506449999265, 16.472898580234538 ], [ -96.658758120328741, 16.473022681160302 ], [ -96.659344882683754, 16.472996121421016 ], [ -96.659723509814754, 16.472978981195276 ], [ -96.660307848905902, 16.472984920186637 ], [ -96.660772229763282, 16.472794051316423 ], [ -96.661110229712961, 16.472642379964459 ], [ -96.660901719954651, 16.473421550051015 ], [ -96.660913429064948, 16.47348898032249 ], [ -96.660835709393254, 16.47370410988065 ], [ -96.660769418695196, 16.473951081149647 ], [ -96.660772879981067, 16.474016969700184 ], [ -96.660759019367063, 16.474046711258413 ], [ -96.660663779748447, 16.475829880192109 ], [ -96.660702019610454, 16.475950820203302 ], [ -96.66073479941852, 16.476464380141277 ], [ -96.660685262017353, 16.4769764407129 ], [ -96.660478539582556, 16.479113260830122 ], [ -96.660305118717957, 16.479274109859745 ], [ -96.660375199317102, 16.480143199932236 ], [ -96.660383180011209, 16.480189370260991 ], [ -96.660247720382202, 16.481633320911879 ], [ -96.660312030223892, 16.481818600035979 ], [ -96.66005717018146, 16.483666650118636 ], [ -96.660130049892572, 16.48388697989861 ], [ -96.660112829601943, 16.485257550261679 ], [ -96.660105029471424, 16.485598121173798 ], [ -96.660098818638119, 16.485645121254006 ], [ -96.660045250089951, 16.48598661958582 ], [ -96.659847818773869, 16.488072169960432 ], [ -96.661094799655004, 16.487345911284521 ], [ -96.661361995131742, 16.487222902797466 ], [ -96.664281399541423, 16.485878860074699 ], [ -96.665791089065678, 16.485144030670732 ], [ -96.668176798620721, 16.483994179977458 ], [ -96.669052058833572, 16.483408169905786 ], [ -96.669843149614437, 16.483592949545706 ], [ -96.670239399710994, 16.483651219667287 ], [ -96.670376019492338, 16.483684450977133 ], [ -96.671435459087547, 16.483906629681762 ], [ -96.671699909286602, 16.483992950538276 ], [ -96.67374344937059, 16.484363400524881 ], [ -96.673813649102811, 16.48436527990016 ], [ -96.674084910405796, 16.484396571172844 ], [ -96.674284939885553, 16.483789369659 ], [ -96.674307769200041, 16.48372983038826 ], [ -96.675621769389437, 16.482262260535059 ], [ -96.675626110397502, 16.482224281211629 ], [ -96.675384219263051, 16.481309550643385 ], [ -96.676869369139041, 16.482388600182777 ], [ -96.703176850190047, 16.495023020085817 ], [ -96.703217259743255, 16.495057779606057 ], [ -96.709987089626694, 16.500874980104086 ], [ -96.710535660456628, 16.502935289711886 ], [ -96.710887979720525, 16.50425854040488 ], [ -96.699276230376668, 16.508717429995986 ], [ -96.697711179900367, 16.509318339924619 ], [ -96.69809000036355, 16.513734419707099 ], [ -96.696288170344715, 16.51816634992208 ], [ -96.690636513900543, 16.524205009793413 ], [ -96.690601059628335, 16.524242890088523 ], [ -96.690335750021177, 16.524424509621493 ], [ -96.689977301049879, 16.52485498111955 ], [ -96.689924583369532, 16.524918290144672 ], [ -96.689888550223401, 16.524961562222611 ], [ -96.689851139842602, 16.525006489994642 ], [ -96.689426490318823, 16.525577419772407 ], [ -96.688966339560835, 16.526102119918924 ], [ -96.688657037882152, 16.526567623381524 ], [ -96.688627965336948, 16.526611376954129 ], [ -96.688599188661982, 16.526654686215004 ], [ -96.688541139756353, 16.526742049676105 ], [ -96.688128920028618, 16.527267109756924 ], [ -96.688120917413428, 16.527289469618307 ], [ -96.688068826394442, 16.527435016833252 ], [ -96.688039140606421, 16.527517961601887 ], [ -96.687969000164145, 16.527713939991941 ], [ -96.68797654966238, 16.528196579683609 ], [ -96.687968242560927, 16.528314305040528 ], [ -96.687964759583409, 16.528363663900063 ], [ -96.687960065081938, 16.528430190240179 ], [ -96.687935219805894, 16.528782309677563 ], [ -96.687953580213374, 16.529379980198396 ], [ -96.68786393999315, 16.530011340042471 ], [ -96.687309202031429, 16.530626194091507 ], [ -96.687277569080123, 16.530661254899492 ], [ -96.68724006454417, 16.530702823535048 ], [ -96.68719048847818, 16.530757771551258 ], [ -96.686681534050763, 16.531321872084145 ], [ -96.686645067027655, 16.531362290866113 ], [ -96.686612590332814, 16.531398286264928 ], [ -96.685545835141156, 16.532580608681148 ], [ -96.68551809491413, 16.532611354347214 ], [ -96.68548928940892, 16.532643280373261 ], [ -96.684333486509729, 16.533924267623171 ], [ -96.684300086990532, 16.533961283929845 ], [ -96.684246458490549, 16.534020720218535 ], [ -96.683940243912829, 16.534360094709822 ], [ -96.683134169902274, 16.535253449859511 ], [ -96.683219849631968, 16.535296259574778 ], [ -96.683468540236092, 16.535478339790433 ], [ -96.683654660201853, 16.535696619892249 ], [ -96.683985569356864, 16.536084629631493 ], [ -96.684292200200474, 16.536579110228359 ], [ -96.684663799622001, 16.536884710383639 ], [ -96.685080219650246, 16.536949550268293 ], [ -96.685740080116005, 16.536740220021972 ], [ -96.686198519057257, 16.536787999733544 ], [ -96.686596059933819, 16.537316420010178 ], [ -96.686847459978367, 16.538321650094009 ], [ -96.686950180191957, 16.53943109012976 ], [ -96.687101000220991, 16.540186430016089 ], [ -96.687458570233034, 16.540321340161977 ], [ -96.687934849743314, 16.540480710111638 ], [ -96.688251249924932, 16.540561509622101 ], [ -96.688853520422626, 16.540707650233056 ], [ -96.689403660316771, 16.540864380297972 ], [ -96.690061570158377, 16.541153909649026 ], [ -96.690611109950211, 16.541331000301945 ], [ -96.691078340125571, 16.541396219665181 ], [ -96.691514290228511, 16.541510779680216 ], [ -96.691985979939048, 16.54166448963074 ], [ -96.692391770080548, 16.541840370402465 ], [ -96.692849680116836, 16.541984400023587 ], [ -96.693469459601431, 16.5421116903449 ], [ -96.694171769815668, 16.542430089936257 ], [ -96.695103449635013, 16.542748369765221 ], [ -96.695775569948907, 16.542988459844484 ], [ -96.696662020060117, 16.543100200054919 ], [ -96.697365920252679, 16.542997430381476 ], [ -96.69105686007876, 16.548865290080457 ], [ -96.678509970167084, 16.560533019861669 ], [ -96.677824779846276, 16.572864169613414 ], [ -96.680052740100209, 16.573780769606781 ], [ -96.678249709895468, 16.578140279689514 ], [ -96.677367280126759, 16.581308459824285 ], [ -96.677242090164157, 16.582534119778231 ], [ -96.676507689904142, 16.583567000282546 ], [ -96.673069970272095, 16.587460569732023 ], [ -96.673489380266048, 16.587309520070615 ], [ -96.677576379898923, 16.588339519787507 ], [ -96.681655459573889, 16.588576170085421 ], [ -96.682825970177646, 16.588861540292996 ], [ -96.668295599570172, 16.59240090995706 ], [ -96.668132620016337, 16.592435430331314 ], [ -96.665351169735288, 16.590656969609217 ], [ -96.662989380008227, 16.587669370335945 ] ] ] ] } },
{ "type": "Feature", "properties": { "CVEGEO": "20506", "CVE_ENT": "20", "CVE_MUN": "506", "PAISAJE": "Valles Centrales", "ID_PAISA": 1, "NOM_MUN": "Santo Domingo Albarradas", "HAS_MUN": 4364.9, "RM": "R1" }, "geometry": { "type": "MultiPolygon", "coordinates": [ [ [ [ -96.18138821568013, 17.105058876528531 ], [ -96.182148229549227, 17.103591940320509 ], [ -96.182949819867076, 17.102789369831299 ], [ -96.182866653196072, 17.101824767932008 ], [ -96.182736850007259, 17.100319238535423 ], [ -96.182390979873105, 17.096307509675214 ], [ -96.181830490391064, 17.094218019926714 ], [ -96.181921769781809, 17.092759059550506 ], [ -96.181658980132298, 17.091575020102916 ], [ -96.179254110029717, 17.085331600137902 ], [ -96.179209489614763, 17.084147860159778 ], [ -96.178631980102594, 17.080831350375654 ], [ -96.17804288963832, 17.078595659636722 ], [ -96.177642219812498, 17.07629467970736 ], [ -96.177747680216768, 17.074308509723714 ], [ -96.178042170437777, 17.072393850229162 ], [ -96.178375680063752, 17.071477140159068 ], [ -96.17814189015543, 17.070422939969134 ], [ -96.178135720059871, 17.068765089711174 ], [ -96.17728785007111, 17.066263459712683 ], [ -96.177360940028066, 17.064291339722025 ], [ -96.177590520027024, 17.063734660033369 ], [ -96.179317219932798, 17.061872459745519 ], [ -96.179617819677262, 17.061354000031688 ], [ -96.180254539604846, 17.060684449965667 ], [ -96.182286349851395, 17.059639200412722 ], [ -96.193617489790938, 17.051857349552769 ], [ -96.19783235008255, 17.051995719591869 ], [ -96.198433199714742, 17.051482510023476 ], [ -96.19863168972303, 17.049425169868083 ], [ -96.199642089664735, 17.047848620397765 ], [ -96.19968188996252, 17.046123219869123 ], [ -96.200831539862008, 17.043979649918565 ], [ -96.205768719739496, 17.041302349780935 ], [ -96.206467489946689, 17.040079309561246 ], [ -96.206377089743739, 17.036529049997942 ], [ -96.206739089858573, 17.035502280248611 ], [ -96.209028620177108, 17.031178750216515 ], [ -96.209070120309391, 17.03016113996642 ], [ -96.207356050259293, 17.024812919576046 ], [ -96.207458230056034, 17.017887879621806 ], [ -96.207951450111452, 17.013429030127075 ], [ -96.2077480499605, 17.012184430187233 ], [ -96.2106489202516, 17.011763180008654 ], [ -96.210938480305686, 17.013083340154274 ], [ -96.212641059917246, 17.015669260257411 ], [ -96.21265744983566, 17.015697030245445 ], [ -96.212736710456525, 17.015814519733421 ], [ -96.217946520250578, 17.023726819826482 ], [ -96.225931140162885, 17.035129220028061 ], [ -96.22801523027178, 17.037319940041304 ], [ -96.228892110287191, 17.038986149677577 ], [ -96.229975429603229, 17.041535629667258 ], [ -96.230834400038688, 17.044511619949397 ], [ -96.231769550062992, 17.049643150037404 ], [ -96.232694120081106, 17.056466369961353 ], [ -96.233631710098933, 17.064385380337672 ], [ -96.234592890297407, 17.065734050006778 ], [ -96.23678357962099, 17.067201219580603 ], [ -96.24071609026312, 17.074104749807031 ], [ -96.242006480097857, 17.077084059564875 ], [ -96.242210379578864, 17.077290349677096 ], [ -96.242844020350375, 17.079726879723776 ], [ -96.247237630033595, 17.090617109659068 ], [ -96.248864139822103, 17.09582155032027 ], [ -96.247363580305276, 17.097321430453917 ], [ -96.247136430027581, 17.09715508014488 ], [ -96.244899000077069, 17.097148399561014 ], [ -96.243169430103123, 17.097218459958917 ], [ -96.240839280363517, 17.09579524974048 ], [ -96.236817400300467, 17.097231750361974 ], [ -96.230796109949466, 17.098612880218507 ], [ -96.229554169615142, 17.099819449605171 ], [ -96.227149619560123, 17.100642429581686 ], [ -96.225336150413028, 17.101258709987754 ], [ -96.222211149544805, 17.100744719693555 ], [ -96.222256980013654, 17.100016120111025 ], [ -96.219962290381048, 17.099525720364774 ], [ -96.218236829841928, 17.099243479865667 ], [ -96.2176283798496, 17.0992246897328 ], [ -96.216894230108693, 17.099029079592235 ], [ -96.216121980443589, 17.098960090198556 ], [ -96.215431800112611, 17.099246679926715 ], [ -96.211686689904695, 17.100052949889456 ], [ -96.210928769561193, 17.100550250309396 ], [ -96.208922430352814, 17.101401290176295 ], [ -96.206432739787914, 17.101725179852714 ], [ -96.204727290145485, 17.10222711961444 ], [ -96.20209548012059, 17.101277770147753 ], [ -96.198354249962392, 17.10315008005151 ], [ -96.196084710444623, 17.104029019958976 ], [ -96.194740950464734, 17.104086719853321 ], [ -96.194139079912546, 17.104209549797247 ], [ -96.193655850007062, 17.104580479782722 ], [ -96.193074950088302, 17.104885109887931 ], [ -96.192617289592718, 17.105158169809194 ], [ -96.192326890073588, 17.105112720376582 ], [ -96.192329881975255, 17.105325834031095 ], [ -96.192346419649397, 17.106503919858358 ], [ -96.189968950222877, 17.109271230415803 ], [ -96.189423630456162, 17.112395660134773 ], [ -96.188399880278993, 17.114734750448928 ], [ -96.188597020332438, 17.115761580316278 ], [ -96.188179400123403, 17.115401089967868 ], [ -96.187810020319972, 17.115267479808992 ], [ -96.18684818001492, 17.114583110051594 ], [ -96.18630911969494, 17.11397322043149 ], [ -96.185168820190611, 17.113045109612621 ], [ -96.182345038477081, 17.111779227200017 ], [ -96.181710149993833, 17.111494600436025 ], [ -96.180104799758411, 17.109380679671617 ], [ -96.180079180299273, 17.107626339868276 ], [ -96.179923049691752, 17.107361220221375 ], [ -96.180957280090936, 17.105890630330258 ], [ -96.18138821568013, 17.105058876528531 ] ] ] ] } },
{ "type": "Feature", "properties": { "CVEGEO": "20125", "CVE_ENT": "20", "CVE_MUN": "125", "PAISAJE": "Sierra de Yautepec", "ID_PAISA": 2, "NOM_MUN": "San Carlos Yautepec", "HAS_MUN": 119078.1, "RM": "R4" }, "geometry": { "type": "MultiPolygon", "coordinates": [ [ [ [ -96.014140920281918, 16.434312320514941 ], [ -96.062372124564163, 16.422996756049038 ], [ -96.091005350114983, 16.418766010561452 ], [ -96.109503939934257, 16.420097848747822 ], [ -96.187163310075277, 16.422877050436369 ], [ -96.195649088880444, 16.429863449864023 ], [ -96.20318231987126, 16.436077710880333 ], [ -96.210009538573146, 16.444411541100187 ], [ -96.219453909474083, 16.455940339939907 ], [ -96.222064519161719, 16.459138661315212 ], [ -96.226075219070054, 16.464057090947065 ], [ -96.231424180133516, 16.472213949970765 ], [ -96.241543418836656, 16.490668150051821 ], [ -96.244072510037157, 16.49528312128211 ], [ -96.247391109977514, 16.50132733990079 ], [ -96.246805458695505, 16.504269649795312 ], [ -96.246959480213491, 16.504648419629202 ], [ -96.250714830363719, 16.508732380771118 ], [ -96.2682672495351, 16.52783569130429 ], [ -96.259463650119983, 16.532892149676385 ], [ -96.243198288595963, 16.530413030777243 ], [ -96.243276539925034, 16.530704660363092 ], [ -96.246639820149269, 16.535187920551838 ], [ -96.246716370332535, 16.535480281000982 ], [ -96.245723429897907, 16.539040379545636 ], [ -96.24578614886795, 16.539154910022123 ], [ -96.247992538870449, 16.541888770152262 ], [ -96.248069488776736, 16.543524030966577 ], [ -96.24864444861079, 16.544788749887655 ], [ -96.249546450220294, 16.546842740478517 ], [ -96.255835139404667, 16.551868351096253 ], [ -96.254426969019633, 16.555921340728879 ], [ -96.244103229510429, 16.585664280276294 ], [ -96.248036709900191, 16.587667709575538 ], [ -96.254291250233592, 16.589294621254304 ], [ -96.255043999397685, 16.589654250847182 ], [ -96.25499137927622, 16.589877091122592 ], [ -96.261676740241285, 16.595513430498055 ], [ -96.261954219984617, 16.600811580069696 ], [ -96.256803119958278, 16.601489230156727 ], [ -96.252287519126725, 16.603811420360785 ], [ -96.242427310352824, 16.607768970203335 ], [ -96.201882279301373, 16.621996550821809 ], [ -96.19337979926928, 16.607742089768447 ], [ -96.187723369299292, 16.598257379637896 ], [ -96.169264400407954, 16.567507259848369 ], [ -96.166335090336915, 16.56850617038371 ], [ -96.149366569793173, 16.574300520226519 ], [ -96.139146338719087, 16.577431430486072 ], [ -96.126427890419663, 16.580621399741556 ], [ -96.12378631948647, 16.583793310206488 ], [ -96.121728079038689, 16.585609891103914 ], [ -96.108518660261382, 16.597425140838414 ], [ -96.097085449387066, 16.60755428118085 ], [ -96.091574880215774, 16.61240118084056 ], [ -96.081761079175692, 16.621042780772164 ], [ -96.068782630160314, 16.634289059978222 ], [ -96.064109980327785, 16.638098600143309 ], [ -96.060744119930703, 16.637208710421028 ], [ -96.057144689026558, 16.634547479703169 ], [ -96.048731799155036, 16.628327120506391 ], [ -96.049745460279127, 16.618799620854087 ], [ -96.0493769199512, 16.613148540605447 ], [ -96.048452249014858, 16.598968200933236 ], [ -96.046573519069284, 16.581424431148733 ], [ -96.044789150024016, 16.566543259985735 ], [ -96.055469998852175, 16.535522489944388 ], [ -96.058766490400387, 16.530034460542037 ], [ -96.060617649497004, 16.523385952047999 ], [ -96.059880719362511, 16.517722630890734 ], [ -96.059881939993673, 16.51730302975389 ], [ -96.059701249870002, 16.505204001044874 ], [ -96.047678569261507, 16.497196200614059 ], [ -96.035087079245599, 16.488808200138646 ], [ -96.032097949441024, 16.493264261574463 ], [ -96.018381319148588, 16.483298889836664 ], [ -96.027842779172119, 16.471399521061457 ], [ -96.018498089594303, 16.462896750003555 ], [ -95.99936347870819, 16.466427051149299 ], [ -95.986807289030438, 16.466947781240506 ], [ -95.982614059666744, 16.465576290563668 ], [ -95.983322429758047, 16.494823950737182 ], [ -95.972295450655324, 16.488301412866004 ], [ -95.970616429720423, 16.487308140904585 ], [ -95.970400948991013, 16.4871806616319 ], [ -95.969715120170889, 16.486774919798734 ], [ -95.964272709584421, 16.484607629587781 ], [ -95.940161090139341, 16.481348710023706 ], [ -95.938832449737731, 16.482981449893103 ], [ -95.938406679303895, 16.485105310479319 ], [ -95.938410919803232, 16.487059230950525 ], [ -95.937444879298653, 16.488225120543028 ], [ -95.936674079523129, 16.489332979813195 ], [ -95.935628509809476, 16.489628970257073 ], [ -95.935380479031323, 16.490588831311239 ], [ -95.934115618681716, 16.491816151110083 ], [ -95.933614018838284, 16.493370290349525 ], [ -95.933613929929749, 16.493370098962011 ], [ -95.932965290115121, 16.491965631287865 ], [ -95.932965154403007, 16.491965653728705 ], [ -95.931901019945471, 16.492139969718412 ], [ -95.931563549673413, 16.492680911086808 ], [ -95.931563434409043, 16.49268085131531 ], [ -95.930985179554, 16.492381549592334 ], [ -95.930985071320833, 16.492381564127108 ], [ -95.92968051989078, 16.492559251043613 ], [ -95.928736178641216, 16.492831911110507 ], [ -95.928736135315503, 16.492831875038213 ], [ -95.926527120291695, 16.490988340702561 ], [ -95.92697990944373, 16.489631230654325 ], [ -95.926354290037821, 16.489264030821637 ], [ -95.926354192617751, 16.489264054821671 ], [ -95.925835259124327, 16.489389491042857 ], [ -95.925835221284956, 16.489389457902181 ], [ -95.925447199533323, 16.489055090625687 ], [ -95.925275579905744, 16.487831111028846 ], [ -95.92596532019293, 16.486831479764856 ], [ -95.926240019102693, 16.486762400527205 ], [ -95.926564780318586, 16.485945200230251 ], [ -95.926307489518948, 16.485136141317469 ], [ -95.926901090088734, 16.483857120964917 ], [ -95.926899478630318, 16.481707889577844 ], [ -95.927400169023315, 16.479899281275621 ], [ -95.927095019450448, 16.479600309576217 ], [ -95.926671880084911, 16.479209541036685 ], [ -95.926410978610761, 16.478144020520059 ], [ -95.925809309661929, 16.477217780637282 ], [ -95.925184029697988, 16.476598769579713 ], [ -95.923942710236119, 16.474994801079557 ], [ -95.924026619472954, 16.474414231233943 ], [ -95.924830370428907, 16.473845180050699 ], [ -95.924393049334824, 16.472675429755984 ], [ -95.923778750336751, 16.472307849857511 ], [ -95.922377979184745, 16.471597881074796 ], [ -95.921116708742446, 16.470440260604367 ], [ -95.919995279273508, 16.470130600529355 ], [ -95.919995131158288, 16.470130586343238 ], [ -95.919043427672051, 16.470037550956437 ], [ -95.91904328064922, 16.470037533203612 ], [ -95.917978429230047, 16.469909460813604 ], [ -95.917489059074597, 16.469465419996009 ], [ -95.917411949354317, 16.468962200514063 ], [ -95.91812471908419, 16.468368689560283 ], [ -95.917855380408128, 16.468015221098753 ], [ -95.916778218591546, 16.46738525117696 ], [ -95.915456679020764, 16.467188309984095 ], [ -95.91545664115479, 16.467188320167299 ], [ -95.915014740247244, 16.467310321315477 ], [ -95.915014702575149, 16.467310284569443 ], [ -95.914474400381863, 16.466784511235492 ], [ -95.91447426057772, 16.466784520852897 ], [ -95.911567950130532, 16.466990430572551 ], [ -95.910073219369139, 16.467880171311901 ], [ -95.908567719709268, 16.469632460593772 ], [ -95.907655940095765, 16.470645459773266 ], [ -95.906407489990428, 16.471154980081362 ], [ -95.906407379624071, 16.471154958403663 ], [ -95.905376478893899, 16.470951091266574 ], [ -95.905376428728204, 16.47095110455335 ], [ -95.904917619271814, 16.471073660066395 ], [ -95.904543219377899, 16.47134391085396 ], [ -95.904222709365683, 16.471727280586659 ], [ -95.904103618782983, 16.472126510624072 ], [ -95.901754518959478, 16.47231057964029 ], [ -95.90015970988712, 16.473884151053454 ], [ -95.900159571346421, 16.473884131824729 ], [ -95.863935089450109, 16.468963619823811 ], [ -95.844759619844567, 16.453354490267152 ], [ -95.844759651015991, 16.453354630563933 ], [ -95.859269939863609, 16.51863349033286 ], [ -95.850528049789688, 16.528924650033517 ], [ -95.838203519884388, 16.535165289973836 ], [ -95.838401318818285, 16.543912941209388 ], [ -95.803023710011246, 16.572894549780894 ], [ -95.804246308718561, 16.576320290697225 ], [ -95.805029599025772, 16.577943659835604 ], [ -95.803834509364023, 16.58114718046318 ], [ -95.803734399065874, 16.58260769057128 ], [ -95.808154969549875, 16.592185319640127 ], [ -95.817050138874777, 16.598319980199232 ], [ -95.820977599697969, 16.619148179997509 ], [ -95.880760650202888, 16.660811600038457 ], [ -95.889879659639305, 16.670202490148167 ], [ -95.894735850331983, 16.67347860044773 ], [ -95.899113800048667, 16.676431850315367 ], [ -95.914749780155987, 16.684619911217272 ], [ -95.918943510247061, 16.693561280077827 ], [ -95.923842939695945, 16.69429318031564 ], [ -95.918078818622746, 16.704294180350665 ], [ -95.91405845953679, 16.725091820090455 ], [ -95.91613411908024, 16.732951120422058 ], [ -95.90964849040985, 16.747272089906932 ], [ -95.908036219095152, 16.741854259871779 ], [ -95.907464549524207, 16.737618951145734 ], [ -95.905711029157416, 16.738028941107718 ], [ -95.904901380247537, 16.738958310006232 ], [ -95.903635970311839, 16.739730920900577 ], [ -95.902507169747551, 16.739942490204793 ], [ -95.901729569203923, 16.740344800119477 ], [ -95.9010667697477, 16.740661630868214 ], [ -95.900552460362846, 16.741200029623034 ], [ -95.899781379381224, 16.741855291192721 ], [ -95.899116648913846, 16.742220950668681 ], [ -95.898511230030465, 16.742427830105719 ], [ -95.897837429889194, 16.742648971349396 ], [ -95.897080738952042, 16.742896660486778 ], [ -95.896465320338635, 16.743119820744628 ], [ -95.894920379424761, 16.743306920161334 ], [ -95.893750620095133, 16.742993110025331 ], [ -95.892772109356045, 16.742641550614206 ], [ -95.891535309847214, 16.74260496993826 ], [ -95.890680350181995, 16.742446830459237 ], [ -95.890174520279416, 16.74235186002706 ], [ -95.889254649766784, 16.742585891336216 ], [ -95.888130230343421, 16.74413468043576 ], [ -95.887120198914758, 16.74537095126821 ], [ -95.886480889709091, 16.745864821181211 ], [ -95.885578059104631, 16.746386111252527 ], [ -95.884485779222928, 16.747048680869298 ], [ -95.883829719776742, 16.747278260636726 ], [ -95.883295349241223, 16.747597819634358 ], [ -95.882812029553932, 16.748089140522275 ], [ -95.882485140266908, 16.748600740338095 ], [ -95.882145829346015, 16.749089510704536 ], [ -95.88131526024624, 16.748954000603547 ], [ -95.8793032797211, 16.748527690077665 ], [ -95.877370910389502, 16.747765220269553 ], [ -95.881539830286286, 16.764639510280809 ], [ -95.858670740112501, 16.778823459591699 ], [ -95.856310139233614, 16.777509800301406 ], [ -95.855720739398961, 16.777559950157794 ], [ -95.855208749415155, 16.77795394060368 ], [ -95.854773149825348, 16.778287340454778 ], [ -95.85435224907414, 16.778568460344083 ], [ -95.854053749115934, 16.778766031134253 ], [ -95.853660080303428, 16.778801260834623 ], [ -95.853374029669695, 16.778797780395411 ], [ -95.853201479684103, 16.778814689789119 ], [ -95.853078169582204, 16.778775020803877 ], [ -95.852651678658546, 16.778562281222662 ], [ -95.852240219673135, 16.778441489826527 ], [ -95.851845750249879, 16.778424630015028 ], [ -95.851427458658648, 16.778363479730693 ], [ -95.851195399259723, 16.778351799672787 ], [ -95.850940819346562, 16.778385091109289 ], [ -95.850686909279631, 16.778463000952296 ], [ -95.850346449724668, 16.77843796989626 ], [ -95.849912909958149, 16.778391889987986 ], [ -95.849677549904015, 16.778369230878212 ], [ -95.849139139858408, 16.778231080087892 ], [ -95.848651720010281, 16.778200630795272 ], [ -95.848288398708036, 16.778198219811156 ], [ -95.847864479612426, 16.778278479825499 ], [ -95.847528338632344, 16.778543540359948 ], [ -95.847260078802179, 16.778696030235984 ], [ -95.846992050251558, 16.778863430339399 ], [ -95.846784488610083, 16.77894071063422 ], [ -95.846707380282567, 16.778959859783715 ], [ -95.846600139443609, 16.779017650053849 ], [ -95.846054219573588, 16.779211201144353 ], [ -95.845853739117189, 16.779243721201102 ], [ -95.845568140189556, 16.779269999697551 ], [ -95.845359709010467, 16.779287749762965 ], [ -95.84511217859685, 16.779276310837016 ], [ -95.844970539568351, 16.779107141020781 ], [ -95.844905288852658, 16.778877401026584 ], [ -95.844809548964875, 16.778677851192672 ], [ -95.844660398896565, 16.778523659961937 ], [ -95.844595620439108, 16.778449619600412 ], [ -95.844223770041324, 16.77826929021759 ], [ -95.843968680086945, 16.778173919675073 ], [ -95.843705150157376, 16.778125491273233 ], [ -95.843479488981046, 16.778024449728882 ], [ -95.843291819994747, 16.777878249974997 ], [ -95.843018678602917, 16.777703459956648 ], [ -95.842833880337864, 16.777632680398451 ], [ -95.84209213917029, 16.778440480596398 ], [ -95.838039998667583, 16.796547860942404 ], [ -95.837327539483965, 16.799731380279262 ], [ -95.837274089718761, 16.799798219619827 ], [ -95.809497378963044, 16.831742110467033 ], [ -95.793332259473601, 16.854692480682953 ], [ -95.793071399406941, 16.855062769640124 ], [ -95.792948780022272, 16.855216029905986 ], [ -95.785961769967187, 16.869440419821629 ], [ -95.783023420416498, 16.875420690230051 ], [ -95.777643350061481, 16.886369510065641 ], [ -95.754185198692085, 16.887668770817328 ], [ -95.744617450073875, 16.888197919974704 ], [ -95.744485200308702, 16.888205289932312 ], [ -95.717068629956572, 16.889604830518298 ], [ -95.717012490211175, 16.889607740824719 ], [ -95.694420750297539, 16.872913801241648 ], [ -95.694299450017922, 16.8730306302085 ], [ -95.66686233929137, 16.899726049981876 ], [ -95.659226643067882, 16.906872435984955 ], [ -95.659225227934712, 16.906873760743238 ], [ -95.658416290384778, 16.907630799581163 ], [ -95.658291680509947, 16.907578179460302 ], [ -95.65804245005431, 16.907472933032242 ], [ -95.65431042961832, 16.905896890002175 ], [ -95.65407101469404, 16.905809015398482 ], [ -95.636601309127144, 16.899395650051805 ], [ -95.635042729391671, 16.898661485473866 ], [ -95.620278515744687, 16.89170569694318 ], [ -95.616470649128061, 16.889911380117038 ], [ -95.613606909582401, 16.888701170884936 ], [ -95.609672249581891, 16.877496251023384 ], [ -95.589934819317051, 16.88065746096175 ], [ -95.589532059535614, 16.880413000501608 ], [ -95.589938259687841, 16.879782571173092 ], [ -95.590302019711757, 16.87939475107855 ], [ -95.590448819001395, 16.87898870959916 ], [ -95.590410629806499, 16.878390999891145 ], [ -95.590382618582439, 16.877712511158546 ], [ -95.590374800205538, 16.87687244992879 ], [ -95.590420249316324, 16.876249851174258 ], [ -95.590811149990657, 16.875481600421626 ], [ -95.591315919444597, 16.874952630073818 ], [ -95.591598478686592, 16.874693170268412 ], [ -95.591636180044418, 16.874569320051862 ], [ -95.59198985040338, 16.87445437985172 ], [ -95.592384780022584, 16.873858690215496 ], [ -95.592910019410155, 16.87317962079327 ], [ -95.593467510070013, 16.872845150333895 ], [ -95.594493879615968, 16.872500319780023 ], [ -95.594827488882999, 16.872366400083106 ], [ -95.595157419345483, 16.871564970974074 ], [ -95.59534545898623, 16.870870200194286 ], [ -95.596260428667065, 16.869883340431205 ], [ -95.597672890128791, 16.869081109616907 ], [ -95.598741450304217, 16.867975769566105 ], [ -95.599884709959539, 16.866983831065532 ], [ -95.601236880006226, 16.865665000282775 ], [ -95.602046770082566, 16.864818449574127 ], [ -95.602846089258747, 16.864029750350483 ], [ -95.60382675023358, 16.863789511065026 ], [ -95.60572785007497, 16.863816851004913 ], [ -95.606958119427929, 16.863962430034356 ], [ -95.608504340299888, 16.864239182060668 ], [ -95.609598260127626, 16.864721660632757 ], [ -95.610121750393461, 16.865492829788632 ], [ -95.610669520250283, 16.866781381128853 ], [ -95.610893490437419, 16.867605219842229 ], [ -95.611775629643518, 16.869300831162477 ], [ -95.612447430282202, 16.870241430893174 ], [ -95.613202679785246, 16.87114554963847 ], [ -95.614205079747379, 16.872838540698766 ], [ -95.615369258716967, 16.873745200786242 ], [ -95.616759489518856, 16.874036890005833 ], [ -95.617710689035675, 16.874073510036439 ], [ -95.61940034962997, 16.874312490189691 ], [ -95.641100920295997, 16.853848661197386 ], [ -95.634032779867681, 16.8532600208835 ], [ -95.633542000341038, 16.852589001283807 ], [ -95.633171848838955, 16.852069690511644 ], [ -95.632574279333852, 16.851509652199926 ], [ -95.631782320218349, 16.850704481552619 ], [ -95.63136214936516, 16.850136599698871 ], [ -95.631125199060122, 16.849566380848024 ], [ -95.630929779844948, 16.848686940184255 ], [ -95.630736819518745, 16.847983861309409 ], [ -95.630501689148588, 16.847545909742511 ], [ -95.630399109658313, 16.846753459918595 ], [ -95.629468479766345, 16.846489290468845 ], [ -95.62867754970199, 16.846610321460844 ], [ -95.628186859194088, 16.84671317216813 ], [ -95.627666148838387, 16.846563580479813 ], [ -95.627095480058969, 16.846334431611396 ], [ -95.626469028555292, 16.846290711090436 ], [ -95.626073940330969, 16.846368459611263 ], [ -95.625204678613414, 16.846733000253948 ], [ -95.624691309924245, 16.847400341127763 ], [ -95.623998478950327, 16.848106280950098 ], [ -95.623310259643034, 16.848501281040008 ], [ -95.622785169914124, 16.848673979599628 ], [ -95.622326750400518, 16.848614999612476 ], [ -95.621809259567627, 16.8486033708718 ], [ -95.62099380020689, 16.848701940632957 ], [ -95.620604479468923, 16.849021310510352 ], [ -95.620184219002951, 16.849560000683397 ], [ -95.619408918808148, 16.84983029070267 ], [ -95.618527509572232, 16.849688540786449 ], [ -95.617763918932638, 16.849440601717884 ], [ -95.617023579385162, 16.84915769016035 ], [ -95.616031859311747, 16.848926292183748 ], [ -95.615601850310654, 16.849050820248419 ], [ -95.615157079908869, 16.849567061578647 ], [ -95.614926999992548, 16.850009570495512 ], [ -95.614920689644634, 16.85075785020954 ], [ -95.614939739044786, 16.851563150731423 ], [ -95.61453777896935, 16.85185974079203 ], [ -95.614258889912335, 16.851255821200137 ], [ -95.614042309829074, 16.850742661310058 ], [ -95.613783620405314, 16.849977169766586 ], [ -95.613366449122992, 16.848336939586556 ], [ -95.612959340139426, 16.847901481629396 ], [ -95.612683998681632, 16.847638000475825 ], [ -95.612277648649211, 16.847547481504609 ], [ -95.611011109377884, 16.847172110917906 ], [ -95.610305939921233, 16.846853769745575 ], [ -95.609218880369227, 16.846658950519654 ], [ -95.60821574911968, 16.84645078018486 ], [ -95.607395399992768, 16.845835749891496 ], [ -95.606777229470168, 16.845124222009005 ], [ -95.606570139752137, 16.84450715039727 ], [ -95.606451718780363, 16.843566000952329 ], [ -95.606497970020186, 16.842471459678464 ], [ -95.606446750221266, 16.841321620267287 ], [ -95.606676858997545, 16.840372690900328 ], [ -95.606777539692899, 16.839541740663091 ], [ -95.607278370178392, 16.838345150509298 ], [ -95.607512858611841, 16.838086850359179 ], [ -95.60824907867179, 16.83769083108232 ], [ -95.608519230341344, 16.837926570765998 ], [ -95.609100859031003, 16.838109481286761 ], [ -95.609500579779024, 16.837720910535626 ], [ -95.609895059700762, 16.837620150342289 ], [ -95.610610250168406, 16.837857631191213 ], [ -95.611169459247208, 16.837603580471377 ], [ -95.611693778989505, 16.837396420187254 ], [ -95.612552979746908, 16.837112821039348 ], [ -95.613589690021485, 16.836710149836591 ], [ -95.614244578610993, 16.836431049893079 ], [ -95.614515650196537, 16.835688431299886 ], [ -95.614658050194834, 16.834591862066649 ], [ -95.614546689802907, 16.833443250984871 ], [ -95.613837520274416, 16.832952451359585 ], [ -95.612685279997578, 16.832033919738631 ], [ -95.611776819241769, 16.831248150654243 ], [ -95.611066819932148, 16.830722749858566 ], [ -95.610186419243263, 16.830109121196365 ], [ -95.609408220431462, 16.829746340523151 ], [ -95.609005799807861, 16.829513462012589 ], [ -95.608688518951624, 16.828806770514998 ], [ -95.608817748532061, 16.828170911490318 ], [ -95.609202170297849, 16.827644521331958 ], [ -95.609442378845401, 16.827121230840472 ], [ -95.609599169717242, 16.826634420388544 ], [ -95.60958556893506, 16.826059150800749 ], [ -95.609768140404185, 16.825640831034029 ], [ -95.61058874960429, 16.825254400272279 ], [ -95.611218090193518, 16.825424779578928 ], [ -95.612172599031055, 16.825611000405253 ], [ -95.613296379697388, 16.825839480970892 ], [ -95.614271339458227, 16.825875661285373 ], [ -95.615336649931393, 16.826174522231231 ], [ -95.616397308909043, 16.826784219532414 ], [ -95.617695749258132, 16.827273649931573 ], [ -95.656196520081764, 16.8109306499395 ], [ -95.656787739400329, 16.811038659989965 ], [ -95.657282218586488, 16.811315681321926 ], [ -95.657548349411087, 16.811648720717944 ], [ -95.657817818580412, 16.811916431685027 ], [ -95.657937429073726, 16.8122823700824 ], [ -95.658225398945916, 16.812106450037451 ], [ -95.658581109726583, 16.811906550881176 ], [ -95.65934694953215, 16.812080401264431 ], [ -95.65984565938281, 16.812257690700992 ], [ -95.660382019272333, 16.812397740879611 ], [ -95.660723637316778, 16.812458539597099 ], [ -95.661201805048066, 16.812543638770993 ], [ -95.661528615056099, 16.812601800388961 ], [ -95.662062428942846, 16.812696800668238 ], [ -95.661964935145178, 16.81295262479053 ], [ -95.66185770979375, 16.813233981315342 ], [ -95.661757829265397, 16.813645620737713 ], [ -95.661820778923058, 16.814038220175917 ], [ -95.661844443654701, 16.814092606902662 ], [ -95.661971655806681, 16.814384967346978 ], [ -95.662024380125999, 16.814506140982498 ], [ -95.661882010633875, 16.814715330502459 ], [ -95.661840979232736, 16.814775620018967 ], [ -95.661324339735927, 16.815050489568222 ], [ -95.661178739898048, 16.815477541764885 ], [ -95.661416348766622, 16.815790920825663 ], [ -95.661538020389827, 16.816082061033839 ], [ -95.661354858881268, 16.816542140435651 ], [ -95.661639949658834, 16.816807311195603 ], [ -95.661902479940267, 16.817364381177502 ], [ -95.662176459487441, 16.818129630885565 ], [ -95.661955339064619, 16.818564580848367 ], [ -95.662147289241474, 16.818893350426734 ], [ -95.662079318984169, 16.819393029556132 ], [ -95.661925888913089, 16.819793739524339 ], [ -95.662192889013085, 16.819821220984394 ], [ -95.662884540414922, 16.820082121046799 ], [ -95.664875968694787, 16.819131341235643 ], [ -95.666012629731227, 16.81858455130531 ], [ -95.666208919864275, 16.818450221636756 ], [ -95.666861709304243, 16.817367940437776 ], [ -95.667420309379594, 16.81728515132091 ], [ -95.667904420355953, 16.818076401005879 ], [ -95.668633780119379, 16.819048220094142 ], [ -95.67055667963227, 16.820447150371489 ], [ -95.671995029678015, 16.82140143099226 ], [ -95.67520993877072, 16.822076151216091 ], [ -95.677340110156024, 16.823818420967065 ], [ -95.679903629208397, 16.824727120801576 ], [ -95.680735169570909, 16.823613140690995 ], [ -95.681421260056084, 16.822788830573185 ], [ -95.682258170328694, 16.822058460316569 ], [ -95.68281317036876, 16.820327219620395 ], [ -95.683820338965958, 16.819114740613099 ], [ -95.685071779360214, 16.817966060960345 ], [ -95.686445949449123, 16.816955690949627 ], [ -95.687371109408943, 16.816172480426374 ], [ -95.687979448872326, 16.814841481243366 ], [ -95.685469430399252, 16.813004090357552 ], [ -95.683857150335484, 16.811384030138612 ], [ -95.682141428898547, 16.81173218015736 ], [ -95.681017309202304, 16.810982430383131 ], [ -95.679782339706534, 16.809911399679439 ], [ -95.67800768971091, 16.808982950298986 ], [ -95.676888620196806, 16.808572709739252 ], [ -95.676604000329647, 16.808341370952686 ], [ -95.67598869007773, 16.808331459987937 ], [ -95.675521719575912, 16.807805800326356 ], [ -95.675142650063847, 16.807611060626542 ], [ -95.675006950209649, 16.807442909761114 ], [ -95.675022178664662, 16.807110650831575 ], [ -95.674732979729413, 16.807163310714238 ], [ -95.674516319059578, 16.807105400255324 ], [ -95.673985799533028, 16.806691999998385 ], [ -95.673690539204216, 16.806508940400569 ], [ -95.673455049416276, 16.806125430151059 ], [ -95.673090830203122, 16.806158661158744 ], [ -95.672512219247537, 16.80588118119551 ], [ -95.672024320166926, 16.805300180345057 ], [ -95.671601059021398, 16.804413400712825 ], [ -95.709037650477512, 16.788098569781425 ], [ -95.709111459636489, 16.788067251046609 ], [ -95.709828710032724, 16.786904690795168 ], [ -95.709605999382859, 16.785986151138022 ], [ -95.709210878667548, 16.784416940614019 ], [ -95.709475769219196, 16.783457982155372 ], [ -95.710438350012979, 16.783106599684213 ], [ -95.71069393968753, 16.782059741184405 ], [ -95.710693518743938, 16.780610140840672 ], [ -95.710295779868346, 16.779485282003677 ], [ -95.71122414860821, 16.778258600749702 ], [ -95.711013709634784, 16.77775282205786 ], [ -95.711140749893985, 16.777391419665538 ], [ -95.710963338759171, 16.776969830423866 ], [ -95.710344518860225, 16.77542650989097 ], [ -95.709440249588809, 16.773954310549186 ], [ -95.7093759092525, 16.773478340765184 ], [ -95.709542878584102, 16.771971061466171 ], [ -95.708878919781384, 16.771688800658819 ], [ -95.7090139689019, 16.770073690252318 ], [ -95.708469599623385, 16.769885051012107 ], [ -95.708530829537509, 16.768811030478997 ], [ -95.726085708679534, 16.750846491263985 ], [ -95.726928879617105, 16.750000051272544 ], [ -95.752280979577705, 16.724543291058865 ], [ -95.751868348757768, 16.724460180970532 ], [ -95.75149450872091, 16.724256830975314 ], [ -95.750938849217889, 16.724308879828833 ], [ -95.750290050122658, 16.724332399955561 ], [ -95.749701569632748, 16.72425094975733 ], [ -95.748972949564987, 16.724096970632864 ], [ -95.747901169070985, 16.723724319582153 ], [ -95.747878888849542, 16.723248421061896 ], [ -95.748311138670559, 16.723212910035851 ], [ -95.748775149212975, 16.72323649083226 ], [ -95.749296519560104, 16.723204000896878 ], [ -95.74979142982707, 16.723227180977705 ], [ -95.750377349135107, 16.723130091754491 ], [ -95.751008119652482, 16.722928220843414 ], [ -95.751715108756088, 16.72265093960322 ], [ -95.752191568942237, 16.722466020619301 ], [ -95.752712049501596, 16.722116819747665 ], [ -95.753046218984039, 16.721710580857934 ], [ -95.753396289608062, 16.721333880713722 ], [ -95.753644740309639, 16.720842459713051 ], [ -95.753800259391724, 16.720405881139044 ], [ -95.753546170226841, 16.719933059591373 ], [ -95.753291249406971, 16.719400750151614 ], [ -95.753087169821342, 16.71918025108122 ], [ -95.752989969834417, 16.718869052201274 ], [ -95.752768089531571, 16.718485090778003 ], [ -95.752484400292445, 16.718101971224442 ], [ -95.751997278617864, 16.717542970281759 ], [ -95.751758879293419, 16.717084830616717 ], [ -95.751550178936043, 16.716669780291198 ], [ -95.751361049853799, 16.716286551871775 ], [ -95.751305749049351, 16.715743309849866 ], [ -95.751145688653807, 16.715358520500473 ], [ -95.750987318616893, 16.715092781154159 ], [ -95.750704920193797, 16.714798921044451 ], [ -95.750300179801712, 16.714595981927403 ], [ -95.749788569509406, 16.714483720615036 ], [ -95.749203740276712, 16.714655221245216 ], [ -95.748635649617697, 16.714915750265352 ], [ -95.748294689885441, 16.714989429969485 ], [ -95.747741289318597, 16.715228999570691 ], [ -95.747156249015546, 16.715385569607967 ], [ -95.746504708622581, 16.715215680460499 ], [ -95.745734228828269, 16.71537472011838 ], [ -95.744998288638058, 16.715786291210023 ], [ -95.744650569918576, 16.716326630812816 ], [ -95.744477048748422, 16.717162291946899 ], [ -95.744882318636016, 16.718481319654927 ], [ -95.745120709288798, 16.718939461223737 ], [ -95.745257739413361, 16.719875171062426 ], [ -95.745161510207311, 16.720709781100201 ], [ -95.744841178849597, 16.721171599581861 ], [ -95.744089549393905, 16.721568490322689 ], [ -95.743693319421382, 16.721960680432861 ], [ -95.742882199841944, 16.722522050754634 ], [ -95.74212885916748, 16.722799909965762 ], [ -95.741373180037144, 16.722914120862949 ], [ -95.741138619719933, 16.722723780619585 ], [ -95.741163140283561, 16.722277030258351 ], [ -95.741347649918112, 16.721128720262964 ], [ -95.741295540180829, 16.72072762071808 ], [ -95.740785320222514, 16.719906851776511 ], [ -95.740672689238494, 16.719595850061843 ], [ -95.740280849744622, 16.719214120704578 ], [ -95.739748879381409, 16.71875988120653 ], [ -95.739254180027558, 16.718751550620144 ], [ -95.738364059722343, 16.718108571028903 ], [ -95.73741382029182, 16.717585450804876 ], [ -95.73675994895757, 16.717251851756458 ], [ -95.735710579217454, 16.71715318106941 ], [ -95.73968659928876, 16.702119280652884 ], [ -95.758340170000778, 16.696275919624135 ], [ -95.757952088713509, 16.672459830926265 ], [ -95.756808849666285, 16.667464921025029 ], [ -95.760254140373675, 16.663910601010411 ], [ -95.771379539017602, 16.653601461692297 ], [ -95.788253149517871, 16.643111580361371 ], [ -95.783151980080589, 16.619948369727584 ], [ -95.770115119794838, 16.619189490321642 ], [ -95.76976416918022, 16.618602891252138 ], [ -95.769355179700653, 16.617616879644864 ], [ -95.769210148942435, 16.617077709964484 ], [ -95.769481628653736, 16.616318769975123 ], [ -95.769910288676456, 16.616156372011627 ], [ -95.77021977919992, 16.616017399832611 ], [ -95.770467999156907, 16.615419320939782 ], [ -95.770524980420689, 16.614695650521487 ], [ -95.770711750271872, 16.613592521239635 ], [ -95.770721890074867, 16.613098692228455 ], [ -95.770947418671113, 16.612822251649209 ], [ -95.771579339930057, 16.6128198495467 ], [ -95.772139629101133, 16.612794741680929 ], [ -95.772628748727627, 16.612873279702704 ], [ -95.773024138768207, 16.613399999651758 ], [ -95.773478119524754, 16.61365090973413 ], [ -95.773728048658725, 16.613523650531327 ], [ -95.774275418560563, 16.613222980854317 ], [ -95.774560749989433, 16.613003721337922 ], [ -95.774988059181865, 16.612473851804122 ], [ -95.77487915009776, 16.612037890218147 ], [ -95.774496659336876, 16.611775230582872 ], [ -95.7740903697254, 16.611524151133345 ], [ -95.773992680217248, 16.610892941843908 ], [ -95.774383738856329, 16.610236890555012 ], [ -95.774927908854508, 16.609063510368625 ], [ -95.775079679371373, 16.608178710516093 ], [ -95.774635319264561, 16.607296179726678 ], [ -95.773173289987582, 16.605246221144728 ], [ -95.772981739631007, 16.601744490297786 ], [ -95.772917619156445, 16.600504520830011 ], [ -95.772626858666655, 16.599230969716345 ], [ -95.771929970032403, 16.597740769838726 ], [ -95.771004630168548, 16.595711690193813 ], [ -95.766202259568416, 16.586359259553625 ], [ -95.76502488948131, 16.583825821277479 ], [ -95.764638710127329, 16.58250665970122 ], [ -95.764203998609801, 16.580958020175977 ], [ -95.762920248751811, 16.578654619656771 ], [ -95.759674198838198, 16.570926770484348 ], [ -95.75564294896428, 16.563546229781348 ], [ -95.755227149772352, 16.56257233989971 ], [ -95.762080418838195, 16.548143710722822 ], [ -95.764474399905325, 16.54473572015123 ], [ -95.760157719064878, 16.540625889658674 ], [ -95.760570180351664, 16.537385771218201 ], [ -95.75369827937233, 16.535005050441249 ], [ -95.68644370909999, 16.511689379754266 ], [ -95.721148118951206, 16.458072620959651 ], [ -95.734153090302883, 16.439624430108093 ], [ -95.756841180151596, 16.407003369801348 ], [ -95.776926448927142, 16.411027260381047 ], [ -95.781887879632265, 16.412170831321749 ], [ -95.802963969682679, 16.416821219767218 ], [ -95.808627078995684, 16.417180520178928 ], [ -95.825769709355811, 16.426233089555595 ], [ -95.844866849863564, 16.438795520278095 ], [ -95.846368689869792, 16.442079089921126 ], [ -95.847252649463329, 16.443570289800931 ], [ -95.847810920435919, 16.444090740439684 ], [ -95.848796459809932, 16.444391220361126 ], [ -95.849462488649607, 16.444614940553762 ], [ -95.850703978794314, 16.444882450298117 ], [ -95.851297799047074, 16.444865420765915 ], [ -95.851752428854596, 16.444554910371931 ], [ -95.852125818837052, 16.443473800801879 ], [ -95.852490779628823, 16.443136750562463 ], [ -95.852893578811603, 16.443058400987997 ], [ -95.854023229852444, 16.443606090071082 ], [ -95.855083849324487, 16.444258110583643 ], [ -95.855583939549447, 16.444793801020431 ], [ -95.856183349374078, 16.446793020079703 ], [ -95.85604387881898, 16.447200950055869 ], [ -95.855615579392378, 16.447673520831994 ], [ -95.855799830313714, 16.447915200545413 ], [ -95.85681099931503, 16.447927661011473 ], [ -95.857776060206319, 16.448482491317602 ], [ -95.859048088827109, 16.449438260050862 ], [ -95.859937939794023, 16.450194250335976 ], [ -95.860336398917923, 16.450048481296022 ], [ -95.860466369283117, 16.449919509683131 ], [ -95.860564749209757, 16.449434829759316 ], [ -95.861488849897896, 16.448608179934286 ], [ -95.861985400275728, 16.449199200277658 ], [ -95.863357049197234, 16.448668799926715 ], [ -95.863135089400302, 16.447550370791657 ], [ -95.863380950083823, 16.446165049582625 ], [ -95.864383198604671, 16.445035430708806 ], [ -95.864290650411348, 16.443623379771335 ], [ -95.86478279992167, 16.442951259672505 ], [ -95.865338539062833, 16.442764090465566 ], [ -95.865708418788174, 16.441805029949492 ], [ -95.865841419711472, 16.44135426098882 ], [ -95.866288689656358, 16.440462371084198 ], [ -95.86699084957138, 16.439562079811868 ], [ -95.867031600347971, 16.439168689791892 ], [ -95.866739969958445, 16.43911654996116 ], [ -95.86676712013562, 16.438588680335808 ], [ -95.867286489350846, 16.438253030989511 ], [ -95.867156569529257, 16.437894050756363 ], [ -95.867594829009903, 16.437945951268169 ], [ -95.868081858808722, 16.438090221126963 ], [ -95.868636279701761, 16.437595571303095 ], [ -95.868764619802576, 16.43710832019147 ], [ -95.86949054961994, 16.436158031047295 ], [ -95.86979977866676, 16.436157350027969 ], [ -95.870958480117139, 16.435284850441604 ], [ -95.870939628886504, 16.434615199570047 ], [ -95.871676049609363, 16.434523509947518 ], [ -95.872399739555917, 16.434003890932704 ], [ -95.873591049226405, 16.433681351017956 ], [ -95.874132108996037, 16.433712380913043 ], [ -95.875127460025539, 16.43391465105973 ], [ -95.875933650012016, 16.43398277054423 ], [ -95.87626609024862, 16.43382638054177 ], [ -95.876680059156328, 16.433904550468625 ], [ -95.877197859678077, 16.433747090769312 ], [ -95.877673479501865, 16.433522491035831 ], [ -95.878083568773718, 16.433561059529001 ], [ -95.878323319788109, 16.433762849633229 ], [ -95.878868779368815, 16.434016940657969 ], [ -95.879066308873334, 16.434251860006185 ], [ -95.879374659122234, 16.434757490209055 ], [ -95.879619178817705, 16.434135280145757 ], [ -95.880027550047146, 16.433999479571963 ], [ -95.880508288982355, 16.434097230584346 ], [ -95.880818769397237, 16.434232150320412 ], [ -95.881014339330761, 16.434410260582968 ], [ -95.881509088815719, 16.435247110705951 ], [ -95.88181978003071, 16.435891721278288 ], [ -95.883618909866897, 16.435717680339511 ], [ -95.885813749225449, 16.433234860509305 ], [ -95.891544399160694, 16.436496250334383 ], [ -95.891694259505357, 16.436581169989793 ], [ -95.91222804975466, 16.446103820281881 ], [ -95.940146478825994, 16.462354200953726 ], [ -95.946165829828558, 16.465460950370463 ], [ -95.947081768734847, 16.465933661089068 ], [ -95.963751618748347, 16.47350714984551 ], [ -95.963754395104232, 16.473504323683557 ], [ -95.973970520400727, 16.463102910525013 ], [ -95.974997750372225, 16.462019939654247 ], [ -95.976264969603164, 16.461131851038516 ], [ -95.977782378845589, 16.459771920100721 ], [ -95.9778929686167, 16.458058280041342 ], [ -95.978443510119661, 16.455835600410207 ], [ -95.979617048698302, 16.453385910417474 ], [ -95.979613749233096, 16.452011880856471 ], [ -95.980073949561913, 16.450997050828843 ], [ -95.980017488754285, 16.449208550222775 ], [ -95.979910939959609, 16.448115060489613 ], [ -95.979876339381491, 16.447700780118772 ], [ -95.980869659819291, 16.447229850520291 ], [ -95.981165379272724, 16.4465328598552 ], [ -95.981792599864988, 16.446023310445977 ], [ -95.98284634995143, 16.445848450948596 ], [ -95.982833739293469, 16.44497581990959 ], [ -95.983358169878002, 16.444397749844327 ], [ -95.983218998618057, 16.44393105095898 ], [ -95.983921279546649, 16.443507979700478 ], [ -95.983964249362955, 16.443083399976974 ], [ -95.984190088653335, 16.442803980091185 ], [ -95.984834689745924, 16.442555831259298 ], [ -95.985063090006747, 16.441896509711832 ], [ -95.985819709117379, 16.441559150896271 ], [ -95.986086428669466, 16.44110206015463 ], [ -95.986743649756633, 16.440238430248307 ], [ -95.986751732737488, 16.440241191726638 ], [ -95.987309600313992, 16.440431799792847 ], [ -95.987312347753658, 16.44042976290396 ], [ -95.988109059714276, 16.439839150083838 ], [ -95.988264418786983, 16.438412649728004 ], [ -95.987773779978411, 16.438191739651998 ], [ -95.989022430225006, 16.43777514003796 ], [ -95.989093180222582, 16.437574720963035 ], [ -95.989583849210447, 16.43749712126677 ], [ -95.98958658371312, 16.437498651657307 ], [ -95.990775258578822, 16.438163800743336 ], [ -95.991231998974826, 16.438449400563503 ], [ -95.991606249293682, 16.438623181050893 ], [ -95.992384179246201, 16.439260540936868 ], [ -95.992943749772749, 16.439831850470181 ], [ -95.993412179063782, 16.440545370619212 ], [ -95.993721919900381, 16.441168431227759 ], [ -95.993683108810032, 16.441794229926664 ], [ -95.994111339326338, 16.442650019651829 ], [ -95.994189890265943, 16.443342291007429 ], [ -95.995272459962877, 16.443662679967034 ], [ -95.995654249796061, 16.444449251106434 ], [ -95.996648289377418, 16.444554950238768 ], [ -95.997163780129227, 16.445380689581448 ], [ -95.997911999613052, 16.445482970680697 ], [ -95.997696718612644, 16.446040541295016 ], [ -95.998819379124484, 16.446154261123969 ], [ -96.000000020181687, 16.446786349847748 ], [ -96.000005543649849, 16.44678441671746 ], [ -96.000498829287949, 16.446611740912491 ], [ -96.000791599541003, 16.44614369036869 ], [ -96.001165740387194, 16.445871939933969 ], [ -96.001576578997515, 16.445531540832643 ], [ -96.002394688789877, 16.445149659957352 ], [ -96.002790180148892, 16.445096550074823 ], [ -96.003388950289306, 16.445045519682544 ], [ -96.003760570270984, 16.444980599982916 ], [ -96.004099380467579, 16.444662459731397 ], [ -96.004476819890982, 16.444114890587748 ], [ -96.004946139092851, 16.443890089989271 ], [ -96.005354708589664, 16.443733680689228 ], [ -96.006469378628339, 16.443561820958958 ], [ -96.007367579013291, 16.443491139529531 ], [ -96.008194280111937, 16.443385121032563 ], [ -96.008770650371346, 16.443207541060328 ], [ -96.009182430456136, 16.442786679913123 ], [ -96.009932750465012, 16.442070799683517 ], [ -96.011494149385186, 16.441558910095218 ], [ -96.012057599102093, 16.441461569779204 ], [ -96.012778348996747, 16.441216509849674 ], [ -96.014006118652958, 16.440586151265684 ], [ -96.014408078700953, 16.439992860407653 ], [ -96.01479933860449, 16.439284480616458 ], [ -96.01505880039322, 16.438597680883824 ], [ -96.015211799879737, 16.43780634133066 ], [ -96.015349630009723, 16.437279080407375 ], [ -96.015560509357982, 16.436649290875373 ], [ -96.015636749101063, 16.436282321189363 ], [ -96.015586370218699, 16.435488720114549 ], [ -96.015363450307532, 16.435118489699057 ], [ -96.014888150296642, 16.434849050381743 ], [ -96.014140920281918, 16.434312320514941 ] ] ] ] } },
{ "type": "Feature", "properties": { "CVEGEO": "20351", "CVE_ENT": "20", "CVE_MUN": "351", "PAISAJE": "Valles Centrales", "ID_PAISA": 1, "NOM_MUN": "San Simón Almolongas", "HAS_MUN": 2991.3, "RM": "R2" }, "geometry": { "type": "MultiPolygon", "coordinates": [ [ [ [ -96.714426030221603, 16.37184977997088 ], [ -96.747931399628186, 16.401349649568708 ], [ -96.747945379710529, 16.402040079795384 ], [ -96.74782099974145, 16.402349050123391 ], [ -96.747382860066836, 16.402791709914197 ], [ -96.74717392012154, 16.403145569878454 ], [ -96.747165179554841, 16.403743619781672 ], [ -96.747121080117779, 16.404306769791123 ], [ -96.747077519609959, 16.404823850117285 ], [ -96.746902320377814, 16.40532758025245 ], [ -96.746905029688193, 16.405971909837785 ], [ -96.743707400101627, 16.407353949992373 ], [ -96.740282619812177, 16.407794149894418 ], [ -96.739436161124601, 16.407811443525556 ], [ -96.737864090190556, 16.407843549566106 ], [ -96.737245025717669, 16.407979459791271 ], [ -96.736064079679366, 16.408238719704208 ], [ -96.735645229837743, 16.408393309835283 ], [ -96.735680280290723, 16.408832339657614 ], [ -96.735688060431926, 16.409214050273281 ], [ -96.735805199639245, 16.409481600356752 ], [ -96.735979340374428, 16.410083940158326 ], [ -96.736085680260487, 16.410190320026928 ], [ -96.736270820102163, 16.410274720070635 ], [ -96.736096550050817, 16.410411180150437 ], [ -96.735983630272386, 16.41065748037666 ], [ -96.73587984965377, 16.410999479896894 ], [ -96.735536340050217, 16.411476629858033 ], [ -96.735388289804035, 16.41157672014543 ], [ -96.735179019888463, 16.411791579614896 ], [ -96.73506071996475, 16.411910860200202 ], [ -96.734572800385322, 16.412297829642373 ], [ -96.733770289604095, 16.41309016984793 ], [ -96.734339400371482, 16.413165710461993 ], [ -96.728219689733081, 16.421317920177696 ], [ -96.728204770135278, 16.421491720195768 ], [ -96.728278320445767, 16.422721369969864 ], [ -96.728436220395139, 16.423813739934342 ], [ -96.728301120305019, 16.424352740313488 ], [ -96.72769291033697, 16.424555430410138 ], [ -96.726762660216906, 16.424870829832848 ], [ -96.725834230078277, 16.42495647961205 ], [ -96.725109819808338, 16.424813750142278 ], [ -96.725053020357834, 16.424802820413884 ], [ -96.724907570079537, 16.424920749941514 ], [ -96.723936419144792, 16.423797110467401 ], [ -96.72340883002019, 16.423199340150379 ], [ -96.722718798685946, 16.423107540163436 ], [ -96.721568259301591, 16.423232060827697 ], [ -96.720804920247872, 16.422277549622592 ], [ -96.720586678137082, 16.422126480753494 ], [ -96.719975738641338, 16.421979089737896 ], [ -96.719248878869067, 16.421812231288115 ], [ -96.718205779741382, 16.421507850556246 ], [ -96.71744716938926, 16.421363741299029 ], [ -96.716828509594109, 16.421359249884336 ], [ -96.716236598929811, 16.421102180636293 ], [ -96.715797369436018, 16.420730690673036 ], [ -96.715675309223201, 16.420550380490958 ], [ -96.714998940414347, 16.419556750173804 ], [ -96.714668627187677, 16.419121579731279 ], [ -96.714287568880891, 16.418732250602506 ], [ -96.713830649018036, 16.4184341110176 ], [ -96.713422829038578, 16.418225909638352 ], [ -96.713176276190936, 16.418235150091093 ], [ -96.712138747664497, 16.418274031004547 ], [ -96.711709611320316, 16.418132522812222 ], [ -96.711652378593698, 16.418113650832957 ], [ -96.711006648732308, 16.417807880268136 ], [ -96.710439908474655, 16.417674649850809 ], [ -96.709753648355118, 16.417687220656298 ], [ -96.709489808502497, 16.417677148894771 ], [ -96.709216508136393, 16.417666716203264 ], [ -96.708829319260445, 16.417704889584627 ], [ -96.708511859190111, 16.417584311019525 ], [ -96.70848933831202, 16.417565999520221 ], [ -96.708277137681549, 16.417393455918418 ], [ -96.708226279720989, 16.417364369579627 ], [ -96.708255057042564, 16.417427900486018 ], [ -96.708485081796312, 16.417935715884823 ], [ -96.708524849651411, 16.418023509992089 ], [ -96.709198479248556, 16.41818805001359 ], [ -96.709533879011929, 16.418122959138813 ], [ -96.709663259062566, 16.41809785048887 ], [ -96.709666869393871, 16.41811573188939 ], [ -96.709760279263733, 16.418578399736845 ], [ -96.709778720285485, 16.41868308121969 ], [ -96.709621459562882, 16.418772890712177 ], [ -96.709629709486848, 16.418924970649027 ], [ -96.709595690130101, 16.419114849629956 ], [ -96.709618800134919, 16.419413280667932 ], [ -96.709532768916162, 16.419394309681625 ], [ -96.709678063729442, 16.419595465636004 ], [ -96.70986291035284, 16.419851380874327 ], [ -96.709850480326651, 16.419972891000441 ], [ -96.709657919348899, 16.420552460477033 ], [ -96.709648260173154, 16.420602280045639 ], [ -96.709632629144608, 16.421122090755023 ], [ -96.709886139508441, 16.421346450729899 ], [ -96.709210579332023, 16.421774850505454 ], [ -96.709142280190633, 16.421858720684718 ], [ -96.709211399798804, 16.422656801120347 ], [ -96.7087496891819, 16.42416187995881 ], [ -96.708992848762591, 16.424303150995804 ], [ -96.70892931891467, 16.424456000022133 ], [ -96.709314449208634, 16.425082719534448 ], [ -96.709259429817024, 16.425170911071852 ], [ -96.708525939165938, 16.425643030543736 ], [ -96.708462908621826, 16.425899109882995 ], [ -96.708492229019299, 16.426107050067387 ], [ -96.708344248674209, 16.426574450809891 ], [ -96.708218769196662, 16.426863770482477 ], [ -96.708187478976498, 16.427038420169762 ], [ -96.708102879218799, 16.427529951205514 ], [ -96.707918430382065, 16.428154861273601 ], [ -96.707812919491218, 16.428563031063117 ], [ -96.707601139317219, 16.428858630588696 ], [ -96.707371459089458, 16.429098450233241 ], [ -96.707136828873928, 16.429366750735348 ], [ -96.707017719032521, 16.42965089117202 ], [ -96.707123179386144, 16.429881719816116 ], [ -96.707104370189128, 16.430275230467437 ], [ -96.70674913990689, 16.430952539958227 ], [ -96.706854310436427, 16.431236220064196 ], [ -96.70694019859377, 16.431326910131968 ], [ -96.70690585936444, 16.431415050301545 ], [ -96.706856740077768, 16.43152312060268 ], [ -96.706732719041, 16.431618059621819 ], [ -96.70670608947718, 16.431852980397355 ], [ -96.706733909948227, 16.432051849884218 ], [ -96.706867909293393, 16.432211479716784 ], [ -96.706808118588626, 16.432513420623124 ], [ -96.706849539686317, 16.432638980521308 ], [ -96.707176319471941, 16.433005630436998 ], [ -96.707046598783222, 16.433265799648229 ], [ -96.70667748942742, 16.433528569992074 ], [ -96.706303488596177, 16.434019380309223 ], [ -96.70620882915766, 16.434030430391207 ], [ -96.706198108988204, 16.434076399902544 ], [ -96.706167119139408, 16.434072920391785 ], [ -96.705600978835051, 16.434755890779908 ], [ -96.705245849065932, 16.434658919544866 ], [ -96.705195109987244, 16.434739180561223 ], [ -96.704994119234058, 16.435168139977563 ], [ -96.70493771984448, 16.43514685104163 ], [ -96.704867630317722, 16.435162780940459 ], [ -96.704825109597934, 16.435208549916268 ], [ -96.705033149450045, 16.435388690716074 ], [ -96.704975199080849, 16.435722540048712 ], [ -96.705421350359359, 16.435780140559661 ], [ -96.705497059404507, 16.435925621176459 ], [ -96.705164599700396, 16.436696199779689 ], [ -96.705447921174979, 16.436991416673266 ], [ -96.705594738657425, 16.437144399731192 ], [ -96.705600848903927, 16.437316539768599 ], [ -96.705459079121908, 16.437458911056332 ], [ -96.705159429094309, 16.437810711096816 ], [ -96.705121570009709, 16.438070199782818 ], [ -96.705099293713204, 16.438102541342925 ], [ -96.7050759086044, 16.438136491134625 ], [ -96.704762890427418, 16.438452480569104 ], [ -96.704338710004052, 16.438090459825194 ], [ -96.703957059368392, 16.43851178006085 ], [ -96.703891289177136, 16.439030260685374 ], [ -96.703626169941401, 16.439225031060953 ], [ -96.703609348846967, 16.439333120377963 ], [ -96.703629949111971, 16.439990259977275 ], [ -96.703611919728033, 16.440035581261107 ], [ -96.703468399851147, 16.440135660954038 ], [ -96.703273770371581, 16.440427630648518 ], [ -96.703447830187372, 16.440503683932523 ], [ -96.70382102992285, 16.440666751179567 ], [ -96.704452939033999, 16.440740829778399 ], [ -96.704381119189918, 16.440824850224875 ], [ -96.704349738965732, 16.440875940258369 ], [ -96.704335260504564, 16.441005479440115 ], [ -96.704330037249676, 16.441052209464416 ], [ -96.704324813473846, 16.441098953010389 ], [ -96.704306139990777, 16.441266020263029 ], [ -96.704670680390606, 16.441579911267695 ], [ -96.704639900399457, 16.44162528542801 ], [ -96.70461880526446, 16.44165638336856 ], [ -96.704597707180739, 16.441687484812881 ], [ -96.704446509231772, 16.441910371284386 ], [ -96.704365820211876, 16.442105450949914 ], [ -96.704112909072435, 16.442588721042203 ], [ -96.704027120131613, 16.442684460269128 ], [ -96.703969878532504, 16.442823640636497 ], [ -96.703953538528253, 16.442863369857974 ], [ -96.703937197442741, 16.442903102652075 ], [ -96.703847088721432, 16.443122200480804 ], [ -96.703616149327686, 16.443457920126292 ], [ -96.703347620346108, 16.443730431059596 ], [ -96.7031766862589, 16.443851003688664 ], [ -96.702976019120655, 16.44399255065002 ], [ -96.703008258912249, 16.444052630428871 ], [ -96.703186549992807, 16.444252061281325 ], [ -96.703677449986571, 16.445523090251864 ], [ -96.703822628833095, 16.446375849666399 ], [ -96.703822969336187, 16.446423281191411 ], [ -96.703798309011816, 16.446592399992088 ], [ -96.70387779896673, 16.447340650841785 ], [ -96.704243380435742, 16.449047340394699 ], [ -96.704040429844412, 16.44921212005837 ], [ -96.70336571040707, 16.449685460156019 ], [ -96.702931219882757, 16.450418221046764 ], [ -96.70240205978368, 16.45089432104842 ], [ -96.702213109723516, 16.451151719927829 ], [ -96.700367079420474, 16.45239602979921 ], [ -96.700235059223672, 16.453054319615973 ], [ -96.69992639885875, 16.453665600273961 ], [ -96.698623649273046, 16.455049680984349 ], [ -96.698321419336324, 16.455369550441315 ], [ -96.69782937042315, 16.455828919769647 ], [ -96.697510999983862, 16.456208650840583 ], [ -96.695817290178823, 16.457570570206652 ], [ -96.693803518589775, 16.459169340849922 ], [ -96.693765970270519, 16.459195000310473 ], [ -96.693141509388141, 16.459707429622323 ], [ -96.693135709779227, 16.459712658673141 ], [ -96.692626843131336, 16.460171385399047 ], [ -96.691890895178432, 16.460834810239749 ], [ -96.691059491183196, 16.461584274035868 ], [ -96.690870201938253, 16.46175490596756 ], [ -96.690842921731573, 16.461779496952452 ], [ -96.690773700581317, 16.461841895405186 ], [ -96.690693288669451, 16.461914381065085 ], [ -96.690599868534008, 16.461968722238293 ], [ -96.690265190303251, 16.462163401702337 ], [ -96.690243480000817, 16.462176030490415 ], [ -96.690163579907903, 16.462233245198917 ], [ -96.690104166572709, 16.462275791190024 ], [ -96.689814203279909, 16.46248342784747 ], [ -96.689803138562255, 16.462491350982802 ], [ -96.689488429564761, 16.462689460900627 ], [ -96.689083229075365, 16.463058739858525 ], [ -96.689080768029427, 16.463060676942838 ], [ -96.688942168606843, 16.46316975830155 ], [ -96.688777799362413, 16.463299120086941 ], [ -96.688360679302733, 16.463453319897411 ], [ -96.687986940025013, 16.463798000223228 ], [ -96.687783339960291, 16.463702250664323 ], [ -96.687430798739427, 16.463943180206289 ], [ -96.687056980297584, 16.463211821041799 ], [ -96.686901879018791, 16.462683619749185 ], [ -96.685949400140828, 16.463393000626251 ], [ -96.685934766192347, 16.463400294072422 ], [ -96.685815518918076, 16.46345972069355 ], [ -96.685262850065868, 16.463680449605103 ], [ -96.685238719565518, 16.463567260029905 ], [ -96.685250399351531, 16.462346381027675 ], [ -96.6848411687279, 16.462876489817898 ], [ -96.684200539516056, 16.462713479607039 ], [ -96.681839260372257, 16.462659080439266 ], [ -96.680281259026373, 16.46335575105476 ], [ -96.679377599361686, 16.462870920479375 ], [ -96.678999490219653, 16.462388419913275 ], [ -96.678293109418831, 16.461334110565968 ], [ -96.678430999078728, 16.461066780206938 ], [ -96.679114649810515, 16.460787911128097 ], [ -96.679574999221941, 16.46041694084176 ], [ -96.678961349555436, 16.460524940003602 ], [ -96.678708489054074, 16.460557089817268 ], [ -96.677725909985853, 16.460653260260379 ], [ -96.677174080098027, 16.460661419742202 ], [ -96.676991579595864, 16.460601660601444 ], [ -96.676850198621977, 16.46056668087288 ], [ -96.676842350430476, 16.460124030667956 ], [ -96.676570580448413, 16.459479429684365 ], [ -96.676339769720244, 16.459226720725869 ], [ -96.675774579746815, 16.458958849583251 ], [ -96.675811169201694, 16.458911200453318 ], [ -96.675592509048045, 16.458681569782044 ], [ -96.675228350392757, 16.458646169872157 ], [ -96.674795450182245, 16.458514800574104 ], [ -96.674668920163043, 16.458588570587469 ], [ -96.674159799735037, 16.458415059832955 ], [ -96.673595489443059, 16.458247280737201 ], [ -96.673298770140548, 16.458131600788867 ], [ -96.672998829877614, 16.457844339561358 ], [ -96.67281533944255, 16.457621250814608 ], [ -96.672474999321224, 16.457241380315747 ], [ -96.672121309166002, 16.456989940475978 ], [ -96.671746248850994, 16.456891090150531 ], [ -96.671360258766754, 16.456795830149833 ], [ -96.671090938784502, 16.456909820199066 ], [ -96.670818379463228, 16.456749341036957 ], [ -96.670186539839335, 16.456425230287241 ], [ -96.670026719835164, 16.456235090676095 ], [ -96.6699067395719, 16.456203951332927 ], [ -96.669903028737423, 16.456055220971564 ], [ -96.669872379675539, 16.455967060586055 ], [ -96.669866739001677, 16.455678280309773 ], [ -96.669953680189835, 16.455617551271487 ], [ -96.669730250461697, 16.454831940034609 ], [ -96.669760510316365, 16.454436780339055 ], [ -96.669738680045356, 16.454197230197739 ], [ -96.669694170181046, 16.45371814127969 ], [ -96.669474629862862, 16.453284690433307 ], [ -96.66947133961574, 16.453143819853064 ], [ -96.670249278754454, 16.451956309520451 ], [ -96.670375398666167, 16.45172862031772 ], [ -96.670399909268596, 16.451679480418854 ], [ -96.670815368882117, 16.450934220873364 ], [ -96.670878938849441, 16.449769381272617 ], [ -96.670939248907629, 16.449029480409418 ], [ -96.671652399051609, 16.447540969520372 ], [ -96.671680378115738, 16.446544472562778 ], [ -96.671683748681332, 16.446424379952767 ], [ -96.671482679339249, 16.445902080088434 ], [ -96.671676820265077, 16.445526980806832 ], [ -96.671680778771773, 16.445507601020928 ], [ -96.671687348870918, 16.445475430342551 ], [ -96.671688602822343, 16.445470308137761 ], [ -96.671697267529566, 16.445434908881538 ], [ -96.671789532924905, 16.445057911679196 ], [ -96.671809633565147, 16.444975782742649 ], [ -96.671827541514944, 16.444902609156333 ], [ -96.671829719820579, 16.444893711055911 ], [ -96.671857641212668, 16.44470697242398 ], [ -96.671885901463497, 16.444517964733024 ], [ -96.671945380039645, 16.444120170270239 ], [ -96.672017718674681, 16.443669297752951 ], [ -96.672037127392798, 16.443548335439974 ], [ -96.672046326337551, 16.443490998187873 ], [ -96.672054659019395, 16.44343906053491 ], [ -96.672092019180951, 16.443261047903686 ], [ -96.672100686232554, 16.443219754377829 ], [ -96.672109354525389, 16.443178452777907 ], [ -96.672301879507671, 16.442261089834133 ], [ -96.672456289431821, 16.441204879989499 ], [ -96.672520520251965, 16.44062734012352 ], [ -96.672711969180568, 16.439410259924692 ], [ -96.67285034029122, 16.438596600167514 ], [ -96.672841076382781, 16.437111851225644 ], [ -96.672835488768598, 16.436216230014892 ], [ -96.672860029980981, 16.436091021000806 ], [ -96.673399229645369, 16.435377550775176 ], [ -96.673914579706292, 16.434491460735266 ], [ -96.676707779940728, 16.429387449999641 ], [ -96.678389399108923, 16.427990569997032 ], [ -96.678737350170934, 16.427555110312912 ], [ -96.678953969668825, 16.427296600282006 ], [ -96.679051938698422, 16.42704871981465 ], [ -96.680393890234996, 16.425429710156649 ], [ -96.681230780108677, 16.424443620043725 ], [ -96.68191831981747, 16.423489740288886 ], [ -96.682966710024928, 16.422382851130099 ], [ -96.68340233872847, 16.42281576978926 ], [ -96.683438139908446, 16.422865399902921 ], [ -96.684697749448759, 16.42427746074047 ], [ -96.684710979347173, 16.424337419930037 ], [ -96.685344029651688, 16.424867090508322 ], [ -96.686396179968767, 16.425893741166487 ], [ -96.686537649721231, 16.426063771196798 ], [ -96.686937690094666, 16.426710400081241 ], [ -96.687171459425841, 16.426907570079145 ], [ -96.68753595031508, 16.427225510557154 ], [ -96.687751234574606, 16.427431359988343 ], [ -96.68800370719427, 16.427672766066426 ], [ -96.688020362948166, 16.427688691200835 ], [ -96.688033294840693, 16.42770105685608 ], [ -96.688037016838265, 16.427704616267128 ], [ -96.688336059589332, 16.427990549981001 ], [ -96.688406268500415, 16.428074758685582 ], [ -96.688435275798113, 16.428109549196535 ], [ -96.68850061438998, 16.428187915913121 ], [ -96.68856655462514, 16.428267003463187 ], [ -96.688581155243057, 16.428284516326375 ], [ -96.688613908643816, 16.428323800129444 ], [ -96.688666042492073, 16.428375770367115 ], [ -96.689171048776998, 16.428879180402348 ], [ -96.689187448843541, 16.429003491148475 ], [ -96.689669919708848, 16.429371599923801 ], [ -96.690148179993159, 16.429880229743045 ], [ -96.690691229347991, 16.430420200071154 ], [ -96.690725228746459, 16.430467829929807 ], [ -96.690770463669111, 16.430506965765346 ], [ -96.690820036947045, 16.43054985533016 ], [ -96.690856799778359, 16.430581660621975 ], [ -96.691048480385675, 16.43080528045909 ], [ -96.691980690449782, 16.431718460449162 ], [ -96.692240139661607, 16.432002090603689 ], [ -96.692376924236711, 16.432098663534816 ], [ -96.692415691522612, 16.432126033660751 ], [ -96.6924375554335, 16.432141469525881 ], [ -96.692443843246807, 16.432145908308257 ], [ -96.692453319976977, 16.432152599672872 ], [ -96.692478712616094, 16.4321699122344 ], [ -96.692488859492272, 16.432176829675228 ], [ -96.692653392139476, 16.432349266897031 ], [ -96.692664081494371, 16.432360470155881 ], [ -96.692670795144124, 16.432367506752442 ], [ -96.692682420251316, 16.4323796900403 ], [ -96.692692706712677, 16.432390135342168 ], [ -96.692718359897142, 16.432416184080537 ], [ -96.693374108953307, 16.433082020769895 ], [ -96.693446798710553, 16.43313809084988 ], [ -96.69364016348797, 16.433371582671736 ], [ -96.69405862813538, 16.433876879323631 ], [ -96.694554799860171, 16.434476001037847 ], [ -96.69472102882996, 16.434769170035676 ], [ -96.694757178686189, 16.434804430449322 ], [ -96.695070151739955, 16.43516538621261 ], [ -96.695085850423922, 16.435183491001368 ], [ -96.695110290226523, 16.435146180401826 ], [ -96.695150133179496, 16.435192865053899 ], [ -96.695182416793955, 16.435230689045007 ], [ -96.695190692129984, 16.435240385608889 ], [ -96.695198684737903, 16.435249749924875 ], [ -96.695389318940684, 16.435473110938691 ], [ -96.69559183699549, 16.43565072298815 ], [ -96.696105429700125, 16.436101150240489 ], [ -96.696561000210934, 16.436506450727489 ], [ -96.697015819216347, 16.436967479834848 ], [ -96.697022617457961, 16.436976858288205 ], [ -96.697033923560454, 16.436992456291577 ], [ -96.697045229700066, 16.437008053393367 ], [ -96.697301208922269, 16.437361198406911 ], [ -96.697328689736494, 16.437399110493111 ], [ -96.697337742553032, 16.43740877787403 ], [ -96.697372487781621, 16.437445883562038 ], [ -96.697452619197023, 16.437531460429518 ], [ -96.697920969465258, 16.438144770159084 ], [ -96.697926481515992, 16.438148406808359 ], [ -96.697947194560143, 16.438162072842445 ], [ -96.697966559649672, 16.438174850637495 ], [ -96.697986139966531, 16.438187770568042 ], [ -96.698490439952536, 16.438572397609338 ], [ -96.698512825348161, 16.438589470217117 ], [ -96.698535210749313, 16.438606542822029 ], [ -96.698614322691313, 16.43866688272637 ], [ -96.698780848805356, 16.438793890280497 ], [ -96.698932889656646, 16.4389854610254 ], [ -96.699829629660215, 16.440228689644336 ], [ -96.699895510189165, 16.440346140290764 ], [ -96.700392089231997, 16.440485279718352 ], [ -96.700801549692557, 16.440284309818054 ], [ -96.701169049585744, 16.440014920837044 ], [ -96.701302448843123, 16.43966297000798 ], [ -96.701437938836236, 16.438966320059041 ], [ -96.701362979053172, 16.438445579879822 ], [ -96.701191710062389, 16.43751191987041 ], [ -96.701019369542976, 16.436909450545421 ], [ -96.701534309179365, 16.43675579953338 ], [ -96.701611198613037, 16.436406969727052 ], [ -96.701806909414955, 16.436245221025498 ], [ -96.702081879800033, 16.435940650850934 ], [ -96.702107999417578, 16.435836620900496 ], [ -96.701882879355082, 16.435410710970142 ], [ -96.701860599061703, 16.435172860625002 ], [ -96.702053430064495, 16.434698421041364 ], [ -96.702293279456455, 16.434503290236862 ], [ -96.702563799430436, 16.434337540767238 ], [ -96.702575429141689, 16.434142480259105 ], [ -96.702482349500116, 16.43397815096883 ], [ -96.702520169115147, 16.433867140948013 ], [ -96.702624349133572, 16.433576780207705 ], [ -96.702878458750646, 16.433425940940911 ], [ -96.702827119631777, 16.432888771026317 ], [ -96.703121879316228, 16.432437709603764 ], [ -96.703056749932642, 16.431756021011687 ], [ -96.70324544967373, 16.431276429766708 ], [ -96.703271378803862, 16.430893980933881 ], [ -96.703648030162597, 16.4304508001076 ], [ -96.703359979014692, 16.430089201059378 ], [ -96.703537550378485, 16.429511980279504 ], [ -96.703574858736772, 16.429146489823367 ], [ -96.703688819185672, 16.428815911323387 ], [ -96.703717219192896, 16.428711889991074 ], [ -96.703666740084046, 16.428690431046586 ], [ -96.70148453967505, 16.427769419867353 ], [ -96.701989088741399, 16.427065090277207 ], [ -96.702104109817185, 16.427191349877042 ], [ -96.702364028865318, 16.427087849838689 ], [ -96.702584060391644, 16.427005920910734 ], [ -96.702918318646937, 16.426857229587615 ], [ -96.703167448776412, 16.426643830591193 ], [ -96.70351613900398, 16.426537600094061 ], [ -96.703614799063459, 16.426472181033621 ], [ -96.703969799425707, 16.426334541238624 ], [ -96.703965449185901, 16.426219859798906 ], [ -96.703717448775748, 16.425863290896807 ], [ -96.703782878661485, 16.425684911126972 ], [ -96.70402165991797, 16.425351510617361 ], [ -96.704028199318557, 16.424703490194993 ], [ -96.704377050125018, 16.424002120802328 ], [ -96.704612709052739, 16.423901349626103 ], [ -96.70477774023513, 16.42379484961489 ], [ -96.704645779327592, 16.423328180256455 ], [ -96.704672370243145, 16.423304261044308 ], [ -96.704791059210436, 16.423233769860254 ], [ -96.705063419183446, 16.423111339754552 ], [ -96.705254939580655, 16.423138580242171 ], [ -96.705821798585688, 16.42353815056207 ], [ -96.706006400040366, 16.423474570053958 ], [ -96.706292689244506, 16.423078281004333 ], [ -96.706671919904565, 16.422460030527812 ], [ -96.706560259068098, 16.422363629898943 ], [ -96.706940479816069, 16.421615111253519 ], [ -96.707285030447252, 16.42128429045864 ], [ -96.707435030227558, 16.421071420858045 ], [ -96.707467829925051, 16.420998230192122 ], [ -96.707441049803663, 16.420924320593713 ], [ -96.707553779409793, 16.420841031084311 ], [ -96.707378178926234, 16.420705690389266 ], [ -96.707186910130474, 16.420190631351325 ], [ -96.707138310067322, 16.420119290178125 ], [ -96.707059108589959, 16.42009315099471 ], [ -96.706465489794809, 16.420103630409976 ], [ -96.705928649972662, 16.42011002053005 ], [ -96.705319178853415, 16.420121511262913 ], [ -96.705445709602273, 16.41952062970384 ], [ -96.705517710135069, 16.419432659686304 ], [ -96.705803538750601, 16.419114249596994 ], [ -96.705663849371419, 16.419088980108981 ], [ -96.70536874948975, 16.419148180141303 ], [ -96.705084680217766, 16.419237850022686 ], [ -96.704954349703087, 16.419289719873007 ], [ -96.704571660426495, 16.419527630562818 ], [ -96.704466079741636, 16.419526219626249 ], [ -96.704293509664481, 16.419445680502875 ], [ -96.704135198652494, 16.419277709979891 ], [ -96.70402585891901, 16.41914882118569 ], [ -96.703885109874875, 16.419116020905307 ], [ -96.703675459045286, 16.419136180584704 ], [ -96.703413949633756, 16.419108290258915 ], [ -96.703329879846549, 16.4190971097333 ], [ -96.703300919352557, 16.418894029602683 ], [ -96.70326594923884, 16.418684259962191 ], [ -96.70330988975968, 16.418435020328456 ], [ -96.703371000238988, 16.418255249653349 ], [ -96.70347849024057, 16.418030230596056 ], [ -96.703639199505389, 16.417666999767107 ], [ -96.703730219689234, 16.417457260423223 ], [ -96.703712419748243, 16.417325110189214 ], [ -96.703623688930264, 16.417179080908209 ], [ -96.703546709063417, 16.416985940372548 ], [ -96.703481379807201, 16.416813030885912 ], [ -96.703520799028794, 16.416626780802815 ], [ -96.70377998034229, 16.416504150439128 ], [ -96.704058658941065, 16.416433460958352 ], [ -96.70441124972389, 16.416405631092626 ], [ -96.704441230147296, 16.416129650793767 ], [ -96.704384599823499, 16.415833741219608 ], [ -96.704470177034054, 16.415714615736501 ], [ -96.70452484917989, 16.415638511237223 ], [ -96.704236689637284, 16.415497259791149 ], [ -96.704079369268072, 16.415405480003368 ], [ -96.703980250148604, 16.415386380253615 ], [ -96.703996029823813, 16.415322860187676 ], [ -96.703893688997994, 16.415185940052755 ], [ -96.703754888767307, 16.415014260848491 ], [ -96.703852634576194, 16.415035721034023 ], [ -96.703979100140501, 16.415063484849323 ], [ -96.704016979558787, 16.415071800725624 ], [ -96.703879961508903, 16.414807446824145 ], [ -96.703793582822158, 16.414640794324178 ], [ -96.703509105212078, 16.414091942018743 ], [ -96.70334783477864, 16.413780789487447 ], [ -96.70304182369604, 16.413190379753473 ], [ -96.702913118917706, 16.412942060042255 ], [ -96.702749890074358, 16.41262713985196 ], [ -96.702732354758552, 16.412607772826927 ], [ -96.702696457310893, 16.412568121380094 ], [ -96.702343631282034, 16.412178404834798 ], [ -96.702309283031667, 16.412140465274387 ], [ -96.701398524590331, 16.411134468446662 ], [ -96.701182269195613, 16.410895596908542 ], [ -96.701037629047136, 16.410735830025228 ], [ -96.700922165466864, 16.410631274927304 ], [ -96.700221006702279, 16.409996351176261 ], [ -96.700150519723792, 16.409932520387446 ], [ -96.700053929709668, 16.409771406683408 ], [ -96.700050157423718, 16.409765113629124 ], [ -96.699819229626158, 16.409379921330263 ], [ -96.69983047936816, 16.408940140542967 ], [ -96.699831392715765, 16.40890445965546 ], [ -96.699832363446347, 16.408866499717917 ], [ -96.699836406521698, 16.408708428781786 ], [ -96.699870784371896, 16.407364561199373 ], [ -96.699873199215006, 16.407270180521714 ], [ -96.699843515389446, 16.407208798569052 ], [ -96.699518868971694, 16.406537439426817 ], [ -96.699401041647988, 16.406293772181176 ], [ -96.699365880405153, 16.40622106000659 ], [ -96.699281405463992, 16.406180914203073 ], [ -96.699014011732785, 16.406053840284866 ], [ -96.69881543025889, 16.405959464556634 ], [ -96.698655249002144, 16.405883340042802 ], [ -96.69861089084111, 16.40591902646047 ], [ -96.698445243205356, 16.406052285140984 ], [ -96.698338537669486, 16.406138127019847 ], [ -96.697621508579971, 16.406714951088713 ], [ -96.697514975057729, 16.406691184440113 ], [ -96.697401183963336, 16.406665796076094 ], [ -96.697295377245339, 16.406642190568657 ], [ -96.696691787523079, 16.406507526163434 ], [ -96.696591839121794, 16.406485226577562 ], [ -96.696586880172319, 16.406484120098558 ], [ -96.696587460237794, 16.406478132194003 ], [ -96.696597863669538, 16.406370724845065 ], [ -96.696698620185728, 16.405330540728016 ], [ -96.696500849540641, 16.404925199991418 ], [ -96.69649378510141, 16.404686689981769 ], [ -96.696490737921252, 16.404583755583854 ], [ -96.696484829309313, 16.404384260301448 ], [ -96.696480759915985, 16.404360141970418 ], [ -96.696418678618926, 16.403992199573178 ], [ -96.69647299929062, 16.403567319562452 ], [ -96.69654927635564, 16.403378490657069 ], [ -96.69658234267547, 16.403296633209543 ], [ -96.696612465604161, 16.403222058895537 ], [ -96.696634739004182, 16.403166920977078 ], [ -96.69668493501193, 16.402901441418919 ], [ -96.696696053251557, 16.40284264509479 ], [ -96.696699820443797, 16.402822720058015 ], [ -96.696715247877606, 16.402753808273786 ], [ -96.69678943518656, 16.402422453409763 ], [ -96.696803196417008, 16.4023609886017 ], [ -96.696816565218228, 16.402301274730878 ], [ -96.69684104895039, 16.40219192126488 ], [ -96.696985256249789, 16.401838218822366 ], [ -96.696994920883725, 16.401814517041164 ], [ -96.697001198318631, 16.401799119292509 ], [ -96.69701252010654, 16.401771350367024 ], [ -96.697020526825938, 16.401759467551528 ], [ -96.697382919775762, 16.40122162027729 ], [ -96.697390850406876, 16.401210550438417 ], [ -96.697473633866167, 16.401095003502633 ], [ -96.697557503552119, 16.400977940637173 ], [ -96.697614506913439, 16.40089837723141 ], [ -96.697638235425174, 16.400865257476553 ], [ -96.697701180233949, 16.400777400017418 ], [ -96.697681267294044, 16.400760273172182 ], [ -96.697650447688446, 16.400733765310971 ], [ -96.69754439371664, 16.400642545882558 ], [ -96.697539940382214, 16.400638715344368 ], [ -96.697198549698015, 16.400345080053555 ], [ -96.696991449640876, 16.399899260279412 ], [ -96.696857139959263, 16.399283650277226 ], [ -96.696898940207987, 16.398738219860498 ], [ -96.696903749892329, 16.3983288502988 ], [ -96.697052119851449, 16.397750459698774 ], [ -96.697620780104316, 16.397302090440348 ], [ -96.697644575868651, 16.397251367411144 ], [ -96.697682645771138, 16.397170218209617 ], [ -96.697709482954579, 16.397113013279146 ], [ -96.697758848566664, 16.397007784919804 ], [ -96.697777088470161, 16.396968904907244 ], [ -96.697785180828646, 16.396951655572479 ], [ -96.697792504697048, 16.39693604356804 ], [ -96.698134202287505, 16.396207680923034 ], [ -96.698160693022828, 16.39615121348794 ], [ -96.698186729805016, 16.396095712465936 ], [ -96.698287310933168, 16.395881312096222 ], [ -96.698391219314544, 16.395659816570859 ], [ -96.698462599710624, 16.395507660071232 ], [ -96.698579425519853, 16.395200337880617 ], [ -96.698586055560824, 16.395182897414543 ], [ -96.698647498567084, 16.395021262099863 ], [ -96.698649659615555, 16.395015579804735 ], [ -96.698664193525744, 16.394966137776141 ], [ -96.698690106586994, 16.394877987768659 ], [ -96.698715390855, 16.394791976356899 ], [ -96.698762401711022, 16.394632053751582 ], [ -96.698781348774105, 16.394567598779311 ], [ -96.698801229692762, 16.394499970346022 ], [ -96.698870441716224, 16.394384673513304 ], [ -96.699108732885449, 16.393987716653772 ], [ -96.699249859561519, 16.393752620385531 ], [ -96.699247346470045, 16.393662687126955 ], [ -96.699238119681937, 16.39333254957554 ], [ -96.699233736186073, 16.393325729585147 ], [ -96.698827829981298, 16.392694259798006 ], [ -96.698509979722814, 16.392298720256637 ], [ -96.698232652714367, 16.392086922995968 ], [ -96.698172845656146, 16.392041248079021 ], [ -96.698004180990011, 16.391912437420483 ], [ -96.69798841987695, 16.391900400122047 ], [ -96.697936316500147, 16.391732637909215 ], [ -96.69790990204676, 16.391647589367206 ], [ -96.69790874540405, 16.391643866675597 ], [ -96.697865487388484, 16.391504579385945 ], [ -96.6978378840179, 16.391415701455184 ], [ -96.697757361558274, 16.391156430976988 ], [ -96.697726089742446, 16.391055740001477 ], [ -96.697724134165952, 16.391018858064466 ], [ -96.697662370391228, 16.389854079675708 ], [ -96.698025879742517, 16.388732139714328 ], [ -96.698440969891976, 16.387953889569342 ], [ -96.698583120311312, 16.387687380410913 ], [ -96.699211580303341, 16.387206369884833 ], [ -96.699682509930184, 16.386781540191429 ], [ -96.700521519895347, 16.385987820096915 ], [ -96.701083149604059, 16.385424600423903 ], [ -96.701370369894448, 16.384503060317929 ], [ -96.701649819842416, 16.384379969578738 ], [ -96.702255710156081, 16.384113109763121 ], [ -96.702776079993015, 16.383918980237016 ], [ -96.703451850139899, 16.383726549800258 ], [ -96.704128220303815, 16.383484170095191 ], [ -96.704808110150111, 16.382942109624164 ], [ -96.705291490288019, 16.38276405993701 ], [ -96.705620379998749, 16.382650199689721 ], [ -96.706316819686236, 16.382409080402372 ], [ -96.706325564377778, 16.382260498122694 ], [ -96.706381459800284, 16.381310820282728 ], [ -96.706385833666218, 16.380937399053202 ], [ -96.706390819850427, 16.380511660434674 ], [ -96.706813429673844, 16.379816920183945 ], [ -96.707339030312184, 16.379173259939066 ], [ -96.708485109983982, 16.378636259872941 ], [ -96.708579478965021, 16.378583044413684 ], [ -96.708622309993387, 16.378558890019384 ], [ -96.709267379531042, 16.378195200316689 ], [ -96.709725489678988, 16.378052720073391 ], [ -96.710087319529009, 16.377940180256008 ], [ -96.710130059686136, 16.377876749815453 ], [ -96.710261997783135, 16.377680935449973 ], [ -96.710663339885087, 16.377085279907014 ], [ -96.71138368024711, 16.376197889818748 ], [ -96.711755999765174, 16.375340229877747 ], [ -96.71214677028712, 16.374850879614712 ], [ -96.712926200153817, 16.374021850062682 ], [ -96.713570600467961, 16.373409419885604 ], [ -96.713904680292444, 16.372700750350251 ], [ -96.713936720277445, 16.372638599768191 ], [ -96.714163830183082, 16.372198139973879 ], [ -96.714426030221603, 16.37184977997088 ] ] ] ] } },
{ "type": "Feature", "properties": { "CVEGEO": "20333", "CVE_ENT": "20", "CVE_MUN": "333", "PAISAJE": "Sierra de Yautepec", "ID_PAISA": 2, "NOM_MUN": "San Pedro Totolápam", "HAS_MUN": 40306.7, "RM": "R3" }, "geometry": { "type": "MultiPolygon", "coordinates": [ [ [ [ -96.28402174042094, 16.748210090145022 ], [ -96.264099059972779, 16.726868030407037 ], [ -96.251229420034164, 16.715031260096715 ], [ -96.230232750115931, 16.702080819934316 ], [ -96.221919420114347, 16.707727280201475 ], [ -96.220474740408889, 16.708689279804567 ], [ -96.219183779653576, 16.709553219942045 ], [ -96.215757829942063, 16.711916169860849 ], [ -96.208233139626046, 16.717037059553913 ], [ -96.200143689629797, 16.722566629895358 ], [ -96.195293150409825, 16.724429949633226 ], [ -96.189731950038023, 16.726565149942012 ], [ -96.181104519545812, 16.729799719824236 ], [ -96.179980279866598, 16.730124110289974 ], [ -96.176804449581994, 16.73075795022373 ], [ -96.172157370232384, 16.730544480433462 ], [ -96.16501910987094, 16.730320220341802 ], [ -96.160336400210369, 16.731635539741553 ], [ -96.149970140128104, 16.734535939729049 ], [ -96.140455380073163, 16.737206380353236 ], [ -96.14197168983965, 16.731081290374153 ], [ -96.109969890392136, 16.692680380123608 ], [ -96.104500919881616, 16.680755769979505 ], [ -96.099580149766226, 16.670025310281211 ], [ -96.095800580323228, 16.664662399825239 ], [ -96.093682219757895, 16.6617293097298 ], [ -96.091926939831751, 16.659140089694656 ], [ -96.087081680375988, 16.651992230338319 ], [ -96.084798520177145, 16.649825909627108 ], [ -96.083951290013133, 16.647213340225772 ], [ -96.082622430091945, 16.647451480351766 ], [ -96.079250220353217, 16.64043856994104 ], [ -96.07756266035183, 16.640588599888453 ], [ -96.075109419592096, 16.638667450147729 ], [ -96.069757199541954, 16.639231970174905 ], [ -96.06940131023751, 16.640148449772209 ], [ -96.066854340375656, 16.641540080278581 ], [ -96.065577200171248, 16.640480489663698 ], [ -96.065294280262549, 16.639696090100241 ], [ -96.063715370319528, 16.638358889650828 ], [ -96.0641099803278, 16.638098600143309 ], [ -96.068782630160314, 16.634289059978169 ], [ -96.081761079175664, 16.621042780772136 ], [ -96.091574880215859, 16.61240118084056 ], [ -96.097085449387208, 16.607554281180875 ], [ -96.108518660261353, 16.597425140838414 ], [ -96.121728079038846, 16.585609891103939 ], [ -96.123786319486484, 16.583793310206502 ], [ -96.126427890419734, 16.580621399741528 ], [ -96.139146338719144, 16.577431430486058 ], [ -96.149366569793273, 16.574300520226519 ], [ -96.166335090336986, 16.56850617038371 ], [ -96.169264400407954, 16.567507259848384 ], [ -96.187723369299306, 16.598257379637857 ], [ -96.193379799269309, 16.607742089768344 ], [ -96.201882279301401, 16.621996550821784 ], [ -96.242427310352909, 16.607768970203349 ], [ -96.252287519126725, 16.603811420360774 ], [ -96.256803119958349, 16.601489230156716 ], [ -96.261954219984617, 16.600811580069696 ], [ -96.27598974021231, 16.596434950225529 ], [ -96.277124019887339, 16.598702649544801 ], [ -96.286841779832713, 16.603913829977706 ], [ -96.29680264968674, 16.609292740380997 ], [ -96.312920090054561, 16.617122680024426 ], [ -96.318678779884564, 16.618593380214566 ], [ -96.327026050393002, 16.620648459765693 ], [ -96.327174982527666, 16.62071473056616 ], [ -96.328765118878579, 16.621422283378198 ], [ -96.328996549950574, 16.621525260169733 ], [ -96.330671819605868, 16.622609820109123 ], [ -96.347523089984932, 16.633025880330241 ], [ -96.353606349939227, 16.638620580235315 ], [ -96.3614941197457, 16.645873939815683 ], [ -96.36915752028996, 16.651350320008632 ], [ -96.374937180316479, 16.655480049792896 ], [ -96.396968339996903, 16.670383309624235 ], [ -96.415227910256419, 16.677468779918648 ], [ -96.404919939675452, 16.69340575043157 ], [ -96.403883519971444, 16.697142030052049 ], [ -96.394834679579958, 16.694401570222617 ], [ -96.377356819663746, 16.696738280320421 ], [ -96.364199420349848, 16.703132749846414 ], [ -96.350762569584063, 16.709649879902575 ], [ -96.333748660415509, 16.726684679664938 ], [ -96.326943620068391, 16.733330110412318 ], [ -96.32694349220003, 16.733330234665281 ], [ -96.32180929043335, 16.738343449888742 ], [ -96.313438580014648, 16.748653579666989 ], [ -96.307598460221726, 16.746122740365021 ], [ -96.291603580346973, 16.747526549851006 ], [ -96.28402265296053, 16.748210007810304 ], [ -96.28402174042094, 16.748210090145022 ] ] ] ] } },
{ "type": "Feature", "properties": { "CVEGEO": "20059", "CVE_ENT": "20", "CVE_MUN": "059", "PAISAJE": "Valles Centrales", "ID_PAISA": 1, "NOM_MUN": "Miahuatlán de Porfirio Díaz", "HAS_MUN": 34914.5, "RM": "R2" }, "geometry": { "type": "MultiPolygon", "coordinates": [ [ [ [ -96.691793819309027, 16.251244430503448 ], [ -96.698337880311257, 16.272320289962281 ], [ -96.695072719418746, 16.273988081251808 ], [ -96.689712578774476, 16.276806220024785 ], [ -96.684835488956665, 16.281923460214237 ], [ -96.680156449668004, 16.286886030512935 ], [ -96.676103429883682, 16.291001310011072 ], [ -96.666872679412577, 16.288659510428079 ], [ -96.661314019903486, 16.28583732001367 ], [ -96.66113140022793, 16.285411110180398 ], [ -96.661374708900738, 16.284753319596827 ], [ -96.661715110007719, 16.284267090876007 ], [ -96.661959599634841, 16.283724290703645 ], [ -96.66224427922198, 16.283606549889953 ], [ -96.662490819541588, 16.283259200936303 ], [ -96.662501768841636, 16.283167110217413 ], [ -96.66298486004996, 16.28265649110115 ], [ -96.663115878688643, 16.282655230296928 ], [ -96.663270249102567, 16.282607740522252 ], [ -96.66339934903408, 16.282422509940254 ], [ -96.663708319276481, 16.282350539959712 ], [ -96.664040508895695, 16.282220830167212 ], [ -96.664147229590725, 16.282173820399926 ], [ -96.664242049844873, 16.282126889727472 ], [ -96.664443940305091, 16.282067451034543 ], [ -96.664813540052805, 16.282098369823476 ], [ -96.665182539892328, 16.282071799988824 ], [ -96.665753679360236, 16.282008779876193 ], [ -96.666134599247712, 16.28198209122673 ], [ -96.666170819034463, 16.282027740514177 ], [ -96.666277519032306, 16.281980710479949 ], [ -96.666337199426039, 16.281991630873332 ], [ -96.666872479235479, 16.282108111168167 ], [ -96.667428998918595, 16.282375970516942 ], [ -96.667750880298442, 16.282483950475363 ], [ -96.668132939914315, 16.282581310499584 ], [ -96.668481709177144, 16.282494111042983 ], [ -96.668756350417254, 16.282555400092541 ], [ -96.669150879052097, 16.282618380348033 ], [ -96.669532970244887, 16.28270418006251 ], [ -96.66985356905262, 16.282904200296912 ], [ -96.670138539137426, 16.283080710678831 ], [ -96.670569338797364, 16.283121229889023 ], [ -96.671193120043611, 16.283072380021885 ], [ -96.67172127860897, 16.283010629857237 ], [ -96.672142109539337, 16.282912920932432 ], [ -96.672635629639757, 16.282758749873505 ], [ -96.672984999430824, 16.282637030557307 ], [ -96.673332689321057, 16.282618830198633 ], [ -96.673683549934808, 16.282393600873295 ], [ -96.6739615101352, 16.282236420534502 ], [ -96.67431042903759, 16.282137720141812 ], [ -96.674865110392545, 16.28190382002807 ], [ -96.675311109759065, 16.281725980205316 ], [ -96.675731919331142, 16.281628260829844 ], [ -96.676308948774533, 16.281498221105391 ], [ -96.676803059300497, 16.281309429979409 ], [ -96.677120648725662, 16.280899719703118 ], [ -96.677422539882954, 16.280742881270623 ], [ -96.677844719552056, 16.280553120521152 ], [ -96.678109849570276, 16.280453231268346 ], [ -96.678363489963971, 16.280318720084701 ], [ -96.678534618825509, 16.280091059815483 ], [ -96.678622349064867, 16.279827599936375 ], [ -96.678700829756053, 16.279380050605759 ], [ -96.678670859279833, 16.278977000198811 ], [ -96.678518380116216, 16.278756340959756 ], [ -96.678151620455864, 16.278440649915339 ], [ -96.67771007910315, 16.278319540186594 ], [ -96.677209089115962, 16.2781630602075 ], [ -96.676890079007194, 16.277859550278944 ], [ -96.676629909421067, 16.277625879771353 ], [ -96.676202428618026, 16.27736688094895 ], [ -96.675832078625973, 16.277292709765131 ], [ -96.675531319293569, 16.277369061204045 ], [ -96.675228449472968, 16.277594999806411 ], [ -96.67488016947587, 16.27764763030595 ], [ -96.674388309170951, 16.277686830405198 ], [ -96.674064199927216, 16.277728431251315 ], [ -96.673775879837464, 16.277781890156685 ], [ -96.673367889697289, 16.277822290700346 ], [ -96.673328420120868, 16.277786650329688 ], [ -96.67253313983899, 16.277494550542247 ], [ -96.671639228929166, 16.277209911236092 ], [ -96.671363978892714, 16.276705089630266 ], [ -96.670922349641458, 16.276327180084149 ], [ -96.670289920248564, 16.275846400538708 ], [ -96.668894140072084, 16.274908221102564 ], [ -96.668619110028658, 16.274483831256017 ], [ -96.66859351030908, 16.273817379729323 ], [ -96.669568050370373, 16.273102029656346 ], [ -96.67250491949271, 16.271472999791072 ], [ -96.674085889370247, 16.270445541277969 ], [ -96.675084459528151, 16.26982200111815 ], [ -96.675404689224592, 16.269349890776837 ], [ -96.675534320198338, 16.268855350837132 ], [ -96.675437339328752, 16.268223600779923 ], [ -96.67498739957685, 16.267974460985489 ], [ -96.66965411988825, 16.264035419697315 ], [ -96.669876370305872, 16.26278455020184 ], [ -96.670050709090631, 16.262338319961216 ], [ -96.670114879805496, 16.262051660704827 ], [ -96.669795030114727, 16.261805580842093 ], [ -96.669544859327701, 16.261710141019563 ], [ -96.669185280197581, 16.2617166611948 ], [ -96.668814829744477, 16.261654030585138 ], [ -96.668444649956186, 16.261568369905401 ], [ -96.668108248756937, 16.261632680446375 ], [ -96.667783079147583, 16.261743181081492 ], [ -96.6674222301707, 16.261841740141918 ], [ -96.666871919641679, 16.262017510682444 ], [ -96.666252508614193, 16.262028280448213 ], [ -96.66590594956115, 16.262087420237204 ], [ -96.665643378944523, 16.262203660969728 ], [ -96.664948939441004, 16.262080449963943 ], [ -96.664075770291163, 16.26208452008304 ], [ -96.663526569033323, 16.262294169550692 ], [ -96.663335919175239, 16.262433079839749 ], [ -96.663061678719814, 16.262618401272679 ], [ -96.662632379287075, 16.262873450865499 ], [ -96.661723150349104, 16.262843151258807 ], [ -96.66118451043657, 16.262776659753374 ], [ -96.660622859272507, 16.262882830670701 ], [ -96.66005981930526, 16.262735941170501 ], [ -96.659641288838571, 16.262760850179138 ], [ -96.659151379127692, 16.262866710502696 ], [ -96.65853126028442, 16.263237621300409 ], [ -96.658316459487679, 16.263330630197562 ], [ -96.657647570261744, 16.263529261120407 ], [ -96.657253398778835, 16.263646121251533 ], [ -96.656500550007365, 16.263787650534443 ], [ -96.655998520401084, 16.263859030946314 ], [ -96.655353179630396, 16.263988551020098 ], [ -96.654673119239064, 16.264325261017827 ], [ -96.654100199173385, 16.264569400842987 ], [ -96.653491318844601, 16.264802311267307 ], [ -96.652811110201199, 16.265127541024519 ], [ -96.652238348828874, 16.265406181007354 ], [ -96.651784259254498, 16.265511780757166 ], [ -96.651414170476755, 16.265640019601847 ], [ -96.650971938881753, 16.265722629891304 ], [ -96.650268479302852, 16.266185910041514 ], [ -96.649851398813297, 16.266498430251321 ], [ -96.649122030367138, 16.26655923089568 ], [ -96.64848751027867, 16.26644720084154 ], [ -96.647889740130083, 16.26650749058124 ], [ -96.647197090189707, 16.266752169816975 ], [ -96.644636979763391, 16.266824341299273 ], [ -96.640022450231655, 16.276653909788596 ], [ -96.637786860037991, 16.282535520152774 ], [ -96.637902649207163, 16.283403999886158 ], [ -96.630188149388189, 16.287781170415609 ], [ -96.621577019742077, 16.292656309784444 ], [ -96.623624548963434, 16.295151340404995 ], [ -96.624837219860993, 16.296633981344456 ], [ -96.625096710082659, 16.296948691160633 ], [ -96.625078738754695, 16.297848539703558 ], [ -96.62500079968089, 16.299220999879839 ], [ -96.624869538798009, 16.301569429554529 ], [ -96.624738720364149, 16.303909680580492 ], [ -96.624558659596431, 16.306757860464568 ], [ -96.624238398780648, 16.312001999548549 ], [ -96.62407181896539, 16.314789740369019 ], [ -96.625475262737851, 16.319823439111584 ], [ -96.628138079362344, 16.329373199727794 ], [ -96.62927504905629, 16.329425570516708 ], [ -96.629561478706549, 16.329263309987539 ], [ -96.630361860318914, 16.328995171335322 ], [ -96.631163119429047, 16.328911061113715 ], [ -96.632107779216327, 16.328780311036226 ], [ -96.632801739256678, 16.328765710132242 ], [ -96.633413178626853, 16.329015940071908 ], [ -96.634119800038405, 16.329139340539349 ], [ -96.635101079963633, 16.329146380260841 ], [ -96.635950289924892, 16.329073540438007 ], [ -96.636440029795438, 16.328910291042575 ], [ -96.63704889004444, 16.32862002069978 ], [ -96.637432418975678, 16.328756311062737 ], [ -96.638271799975769, 16.329617420120673 ], [ -96.637005739662087, 16.330806260403048 ], [ -96.628077888769553, 16.339181710162638 ], [ -96.625841052165399, 16.341272067533119 ], [ -96.624765436476508, 16.342277214585341 ], [ -96.622608153298145, 16.34429310334454 ], [ -96.616474910098816, 16.350023909997116 ], [ -96.615395956000185, 16.352096368742771 ], [ -96.615359768274502, 16.35216587664647 ], [ -96.615353877235108, 16.352177191047172 ], [ -96.615334659764144, 16.352214103485057 ], [ -96.614274589670828, 16.354250225426682 ], [ -96.614264679701222, 16.354269259007005 ], [ -96.614253413282185, 16.354290898718233 ], [ -96.614251120637832, 16.354295301563479 ], [ -96.614232942853675, 16.354330216267204 ], [ -96.614219656458644, 16.354355735482734 ], [ -96.614059622383181, 16.354663113749229 ], [ -96.614059420388983, 16.354663501609533 ], [ -96.614048572045618, 16.354684338145379 ], [ -96.614041090026888, 16.354698708528982 ], [ -96.614039026627722, 16.354702671270118 ], [ -96.614025557335069, 16.354728542050985 ], [ -96.613816510023383, 16.355130061162257 ], [ -96.613809477128711, 16.355143767540721 ], [ -96.613775509607123, 16.355209973531306 ], [ -96.613767661649973, 16.355225268989717 ], [ -96.613765296449813, 16.355229878528291 ], [ -96.613761963502071, 16.355236374765369 ], [ -96.613757378700456, 16.355245310402331 ], [ -96.61402181513472, 16.35543630167215 ], [ -96.614108453745999, 16.35549887608671 ], [ -96.614116449001514, 16.355504650024027 ], [ -96.614263588264265, 16.355559432785288 ], [ -96.614277788925719, 16.355564719924427 ], [ -96.614421079711335, 16.355618069099371 ], [ -96.614697490052123, 16.355720981279859 ], [ -96.61475768404874, 16.355764997658458 ], [ -96.614759368686322, 16.355766229889397 ], [ -96.614775341065069, 16.355777909670806 ], [ -96.614793671387105, 16.35579131437305 ], [ -96.615811420415483, 16.356535539897362 ], [ -96.615866499776089, 16.356575899416786 ], [ -96.616473516193523, 16.357020686568447 ], [ -96.616475536894569, 16.357022169163319 ], [ -96.616548925455277, 16.357075942130038 ], [ -96.616905479613266, 16.357337200934815 ], [ -96.616905319034672, 16.357337581279864 ], [ -96.616895872551183, 16.357359959486129 ], [ -96.616893325927421, 16.357365991692905 ], [ -96.616893284744435, 16.357366089448259 ], [ -96.616867896461159, 16.357426232991862 ], [ -96.61686530346023, 16.357432376300235 ], [ -96.616836888758925, 16.357499690455004 ], [ -96.61679974898766, 16.357527080890179 ], [ -96.616815506845725, 16.357551757871853 ], [ -96.617116768868669, 16.358023549902398 ], [ -96.618604326791186, 16.359330681991381 ], [ -96.618604888896243, 16.359331175149496 ], [ -96.618652088833912, 16.359372650335096 ], [ -96.618655128000782, 16.359406922848649 ], [ -96.618657994765371, 16.359439260078602 ], [ -96.618658132632461, 16.359440809748893 ], [ -96.618658336028133, 16.359443101649486 ], [ -96.618658521245948, 16.35944518807753 ], [ -96.618658879030363, 16.359449229647222 ], [ -96.618654581803682, 16.359450389401911 ], [ -96.618620987121091, 16.359459451304613 ], [ -96.618410758515253, 16.359516155911095 ], [ -96.618166575164054, 16.359582019062401 ], [ -96.618064538640382, 16.359609540690894 ], [ -96.617883338698661, 16.359694539717214 ], [ -96.617484320444746, 16.359940199897007 ], [ -96.61723714802055, 16.360113114264728 ], [ -96.617236938620422, 16.360113260058334 ], [ -96.617207516865719, 16.360118993810897 ], [ -96.61708110421354, 16.36014362989291 ], [ -96.617075282739322, 16.360144765022461 ], [ -96.617074636765622, 16.360144890477258 ], [ -96.617039839900585, 16.360151671748579 ], [ -96.616989802890231, 16.360161423837731 ], [ -96.616988873457629, 16.360161604880876 ], [ -96.616960569441744, 16.360167121060798 ], [ -96.616938597661175, 16.360168966318298 ], [ -96.616618430455247, 16.360195859925078 ], [ -96.615862570000274, 16.360285861186888 ], [ -96.615567930835539, 16.360340434004666 ], [ -96.615549429090365, 16.360343861150799 ], [ -96.615275340242164, 16.360412629602653 ], [ -96.615233475890577, 16.360428138008157 ], [ -96.614980320038029, 16.360521920691856 ], [ -96.614875552738866, 16.360565595505797 ], [ -96.614858749050512, 16.360572600283525 ], [ -96.614836285897525, 16.360595885996361 ], [ -96.614759629465965, 16.36067534998784 ], [ -96.614688938843543, 16.360744660590395 ], [ -96.614421229749809, 16.360915739550805 ], [ -96.614228175141008, 16.360983868817321 ], [ -96.614113379318468, 16.361024379662492 ], [ -96.614111552180063, 16.361033099658211 ], [ -96.614111299710785, 16.361034304048868 ], [ -96.614084218898782, 16.36116353957468 ], [ -96.61406263027051, 16.361257019913431 ], [ -96.614035582908031, 16.361426434668054 ], [ -96.614035089966848, 16.361429519684613 ], [ -96.613998335252305, 16.361418564669773 ], [ -96.613988120436233, 16.36141551981687 ], [ -96.613694338784654, 16.36177352043217 ], [ -96.613299679694236, 16.362153951131877 ], [ -96.612205139756526, 16.364286479677666 ], [ -96.611880649121218, 16.364450119548579 ], [ -96.611729998873543, 16.364520629560971 ], [ -96.611407688623672, 16.364784260051941 ], [ -96.610704999639054, 16.365497460514906 ], [ -96.610387349104286, 16.36566902071786 ], [ -96.610033484505252, 16.365805045132753 ], [ -96.610030088818604, 16.365806350173067 ], [ -96.60985530977338, 16.365772119851783 ], [ -96.609426304811237, 16.365458759575066 ], [ -96.609417080372936, 16.365452021238696 ], [ -96.609394358894036, 16.365497826872105 ], [ -96.60931399725402, 16.365659835519192 ], [ -96.608842381850693, 16.366610597339154 ], [ -96.608732973260544, 16.366831159576343 ], [ -96.608722867439766, 16.366851531520879 ], [ -96.608713420782891, 16.366870576688004 ], [ -96.608689568973446, 16.366918660178023 ], [ -96.608528302726228, 16.367244842485356 ], [ -96.608518946755524, 16.367263765533259 ], [ -96.608511195753096, 16.367279442710412 ], [ -96.608403853217283, 16.367496555756762 ], [ -96.60819853434036, 16.367911836699097 ], [ -96.608175522535774, 16.367958380755145 ], [ -96.608136370402832, 16.368037569724166 ], [ -96.608151193556864, 16.368052070782241 ], [ -96.608151763433568, 16.368052628332787 ], [ -96.608170551514092, 16.368071006100276 ], [ -96.608403558960134, 16.36829894134824 ], [ -96.608405743058498, 16.368301077855033 ], [ -96.608524879986618, 16.368417620449677 ], [ -96.608763719820885, 16.36873422132626 ], [ -96.608895042061647, 16.368888400903991 ], [ -96.608913258021786, 16.368909786790677 ], [ -96.60916216864058, 16.369202019542609 ], [ -96.60938112926506, 16.3694451776942 ], [ -96.609777479748672, 16.369885321204727 ], [ -96.610008089506152, 16.370246019877861 ], [ -96.610193398946464, 16.370535850807041 ], [ -96.610229437160299, 16.370570994602041 ], [ -96.610415942365535, 16.370752867058737 ], [ -96.610478388248666, 16.370813760498027 ], [ -96.610913518862276, 16.371238081235944 ], [ -96.611185496136528, 16.371424069985547 ], [ -96.611185517939234, 16.371424086115681 ], [ -96.611185547966343, 16.371424107055628 ], [ -96.611492689381024, 16.371634140628892 ], [ -96.611805062084429, 16.371873406263731 ], [ -96.612340308909481, 16.372283380949533 ], [ -96.612708320026798, 16.373078001068087 ], [ -96.612759769679045, 16.373391511181929 ], [ -96.613049180384607, 16.37402322123928 ], [ -96.613381769398245, 16.374786110197874 ], [ -96.613442049014949, 16.375852679529942 ], [ -96.613599949502017, 16.376896750160462 ], [ -96.613690399188428, 16.37722263080725 ], [ -96.613837738730652, 16.377731200566107 ], [ -96.614026308715594, 16.378237429553405 ], [ -96.614062648961337, 16.378411480012353 ], [ -96.614339849281123, 16.378879049951223 ], [ -96.614561445267313, 16.379124187552442 ], [ -96.614739018841078, 16.37932062114367 ], [ -96.615319819336548, 16.379682321276935 ], [ -96.615533180066862, 16.379998421020332 ], [ -96.615707549013678, 16.380286460060791 ], [ -96.615953279997427, 16.380589861236476 ], [ -96.61648693952715, 16.381123310507064 ], [ -96.616671441937768, 16.381662964558181 ], [ -96.616816879219513, 16.382088349723112 ], [ -96.616768520132609, 16.382985170089221 ], [ -96.616891170021319, 16.383425580113471 ], [ -96.617115620237257, 16.383663050339024 ], [ -96.617161679212998, 16.383687781086298 ], [ -96.617350308579645, 16.383889260668699 ], [ -96.617781890178449, 16.384079290879555 ], [ -96.618146429451841, 16.384167250069424 ], [ -96.61815135707478, 16.384165907363744 ], [ -96.618590118860439, 16.384046310434822 ], [ -96.618596153082009, 16.384048478994504 ], [ -96.618652611623673, 16.38406877053519 ], [ -96.618946650390384, 16.384174449564192 ], [ -96.61913195069512, 16.384269559554458 ], [ -96.619135889448657, 16.384271580880732 ], [ -96.619280965815989, 16.384422466580915 ], [ -96.619311418838876, 16.384454140218406 ], [ -96.619653510403879, 16.38473668086316 ], [ -96.619796368978356, 16.384820150105885 ], [ -96.620205818813403, 16.385010521103275 ], [ -96.620599279520022, 16.385557220391892 ], [ -96.620837738648447, 16.386119479985041 ], [ -96.621042909575266, 16.38668903018214 ], [ -96.621045011977969, 16.387120550600848 ], [ -96.621046849391391, 16.387497520556558 ], [ -96.621042778974882, 16.387809380576325 ], [ -96.62101301945512, 16.388226157220309 ], [ -96.620975119166815, 16.38875694108247 ], [ -96.620822118571894, 16.389697580923322 ], [ -96.620776859439772, 16.390326171005633 ], [ -96.620807858689574, 16.390516679783303 ], [ -96.620765548834981, 16.391324089511091 ], [ -96.620783749922467, 16.391698690414678 ], [ -96.620685399579955, 16.392654449651509 ], [ -96.620627379244794, 16.393033020128915 ], [ -96.620615110150695, 16.393600720516506 ], [ -96.620685029462422, 16.394292019787624 ], [ -96.620762718868775, 16.395240290112071 ], [ -96.62093301906566, 16.395975819627548 ], [ -96.621057029638521, 16.396883889932862 ], [ -96.621239910395701, 16.397561649602135 ], [ -96.621462420440054, 16.398183480247045 ], [ -96.621581510365274, 16.398505540846635 ], [ -96.621589999353219, 16.398703351065318 ], [ -96.62182390889798, 16.399217459522454 ], [ -96.62185124406416, 16.399290247312646 ], [ -96.622106278679198, 16.399969350517456 ], [ -96.622251950037665, 16.400502120568582 ], [ -96.622379109963134, 16.400762781313301 ], [ -96.622525618851469, 16.400893940763019 ], [ -96.622653028651754, 16.401153630556912 ], [ -96.622642319635645, 16.401359679738544 ], [ -96.622462149675442, 16.401570080006927 ], [ -96.622182858830755, 16.401655970243365 ], [ -96.622055858816424, 16.401843800616945 ], [ -96.62204448884296, 16.402261800244869 ], [ -96.622026170074307, 16.402620371276395 ], [ -96.622006749001727, 16.40289440018222 ], [ -96.621996418890333, 16.403160280040392 ], [ -96.622033549625328, 16.403362000495129 ], [ -96.622063279593618, 16.403573120723163 ], [ -96.622168598978277, 16.40400989126211 ], [ -96.622275999283957, 16.404460149881704 ], [ -96.622431628671251, 16.404844549658897 ], [ -96.622509260391183, 16.405158539719174 ], [ -96.622787379541904, 16.405732420648526 ], [ -96.622971839505823, 16.406268599877894 ], [ -96.623066289220858, 16.406543140544542 ], [ -96.623091739357818, 16.406931479694641 ], [ -96.623126478575713, 16.407577180642718 ], [ -96.623186879339528, 16.408038860248755 ], [ -96.623258229573665, 16.408469170273865 ], [ -96.623288449056275, 16.408799369945161 ], [ -96.623319806021257, 16.409031157147062 ], [ -96.623327678733332, 16.409089349712207 ], [ -96.6233430244435, 16.409128208312445 ], [ -96.62357126372558, 16.409706156920766 ], [ -96.623619178729527, 16.409827491193361 ], [ -96.623698549962171, 16.409910101798832 ], [ -96.623699396395111, 16.40991098245653 ], [ -96.623777400130564, 16.409992170145067 ], [ -96.624341349020924, 16.410566608205144 ], [ -96.624369889785442, 16.41059568010742 ], [ -96.624514549052861, 16.410905480651099 ], [ -96.625014168831726, 16.411064149922229 ], [ -96.625108002032292, 16.411165444119558 ], [ -96.625114228982198, 16.411172166432213 ], [ -96.625273118018242, 16.411343689189113 ], [ -96.625332978616427, 16.411408310217087 ], [ -96.625338773292484, 16.41141123961707 ], [ -96.625820664894249, 16.411654870332484 ], [ -96.625824600148036, 16.411656859852737 ], [ -96.626090888948468, 16.411856509863807 ], [ -96.626348199054817, 16.412066819885272 ], [ -96.62654259973776, 16.412313710795821 ], [ -96.626620146550422, 16.412447858162142 ], [ -96.626883918145012, 16.412904150353111 ], [ -96.626905629069398, 16.412941709612955 ], [ -96.627150260160604, 16.413258660878615 ], [ -96.627159411515748, 16.413254961998661 ], [ -96.627596939744052, 16.413078140985409 ], [ -96.627606990656929, 16.413079516999236 ], [ -96.627744707069056, 16.413098373155147 ], [ -96.627883865874111, 16.413117426634773 ], [ -96.628042680189694, 16.41313917069149 ], [ -96.628128551725794, 16.413157290048698 ], [ -96.628400259582747, 16.413214620974237 ], [ -96.628917449352002, 16.413237979733221 ], [ -96.628980421070821, 16.413247156443276 ], [ -96.629215950060086, 16.413281481208305 ], [ -96.629425399260398, 16.413354199971295 ], [ -96.629512200172101, 16.413530089869827 ], [ -96.629668600172948, 16.413640429630419 ], [ -96.62971623007428, 16.413782770104127 ], [ -96.629694368972636, 16.414005320863019 ], [ -96.629667949339563, 16.414174539831226 ], [ -96.629644769100821, 16.414333280470817 ], [ -96.629589138593474, 16.414481030111819 ], [ -96.629679369620831, 16.414764060724472 ], [ -96.62975112045433, 16.415017879726104 ], [ -96.629945628789912, 16.415626569758913 ], [ -96.630175909189134, 16.416212169881351 ], [ -96.630346459329772, 16.416820951036236 ], [ -96.631148340438259, 16.419107219794249 ], [ -96.63115550670905, 16.419092883925344 ], [ -96.632629630348148, 16.416143779625081 ], [ -96.632399309858585, 16.41554670967826 ], [ -96.632468369988658, 16.414982820274442 ], [ -96.632560620193374, 16.414257860964842 ], [ -96.632868119788725, 16.413485909984342 ], [ -96.633141000119366, 16.41297862065796 ], [ -96.635891519448549, 16.407609819638772 ], [ -96.649822849810661, 16.380410740216409 ], [ -96.653249140039378, 16.372045200247815 ], [ -96.653166459598722, 16.371472919670882 ], [ -96.653857950345753, 16.37107689020301 ], [ -96.654132680410342, 16.370983660122942 ], [ -96.654771859236362, 16.370723350464992 ], [ -96.654815538706288, 16.3707062204547 ], [ -96.655238722630315, 16.370540087951913 ], [ -96.655282249878852, 16.370523000156147 ], [ -96.655694682909854, 16.37058071265006 ], [ -96.655865029869133, 16.370604550678443 ], [ -96.655974478617694, 16.370619860165622 ], [ -96.656500109618605, 16.370741319811053 ], [ -96.65704731923438, 16.37064409024666 ], [ -96.657605969855794, 16.370500750911557 ], [ -96.657770179723869, 16.370246221195778 ], [ -96.657965279899884, 16.369519920063116 ], [ -96.658031740061091, 16.36907631104577 ], [ -96.658110200061358, 16.368552649814411 ], [ -96.658102579334098, 16.367816820412973 ], [ -96.658154093442235, 16.367712631828301 ], [ -96.65837106007659, 16.367273799967759 ], [ -96.658448523212655, 16.367156875542364 ], [ -96.658669219561077, 16.366823750391404 ], [ -96.658946049055103, 16.366405889621262 ], [ -96.659412598652338, 16.36612640099035 ], [ -96.659609309383129, 16.366008580802749 ], [ -96.660072969566926, 16.365900649548539 ], [ -96.660407219301447, 16.365954920901835 ], [ -96.660894830389211, 16.365858260534758 ], [ -96.661404599591663, 16.365600381145537 ], [ -96.661521379205638, 16.365369291058489 ], [ -96.661648939522564, 16.363852520922837 ], [ -96.661610620007906, 16.36336961963579 ], [ -96.661584910048717, 16.363013230359943 ], [ -96.661545999288649, 16.362892910060964 ], [ -96.661317488840268, 16.362186310236027 ], [ -96.661374148637748, 16.361553430971387 ], [ -96.661503719108808, 16.361138780523593 ], [ -96.663658449090761, 16.362560969537192 ], [ -96.664394249658713, 16.363046621304417 ], [ -96.665622459308665, 16.363857219647329 ], [ -96.665647650370786, 16.36388842072326 ], [ -96.666566279250532, 16.365026030498932 ], [ -96.666874648818577, 16.365407910857453 ], [ -96.668250460275445, 16.363611200859427 ], [ -96.672169768751942, 16.358492570329396 ], [ -96.673027908847843, 16.359511541016936 ], [ -96.676261518766452, 16.363351030508696 ], [ -96.676610549922927, 16.363765430953762 ], [ -96.676450950228542, 16.364016339795153 ], [ -96.676276999900082, 16.364428059638367 ], [ -96.67618459927759, 16.365001939685051 ], [ -96.676128889700109, 16.36551884989597 ], [ -96.675843690283671, 16.366159060232917 ], [ -96.675632580063805, 16.366650769769002 ], [ -96.675468368799784, 16.367212200973352 ], [ -96.675397258683063, 16.36760305975751 ], [ -96.675363979704997, 16.367785940977065 ], [ -96.675301549072714, 16.36806468016206 ], [ -96.675248398850357, 16.368302020693413 ], [ -96.675095149114526, 16.368932570422075 ], [ -96.674870830386823, 16.369504620744632 ], [ -96.674728919340239, 16.370181381161995 ], [ -96.674660739264326, 16.370732570464913 ], [ -96.674698769931211, 16.371400310044077 ], [ -96.674684379366425, 16.371437460177315 ], [ -96.674499260374319, 16.371915259944945 ], [ -96.674275890358516, 16.372429780274469 ], [ -96.67399268041838, 16.372931980528122 ], [ -96.673026659410169, 16.373401770772173 ], [ -96.672238488714981, 16.374000449551126 ], [ -96.671631779427969, 16.374486691133022 ], [ -96.671681659855665, 16.375166110077011 ], [ -96.671521999790144, 16.375349220787289 ], [ -96.671364519119578, 16.375529800223266 ], [ -96.670936260355717, 16.376110519577541 ], [ -96.670569979637619, 16.376554060349108 ], [ -96.670298460320751, 16.37707942106433 ], [ -96.670182720384943, 16.377607051061204 ], [ -96.669928798822028, 16.377753019796366 ], [ -96.669831888635315, 16.377805060628571 ], [ -96.669699088624967, 16.377876399649082 ], [ -96.669539199736832, 16.378150229580594 ], [ -96.669413849510008, 16.378516599833901 ], [ -96.669110778586585, 16.378742420382501 ], [ -96.66910944240071, 16.37875056336804 ], [ -96.669031619876534, 16.379224460215667 ], [ -96.669086450263805, 16.379815620571989 ], [ -96.669088782867377, 16.379840789724962 ], [ -96.669093579671198, 16.379892540328523 ], [ -96.669195829591558, 16.38027363106832 ], [ -96.669622999746352, 16.38056716977708 ], [ -96.670291979912633, 16.380725999890878 ], [ -96.670895228729549, 16.380469820560656 ], [ -96.670949980027999, 16.380460631310207 ], [ -96.671292179806798, 16.380403279854868 ], [ -96.671592289419451, 16.380352971040022 ], [ -96.672039379079223, 16.38011764988504 ], [ -96.672537999075729, 16.379641421303575 ], [ -96.672898540335837, 16.379417970960418 ], [ -96.67297362944322, 16.379371430496885 ], [ -96.673487338991805, 16.379493570366925 ], [ -96.673711599694087, 16.379726770952541 ], [ -96.673946048751006, 16.3800866497131 ], [ -96.674288290191072, 16.38044797970921 ], [ -96.674755459550994, 16.38047754965104 ], [ -96.675210709995383, 16.380495320100401 ], [ -96.675262949236085, 16.380208461231614 ], [ -96.675435179333931, 16.379911800461223 ], [ -96.675689969545004, 16.379708310472907 ], [ -96.676148050446884, 16.37954208976678 ], [ -96.676582658998925, 16.379341029976999 ], [ -96.677022369941554, 16.379207121345335 ], [ -96.677052338866034, 16.379197979931497 ], [ -96.677493599514008, 16.379353721123199 ], [ -96.677547000266657, 16.37979154017599 ], [ -96.677582079438551, 16.379947570249623 ], [ -96.677648169139687, 16.380241630232995 ], [ -96.677714419505904, 16.38062212081465 ], [ -96.677803709376235, 16.381072079875324 ], [ -96.677859349881388, 16.381360420738776 ], [ -96.678083849132108, 16.381582141252022 ], [ -96.678254109431236, 16.381623340230945 ], [ -96.678537719395024, 16.381691950404914 ], [ -96.678824919379934, 16.381730451157924 ], [ -96.679245109843166, 16.381690290849804 ], [ -96.679616148784049, 16.381729890194606 ], [ -96.679940659466894, 16.381676919695668 ], [ -96.680264079127028, 16.381692880378548 ], [ -96.680693349782928, 16.381848379615686 ], [ -96.680967140368381, 16.381978691035535 ], [ -96.681239628595293, 16.382201120587911 ], [ -96.681439219929956, 16.38247993963644 ], [ -96.681614448881433, 16.382792999568387 ], [ -96.682052479913693, 16.383167220964346 ], [ -96.68237439998758, 16.383286661187473 ], [ -96.682684459579946, 16.383394520103796 ], [ -96.683176968973257, 16.383332290909642 ], [ -96.683789090178038, 16.383283310967375 ], [ -96.68423331937089, 16.383243399562716 ], [ -96.684673879546324, 16.383445109920057 ], [ -96.684596690043591, 16.38380063070985 ], [ -96.684626649584445, 16.384203679635831 ], [ -96.684596229498297, 16.38464037969587 ], [ -96.684831489319421, 16.384942709834966 ], [ -96.685189829141692, 16.385028231157985 ], [ -96.685501138738772, 16.385055601167277 ], [ -96.686191620305152, 16.38538725983793 ], [ -96.686379598925839, 16.38564289129237 ], [ -96.686375859223418, 16.385895981146025 ], [ -96.686215749625433, 16.386181310957351 ], [ -96.6861633802786, 16.386479741007985 ], [ -96.685928449233685, 16.386959630268979 ], [ -96.686306619003489, 16.387333000403082 ], [ -96.686675308895232, 16.387533630275534 ], [ -96.687223619986511, 16.387748261119796 ], [ -96.687419349428438, 16.388291710645099 ], [ -96.687636539504879, 16.38900794090792 ], [ -96.687697228630682, 16.389232880935584 ], [ -96.687829689294801, 16.389723820766598 ], [ -96.687930139055993, 16.389967689743735 ], [ -96.688072709025661, 16.390313850793728 ], [ -96.688390769860106, 16.390697939825952 ], [ -96.688501218887794, 16.391332140586208 ], [ -96.6883869993015, 16.391756181037856 ], [ -96.688501280020816, 16.392137399787448 ], [ -96.688553569099838, 16.392655780912207 ], [ -96.688607119858332, 16.393082220992561 ], [ -96.688634458660019, 16.393669249838776 ], [ -96.688720229624735, 16.394349150571092 ], [ -96.689051418781901, 16.394652800258822 ], [ -96.689600969348348, 16.394786950007084 ], [ -96.689572549878562, 16.395085650802507 ], [ -96.689710649400368, 16.395478691197177 ], [ -96.689845280197261, 16.396101769675713 ], [ -96.689922309357456, 16.396562969541076 ], [ -96.690000140231234, 16.396978200248139 ], [ -96.690030619954115, 16.397346750587573 ], [ -96.689869368750237, 16.397712650611592 ], [ -96.68987501972245, 16.398138370625993 ], [ -96.689952630427825, 16.398565059629334 ], [ -96.69017357020158, 16.399028290449241 ], [ -96.690566599724988, 16.399206250054956 ], [ -96.691079649125328, 16.399374421112 ], [ -96.691661688938126, 16.399739091072426 ], [ -96.691790310159107, 16.399959479867309 ], [ -96.691928908629748, 16.400318020347658 ], [ -96.69228428897587, 16.400610460918251 ], [ -96.692797340273202, 16.400778620915148 ], [ -96.693394549704152, 16.400936421089806 ], [ -96.69365328907972, 16.401273580384178 ], [ -96.693993619179182, 16.401773000956236 ], [ -96.694316198859909, 16.401846480755587 ], [ -96.694963179100569, 16.401878430104073 ], [ -96.695285230238738, 16.401997950666946 ], [ -96.695713119396714, 16.402245379582517 ], [ -96.696306890331343, 16.402633220808937 ], [ -96.696632221823165, 16.40223585520264 ], [ -96.696671367981523, 16.402188042212604 ], [ -96.696953641312462, 16.401843266334815 ], [ -96.696977834442606, 16.401813715642103 ], [ -96.69701252010654, 16.401771350367024 ], [ -96.697001198318631, 16.401799119292509 ], [ -96.696994920883725, 16.401814517041164 ], [ -96.696985256249789, 16.401838218822366 ], [ -96.69684104895039, 16.40219192126488 ], [ -96.696816565218228, 16.402301274730878 ], [ -96.696803196417008, 16.4023609886017 ], [ -96.69678943518656, 16.402422453409763 ], [ -96.696715247877606, 16.402753808273786 ], [ -96.696699820443797, 16.402822720058015 ], [ -96.696696053251557, 16.40284264509479 ], [ -96.69668493501193, 16.402901441418919 ], [ -96.696634739004182, 16.403166920977078 ], [ -96.696612465604161, 16.403222058895537 ], [ -96.69658234267547, 16.403296633209543 ], [ -96.69654927635564, 16.403378490657069 ], [ -96.69647299929062, 16.403567319562452 ], [ -96.696418678618926, 16.403992199573178 ], [ -96.696480759915985, 16.404360141970418 ], [ -96.696484829309313, 16.404384260301448 ], [ -96.696490737921252, 16.404583755583854 ], [ -96.69649378510141, 16.404686689981769 ], [ -96.696500849540641, 16.404925199991418 ], [ -96.696698620185728, 16.405330540728016 ], [ -96.696597863669538, 16.406370724845065 ], [ -96.696587460237794, 16.406478132194003 ], [ -96.696586880172319, 16.406484120098558 ], [ -96.696591839121794, 16.406485226577562 ], [ -96.696691787523079, 16.406507526163434 ], [ -96.697295377245339, 16.406642190568657 ], [ -96.697401183963336, 16.406665796076094 ], [ -96.697514975057729, 16.406691184440113 ], [ -96.697621508579971, 16.406714951088713 ], [ -96.698338537669486, 16.406138127019847 ], [ -96.698445243205356, 16.406052285140984 ], [ -96.69861089084111, 16.40591902646047 ], [ -96.698655249002144, 16.405883340042802 ], [ -96.69881543025889, 16.405959464556634 ], [ -96.699014011732785, 16.406053840284866 ], [ -96.699281405463992, 16.406180914203073 ], [ -96.699365880405153, 16.40622106000659 ], [ -96.699401041647988, 16.406293772181176 ], [ -96.699518868971694, 16.406537439426817 ], [ -96.699843515389446, 16.407208798569052 ], [ -96.699873199215006, 16.407270180521714 ], [ -96.699870784371896, 16.407364561199373 ], [ -96.699836406521698, 16.408708428781786 ], [ -96.699832363446347, 16.408866499717917 ], [ -96.699831392715765, 16.40890445965546 ], [ -96.69983047936816, 16.408940140542967 ], [ -96.699819229626158, 16.409379921330263 ], [ -96.700050157423718, 16.409765113629124 ], [ -96.700053929709668, 16.409771406683408 ], [ -96.700150519723792, 16.409932520387446 ], [ -96.700221006702279, 16.409996351176261 ], [ -96.700922165466864, 16.410631274927304 ], [ -96.701037629047136, 16.410735830025228 ], [ -96.701182269195613, 16.410895596908542 ], [ -96.701398524590331, 16.411134468446662 ], [ -96.702309283031667, 16.412140465274387 ], [ -96.702343631282034, 16.412178404834798 ], [ -96.702696457310893, 16.412568121380094 ], [ -96.702732354758552, 16.412607772826927 ], [ -96.702749890074358, 16.41262713985196 ], [ -96.702913118917706, 16.412942060042255 ], [ -96.70304182369604, 16.413190379753473 ], [ -96.70334783477864, 16.413780789487447 ], [ -96.703509105212078, 16.414091942018743 ], [ -96.703793582822158, 16.414640794324178 ], [ -96.703879961508903, 16.414807446824145 ], [ -96.704016979558787, 16.415071800725624 ], [ -96.703979100140501, 16.415063484849323 ], [ -96.703852634576194, 16.415035721034023 ], [ -96.703754888767307, 16.415014260848491 ], [ -96.703893688997994, 16.415185940052755 ], [ -96.703996029823813, 16.415322860187676 ], [ -96.703980250148604, 16.415386380253615 ], [ -96.704079369268072, 16.415405480003368 ], [ -96.704236689637284, 16.415497259791149 ], [ -96.70452484917989, 16.415638511237223 ], [ -96.704470177034054, 16.415714615736501 ], [ -96.704384599823499, 16.415833741219608 ], [ -96.704441230147296, 16.416129650793767 ], [ -96.70441124972389, 16.416405631092626 ], [ -96.704058658941065, 16.416433460958352 ], [ -96.70377998034229, 16.416504150439128 ], [ -96.703520799028794, 16.416626780802815 ], [ -96.703481379807201, 16.416813030885912 ], [ -96.703546709063417, 16.416985940372548 ], [ -96.703623688930264, 16.417179080908209 ], [ -96.703712419748243, 16.417325110189214 ], [ -96.703730219689234, 16.417457260423223 ], [ -96.703639199505389, 16.417666999767107 ], [ -96.70347849024057, 16.418030230596056 ], [ -96.703371000238988, 16.418255249653349 ], [ -96.70330988975968, 16.418435020328456 ], [ -96.70326594923884, 16.418684259962191 ], [ -96.703300919352557, 16.418894029602683 ], [ -96.703329879846549, 16.4190971097333 ], [ -96.703413949633756, 16.419108290258915 ], [ -96.703675459045286, 16.419136180584704 ], [ -96.703885109874875, 16.419116020905307 ], [ -96.70402585891901, 16.41914882118569 ], [ -96.704135198652494, 16.419277709979891 ], [ -96.704293509664481, 16.419445680502875 ], [ -96.704466079741636, 16.419526219626249 ], [ -96.704571660426495, 16.419527630562818 ], [ -96.704954349703087, 16.419289719873007 ], [ -96.705084680217766, 16.419237850022686 ], [ -96.70536874948975, 16.419148180141303 ], [ -96.705663849371419, 16.419088980108981 ], [ -96.705803538750601, 16.419114249596994 ], [ -96.705517710135069, 16.419432659686304 ], [ -96.705445709602273, 16.41952062970384 ], [ -96.705319178853415, 16.420121511262913 ], [ -96.705928649972662, 16.42011002053005 ], [ -96.706465489794809, 16.420103630409976 ], [ -96.707059108589959, 16.42009315099471 ], [ -96.707138310067322, 16.420119290178125 ], [ -96.707186910130474, 16.420190631351325 ], [ -96.707378178926234, 16.420705690389266 ], [ -96.707553779409793, 16.420841031084311 ], [ -96.707441049803663, 16.420924320593713 ], [ -96.707467829925051, 16.420998230192122 ], [ -96.707435030227558, 16.421071420858045 ], [ -96.707285030447252, 16.42128429045864 ], [ -96.706940479816069, 16.421615111253519 ], [ -96.706560259068098, 16.422363629898943 ], [ -96.706671919904565, 16.422460030527812 ], [ -96.706292689244506, 16.423078281004333 ], [ -96.706006400040366, 16.423474570053958 ], [ -96.705821798585688, 16.42353815056207 ], [ -96.705254939580655, 16.423138580242171 ], [ -96.705063419183446, 16.423111339754552 ], [ -96.704791059210436, 16.423233769860254 ], [ -96.704672370243145, 16.423304261044308 ], [ -96.704645779327592, 16.423328180256455 ], [ -96.70477774023513, 16.42379484961489 ], [ -96.704612709052739, 16.423901349626103 ], [ -96.704377050125018, 16.424002120802328 ], [ -96.704028199318557, 16.424703490194993 ], [ -96.70402165991797, 16.425351510617361 ], [ -96.703782878661485, 16.425684911126972 ], [ -96.703717448775748, 16.425863290896807 ], [ -96.703965449185901, 16.426219859798906 ], [ -96.703969799425707, 16.426334541238624 ], [ -96.703614799063459, 16.426472181033621 ], [ -96.70351613900398, 16.426537600094061 ], [ -96.703167448776412, 16.426643830591193 ], [ -96.702918318646937, 16.426857229587615 ], [ -96.702584060391644, 16.427005920910734 ], [ -96.702364028865318, 16.427087849838689 ], [ -96.702104109817185, 16.427191349877042 ], [ -96.701989088741399, 16.427065090277207 ], [ -96.70148453967505, 16.427769419867353 ], [ -96.703666740084046, 16.428690431046586 ], [ -96.703717219192896, 16.428711889991074 ], [ -96.703688819185672, 16.428815911323387 ], [ -96.703574858736772, 16.429146489823367 ], [ -96.703537550378485, 16.429511980279504 ], [ -96.703359979014692, 16.430089201059378 ], [ -96.703648030162597, 16.4304508001076 ], [ -96.703271378803862, 16.430893980933881 ], [ -96.70324544967373, 16.431276429766708 ], [ -96.703056749932642, 16.431756021011687 ], [ -96.703121879316228, 16.432437709603764 ], [ -96.702827119631777, 16.432888771026317 ], [ -96.702878458750646, 16.433425940940911 ], [ -96.702624349133572, 16.433576780207705 ], [ -96.702520169115147, 16.433867140948013 ], [ -96.702482349500116, 16.43397815096883 ], [ -96.702575429141689, 16.434142480259105 ], [ -96.702563799430436, 16.434337540767238 ], [ -96.702293279456455, 16.434503290236862 ], [ -96.702053430064495, 16.434698421041364 ], [ -96.701860599061703, 16.435172860625002 ], [ -96.701882879355082, 16.435410710970142 ], [ -96.702107999417578, 16.435836620900496 ], [ -96.702081879800033, 16.435940650850934 ], [ -96.701806909414955, 16.436245221025498 ], [ -96.701611198613037, 16.436406969727052 ], [ -96.701534309179365, 16.43675579953338 ], [ -96.701019369542976, 16.436909450545421 ], [ -96.701191710062389, 16.43751191987041 ], [ -96.701362979053172, 16.438445579879822 ], [ -96.701437938836236, 16.438966320059041 ], [ -96.701302448843123, 16.43966297000798 ], [ -96.701169049585744, 16.440014920837044 ], [ -96.700801549692557, 16.440284309818054 ], [ -96.700392089231997, 16.440485279718352 ], [ -96.699895510189165, 16.440346140290764 ], [ -96.699829629660215, 16.440228689644336 ], [ -96.698932889656646, 16.4389854610254 ], [ -96.698780848805356, 16.438793890280497 ], [ -96.698614322691313, 16.43866688272637 ], [ -96.698535210749313, 16.438606542822029 ], [ -96.698512825348161, 16.438589470217117 ], [ -96.698490439952536, 16.438572397609338 ], [ -96.697986139966531, 16.438187770568042 ], [ -96.697966559649672, 16.438174850637495 ], [ -96.697947194560143, 16.438162072842445 ], [ -96.697926481515992, 16.438148406808359 ], [ -96.697920969465258, 16.438144770159084 ], [ -96.697452619197023, 16.437531460429518 ], [ -96.697372487781621, 16.437445883562038 ], [ -96.697337742553032, 16.43740877787403 ], [ -96.697328689736494, 16.437399110493111 ], [ -96.69730120798836, 16.437361198373633 ], [ -96.697045229700066, 16.437008053393367 ], [ -96.697033923560454, 16.436992456291577 ], [ -96.697022616524322, 16.436976858254901 ], [ -96.697015819216347, 16.436967479834848 ], [ -96.696950566115078, 16.436901336248894 ], [ -96.696930099477015, 16.436880590657768 ], [ -96.696911713841018, 16.436861953335733 ], [ -96.696561000210934, 16.436506450727489 ], [ -96.696105429700125, 16.436101150240489 ], [ -96.69559183699549, 16.43565072298815 ], [ -96.695389318940684, 16.435473110938691 ], [ -96.695198684703357, 16.435249750825978 ], [ -96.695190692129984, 16.435240385608889 ], [ -96.695182416793955, 16.435230689045007 ], [ -96.695150133179496, 16.435192865053899 ], [ -96.695110290226523, 16.435146180401826 ], [ -96.695085850423922, 16.435183491001368 ], [ -96.695070151739955, 16.43516538621261 ], [ -96.694757178686189, 16.434804430449322 ], [ -96.69472102882996, 16.434769170035676 ], [ -96.694554799860171, 16.434476001037847 ], [ -96.69405862813538, 16.433876879323631 ], [ -96.69364016348797, 16.433371582671736 ], [ -96.693446798710553, 16.43313809084988 ], [ -96.693374108953307, 16.433082020769895 ], [ -96.692718359897142, 16.432416184080537 ], [ -96.692692706712677, 16.432390135342168 ], [ -96.692682420251316, 16.4323796900403 ], [ -96.692670795144124, 16.432367506752442 ], [ -96.692664081494371, 16.432360470155881 ], [ -96.692653392139476, 16.432349266897031 ], [ -96.692488859492272, 16.432176829675228 ], [ -96.692478712616094, 16.4321699122344 ], [ -96.692453319976977, 16.432152599672872 ], [ -96.692443843246807, 16.432145908308257 ], [ -96.6924375554335, 16.432141469525881 ], [ -96.692415691522612, 16.432126033660751 ], [ -96.692376924236711, 16.432098663534816 ], [ -96.692240139661607, 16.432002090603689 ], [ -96.691980690449782, 16.431718460449162 ], [ -96.691048480385675, 16.43080528045909 ], [ -96.690856799778359, 16.430581660621975 ], [ -96.690820036947045, 16.43054985533016 ], [ -96.690770463669111, 16.430506965765346 ], [ -96.690725228746459, 16.430467829929807 ], [ -96.690691229347991, 16.430420200071154 ], [ -96.690148179993159, 16.429880229743045 ], [ -96.689669919708848, 16.429371599923801 ], [ -96.689187448843541, 16.429003491148475 ], [ -96.689171048776998, 16.428879180402348 ], [ -96.688666042492073, 16.428375770367115 ], [ -96.688613908643816, 16.428323800129444 ], [ -96.688581155243057, 16.428284516326375 ], [ -96.68856655462514, 16.428267003463187 ], [ -96.68850061438998, 16.428187915913121 ], [ -96.688435275798113, 16.428109549196535 ], [ -96.688406268500415, 16.428074758685582 ], [ -96.688336059589332, 16.427990549981001 ], [ -96.688037016838265, 16.427704616267128 ], [ -96.688033294840693, 16.42770105685608 ], [ -96.688020362948166, 16.427688691200835 ], [ -96.68800370719427, 16.427672766066426 ], [ -96.687751234574606, 16.427431359988343 ], [ -96.68753595031508, 16.427225510557154 ], [ -96.687171459425841, 16.426907570079145 ], [ -96.686937690094666, 16.426710400081241 ], [ -96.686537649721231, 16.426063771196798 ], [ -96.686396179968767, 16.425893741166487 ], [ -96.685344029651688, 16.424867090508322 ], [ -96.684710979347173, 16.424337419930037 ], [ -96.684697749448759, 16.42427746074047 ], [ -96.683438139908446, 16.422865399902921 ], [ -96.68340233872847, 16.42281576978926 ], [ -96.682966710024928, 16.422382851130099 ], [ -96.68191831981747, 16.423489740288886 ], [ -96.681230780108677, 16.424443620043725 ], [ -96.680393890234996, 16.425429710156649 ], [ -96.679051938698422, 16.42704871981465 ], [ -96.678953969668825, 16.427296600282006 ], [ -96.678737350170934, 16.427555110312912 ], [ -96.678389399108923, 16.427990569997032 ], [ -96.676707779940728, 16.429387449999641 ], [ -96.673914579706292, 16.434491460735266 ], [ -96.673399229645369, 16.435377550775176 ], [ -96.672860029980981, 16.436091021000806 ], [ -96.672835488768598, 16.436216230014892 ], [ -96.672841076382781, 16.437111851225644 ], [ -96.67285034029122, 16.438596600167514 ], [ -96.672711969180568, 16.439410259924692 ], [ -96.672520520251965, 16.44062734012352 ], [ -96.672456289431821, 16.441204879989499 ], [ -96.672301879507671, 16.442261089834133 ], [ -96.672109354525389, 16.443178452777907 ], [ -96.672100686232554, 16.443219754377829 ], [ -96.672092019180951, 16.443261047903686 ], [ -96.672054659019395, 16.44343906053491 ], [ -96.672046326337551, 16.443490998187873 ], [ -96.672037127392798, 16.443548335439974 ], [ -96.672017718674681, 16.443669297752951 ], [ -96.671945380039645, 16.444120170270239 ], [ -96.671885901463497, 16.444517964733024 ], [ -96.671857641247371, 16.444706971522791 ], [ -96.671829719820579, 16.444893711055911 ], [ -96.671827540546545, 16.444902610024087 ], [ -96.671809633565147, 16.444975782742649 ], [ -96.671789532924905, 16.445057911679196 ], [ -96.671697267494849, 16.445434909782712 ], [ -96.671688602822343, 16.445470308137761 ], [ -96.671687348870918, 16.445475430342551 ], [ -96.671680778771773, 16.445507601020928 ], [ -96.671676820265077, 16.445526980806832 ], [ -96.671482679339249, 16.445902080088434 ], [ -96.671683748681332, 16.446424379952767 ], [ -96.671680378115738, 16.446544472562778 ], [ -96.671652399051609, 16.447540969520372 ], [ -96.670939248907629, 16.449029480409418 ], [ -96.670878938849441, 16.449769381272617 ], [ -96.670815368882117, 16.450934220873364 ], [ -96.670399909268596, 16.451679480418854 ], [ -96.670375398666167, 16.45172862031772 ], [ -96.670249278754454, 16.451956309520451 ], [ -96.66947133961574, 16.453143819853064 ], [ -96.669474629862862, 16.453284690433307 ], [ -96.669694170181046, 16.45371814127969 ], [ -96.669738680045356, 16.454197230197739 ], [ -96.669760510316365, 16.454436780339055 ], [ -96.669730250461697, 16.454831940034609 ], [ -96.669953680189835, 16.455617551271487 ], [ -96.669866739001677, 16.455678280309773 ], [ -96.669872379675539, 16.455967060586055 ], [ -96.669903028737423, 16.456055220971564 ], [ -96.6699067395719, 16.456203951332927 ], [ -96.670026719835164, 16.456235090676095 ], [ -96.670186539839335, 16.456425230287241 ], [ -96.670818379463228, 16.456749341036957 ], [ -96.671090938784502, 16.456909820199066 ], [ -96.671360258766754, 16.456795830149833 ], [ -96.671746248850994, 16.456891090150531 ], [ -96.672121309166002, 16.456989940475978 ], [ -96.672474999321224, 16.457241380315747 ], [ -96.67281533944255, 16.457621250814608 ], [ -96.672998829877614, 16.457844339561358 ], [ -96.673298770140548, 16.458131600788867 ], [ -96.673595489443059, 16.458247280737201 ], [ -96.674159799735037, 16.458415059832955 ], [ -96.674668920163043, 16.458588570587469 ], [ -96.674795450182245, 16.458514800574104 ], [ -96.675228350392757, 16.458646169872157 ], [ -96.675592509048045, 16.458681569782044 ], [ -96.675811169201694, 16.458911200453318 ], [ -96.675774579746815, 16.458958849583251 ], [ -96.676339769720244, 16.459226720725869 ], [ -96.676570580448413, 16.459479429684365 ], [ -96.676842350430476, 16.460124030667956 ], [ -96.676850198621977, 16.46056668087288 ], [ -96.676991579595864, 16.460601660601444 ], [ -96.677174080098027, 16.460661419742202 ], [ -96.677725909985853, 16.460653260260379 ], [ -96.678708489054074, 16.460557089817268 ], [ -96.678961349555436, 16.460524940003602 ], [ -96.679574999221941, 16.46041694084176 ], [ -96.679114649810515, 16.460787911128097 ], [ -96.678430999078728, 16.461066780206938 ], [ -96.678293109418831, 16.461334110565968 ], [ -96.678999490219653, 16.462388419913275 ], [ -96.679377599361686, 16.462870920479375 ], [ -96.680281259026373, 16.46335575105476 ], [ -96.681839260372257, 16.462659080439266 ], [ -96.684200539516056, 16.462713479607039 ], [ -96.6848411687279, 16.462876489817898 ], [ -96.685250399351531, 16.462346381027675 ], [ -96.685238719565518, 16.463567260029905 ], [ -96.685262850065868, 16.463680449605103 ], [ -96.685815518918076, 16.46345972069355 ], [ -96.685934766192347, 16.463400294072422 ], [ -96.685949400140828, 16.463393000626251 ], [ -96.686901879018791, 16.462683619749185 ], [ -96.687056980297584, 16.463211821041799 ], [ -96.687430798739427, 16.463943180206289 ], [ -96.687783339960291, 16.463702250664323 ], [ -96.687986940025013, 16.463798000223228 ], [ -96.688360679302733, 16.463453319897411 ], [ -96.688777799362413, 16.463299120086941 ], [ -96.688942168606843, 16.46316975830155 ], [ -96.689080768029427, 16.463060676942838 ], [ -96.689083229075365, 16.463058739858525 ], [ -96.689488429564761, 16.462689460900627 ], [ -96.689803138562255, 16.462491350982802 ], [ -96.689814203279909, 16.46248342784747 ], [ -96.690104166572709, 16.462275791190024 ], [ -96.690163579907903, 16.462233245198917 ], [ -96.690243480000817, 16.462176030490415 ], [ -96.690265190303251, 16.462163401702337 ], [ -96.690599868534008, 16.461968722238293 ], [ -96.690693288669451, 16.461914381065085 ], [ -96.690773700581317, 16.461841895405186 ], [ -96.690842921731573, 16.461779496952452 ], [ -96.690870201938253, 16.46175490596756 ], [ -96.691059491183196, 16.461584274035868 ], [ -96.691890895178432, 16.460834810239749 ], [ -96.692626843131336, 16.460171385399047 ], [ -96.693135709779227, 16.459712658673141 ], [ -96.693141509388141, 16.459707429622323 ], [ -96.693765970270519, 16.459195000310473 ], [ -96.693803518589775, 16.459169340849922 ], [ -96.695817290178823, 16.457570570206652 ], [ -96.697510999983862, 16.456208650840583 ], [ -96.69782937042315, 16.455828919769647 ], [ -96.698321419336324, 16.455369550441315 ], [ -96.698623649273046, 16.455049680984349 ], [ -96.69992639885875, 16.453665600273961 ], [ -96.700235059223672, 16.453054319615973 ], [ -96.700367079420474, 16.45239602979921 ], [ -96.702213109723516, 16.451151719927829 ], [ -96.70240205978368, 16.45089432104842 ], [ -96.702931219882757, 16.450418221046764 ], [ -96.70336571040707, 16.449685460156019 ], [ -96.704040429844412, 16.44921212005837 ], [ -96.704243380435742, 16.449047340394699 ], [ -96.70387779896673, 16.447340650841785 ], [ -96.703798309011816, 16.446592399992088 ], [ -96.703822969336187, 16.446423281191411 ], [ -96.703822628833095, 16.446375849666399 ], [ -96.703677449986571, 16.445523090251864 ], [ -96.703186549992807, 16.444252061281325 ], [ -96.703008258912249, 16.444052630428871 ], [ -96.702976019120655, 16.44399255065002 ], [ -96.7031766862589, 16.443851003688664 ], [ -96.703347620346108, 16.443730431059596 ], [ -96.703616149327686, 16.443457920126292 ], [ -96.703847088721432, 16.443122200480804 ], [ -96.703937197442741, 16.442903102652075 ], [ -96.703953538528253, 16.442863369857974 ], [ -96.703969878532504, 16.442823640636497 ], [ -96.704027120131613, 16.442684460269128 ], [ -96.704112909072435, 16.442588721042203 ], [ -96.704365820211876, 16.442105450949914 ], [ -96.704446509231772, 16.441910371284386 ], [ -96.704597707180739, 16.441687484812881 ], [ -96.70461880526446, 16.44165638336856 ], [ -96.704639900399457, 16.44162528542801 ], [ -96.704670680390606, 16.441579911267695 ], [ -96.704306139990777, 16.441266020263029 ], [ -96.704324813473846, 16.441098953010389 ], [ -96.704330037249676, 16.441052209464416 ], [ -96.704335260504564, 16.441005479440115 ], [ -96.704349738965732, 16.440875940258369 ], [ -96.704381119189918, 16.440824850224875 ], [ -96.704452939033999, 16.440740829778399 ], [ -96.70382102992285, 16.440666751179567 ], [ -96.703447830187372, 16.440503683932523 ], [ -96.703273770371581, 16.440427630648518 ], [ -96.703468399851147, 16.440135660954038 ], [ -96.703611919728033, 16.440035581261107 ], [ -96.703629949111971, 16.439990259977275 ], [ -96.703609348846967, 16.439333120377963 ], [ -96.703626169941401, 16.439225031060953 ], [ -96.703891289177136, 16.439030260685374 ], [ -96.703957059368392, 16.43851178006085 ], [ -96.704338710004052, 16.438090459825194 ], [ -96.704762890427418, 16.438452480569104 ], [ -96.7050759086044, 16.438136491134625 ], [ -96.705099293713204, 16.438102541342925 ], [ -96.705121570009709, 16.438070199782818 ], [ -96.705159429094309, 16.437810711096816 ], [ -96.705459079121908, 16.437458911056332 ], [ -96.705600848903927, 16.437316539768599 ], [ -96.705594738657425, 16.437144399731192 ], [ -96.705447921174979, 16.436991416673266 ], [ -96.705164599700396, 16.436696199779689 ], [ -96.705497059404507, 16.435925621176459 ], [ -96.705421350359359, 16.435780140559661 ], [ -96.704975199080849, 16.435722540048712 ], [ -96.705033149450045, 16.435388690716074 ], [ -96.704825109597934, 16.435208549916268 ], [ -96.704867630317722, 16.435162780940459 ], [ -96.70493771984448, 16.43514685104163 ], [ -96.704994119234058, 16.435168139977563 ], [ -96.705195109987244, 16.434739180561223 ], [ -96.705245849065932, 16.434658919544866 ], [ -96.705600978835051, 16.434755890779908 ], [ -96.706167119139408, 16.434072920391785 ], [ -96.706198108988204, 16.434076399902544 ], [ -96.70620882915766, 16.434030430391207 ], [ -96.706303488596177, 16.434019380309223 ], [ -96.70667748942742, 16.433528569992074 ], [ -96.707046598783222, 16.433265799648229 ], [ -96.707176319471941, 16.433005630436998 ], [ -96.706849539686317, 16.432638980521308 ], [ -96.706808118588626, 16.432513420623124 ], [ -96.706867909293393, 16.432211479716784 ], [ -96.706733909948227, 16.432051849884218 ], [ -96.70670608947718, 16.431852980397355 ], [ -96.706732719041, 16.431618059621819 ], [ -96.706856740077768, 16.43152312060268 ], [ -96.70690585936444, 16.431415050301545 ], [ -96.70694019859377, 16.431326910131968 ], [ -96.706854310436427, 16.431236220064196 ], [ -96.70674913990689, 16.430952539958227 ], [ -96.707104370189128, 16.430275230467437 ], [ -96.707123179386144, 16.429881719816116 ], [ -96.707017719032521, 16.42965089117202 ], [ -96.707136828873928, 16.429366750735348 ], [ -96.707371459089458, 16.429098450233241 ], [ -96.707601139317219, 16.428858630588696 ], [ -96.707812919491218, 16.428563031063117 ], [ -96.707918430382065, 16.428154861273601 ], [ -96.708102879218799, 16.427529951205514 ], [ -96.708187478976498, 16.427038420169762 ], [ -96.708218769196662, 16.426863770482477 ], [ -96.708344248674209, 16.426574450809891 ], [ -96.708492229019299, 16.426107050067387 ], [ -96.708462908621826, 16.425899109882995 ], [ -96.708525939165938, 16.425643030543736 ], [ -96.709259429817024, 16.425170911071852 ], [ -96.709314449208634, 16.425082719534448 ], [ -96.70892931891467, 16.424456000022133 ], [ -96.708992848762591, 16.424303150995804 ], [ -96.7087496891819, 16.42416187995881 ], [ -96.709211399798804, 16.422656801120347 ], [ -96.709142280190633, 16.421858720684718 ], [ -96.709210579332023, 16.421774850505454 ], [ -96.709886139508441, 16.421346450729899 ], [ -96.709632629144608, 16.421122090755023 ], [ -96.709648260173154, 16.420602280045639 ], [ -96.709657919348899, 16.420552460477033 ], [ -96.709850480326651, 16.419972891000441 ], [ -96.70986291035284, 16.419851380874327 ], [ -96.709678063729442, 16.419595465636004 ], [ -96.709532768916162, 16.419394309681625 ], [ -96.709618800134919, 16.419413280667932 ], [ -96.709595690130101, 16.419114849629956 ], [ -96.709629709486848, 16.418924970649027 ], [ -96.709621459562882, 16.418772890712177 ], [ -96.709778720285485, 16.41868308121969 ], [ -96.709760279263733, 16.418578399736845 ], [ -96.709666869393871, 16.41811573188939 ], [ -96.709663259062566, 16.41809785048887 ], [ -96.709533879011929, 16.418122959138813 ], [ -96.709198479248556, 16.41818805001359 ], [ -96.708524849651411, 16.418023509992089 ], [ -96.708485081796312, 16.417935715884823 ], [ -96.708255057042564, 16.417427900486018 ], [ -96.708226279720989, 16.417364369579627 ], [ -96.708277137681549, 16.417393455918418 ], [ -96.70848933831202, 16.417565999520221 ], [ -96.708511859190111, 16.417584311019525 ], [ -96.708829319260445, 16.417704889584627 ], [ -96.709216508136393, 16.417666716203264 ], [ -96.709489808502497, 16.417677148894771 ], [ -96.709753648355118, 16.417687220656298 ], [ -96.710439908474655, 16.417674649850809 ], [ -96.711006648732308, 16.417807880268136 ], [ -96.711652378593698, 16.418113650832957 ], [ -96.711709611320316, 16.418132522812222 ], [ -96.712138747664497, 16.418274031004547 ], [ -96.713176276190936, 16.418235150091093 ], [ -96.713422829038578, 16.418225909638352 ], [ -96.713830649018036, 16.4184341110176 ], [ -96.714287568880891, 16.418732250602506 ], [ -96.714668627187677, 16.419121579731279 ], [ -96.714998940414347, 16.419556750173804 ], [ -96.715675309223201, 16.420550380490958 ], [ -96.715797369436018, 16.420730690673036 ], [ -96.716236598929811, 16.421102180636293 ], [ -96.716828509594109, 16.421359249884336 ], [ -96.71744716938926, 16.421363741299029 ], [ -96.718205779741382, 16.421507850556246 ], [ -96.719248878869067, 16.421812231288115 ], [ -96.719975738641338, 16.421979089737896 ], [ -96.720586678137082, 16.422126480753494 ], [ -96.720804920247872, 16.422277549622592 ], [ -96.721568259301591, 16.423232060827697 ], [ -96.722718798685946, 16.423107540163436 ], [ -96.72340883002019, 16.423199340150379 ], [ -96.723936419144792, 16.423797110467401 ], [ -96.724907570079537, 16.424920749941514 ], [ -96.722514519760153, 16.428198819682652 ], [ -96.718261998791917, 16.434023691268287 ], [ -96.717052859603967, 16.435679830575019 ], [ -96.715218000138506, 16.438192890800867 ], [ -96.713542118998575, 16.440488141020506 ], [ -96.714317690436246, 16.440834350209787 ], [ -96.714721368763946, 16.441011620224504 ], [ -96.714742939821448, 16.441043460592066 ], [ -96.715166919459904, 16.441266749891678 ], [ -96.714578629000826, 16.441814081025797 ], [ -96.714721718648065, 16.44192946061796 ], [ -96.71444482007729, 16.442191449949323 ], [ -96.71454482984376, 16.442315580571268 ], [ -96.71451201895745, 16.442465690039512 ], [ -96.714845370306733, 16.442609170038917 ], [ -96.71508444864925, 16.442873850728926 ], [ -96.715425719231902, 16.442898571239329 ], [ -96.715555369612659, 16.442930139782955 ], [ -96.715536778961152, 16.442976539998508 ], [ -96.715582749856623, 16.44309284961399 ], [ -96.715542889139371, 16.443149650364244 ], [ -96.715683258777048, 16.443275781067793 ], [ -96.715897999337088, 16.44294009027314 ], [ -96.716017249800885, 16.442930141183631 ], [ -96.716374780079221, 16.443074380403814 ], [ -96.716094429163149, 16.443505030578415 ], [ -96.716292889602883, 16.44362903094682 ], [ -96.716293880440872, 16.44369254957061 ], [ -96.71606928003915, 16.444010519643946 ], [ -96.716274349558063, 16.444204171013581 ], [ -96.716598248721837, 16.44407143114794 ], [ -96.716964798952972, 16.443566380181597 ], [ -96.717080858778729, 16.443576770377803 ], [ -96.717141369248466, 16.443456400846131 ], [ -96.717452370036455, 16.443635280638329 ], [ -96.717880630159897, 16.443815349723355 ], [ -96.71722505020432, 16.444655830299368 ], [ -96.717000149114668, 16.44473369131919 ], [ -96.716961820423563, 16.444752630272095 ], [ -96.717057648570275, 16.444852720961126 ], [ -96.717002255349684, 16.44496081794664 ], [ -96.716976979635433, 16.44501014096511 ], [ -96.716673249106975, 16.445441290827155 ], [ -96.716479094655796, 16.44584534055096 ], [ -96.716342309446745, 16.446130000642018 ], [ -96.716146551721309, 16.446308674552135 ], [ -96.716066488825973, 16.446381750004999 ], [ -96.716079736598829, 16.446381009309654 ], [ -96.716313148638235, 16.446367950953611 ], [ -96.716623199191417, 16.446228579589683 ], [ -96.716697510477672, 16.446343315753918 ], [ -96.716700919855597, 16.446348579779386 ], [ -96.716725054455964, 16.446340580206581 ], [ -96.716736448873888, 16.446336802842083 ], [ -96.716750330320977, 16.446332201604989 ], [ -96.716793331797277, 16.44631794893165 ], [ -96.716810117005608, 16.44631238523019 ], [ -96.716821755753728, 16.446308527211745 ], [ -96.717029055725419, 16.446239814934426 ], [ -96.717066472203527, 16.446227412908794 ], [ -96.717177108747322, 16.446190740490369 ], [ -96.717785436440408, 16.447352592737612 ], [ -96.717799724560294, 16.447379882223089 ], [ -96.717809106747055, 16.447397801806815 ], [ -96.717858580178742, 16.447492290708514 ], [ -96.717888349880354, 16.447465309881601 ], [ -96.717903504820015, 16.4472529329373 ], [ -96.717906598203143, 16.447209582465234 ], [ -96.717909808369953, 16.447164593782382 ], [ -96.717928636813824, 16.4469007240473 ], [ -96.717945769112717, 16.446660630095682 ], [ -96.717949401550612, 16.446657285924204 ], [ -96.717966637205592, 16.446641418275952 ], [ -96.718141950279758, 16.446480024142282 ], [ -96.718157416203837, 16.446465785550703 ], [ -96.718174639189641, 16.446449930069338 ], [ -96.718228358872565, 16.446400475621342 ], [ -96.718238713416213, 16.44639094267303 ], [ -96.718242028917018, 16.446387890433655 ], [ -96.71825067173917, 16.446386036490704 ], [ -96.718288370299405, 16.446377951331215 ], [ -96.718502658669877, 16.446691089791905 ], [ -96.718772309857513, 16.446762951178854 ], [ -96.719506618786326, 16.446234739506888 ], [ -96.719557749487066, 16.447385200147753 ], [ -96.719564319940091, 16.447432569640227 ], [ -96.719493910145587, 16.447506019976021 ], [ -96.719118369803667, 16.447769660072964 ], [ -96.718977888636559, 16.447850890338358 ], [ -96.7188307264598, 16.447896907729216 ], [ -96.718820589512887, 16.447900077537994 ], [ -96.718777250773755, 16.447913629428836 ], [ -96.718748370276955, 16.447922659930686 ], [ -96.718709439113368, 16.447939776867713 ], [ -96.718670514614743, 16.447956890422908 ], [ -96.718644122357389, 16.447968494580234 ], [ -96.717831848756063, 16.448325620574042 ], [ -96.71776642401683, 16.448356348256681 ], [ -96.717719109866081, 16.448378569550986 ], [ -96.717706775116056, 16.448385222917342 ], [ -96.717313619697649, 16.448597291245594 ], [ -96.717297509433337, 16.448615048836828 ], [ -96.717272729452077, 16.448642364081653 ], [ -96.717185350351727, 16.448738680694543 ], [ -96.717111878812759, 16.448835567672621 ], [ -96.717107850346281, 16.448840881238265 ], [ -96.71708597014225, 16.448887735541376 ], [ -96.717065835386876, 16.448930853706067 ], [ -96.716983619780038, 16.449106920584356 ], [ -96.716940199790116, 16.449164971119409 ], [ -96.716879630040012, 16.449279380463945 ], [ -96.716720090365754, 16.449563980903516 ], [ -96.716431228939911, 16.450003110066483 ], [ -96.715925148845486, 16.450896629546225 ], [ -96.716010219104007, 16.450917250625938 ], [ -96.716128200371315, 16.450960149564576 ], [ -96.716065658780423, 16.451130454383588 ], [ -96.715962569856714, 16.451411170385168 ], [ -96.716651278882836, 16.45161148044242 ], [ -96.717212798811417, 16.451812220361901 ], [ -96.717394878624177, 16.451831229729247 ], [ -96.717663150238678, 16.451843420572956 ], [ -96.718239819729675, 16.452180879561201 ], [ -96.71816325978233, 16.452567180521669 ], [ -96.718068229679005, 16.452785680708338 ], [ -96.717934309971838, 16.452928221207049 ], [ -96.717709309377625, 16.453383539947215 ], [ -96.717519479408722, 16.453418981193416 ], [ -96.717361090063392, 16.453928199872678 ], [ -96.716880459600176, 16.454394849572036 ], [ -96.717010709628966, 16.45466195025854 ], [ -96.716992219264029, 16.455000080402879 ], [ -96.717227318707657, 16.455165980736595 ], [ -96.717745050069553, 16.455776620170965 ], [ -96.717494719608865, 16.45584825044714 ], [ -96.717100889581928, 16.456194399874214 ], [ -96.716449340273186, 16.456397861241378 ], [ -96.715672570328152, 16.456375600339708 ], [ -96.715437979015675, 16.457175000314606 ], [ -96.714495260182062, 16.456972800529389 ], [ -96.714488888950228, 16.457020109621709 ], [ -96.714377720131822, 16.457332740741744 ], [ -96.714274968648965, 16.457316400454321 ], [ -96.714310888863494, 16.457603629794939 ], [ -96.714734579640009, 16.457916571083363 ], [ -96.715563119045882, 16.457981019943016 ], [ -96.715767688932416, 16.45799654115925 ], [ -96.716911619885337, 16.458060290510655 ], [ -96.717791658692505, 16.458120829771939 ], [ -96.718442859260961, 16.458404141214942 ], [ -96.71917305885475, 16.458758399813576 ], [ -96.719855910235083, 16.459198109829444 ], [ -96.720750428736849, 16.45969731119682 ], [ -96.721203919564147, 16.460161519793502 ], [ -96.721356579914556, 16.46050992071045 ], [ -96.721544369058392, 16.461438920592798 ], [ -96.721785549619881, 16.462183121333716 ], [ -96.721833539598236, 16.4623324596148 ], [ -96.722028050342644, 16.462498020268566 ], [ -96.722202848655385, 16.46255702037163 ], [ -96.722519058917499, 16.462453371223457 ], [ -96.722776089423348, 16.462080151153057 ], [ -96.722862079556606, 16.461805780359256 ], [ -96.722956859470742, 16.461523780566967 ], [ -96.72320648925681, 16.461300119855412 ], [ -96.723412139826777, 16.461272200885357 ], [ -96.72361381892587, 16.46127357042246 ], [ -96.723735428878996, 16.461162630205489 ], [ -96.723783878736384, 16.461106110333077 ], [ -96.724000599749942, 16.461441820061975 ], [ -96.724886290411575, 16.462159090879716 ], [ -96.725317780186003, 16.461964540036149 ], [ -96.725340138572307, 16.461857911069004 ], [ -96.725343980247516, 16.461713749835962 ], [ -96.725202218910624, 16.461677649697407 ], [ -96.725140708606475, 16.461716311228582 ], [ -96.724913850073349, 16.461712280970588 ], [ -96.725109519780133, 16.461134281261664 ], [ -96.725500659452109, 16.461332171056789 ], [ -96.725742028815034, 16.461231539985409 ], [ -96.726105829916321, 16.460760460794969 ], [ -96.725903970032562, 16.460617370026554 ], [ -96.725770004290794, 16.46045277343956 ], [ -96.72566924968865, 16.460328981198714 ], [ -96.725561660289813, 16.460279571085959 ], [ -96.725407720123528, 16.460138311005366 ], [ -96.725822428968897, 16.459879259910728 ], [ -96.726039629451549, 16.459865780162755 ], [ -96.726210449353957, 16.459885880512353 ], [ -96.726260479808701, 16.459966001103961 ], [ -96.726119779101353, 16.460185979836417 ], [ -96.726220669126221, 16.460246153125727 ], [ -96.726495618754967, 16.460410139885962 ], [ -96.726782689110564, 16.460397220642623 ], [ -96.726801539585736, 16.460467020642895 ], [ -96.727207289888781, 16.460532060792136 ], [ -96.727444860448855, 16.460307649853092 ], [ -96.727419018709099, 16.460107061254984 ], [ -96.727646280260416, 16.459981050637882 ], [ -96.727704138988756, 16.459735420358825 ], [ -96.728010819804581, 16.459651111287403 ], [ -96.72864571935537, 16.459567750890383 ], [ -96.728989489704318, 16.459584920838207 ], [ -96.729046999456088, 16.459577370401291 ], [ -96.729088649212699, 16.459549380542065 ], [ -96.729670279948095, 16.459196981002439 ], [ -96.729699279694657, 16.45918491029348 ], [ -96.730388180230477, 16.459183261024592 ], [ -96.730448079199945, 16.45921835105321 ], [ -96.730671918931037, 16.459440920114279 ], [ -96.73070568007185, 16.459456310840167 ], [ -96.731177769246798, 16.459274630924774 ], [ -96.731185309085404, 16.459224630025528 ], [ -96.731290799534207, 16.458752459639694 ], [ -96.731555509242185, 16.458614950158733 ], [ -96.731587878773055, 16.458655140267471 ], [ -96.731810198813051, 16.459590080035831 ], [ -96.731890199100761, 16.459723249705466 ], [ -96.73205013881568, 16.460676739993545 ], [ -96.732131980102736, 16.460745969975573 ], [ -96.732480480067267, 16.461849690661328 ], [ -96.732701030410936, 16.462724320685318 ], [ -96.732731969475509, 16.462816750187311 ], [ -96.733157770230875, 16.464095429617664 ], [ -96.733159119155133, 16.464145921282899 ], [ -96.733221708586342, 16.464363370786391 ], [ -96.733414689896748, 16.465090569575032 ], [ -96.733396600181067, 16.465364080681034 ], [ -96.734026259294026, 16.466974230189717 ], [ -96.734025660362846, 16.467031480881804 ], [ -96.734261230375537, 16.468187950556512 ], [ -96.73428934870995, 16.468205950825599 ], [ -96.734570508931014, 16.469247385992588 ], [ -96.734856080230415, 16.470305139824305 ], [ -96.734993630288329, 16.470748920458387 ], [ -96.73504037042288, 16.47093275026025 ], [ -96.735123428841078, 16.471277450832297 ], [ -96.735298689534972, 16.471976401273196 ], [ -96.735461720214644, 16.472581980219086 ], [ -96.735494909759623, 16.472723413736475 ], [ -96.735634910003938, 16.473320001135452 ], [ -96.73600324987963, 16.474422881012057 ], [ -96.736061380152549, 16.474648479779756 ], [ -96.736275570364867, 16.475835170110294 ], [ -96.736692659932643, 16.477073110161385 ], [ -96.737104509667617, 16.478479319638112 ], [ -96.736695178969939, 16.478637680585543 ], [ -96.73639221936746, 16.478750769705513 ], [ -96.734477679864867, 16.479523340111069 ], [ -96.734150288623596, 16.479696940478739 ], [ -96.733976060025768, 16.479814450351114 ], [ -96.733415998701986, 16.479969090317258 ], [ -96.733275879004225, 16.48000066021493 ], [ -96.731933939335264, 16.480762550335982 ], [ -96.730206250121583, 16.481532580869196 ], [ -96.729823710130887, 16.481717139929266 ], [ -96.729633149231134, 16.481819740441829 ], [ -96.729039918914609, 16.482071910312534 ], [ -96.728071229646645, 16.482433400619719 ], [ -96.726531949922162, 16.482929050862108 ], [ -96.72459059962101, 16.483742340477303 ], [ -96.724314619004446, 16.483846571249096 ], [ -96.721728088896029, 16.484612969672884 ], [ -96.719960579767118, 16.485317799828323 ], [ -96.719003339343814, 16.485848620183187 ], [ -96.718056049906352, 16.486275180016083 ], [ -96.717790450458807, 16.486328770002203 ], [ -96.7175898898805, 16.486514781017746 ], [ -96.71646274024161, 16.487327180230821 ], [ -96.716402978839326, 16.487359509698301 ], [ -96.716227519952781, 16.487460420785091 ], [ -96.703217259743184, 16.495057779606071 ], [ -96.703176850190047, 16.495023020085803 ], [ -96.676869369138942, 16.482388600182855 ], [ -96.675384219263151, 16.48130955064341 ], [ -96.675626110397488, 16.482224281211703 ], [ -96.675621769389409, 16.482262260535098 ], [ -96.674307769199942, 16.48372983038826 ], [ -96.674284939885538, 16.483789369659014 ], [ -96.674084910405625, 16.484396571172894 ], [ -96.673813649102769, 16.484365279900175 ], [ -96.673743449370548, 16.484363400524931 ], [ -96.671699909286502, 16.483992950538276 ], [ -96.671435459087519, 16.483906629681737 ], [ -96.670376019492238, 16.483684450977147 ], [ -96.670239399711022, 16.48365121966733 ], [ -96.669843149614337, 16.483592949545677 ], [ -96.6690520588336, 16.483408169905761 ], [ -96.668176798620621, 16.483994179977458 ], [ -96.665791089065635, 16.485144030670732 ], [ -96.664281399541295, 16.485878860074788 ], [ -96.661361995131699, 16.487222902797466 ], [ -96.661094799655004, 16.487345911284546 ], [ -96.659847818773798, 16.488072169960471 ], [ -96.660045250089965, 16.485986619585869 ], [ -96.660098818638147, 16.485645121254006 ], [ -96.660105029471453, 16.485598121173808 ], [ -96.660112829601957, 16.485257550261679 ], [ -96.660130049892516, 16.483886979898635 ], [ -96.660057170181474, 16.483666650118636 ], [ -96.660312030223778, 16.481818600036014 ], [ -96.660247720382088, 16.481633320911893 ], [ -96.660383180011166, 16.48018937026098 ], [ -96.660375199317059, 16.480143199932236 ], [ -96.660305118717986, 16.479274109859769 ], [ -96.66047853958257, 16.479113260830122 ], [ -96.660685262017381, 16.476976440712949 ], [ -96.660734799418478, 16.476464380141291 ], [ -96.660702019610412, 16.475950820203341 ], [ -96.660663779748333, 16.475829880192055 ], [ -96.660759019366964, 16.474046711258424 ], [ -96.660772879981096, 16.474016969700223 ], [ -96.660769418695082, 16.473951081149647 ], [ -96.660835709393211, 16.473704109880689 ], [ -96.660913429064905, 16.473488980322564 ], [ -96.660901719954609, 16.473421550051015 ], [ -96.661110229712861, 16.472642379964487 ], [ -96.660772229763253, 16.472794051316487 ], [ -96.660307848905802, 16.472984920186665 ], [ -96.659723509814711, 16.472978981195276 ], [ -96.659344882683655, 16.472996121421041 ], [ -96.658758120328628, 16.473022681160366 ], [ -96.658506449999223, 16.472898580234457 ], [ -96.65849067520459, 16.472888654572202 ], [ -96.658254418728376, 16.472740000984597 ], [ -96.658050079018622, 16.472580970250664 ], [ -96.65753336862123, 16.472194939705812 ], [ -96.657087629612661, 16.471750720864392 ], [ -96.656380890297996, 16.471435491057548 ], [ -96.655926649712498, 16.471324820276603 ], [ -96.654981919087149, 16.471057830859099 ], [ -96.654120658606629, 16.470790050466555 ], [ -96.653892479844544, 16.47063123048283 ], [ -96.65347424941254, 16.470543220008032 ], [ -96.652770818784234, 16.470549890355755 ], [ -96.651585770360683, 16.47010119977865 ], [ -96.651393039584576, 16.470070838943062 ], [ -96.650415349861674, 16.469916819951987 ], [ -96.64948385879633, 16.469776150550672 ], [ -96.64928145477073, 16.469739952554626 ], [ -96.648934370080482, 16.46967788057745 ], [ -96.648408720221056, 16.469579369896305 ], [ -96.647956258914448, 16.469641140455874 ], [ -96.64756317006767, 16.469679370207281 ], [ -96.647048740096196, 16.469511749899869 ], [ -96.646714249412582, 16.46941746026992 ], [ -96.64671028295524, 16.469417967114211 ], [ -96.645987519987585, 16.469510289884031 ], [ -96.645452059074699, 16.469618850224922 ], [ -96.64485370874192, 16.469406031192673 ], [ -96.644027658712091, 16.46908038109828 ], [ -96.643475818907149, 16.468752139680436 ], [ -96.643150168977584, 16.468387259855312 ], [ -96.642877470423983, 16.468110987754777 ], [ -96.64281281969707, 16.468045490056838 ], [ -96.64259445956607, 16.467679621210483 ], [ -96.64212562915867, 16.467304580415846 ], [ -96.641258356006901, 16.466963106985041 ], [ -96.641155940350913, 16.466922780394825 ], [ -96.640402849611647, 16.46673443011667 ], [ -96.639683750328871, 16.466373260868131 ], [ -96.639347939565539, 16.466180949579297 ], [ -96.639201339673079, 16.465283691104602 ], [ -96.63867197976208, 16.464198091334826 ], [ -96.63852645887323, 16.463958000863794 ], [ -96.637819080232404, 16.463573720080436 ], [ -96.637267619616907, 16.463279950504841 ], [ -96.636860979277387, 16.463157311257039 ], [ -96.636280379403601, 16.462961831156587 ], [ -96.634998458555614, 16.461737541197756 ], [ -96.63487469018439, 16.46129027964772 ], [ -96.634711539334518, 16.460486919568872 ], [ -96.634630179890749, 16.459521820815638 ], [ -96.6344677193145, 16.458787459802217 ], [ -96.634319999505749, 16.458328910226406 ], [ -96.634197508978247, 16.458008110726098 ], [ -96.634087058703344, 16.457698690980404 ], [ -96.634001049749713, 16.457446540285087 ], [ -96.633950659780268, 16.457182551224268 ], [ -96.633969489014163, 16.45668793977174 ], [ -96.633523750117618, 16.455984090253207 ], [ -96.633702509770927, 16.456950660244768 ], [ -96.633553719570514, 16.457287420989022 ], [ -96.632848458605579, 16.457869109981061 ], [ -96.632700849926621, 16.45783414089674 ], [ -96.632455339156394, 16.457941620074887 ], [ -96.632369750339521, 16.458125310845482 ], [ -96.632621779812496, 16.458578310776868 ], [ -96.632885949620331, 16.45940772066929 ], [ -96.633468279531996, 16.46021226013076 ], [ -96.63347272810185, 16.461201906143536 ], [ -96.633472749179191, 16.461206569836197 ], [ -96.632855378997121, 16.46179814065772 ], [ -96.632804078979106, 16.462046340647809 ], [ -96.633266399944176, 16.462687200261001 ], [ -96.633262790263998, 16.462746468046269 ], [ -96.633243750140096, 16.463059110976555 ], [ -96.633020140297049, 16.46374705003096 ], [ -96.632857799027846, 16.463828599977035 ], [ -96.632496259771386, 16.46390489133308 ], [ -96.632196570048322, 16.463821179588574 ], [ -96.631796109084505, 16.464019279838212 ], [ -96.631656058670856, 16.464491860900093 ], [ -96.631147738635718, 16.465602879706136 ], [ -96.630176479411332, 16.467740401299096 ], [ -96.629839279056966, 16.468462550070967 ], [ -96.629765034105063, 16.468624811409565 ], [ -96.6294494603776, 16.469314491328525 ], [ -96.62826799877584, 16.472334490150768 ], [ -96.628245179473055, 16.472392819915932 ], [ -96.627885449403621, 16.472250751030113 ], [ -96.627523349234409, 16.472135720090836 ], [ -96.627282519755141, 16.472065619888685 ], [ -96.627116419987985, 16.471917660602124 ], [ -96.626939149796584, 16.471802630629675 ], [ -96.626752289027863, 16.471707690823276 ], [ -96.626453049316211, 16.471666880728755 ], [ -96.625499628683102, 16.47146405990485 ], [ -96.625064649116993, 16.471375550582511 ], [ -96.624457919967483, 16.471286830704567 ], [ -96.623988318900189, 16.471156259660074 ], [ -96.623587550064613, 16.470994169620536 ], [ -96.623223419475323, 16.470834380971791 ], [ -96.623062080325127, 16.470742049640187 ], [ -96.623066029468191, 16.470712061091074 ], [ -96.623030289651794, 16.470665691298322 ], [ -96.62283525032781, 16.470570770100448 ], [ -96.622420108747903, 16.470363221307856 ], [ -96.621933109891586, 16.470130050140931 ], [ -96.621361878957572, 16.469847679565706 ], [ -96.621221018954799, 16.469811489960641 ], [ -96.620804980357804, 16.469633521350595 ], [ -96.620572340372533, 16.469549319808163 ], [ -96.620285429702108, 16.469459120503156 ], [ -96.620157489513247, 16.469435310242567 ], [ -96.619860950287034, 16.469424880275799 ], [ -96.619608748902493, 16.469455949722903 ], [ -96.619318848623237, 16.469512109987612 ], [ -96.619049658934415, 16.469587551009859 ], [ -96.618937650170565, 16.469637120231354 ], [ -96.618851149938834, 16.469653709575731 ], [ -96.618874540052261, 16.469844630038896 ], [ -96.6188890889498, 16.469894260060325 ], [ -96.618983120094228, 16.470039379795519 ], [ -96.619088078845792, 16.470120221102157 ], [ -96.619131979791845, 16.470180550740579 ], [ -96.619200578845835, 16.470299231197153 ], [ -96.619250578913693, 16.470385550691201 ], [ -96.619140199841013, 16.470460291172635 ], [ -96.618995429598101, 16.470494801275198 ], [ -96.61870870976918, 16.470486119933032 ], [ -96.618421109201691, 16.470462430630167 ], [ -96.618306259930861, 16.470461230414475 ], [ -96.618148119283475, 16.470593030239826 ], [ -96.617962548611047, 16.47081597076194 ], [ -96.617883399651646, 16.470670770185173 ], [ -96.617843599097156, 16.470597659933667 ], [ -96.617775538980482, 16.470384151001117 ], [ -96.617694548985781, 16.47017368969237 ], [ -96.617540799942375, 16.47030958084806 ], [ -96.617381939777871, 16.4704786508502 ], [ -96.616994369058432, 16.470797230143841 ], [ -96.616695509152422, 16.471013230641812 ], [ -96.616308019663975, 16.471205551013036 ], [ -96.616135259975565, 16.471344690549465 ], [ -96.615944059934989, 16.471547980475368 ], [ -96.615857014804206, 16.471591478080615 ], [ -96.615719191594991, 16.47166034928367 ], [ -96.615580150162359, 16.471729829608662 ], [ -96.615329169574608, 16.471922951057735 ], [ -96.615282379941405, 16.471973370939992 ], [ -96.615135118817278, 16.472014279556944 ], [ -96.615055687752729, 16.472026631481018 ], [ -96.615036895185426, 16.472029553881306 ], [ -96.614859108727899, 16.472057199553628 ], [ -96.614705888934225, 16.471960279750146 ], [ -96.614507200254565, 16.471776200897356 ], [ -96.614487889926238, 16.471758310687587 ], [ -96.614303193075656, 16.471761615585475 ], [ -96.61397221341133, 16.471767537146643 ], [ -96.613972018723274, 16.471767540918027 ], [ -96.613971078411922, 16.471767765837065 ], [ -96.613683398698512, 16.471836649642256 ], [ -96.612975000110026, 16.472027631282398 ], [ -96.612945022934753, 16.472010868419801 ], [ -96.612894298156363, 16.471982504653649 ], [ -96.612856198961239, 16.471961201148343 ], [ -96.612674290211558, 16.471801970323014 ], [ -96.61257542933447, 16.47177459992399 ], [ -96.612383660063671, 16.471620971113005 ], [ -96.612221148879073, 16.471461919808227 ], [ -96.612052592613395, 16.471230708001723 ], [ -96.612035148967522, 16.471206780884341 ], [ -96.612016205071271, 16.471175891869059 ], [ -96.611929687331539, 16.471034819183703 ], [ -96.611902949094059, 16.470991220506992 ], [ -96.61188431508964, 16.47090810250279 ], [ -96.611874312542881, 16.470863481839544 ], [ -96.611870599258452, 16.470846919557587 ], [ -96.611617001795537, 16.470774471637608 ], [ -96.611613078889604, 16.470773351081856 ], [ -96.61129086120873, 16.470629319098183 ], [ -96.611272518839016, 16.470621119995904 ], [ -96.611214881277732, 16.47062958281737 ], [ -96.611118575664378, 16.470643722877192 ], [ -96.611021879625866, 16.470657920910991 ], [ -96.610762109217134, 16.470758259583622 ], [ -96.610564936921747, 16.470844997895156 ], [ -96.610531289308327, 16.470859799682053 ], [ -96.610505112667681, 16.47082366738363 ], [ -96.610494056366761, 16.47080840716907 ], [ -96.610473489913105, 16.470780020308247 ], [ -96.610467879528542, 16.470747556279942 ], [ -96.610437380669239, 16.470571080644007 ], [ -96.610423549683745, 16.470491050798998 ], [ -96.610466719780206, 16.470308450521628 ], [ -96.610494787253984, 16.470119741427752 ], [ -96.61049845978566, 16.470095049617878 ], [ -96.610618878978002, 16.469904321137133 ], [ -96.610702348902024, 16.470050999998065 ], [ -96.61083057017845, 16.470191109614071 ], [ -96.610905829174527, 16.470292020712829 ], [ -96.61110233870771, 16.470408681177187 ], [ -96.611290948575316, 16.470329021084137 ], [ -96.611579340134398, 16.470310580670947 ], [ -96.61179959956462, 16.47025205028536 ], [ -96.611913089500874, 16.470098319619979 ], [ -96.611973198846897, 16.470155979614709 ], [ -96.612422319896254, 16.470372970280319 ], [ -96.613053509057551, 16.470698460787769 ], [ -96.613777950200088, 16.47065558008725 ], [ -96.614042419856375, 16.470727820987815 ], [ -96.614208320162163, 16.470780451291564 ], [ -96.61450509006491, 16.47063719999819 ], [ -96.614355259013053, 16.470598909759296 ], [ -96.614130019650048, 16.470531650958968 ], [ -96.613870419200182, 16.470307710784436 ], [ -96.613377979092746, 16.470099570211861 ], [ -96.613177549226478, 16.470060581296931 ], [ -96.612979078651477, 16.469960479615157 ], [ -96.612855540474754, 16.469731199575431 ], [ -96.612771679777211, 16.46967225998398 ], [ -96.61247913961553, 16.469693950871942 ], [ -96.612225119012876, 16.469528850738858 ], [ -96.611974168951647, 16.469325420190302 ], [ -96.611720049190993, 16.469392140714451 ], [ -96.611610979723636, 16.469474180693666 ], [ -96.611437420369001, 16.469382600931056 ], [ -96.611229718638896, 16.469179369647986 ], [ -96.611156419862823, 16.468973320771241 ], [ -96.611083198982627, 16.468773680447416 ], [ -96.611114799028655, 16.468676431089683 ], [ -96.611295820384655, 16.468532170324018 ], [ -96.611429599079756, 16.468357510174901 ], [ -96.611558689919818, 16.468302940298603 ], [ -96.611587229065208, 16.468258180857198 ], [ -96.611804538689839, 16.468088880299138 ], [ -96.611780056846641, 16.467845859121379 ], [ -96.611777678745412, 16.467822250205408 ], [ -96.612032849694472, 16.467612399741487 ], [ -96.612157568599699, 16.467482950736045 ], [ -96.611943198770078, 16.467245519735755 ], [ -96.611944398611897, 16.467220791610469 ], [ -96.611949629651946, 16.467113029909004 ], [ -96.612326689191732, 16.466804890934863 ], [ -96.612564596911056, 16.466801993243397 ], [ -96.612582059961298, 16.466801780913805 ], [ -96.612582784236793, 16.466793486500549 ], [ -96.612587878651738, 16.46673518103082 ], [ -96.612661879103698, 16.466640019884096 ], [ -96.612406019586359, 16.466481980007039 ], [ -96.612256249611931, 16.466335349798651 ], [ -96.611873259951665, 16.466218121064742 ], [ -96.611605689726886, 16.466146060151249 ], [ -96.611733779702007, 16.465824550280484 ], [ -96.611948419869876, 16.465747689883386 ], [ -96.612067949812328, 16.465616860251714 ], [ -96.612331080390021, 16.465236200403737 ], [ -96.611964378609642, 16.464872280625993 ], [ -96.611930509421612, 16.464929859916129 ], [ -96.611637849045849, 16.464694919941131 ], [ -96.61161297990553, 16.464665460605509 ], [ -96.611811798865801, 16.464177620734361 ], [ -96.611941140324461, 16.463740800292605 ], [ -96.611668550172936, 16.463647050323498 ], [ -96.611467058979386, 16.46353914004364 ], [ -96.611062369568728, 16.463344690055827 ], [ -96.610724338969106, 16.463291109819203 ], [ -96.60986348921459, 16.463070170007576 ], [ -96.609193909686411, 16.462966799569038 ], [ -96.608491910305347, 16.462577550790034 ], [ -96.608042919395245, 16.462505480120953 ], [ -96.60798794998793, 16.462274290867438 ], [ -96.607880679017455, 16.462147369643176 ], [ -96.608116979606564, 16.461355080039947 ], [ -96.606918520229527, 16.460527920174481 ], [ -96.6065221194945, 16.460023690466908 ], [ -96.606423369601373, 16.459880169738412 ], [ -96.606140230012002, 16.459772939622901 ], [ -96.605776749585942, 16.459423550943477 ], [ -96.605279508792819, 16.459282429832143 ], [ -96.604976570097136, 16.45945472112804 ], [ -96.604261455103682, 16.459530011010905 ], [ -96.603852538599455, 16.459573061060464 ], [ -96.603234458770402, 16.459613291030447 ], [ -96.602879620135724, 16.460093341346365 ], [ -96.602544262722517, 16.460523507780653 ], [ -96.602528949864762, 16.460543150077608 ], [ -96.601850429314766, 16.460796140621667 ], [ -96.601762364303397, 16.460510663790082 ], [ -96.601748648674928, 16.460466200698235 ], [ -96.601486000250461, 16.460437659798536 ], [ -96.601285228020686, 16.460608200665856 ], [ -96.60110359990783, 16.460762480014257 ], [ -96.600486909827822, 16.460776090960717 ], [ -96.600227477977384, 16.460779921974328 ], [ -96.59978864914288, 16.460786400296353 ], [ -96.599270478728556, 16.461451510492161 ], [ -96.598849148624865, 16.461800260518096 ], [ -96.598552059233398, 16.461966771277183 ], [ -96.598506829685206, 16.462156575251594 ], [ -96.598488379632755, 16.462234001040727 ], [ -96.598218568457924, 16.462387202842649 ], [ -96.598092860300426, 16.462458580704251 ], [ -96.598081269600939, 16.462497050552045 ], [ -96.597970620160623, 16.46286429100298 ], [ -96.59763859928637, 16.463181969547634 ], [ -96.59768466010452, 16.463372581098856 ], [ -96.597621730596941, 16.463414844271277 ], [ -96.597077749091966, 16.463780180573846 ], [ -96.596753148963089, 16.464465450175275 ], [ -96.596509719587317, 16.464923380890554 ], [ -96.596251148967241, 16.464953149848228 ], [ -96.596102308666261, 16.464916149744742 ], [ -96.596049278958603, 16.464970180530795 ], [ -96.596033708913993, 16.465059091302837 ], [ -96.596045819352312, 16.465258250042762 ], [ -96.596066380381444, 16.46546508033482 ], [ -96.595977309680777, 16.465768170056595 ], [ -96.595851490075262, 16.466477749624087 ], [ -96.59582031999885, 16.466623000707578 ], [ -96.595670578566086, 16.46681982088954 ], [ -96.595309780186753, 16.467182580800529 ], [ -96.595085459766082, 16.467313511320569 ], [ -96.594916968945597, 16.467601980166751 ], [ -96.594704049109382, 16.467953420201574 ], [ -96.594374479552116, 16.468386400723471 ], [ -96.594058119705863, 16.468348320683699 ], [ -96.593452779802874, 16.468605289977749 ], [ -96.593349508582733, 16.46864414077676 ], [ -96.592594398636919, 16.468864910904117 ], [ -96.592149829158899, 16.469069089956154 ], [ -96.591993198885049, 16.468970879951648 ], [ -96.591953739481696, 16.468806199660879 ], [ -96.59143251952581, 16.468684249934125 ], [ -96.590716309718857, 16.469156049733126 ], [ -96.590637940213924, 16.46946930961089 ], [ -96.590533280047481, 16.469667520288255 ], [ -96.590181019995086, 16.469688169724073 ], [ -96.589500020439857, 16.469531380345423 ], [ -96.589539688602287, 16.46958381997727 ], [ -96.590029779803899, 16.470515780265988 ], [ -96.59134433951678, 16.473015540534242 ], [ -96.591363379707843, 16.473037710824425 ], [ -96.591082278959263, 16.473132242708935 ], [ -96.590888289612423, 16.473197480036848 ], [ -96.590472289955713, 16.473341690998712 ], [ -96.590197279342519, 16.473489080033417 ], [ -96.589987199820015, 16.473601880239574 ], [ -96.589850799416084, 16.473823121012014 ], [ -96.589844888776256, 16.473999630801391 ], [ -96.590011048763785, 16.474357680550384 ], [ -96.589963079914739, 16.474584860195453 ], [ -96.589628658987294, 16.474868819815995 ], [ -96.589410000082907, 16.474949720380639 ], [ -96.588448019779747, 16.475083109914721 ], [ -96.588178890289797, 16.475169350493008 ], [ -96.588004319479509, 16.475413180735707 ], [ -96.587862579075534, 16.475482580396491 ], [ -96.587132279651854, 16.475434219634984 ], [ -96.587083199598183, 16.475503621005402 ], [ -96.587120029537232, 16.475614650460301 ], [ -96.587236368660825, 16.476059229884488 ], [ -96.587121220326878, 16.476347661081391 ], [ -96.587019478776782, 16.476496939584507 ], [ -96.586862179716917, 16.476723661131885 ], [ -96.586870949352289, 16.476886850106894 ], [ -96.586840449831968, 16.476901431246667 ], [ -96.58658134907995, 16.476745030158433 ], [ -96.586301749281148, 16.477139290432532 ], [ -96.586240228742554, 16.477116340277345 ], [ -96.586239179481865, 16.476941600919687 ], [ -96.586345569761349, 16.476343891068041 ], [ -96.584958749288106, 16.476214721018582 ], [ -96.584721999073963, 16.476061369568363 ], [ -96.584409309724109, 16.475893690675793 ], [ -96.583899380396119, 16.475868340587851 ], [ -96.58372197039651, 16.475681851130769 ], [ -96.583563820114321, 16.475738919906693 ], [ -96.583285819481219, 16.47565863085952 ], [ -96.583006619220484, 16.475560690119728 ], [ -96.582790859090679, 16.47550955084742 ], [ -96.58247479938899, 16.475547650022559 ], [ -96.582383020409367, 16.475594620307724 ], [ -96.581964019749662, 16.475634110548725 ], [ -96.581663689068705, 16.475701310930862 ], [ -96.581274908988505, 16.475729800911235 ], [ -96.581001379628745, 16.475759351217981 ], [ -96.580809580245884, 16.475801481047277 ], [ -96.580610288798283, 16.475766980020744 ], [ -96.580277178963541, 16.475688770502153 ], [ -96.579894460392282, 16.475463891023395 ], [ -96.579883658859927, 16.475437740092538 ], [ -96.579668629823857, 16.475513950654666 ], [ -96.579513420348661, 16.475560520073046 ], [ -96.578914460253429, 16.475966981148243 ], [ -96.578803798585128, 16.476091141103804 ], [ -96.57862279930491, 16.476226000891355 ], [ -96.578521968702859, 16.476214350736669 ], [ -96.578364059516829, 16.476380399807336 ], [ -96.578112849309406, 16.476451170867872 ], [ -96.578005379884459, 16.476503029648669 ], [ -96.577823880271026, 16.476598031036588 ], [ -96.577681448955545, 16.47668894030905 ], [ -96.577536369926861, 16.476756481328863 ], [ -96.577255489132185, 16.476818820075724 ], [ -96.577017369323741, 16.47689997107744 ], [ -96.576707348873171, 16.47683329066157 ], [ -96.576376030160574, 16.476864027118278 ], [ -96.576309490418907, 16.476870199623608 ], [ -96.57620351235667, 16.476904154850253 ], [ -96.575991229286998, 16.476972169573958 ], [ -96.575875719554404, 16.476946339719156 ], [ -96.575571309144607, 16.476886540129776 ], [ -96.575294290108431, 16.47679529024926 ], [ -96.575103948956141, 16.476597540133415 ], [ -96.574898859542998, 16.47665854098603 ], [ -96.574632913152271, 16.476586576927986 ], [ -96.574561410789897, 16.476567228313428 ], [ -96.574482414545642, 16.476545852468476 ], [ -96.574404992634001, 16.476524902289214 ], [ -96.574363888769554, 16.476513779804243 ], [ -96.574136689768409, 16.476364380570182 ], [ -96.573859569632262, 16.476439219696974 ], [ -96.573739630285885, 16.476336110757863 ], [ -96.573473058815665, 16.476265231854207 ], [ -96.573394150306697, 16.476244250314867 ], [ -96.573358713338621, 16.476261056204383 ], [ -96.573228709076531, 16.476322710722563 ], [ -96.573014422285098, 16.47627502320945 ], [ -96.572849229218434, 16.476238260121431 ], [ -96.572673723005153, 16.476314610453215 ], [ -96.571994569360101, 16.476610060782374 ], [ -96.571740460119315, 16.476516980704812 ], [ -96.571438369171361, 16.476843751115304 ], [ -96.570436108631071, 16.47654966093635 ], [ -96.570117812840977, 16.476569090045668 ], [ -96.5699428192802, 16.476579771163578 ], [ -96.569720548999371, 16.476598600917189 ], [ -96.569605659261143, 16.476588459609758 ], [ -96.56930924971023, 16.476497291121724 ], [ -96.569273029093594, 16.476445231094313 ], [ -96.568918570267286, 16.476742650277 ], [ -96.568806288617452, 16.476864509551515 ], [ -96.568654199593283, 16.47687525034808 ], [ -96.568576088542898, 16.476966903352569 ], [ -96.568541430083016, 16.477007571329292 ], [ -96.568556684692254, 16.477289039487012 ], [ -96.568557219317157, 16.477298910602865 ], [ -96.568505743951889, 16.477304143065144 ], [ -96.5684756498095, 16.477307202434389 ], [ -96.568409529294414, 16.477313923736897 ], [ -96.568286742091914, 16.477326405083367 ], [ -96.56827802920796, 16.477327290459943 ], [ -96.568232989904701, 16.477325663664345 ], [ -96.568065110374022, 16.477319599822696 ], [ -96.56790588003129, 16.477350449774505 ], [ -96.567882187244905, 16.477358537098524 ], [ -96.567788768961805, 16.4773904241125 ], [ -96.567750020107681, 16.477403651110453 ], [ -96.567609318717672, 16.477479369547286 ], [ -96.567427939106935, 16.477420820741621 ], [ -96.567399566963772, 16.477401182977381 ], [ -96.567228399987357, 16.477282710241973 ], [ -96.566930449045955, 16.477143579997612 ], [ -96.566905594195731, 16.47719525190055 ], [ -96.566866848807251, 16.477275800889334 ], [ -96.56680818010912, 16.477366290519932 ], [ -96.566812399733237, 16.477382213130625 ], [ -96.566829620111974, 16.477447201225171 ], [ -96.566811547008868, 16.4775425047468 ], [ -96.56680335730168, 16.477585694436506 ], [ -96.566803119037445, 16.477586950111682 ], [ -96.566751969533641, 16.47764507710502 ], [ -96.566685598685396, 16.477720501398178 ], [ -96.566661550202994, 16.477747831064224 ], [ -96.566510339546667, 16.477806421209451 ], [ -96.566154399783031, 16.477853110340238 ], [ -96.566153044104752, 16.477853238547862 ], [ -96.565407049652976, 16.47792386092927 ], [ -96.564702148962468, 16.478017020963172 ], [ -96.564380690341537, 16.478144969630947 ], [ -96.563688569937227, 16.478300414152482 ], [ -96.563671490247216, 16.478304250208854 ], [ -96.563444890342424, 16.47818987960915 ], [ -96.563316280353547, 16.478018481348943 ], [ -96.5627035089381, 16.47784935124211 ], [ -96.562026048899526, 16.47780767968931 ], [ -96.561542918901367, 16.478096431011892 ], [ -96.561160108827295, 16.478135090673437 ], [ -96.56075071964527, 16.478332109558735 ], [ -96.560551979842856, 16.478350850493602 ], [ -96.560299918662253, 16.478204599940785 ], [ -96.559855320351403, 16.478297480995209 ], [ -96.559500059669745, 16.478223739731902 ], [ -96.559094689232694, 16.478301691014863 ], [ -96.558704599193177, 16.478552089778564 ], [ -96.558669879174474, 16.478991890508368 ], [ -96.558308420288071, 16.479347259591815 ], [ -96.558208430240455, 16.479447089980884 ], [ -96.558127979599917, 16.47938512004778 ], [ -96.557306939096406, 16.478863090936432 ], [ -96.556830379665769, 16.478798180640968 ], [ -96.55601365954783, 16.479076719996016 ], [ -96.555292748921573, 16.480562661299899 ], [ -96.554985938893722, 16.480901000111153 ], [ -96.554746338700795, 16.480898940618715 ], [ -96.554038490429022, 16.480427690400241 ], [ -96.553982168837621, 16.480317970504156 ], [ -96.554438909570578, 16.479742249567408 ], [ -96.554811108987423, 16.479168090057751 ], [ -96.555055350167308, 16.478705709655802 ], [ -96.554521918955558, 16.477685060261528 ], [ -96.55400661920477, 16.477487579663165 ], [ -96.553100350260095, 16.477922970784793 ], [ -96.552664349742386, 16.478238170083177 ], [ -96.552309769809298, 16.478152121017079 ], [ -96.552001599499306, 16.477981750784434 ], [ -96.551815970354014, 16.477884419926664 ], [ -96.551553599547063, 16.477725830834984 ], [ -96.551307659116901, 16.477483060023864 ], [ -96.550526849752003, 16.476844750204485 ], [ -96.549673799533167, 16.476563449540574 ], [ -96.549268029124264, 16.476325151112054 ], [ -96.549122178662017, 16.476081421263242 ], [ -96.549073120418143, 16.475840749931901 ], [ -96.549088489756571, 16.475441450864899 ], [ -96.548753710132544, 16.475097249667662 ], [ -96.547974628593025, 16.474976741071767 ], [ -96.547342079311122, 16.474727110197509 ], [ -96.546945509708308, 16.474519911306668 ], [ -96.547069349594196, 16.473478600976907 ], [ -96.547252169668582, 16.473068851244168 ], [ -96.547439490438521, 16.472871619982286 ], [ -96.548413858988695, 16.473204261142889 ], [ -96.549074579968376, 16.473197580074892 ], [ -96.549760279669727, 16.472882550379712 ], [ -96.550040569938758, 16.472441310432377 ], [ -96.552064880036284, 16.471294680532065 ], [ -96.552594228903345, 16.470839290075755 ], [ -96.552499369874141, 16.470192579578679 ], [ -96.552338748713979, 16.469075200203616 ], [ -96.552292228995029, 16.467644120886568 ], [ -96.552402079853877, 16.466835540902075 ], [ -96.552566919610726, 16.466412690163363 ], [ -96.552396649829447, 16.4660818198507 ], [ -96.552503649208788, 16.465466860526259 ], [ -96.552477228720406, 16.465086581267638 ], [ -96.552152168739127, 16.464582230097587 ], [ -96.552150718778051, 16.463217979830915 ], [ -96.553215350198997, 16.463165520092701 ], [ -96.553916909659989, 16.463047520978595 ], [ -96.554549750050384, 16.462694831249074 ], [ -96.554850649544321, 16.462516109889155 ], [ -96.554890109612728, 16.462043449744773 ], [ -96.555618998983249, 16.461439800189812 ], [ -96.556189979746691, 16.461103520747923 ], [ -96.556587939616932, 16.461099341130993 ], [ -96.556742449667155, 16.461259681119454 ], [ -96.556838580234114, 16.461344831178465 ], [ -96.557121749292023, 16.461103260353248 ], [ -96.557577459302053, 16.460660341247166 ], [ -96.557719579917944, 16.460481090124535 ], [ -96.557895168727285, 16.460450830361385 ], [ -96.558181119752007, 16.460538310631947 ], [ -96.558840398982611, 16.460759750157443 ], [ -96.559142428620248, 16.460961769529892 ], [ -96.559600649133699, 16.46089846120573 ], [ -96.559970058756818, 16.460695479676431 ], [ -96.560289090011835, 16.460593051259426 ], [ -96.560559249316455, 16.460574911245029 ], [ -96.560885538763614, 16.460640031076764 ], [ -96.561331999526175, 16.460623581313442 ], [ -96.561811738633395, 16.460441580976564 ], [ -96.562224228684457, 16.460021889726747 ], [ -96.562531259417568, 16.460088289961277 ], [ -96.562740630140638, 16.459955970974182 ], [ -96.56296468003967, 16.459626250928391 ], [ -96.56318810895057, 16.459346139648151 ], [ -96.563378570402193, 16.459172490317268 ], [ -96.563892858654924, 16.45900375113386 ], [ -96.564141480349292, 16.45899897080146 ], [ -96.564398028907078, 16.459067400431483 ], [ -96.564619280101653, 16.459301259927479 ], [ -96.564914489035985, 16.459105260923963 ], [ -96.565180919445623, 16.458517289798468 ], [ -96.565764819882929, 16.458261049661811 ], [ -96.566152089262957, 16.458142710063747 ], [ -96.566432428831618, 16.458048860510598 ], [ -96.566617148689204, 16.457926091052052 ], [ -96.566843418905407, 16.457720860475142 ], [ -96.567353909045622, 16.457739540864566 ], [ -96.567612769543459, 16.457523030968609 ], [ -96.567841780272389, 16.457195230697447 ], [ -96.568649889224147, 16.45694818046897 ], [ -96.569057079111204, 16.456567540801554 ], [ -96.568950979312206, 16.456369290104394 ], [ -96.568812059168792, 16.45611493978145 ], [ -96.569679319843445, 16.455701859611082 ], [ -96.569812918854637, 16.455605741075022 ], [ -96.570150850446723, 16.455082769690378 ], [ -96.570319279646526, 16.45468365998499 ], [ -96.571011028806339, 16.454401510964306 ], [ -96.572015579744445, 16.453144769759575 ], [ -96.571787059250738, 16.452773420349946 ], [ -96.571760110055862, 16.452611820445668 ], [ -96.571802419897708, 16.452382061217708 ], [ -96.572144778684816, 16.452328171048677 ], [ -96.572771278923895, 16.452444169989679 ], [ -96.573016200332944, 16.452445950694745 ], [ -96.573186030302409, 16.45228026127829 ], [ -96.57332534013851, 16.451950880035003 ], [ -96.57427408984978, 16.451331850559434 ], [ -96.575204169263287, 16.451457030002128 ], [ -96.576484849195211, 16.450908149980776 ], [ -96.576866379701841, 16.45039888113622 ], [ -96.577254258838906, 16.449773340837734 ], [ -96.577688600398474, 16.449817250772384 ], [ -96.577890478997219, 16.449858260658271 ], [ -96.578103430009676, 16.449765081320411 ], [ -96.578575629942065, 16.449894049826128 ], [ -96.578531648764539, 16.44983580051202 ], [ -96.576630318691699, 16.446823911031306 ], [ -96.576591920230726, 16.446741521257074 ], [ -96.571710179341878, 16.447517400477579 ], [ -96.571439029093213, 16.447565550694712 ], [ -96.567969860207427, 16.448075540195134 ], [ -96.567050539515165, 16.448219250416585 ], [ -96.564842550115429, 16.448585089995763 ], [ -96.56226489037104, 16.448985350248453 ], [ -96.559327660301321, 16.449447740530768 ], [ -96.559200089547971, 16.44947980105486 ], [ -96.554992779178278, 16.450146030538111 ], [ -96.554383280154582, 16.450244689607011 ], [ -96.554351449850657, 16.450247710076376 ], [ -96.553896829705323, 16.450314021282193 ], [ -96.55350059977863, 16.450405249689808 ], [ -96.552750259693966, 16.450500081048428 ], [ -96.549884619803038, 16.450962771229076 ], [ -96.549607888955407, 16.450954110605924 ], [ -96.549553860402469, 16.450976660327143 ], [ -96.548767740192389, 16.451114860856546 ], [ -96.544550229093659, 16.451762750879826 ], [ -96.544536688707069, 16.451763769723478 ], [ -96.544100550312393, 16.451843490888272 ], [ -96.544008079133931, 16.451863430109377 ], [ -96.540528049374856, 16.45237468983029 ], [ -96.538575309420281, 16.452552060630328 ], [ -96.535161379285228, 16.453227231038085 ], [ -96.53430674965314, 16.451450031050356 ], [ -96.532530539133035, 16.448406340422999 ], [ -96.532281080317716, 16.447985340307078 ], [ -96.530636819652571, 16.445037121213048 ], [ -96.533088460270463, 16.442794479729745 ], [ -96.533488018951388, 16.442468111088093 ], [ -96.536633738642976, 16.439613139854924 ], [ -96.536851139263334, 16.438763289868273 ], [ -96.537325340181923, 16.436344829571127 ], [ -96.53732504969885, 16.436267170861516 ], [ -96.537618720474924, 16.434628309624021 ], [ -96.53809903039614, 16.432349820768557 ], [ -96.538357079591606, 16.430866910654917 ], [ -96.539256549185239, 16.426310779563877 ], [ -96.539390849769902, 16.425742510642927 ], [ -96.539368859450732, 16.425668860239337 ], [ -96.539504080445781, 16.424713459668965 ], [ -96.540199050361949, 16.412324080204478 ], [ -96.540200408095075, 16.412321396814246 ], [ -96.541686148862937, 16.409384231289042 ], [ -96.544058458686123, 16.404694199745869 ], [ -96.545278920335193, 16.401509820298923 ], [ -96.546011570426572, 16.399640580569294 ], [ -96.546769948825442, 16.397966571158481 ], [ -96.547261848564176, 16.397076801019356 ], [ -96.547648489407933, 16.396394940193321 ], [ -96.547789537797186, 16.396186616159603 ], [ -96.547930458683098, 16.395978480516437 ], [ -96.548864430291232, 16.393980919697718 ], [ -96.549587449604957, 16.392353199904072 ], [ -96.549819378967371, 16.391695721169381 ], [ -96.550314400105989, 16.391127850573692 ], [ -96.550611309491885, 16.389802921280875 ], [ -96.55097274902694, 16.388983310448008 ], [ -96.551475949142912, 16.388035941282926 ], [ -96.551857720328314, 16.386859690297712 ], [ -96.552149448662433, 16.386224679766613 ], [ -96.552531780162056, 16.38510591961111 ], [ -96.552943690395381, 16.384573291283996 ], [ -96.553269920006485, 16.383811480711348 ], [ -96.553774659434183, 16.383025049859722 ], [ -96.554126520235769, 16.382446970315598 ], [ -96.554501199115549, 16.381765201070273 ], [ -96.554911400020202, 16.381060110263022 ], [ -96.555299459616847, 16.380527679735831 ], [ -96.555700219713543, 16.380075619959285 ], [ -96.555946620206285, 16.379682461185077 ], [ -96.556346350434552, 16.379126919816727 ], [ -96.556546448924749, 16.378872151204561 ], [ -96.556949019713358, 16.378604051119957 ], [ -96.557332110132151, 16.378396079930411 ], [ -96.558074207441564, 16.371798914804423 ], [ -96.558074258967267, 16.371798460129273 ], [ -96.558781208674887, 16.365513254009567 ], [ -96.558781507502118, 16.365510597797002 ], [ -96.559023689039122, 16.363357340926761 ], [ -96.554581488283318, 16.360013042317654 ], [ -96.551090816776423, 16.357384911291017 ], [ -96.549626650932979, 16.356282489181286 ], [ -96.544362848708545, 16.352318940869239 ], [ -96.543007248967697, 16.342811430613644 ], [ -96.542964970420286, 16.342139830120551 ], [ -96.542817779146304, 16.341188631191361 ], [ -96.542129579010407, 16.336863770450115 ], [ -96.541978880374714, 16.33576714984909 ], [ -96.540554369423702, 16.326560261008186 ], [ -96.54055092002092, 16.326537941330891 ], [ -96.540501309530555, 16.326135579791202 ], [ -96.540367259219622, 16.325595570610869 ], [ -96.540030149625679, 16.325113890529636 ], [ -96.539885279479549, 16.324826940305403 ], [ -96.539990939705149, 16.324366511280445 ], [ -96.533180948944434, 16.323008489889649 ], [ -96.528194659660045, 16.322014000174782 ], [ -96.528066364205671, 16.321988415547207 ], [ -96.52806367870059, 16.321987879885096 ], [ -96.528113659931464, 16.322470720447974 ], [ -96.528270350412242, 16.322723120470091 ], [ -96.52835671869849, 16.323332319504605 ], [ -96.528287368996942, 16.323873109783896 ], [ -96.528277220203663, 16.324287229557747 ], [ -96.528279379098521, 16.324793180198057 ], [ -96.528197999541192, 16.32532253962815 ], [ -96.528057739729746, 16.326093740789428 ], [ -96.52789282864596, 16.326680920829052 ], [ -96.527667769738599, 16.327187820142093 ], [ -96.527275319267318, 16.327741430160497 ], [ -96.526846260187625, 16.328134199935562 ], [ -96.526047450025544, 16.328769920043662 ], [ -96.52585681890109, 16.328954661204264 ], [ -96.525859179647028, 16.329495219565423 ], [ -96.526028850249503, 16.329989050064825 ], [ -96.52622137897437, 16.330241341063505 ], [ -96.526319078744777, 16.330700979794038 ], [ -96.526321890286937, 16.33133349054193 ], [ -96.526192339562101, 16.33181702959244 ], [ -96.525884029273172, 16.33246231121737 ], [ -96.52557547979039, 16.333038581310436 ], [ -96.525064179715613, 16.333765139714572 ], [ -96.524814539961298, 16.334134171118428 ], [ -96.518963629103084, 16.336929021084821 ], [ -96.519120489542786, 16.337227401278671 ], [ -96.519420448682652, 16.337410230011599 ], [ -96.519745149530763, 16.337788481330197 ], [ -96.52002154892169, 16.338074910445467 ], [ -96.520394249819958, 16.338476019833582 ], [ -96.520708319009401, 16.339164750551472 ], [ -96.520805878893256, 16.339589910788696 ], [ -96.520700798803105, 16.340199910879715 ], [ -96.520034750331732, 16.341111050776998 ], [ -96.519225370341459, 16.342103319989132 ], [ -96.518523199103257, 16.342991630267854 ], [ -96.517546719093431, 16.344088060726552 ], [ -96.517047030183122, 16.344757091209384 ], [ -96.516761859333826, 16.345218179836824 ], [ -96.516763740235788, 16.345655199936285 ], [ -96.516814280381141, 16.346276079657283 ], [ -96.51686678010465, 16.346520711045738 ], [ -96.516899508868718, 16.346609220950597 ], [ -96.517164489224854, 16.347022250065219 ], [ -96.517237310107603, 16.347263460040057 ], [ -96.517335799390324, 16.34789556976769 ], [ -96.51723108898355, 16.348586050923014 ], [ -96.517113108744169, 16.348966020131794 ], [ -96.517163689009152, 16.349598369530121 ], [ -96.521118089556438, 16.356448719904193 ], [ -96.520630880390812, 16.357232710604755 ], [ -96.520022648559817, 16.357706621242972 ], [ -96.516872549345806, 16.357028920901413 ], [ -96.515400578919966, 16.357023180127129 ], [ -96.513783509559929, 16.356638511069725 ], [ -96.506264619897948, 16.355701740227282 ], [ -96.501765199278935, 16.355684630574558 ], [ -96.50173759953131, 16.355763460611335 ], [ -96.501587829732642, 16.356191321066593 ], [ -96.501420849873668, 16.356306951088989 ], [ -96.501039538883049, 16.356687920021916 ], [ -96.500766489164945, 16.35720658095866 ], [ -96.50063751026893, 16.357851060796314 ], [ -96.500400310282927, 16.358346480930567 ], [ -96.500018489573222, 16.358612460527972 ], [ -96.499873829023372, 16.35834852016394 ], [ -96.499379150204348, 16.357395849811592 ], [ -96.499256019618599, 16.356579831073667 ], [ -96.499300379357848, 16.355740140621123 ], [ -96.499488679767737, 16.354991860255165 ], [ -96.499640939801921, 16.354209180702551 ], [ -96.500009779198336, 16.353690320034321 ], [ -96.500330709039076, 16.35319454044091 ], [ -96.500579679558683, 16.35264154000658 ], [ -96.500971120316592, 16.351823510767751 ], [ -96.499939719902471, 16.351275429975242 ], [ -96.496876489861833, 16.351287231343953 ], [ -96.495909219907233, 16.351750910839328 ], [ -96.494628318601684, 16.351629340974512 ], [ -96.49432505967512, 16.350641451142067 ], [ -96.492685478817307, 16.350578719906338 ], [ -96.492518549200966, 16.350378319995151 ], [ -96.492468259594943, 16.350398379799461 ], [ -96.492308088762215, 16.350513601181216 ], [ -96.492252219793144, 16.350483460616562 ], [ -96.492081000031348, 16.350349460174868 ], [ -96.491903379573344, 16.350248889624332 ], [ -96.491738108775451, 16.350192770217305 ], [ -96.491521709030053, 16.350219831062443 ], [ -96.491431890407881, 16.350283970807816 ], [ -96.49133085002812, 16.350311110454999 ], [ -96.491055829094236, 16.350337029607743 ], [ -96.490859819001983, 16.350387119662297 ], [ -96.490595600016405, 16.350495879815625 ], [ -96.490213949403909, 16.350722181078666 ], [ -96.489852880444289, 16.350866340475289 ], [ -96.489550108651557, 16.351062620101704 ], [ -96.489347459669517, 16.351100420086212 ], [ -96.488838260421076, 16.351311250539094 ], [ -96.488429339338623, 16.351308179526491 ], [ -96.48758704913341, 16.351307180705586 ], [ -96.487345620217155, 16.351319369731875 ], [ -96.486822799517213, 16.351477169669788 ], [ -96.486575798995972, 16.351596370266588 ], [ -96.486227909174062, 16.351850370708696 ], [ -96.486123599628939, 16.351884120193972 ], [ -96.485834258854069, 16.351856429577566 ], [ -96.485585168766619, 16.351811310747951 ], [ -96.484990949612595, 16.351777480822836 ], [ -96.485024079498899, 16.352677890693744 ], [ -96.484906450404466, 16.35318429084743 ], [ -96.484907969203363, 16.353540830414268 ], [ -96.484825629231253, 16.353886150905332 ], [ -96.474544309113583, 16.353280659655695 ], [ -96.473596219650759, 16.35258271101717 ], [ -96.45835833866731, 16.348084860842384 ], [ -96.454694229568318, 16.34700310993351 ], [ -96.45426439959995, 16.346876220693524 ], [ -96.454063320157189, 16.346837680131507 ], [ -96.441899078815851, 16.348076180147562 ], [ -96.430699479256688, 16.349209630505111 ], [ -96.429847279438903, 16.349432060735857 ], [ -96.431676419776039, 16.334633430896154 ], [ -96.436209418657171, 16.322629490070131 ], [ -96.436602659186391, 16.320385879828681 ], [ -96.436335219821075, 16.319833290933158 ], [ -96.440536978967657, 16.318305479973848 ], [ -96.452521949701307, 16.312915520026689 ], [ -96.464096679170595, 16.326270749976551 ], [ -96.464350680419926, 16.326936801061738 ], [ -96.464686630114173, 16.327165569711987 ], [ -96.465035548837832, 16.32765878073883 ], [ -96.465407750289529, 16.327979399836057 ], [ -96.4657082586928, 16.328323369706514 ], [ -96.465961489113212, 16.328816881008855 ], [ -96.465795489543538, 16.329185571166349 ], [ -96.465462579099395, 16.329692780510431 ], [ -96.465320199638853, 16.329992310180913 ], [ -96.465296860263678, 16.330141880406956 ], [ -96.465729718767719, 16.330669340370306 ], [ -96.466114369850729, 16.331104911333615 ], [ -96.466343979184941, 16.331667580118769 ], [ -96.466441089699018, 16.332023740776894 ], [ -96.468023519171666, 16.332776850894433 ], [ -96.470258630442913, 16.335160650326287 ], [ -96.47466501872222, 16.33889330993075 ], [ -96.478231369271057, 16.339086920522437 ], [ -96.478650848835073, 16.339246399671026 ], [ -96.478997429149231, 16.339153091170854 ], [ -96.47928482975999, 16.33920948006574 ], [ -96.479441218707109, 16.339415920012385 ], [ -96.479477479925421, 16.339614229781727 ], [ -96.47943107029981, 16.339740413756367 ], [ -96.479383249970098, 16.339870430425481 ], [ -96.47927767877519, 16.340171860187887 ], [ -96.479147979501931, 16.340260720617287 ], [ -96.478931778602359, 16.340510620730726 ], [ -96.478977429785829, 16.340906059957078 ], [ -96.479189019609535, 16.341247680647324 ], [ -96.479316919416689, 16.341566200445317 ], [ -96.479389019797907, 16.341939969834552 ], [ -96.47942184079777, 16.342137581558855 ], [ -96.479448029953218, 16.342295250724298 ], [ -96.47934370977606, 16.342811550720096 ], [ -96.479196228835619, 16.343161259646941 ], [ -96.479016927800231, 16.343363309641049 ], [ -96.478928709559895, 16.343462719567992 ], [ -96.478661000034165, 16.343668050029656 ], [ -96.478430628855833, 16.343767319568194 ], [ -96.478310792545528, 16.343815332204098 ], [ -96.478237285435313, 16.34384478308354 ], [ -96.477988218601439, 16.343944571105279 ], [ -96.4784441189896, 16.344087290786661 ], [ -96.478754118560886, 16.344129881184418 ], [ -96.478850144272613, 16.344118637022017 ], [ -96.479082049908854, 16.344091480715441 ], [ -96.479437310261517, 16.343882571098842 ], [ -96.479631880092739, 16.344253659798749 ], [ -96.479730815062794, 16.344539967665995 ], [ -96.479735080201067, 16.344552309584774 ], [ -96.479735050378324, 16.344552307573633 ], [ -96.479072109454492, 16.34451292322581 ], [ -96.479072079631791, 16.344512921214466 ], [ -96.479072051351636, 16.344512927381075 ], [ -96.478990774161517, 16.344532346139403 ], [ -96.478990744912466, 16.344532353172106 ], [ -96.478990717529527, 16.344532360274211 ], [ -96.478784737430104, 16.344581573870343 ], [ -96.478784708180953, 16.344581580902954 ], [ -96.478720979884059, 16.344945340878247 ], [ -96.478409089463298, 16.345387339755597 ], [ -96.478478487655124, 16.345627830525913 ], [ -96.478478512453194, 16.345627841373073 ], [ -96.47886111147163, 16.345797090935797 ], [ -96.479056449210944, 16.346030020260425 ], [ -96.478935420054242, 16.346409650892539 ], [ -96.478719709849372, 16.347086280796471 ], [ -96.47842022035185, 16.347803110218329 ], [ -96.478149540355304, 16.348222879898607 ], [ -96.478149513832989, 16.348222888837068 ], [ -96.47792390564031, 16.348296900799042 ], [ -96.477923879117739, 16.348296909737698 ], [ -96.477923850407009, 16.348296903256195 ], [ -96.477449369196393, 16.348180740625999 ], [ -96.477844218597767, 16.348588291842283 ], [ -96.47784424526256, 16.348588302759193 ], [ -96.477995693727721, 16.348649570069369 ], [ -96.477995719495283, 16.348649580050523 ], [ -96.477995749390772, 16.348649580260211 ], [ -96.478183349191525, 16.348652120205138 ], [ -96.478183379087156, 16.348652120414656 ], [ -96.478296548936271, 16.348578370915298 ], [ -96.478296578903624, 16.348578369322997 ], [ -96.478372769477787, 16.348575202793469 ], [ -96.47837279944514, 16.348575201201182 ], [ -96.478403088650168, 16.348525182155111 ], [ -96.478403113484703, 16.348525192101384 ], [ -96.478502744148741, 16.348565849206981 ], [ -96.478502769880535, 16.348565860089 ], [ -96.478572019150448, 16.348614881015127 ], [ -96.478711368797036, 16.348736381134973 ], [ -96.478819979090815, 16.348836850041661 ], [ -96.478894220109865, 16.348925710624176 ], [ -96.478894249897593, 16.348925713536499 ], [ -96.478947628897743, 16.348931137119191 ], [ -96.478947658685541, 16.348931140031503 ], [ -96.479024019177061, 16.34897432040988 ], [ -96.479008479346177, 16.34902415094064 ], [ -96.479004659784906, 16.349100740339146 ], [ -96.479059568757805, 16.349184431053363 ], [ -96.479202646329412, 16.349279430607769 ], [ -96.47920267683466, 16.349279438960373 ], [ -96.479418461402602, 16.349340612310989 ], [ -96.479418489108554, 16.349340620559371 ], [ -96.479500219049925, 16.349398200412296 ], [ -96.479585690012968, 16.34953382016662 ], [ -96.479712620011099, 16.349698150811854 ], [ -96.479913709927942, 16.349886259965572 ], [ -96.480048398604495, 16.350169770330449 ], [ -96.480139088061463, 16.350310401228271 ], [ -96.480139111891489, 16.350310412941578 ], [ -96.480336052418693, 16.350409120296771 ], [ -96.480336084682961, 16.350409131421316 ], [ -96.480692344605885, 16.350550011243389 ], [ -96.480692370374143, 16.350550021224105 ], [ -96.480692400270115, 16.350550021433268 ], [ -96.480871520515322, 16.350552150637245 ], [ -96.480871549477996, 16.350552150811609 ], [ -96.480871576036733, 16.350552140971487 ], [ -96.481239189807326, 16.350417721290153 ], [ -96.481323220203478, 16.350283910436808 ], [ -96.481214000331121, 16.350198890981641 ], [ -96.481213059770852, 16.350037050446456 ], [ -96.481074999872192, 16.34987726082954 ], [ -96.481074970012315, 16.349877259719616 ], [ -96.480967345109434, 16.349872640952746 ], [ -96.480859720213672, 16.349868022107955 ], [ -96.480859690353782, 16.349868020998045 ], [ -96.480793168014998, 16.34978660058524 ], [ -96.480793194573522, 16.349786590745225 ], [ -96.481000094342505, 16.349707690350169 ], [ -96.48100011996786, 16.349707680475429 ], [ -96.481121150224951, 16.349604680319516 ], [ -96.481217309267819, 16.349440891312831 ], [ -96.481230260107907, 16.349251371242321 ], [ -96.48124917890938, 16.349017220925113 ], [ -96.481197828604053, 16.348828830628413 ], [ -96.480985048922989, 16.348609740734883 ], [ -96.480415517153162, 16.34827063264639 ], [ -96.480195933234228, 16.34817478139151 ], [ -96.480195907502306, 16.34817477050985 ], [ -96.48011909009071, 16.348015183066583 ], [ -96.480055709031447, 16.347951170562467 ], [ -96.479936999860769, 16.347858121115525 ], [ -96.479798399865402, 16.347770680421654 ], [ -96.479642150387406, 16.347686049896097 ], [ -96.479557659376951, 16.34763317132964 ], [ -96.479506909197084, 16.347583570217491 ], [ -96.47946350914215, 16.347514280486568 ], [ -96.479437489420178, 16.347458820142759 ], [ -96.4794404596649, 16.347341431084772 ], [ -96.479449339330756, 16.34721074122255 ], [ -96.479460630027475, 16.347104181213325 ], [ -96.479486817903947, 16.347038420145466 ], [ -96.479499257797258, 16.34702558049274 ], [ -96.479499286149576, 16.347025572524199 ], [ -96.479525803974227, 16.347017842589615 ], [ -96.479525831393687, 16.347017834586463 ], [ -96.479525859746005, 16.347017826617904 ], [ -96.479533051099665, 16.347015729158485 ], [ -96.479533078483058, 16.347015722056199 ], [ -96.479533107193618, 16.347015728537457 ], [ -96.479606649524229, 16.347032475363456 ], [ -96.479606678234774, 16.347032481844753 ], [ -96.479606706909451, 16.347032489226791 ], [ -96.479685290907199, 16.347052443384758 ], [ -96.479685318612709, 16.347052451633118 ], [ -96.479685346246342, 16.347052461683312 ], [ -96.47981942081833, 16.347101191720459 ], [ -96.479819447518921, 16.347101201736002 ], [ -96.479819473250615, 16.347101212617691 ], [ -96.480182452093857, 16.347257191578471 ], [ -96.480182477825622, 16.347257202460071 ], [ -96.480182502552452, 16.347257215109064 ], [ -96.480258554467767, 16.347296590095578 ], [ -96.480258579230352, 16.347296601843528 ], [ -96.480258606899994, 16.347296610992647 ], [ -96.480312352051683, 16.347314372755648 ], [ -96.480312378752359, 16.347314382771078 ], [ -96.480363018745663, 16.347344419993277 ], [ -96.480401709310158, 16.347379921038581 ], [ -96.480426198906272, 16.347414122680714 ], [ -96.480426222735844, 16.347414134393901 ], [ -96.480465395249567, 16.34743337993741 ], [ -96.48046542963074, 16.347433384824694 ], [ -96.48048953997241, 16.34743594857202 ], [ -96.480489569759854, 16.347435951483988 ], [ -96.480489599547283, 16.347435954395927 ], [ -96.480502999317935, 16.347437380092302 ], [ -96.480503028208247, 16.347437382068627 ], [ -96.480503058247251, 16.347437378673902 ], [ -96.480541878983104, 16.347433084336114 ], [ -96.480541909022037, 16.34743308094146 ], [ -96.480561169258948, 16.347419970526424 ], [ -96.480771378954927, 16.347178140612179 ], [ -96.480771403646585, 16.347178130702797 ], [ -96.481119174231296, 16.347034452034439 ], [ -96.48111920821799, 16.347034443372795 ], [ -96.481522692249371, 16.346937187834278 ], [ -96.481522719596654, 16.346937181632665 ], [ -96.481522749491774, 16.346937181841444 ], [ -96.482099453378311, 16.346944915721487 ], [ -96.48209948327343, 16.34694491593029 ], [ -96.482099513168549, 16.346944916139236 ], [ -96.482114828643375, 16.346945121737214 ], [ -96.482114858502783, 16.346945122847 ], [ -96.48211488825423, 16.346945126659502 ], [ -96.482289399628542, 16.346966218407818 ], [ -96.482289428447018, 16.346966222185646 ], [ -96.482289456152799, 16.346966230433452 ], [ -96.4825592005392, 16.347033042367944 ], [ -96.482559229213976, 16.34703304974947 ], [ -96.482559259073255, 16.347033050859178 ], [ -96.482655059213144, 16.347036765324024 ], [ -96.482750859358362, 16.347040479727148 ], [ -96.482750888212578, 16.347040482603955 ], [ -96.482750915882562, 16.347040491752605 ], [ -96.482893032154465, 16.347090312718436 ], [ -96.482893058855495, 16.347090322733418 ], [ -96.483070349794176, 16.347195833305854 ], [ -96.483083816728694, 16.347203849658207 ], [ -96.48320816878892, 16.347059780466736 ], [ -96.483352688878711, 16.346889750663834 ], [ -96.483557798695045, 16.346723891219398 ], [ -96.483750872930287, 16.34664234464892 ], [ -96.483750908639564, 16.346642339659745 ], [ -96.483859610627221, 16.346637174362048 ], [ -96.483859640594147, 16.346637172768631 ], [ -96.483859670561216, 16.346637171175256 ], [ -96.483874199346374, 16.34663648118363 ], [ -96.483874228344149, 16.346636480456592 ], [ -96.483874256983071, 16.346636488738817 ], [ -96.483995914052031, 16.346670120527399 ], [ -96.483995941793694, 16.346670127874024 ], [ -96.483995970432559, 16.346670136156209 ], [ -96.484000740778484, 16.34667145386085 ], [ -96.484000769453246, 16.346671461242078 ], [ -96.484000799420201, 16.346671459648665 ], [ -96.484082546221785, 16.346668171860561 ], [ -96.484082576188726, 16.346668170267108 ], [ -96.484082606155738, 16.346668168673553 ], [ -96.484093219252415, 16.346667741911158 ], [ -96.484093249183388, 16.346667741218546 ], [ -96.484093278934893, 16.346667745030768 ], [ -96.484432018883183, 16.346711135956973 ], [ -96.484432048634702, 16.346711139769184 ], [ -96.484432078494009, 16.346711140878469 ], [ -96.484634359279681, 16.346718902753739 ], [ -96.48483664098552, 16.346726665289349 ], [ -96.4848366708447, 16.346726666398482 ], [ -96.484836700703866, 16.346726667507717 ], [ -96.48484648939781, 16.346727042862998 ], [ -96.484855504551277, 16.346727389482677 ], [ -96.484856278988943, 16.346727419153378 ], [ -96.484856307915081, 16.346727420227879 ], [ -96.48485633709258, 16.346727414995851 ], [ -96.484931909442096, 16.346714285479319 ], [ -96.484931938619383, 16.346714280247301 ], [ -96.484974380391378, 16.346634860849132 ], [ -96.485074258396452, 16.34654996974983 ], [ -96.485074288435086, 16.346549966354338 ], [ -96.485562989163128, 16.346498623229273 ], [ -96.485563018268749, 16.34649861979895 ], [ -96.485563047482003, 16.346498613665826 ], [ -96.48584242097246, 16.346439425937469 ], [ -96.485842449252502, 16.346439419769645 ], [ -96.485842479183631, 16.346439419076802 ], [ -96.485975550246394, 16.346436692991709 ], [ -96.485975580177296, 16.346436692298806 ], [ -96.48597561010827, 16.346436691605938 ], [ -96.48599070866112, 16.346436382575892 ], [ -96.485990737622942, 16.346436382749175 ], [ -96.485990766333671, 16.346436389229158 ], [ -96.48616562119733, 16.34647613367655 ], [ -96.486165649907946, 16.346476140156415 ], [ -96.486282656021032, 16.346548909241296 ], [ -96.48628267884618, 16.346548922720761 ], [ -96.486289018821878, 16.346637910023247 ], [ -96.486346258954697, 16.346739521063029 ], [ -96.486418520321763, 16.346961489896291 ], [ -96.486418492902914, 16.346961497900786 ], [ -96.48638220534319, 16.346972773967995 ], [ -96.486382178857397, 16.346972782007139 ], [ -96.486382151402779, 16.346972790912542 ], [ -96.486287995479472, 16.347002211770285 ], [ -96.486287965225429, 16.347002220571667 ], [ -96.486027117916493, 16.347106820190564 ], [ -96.485889079230304, 16.347202249824601 ], [ -96.485832478914389, 16.34728086129353 ], [ -96.485706289584243, 16.347510750818401 ], [ -96.485537479313834, 16.347771891023303 ], [ -96.485337678926669, 16.34810073982085 ], [ -96.485217829442661, 16.348343060898529 ], [ -96.485193399674287, 16.34853238175095 ], [ -96.485098600052936, 16.34865642037834 ], [ -96.485061538732168, 16.348937341191519 ], [ -96.484975579953357, 16.349139571026626 ], [ -96.484955017825968, 16.349337001124916 ], [ -96.485051180116159, 16.349562910254829 ], [ -96.485072278769167, 16.349680351106208 ], [ -96.485035738871204, 16.349843110734916 ], [ -96.485030778960038, 16.35038865454711 ], [ -96.485030739718752, 16.35039311034231 ], [ -96.485030767963949, 16.350393105075575 ], [ -96.490056790485013, 16.34944803543311 ], [ -96.490056818693745, 16.34944803106638 ], [ -96.490056847045949, 16.349448023095828 ], [ -96.490175452888622, 16.349417267588397 ], [ -96.490175480271859, 16.349417260484152 ], [ -96.49578945000377, 16.345790289568345 ], [ -96.495922919725558, 16.345685511290728 ], [ -96.495963119111053, 16.345630940167378 ], [ -96.495964950018816, 16.345538229792254 ], [ -96.495922419519189, 16.345412109645796 ], [ -96.495809919203253, 16.345231910387717 ], [ -96.495811349670547, 16.34512911054242 ], [ -96.495845288954527, 16.344918580036818 ], [ -96.495936719117253, 16.344747460774038 ], [ -96.496287980402457, 16.344552660481668 ], [ -96.496397019835953, 16.344371550774095 ], [ -96.496456879978268, 16.344192230674203 ], [ -96.496519220045045, 16.343837120768988 ], [ -96.496578110147752, 16.343342120988513 ], [ -96.496653779090025, 16.343032451012732 ], [ -96.496816800038204, 16.342590891162317 ], [ -96.496818419554288, 16.342447029804916 ], [ -96.49673591987964, 16.342212170232724 ], [ -96.496700659729996, 16.342002289594227 ], [ -96.496709029904792, 16.341841880378347 ], [ -96.496775819173806, 16.341308879946563 ], [ -96.49697321926827, 16.340605690802679 ], [ -96.497156020053581, 16.340339380505696 ], [ -96.497325879655236, 16.340149940903359 ], [ -96.497460568263506, 16.340039980201698 ], [ -96.49746059478322, 16.340039971259753 ], [ -96.497681882752204, 16.339963669385536 ], [ -96.497681909271691, 16.339963660443559 ], [ -96.497842288641991, 16.339816489816851 ], [ -96.497998199095377, 16.339438150955083 ], [ -96.49834653966397, 16.338340519558471 ], [ -96.498346512892084, 16.338340511348374 ], [ -96.498077566531492, 16.338259458698648 ], [ -96.498077537893664, 16.338259450419418 ], [ -96.498000149578488, 16.338183110179216 ], [ -96.497974380338363, 16.338112771057229 ], [ -96.497990859036037, 16.338045770602744 ], [ -96.497990883760764, 16.338045759789885 ], [ -96.498058222643223, 16.338019810090767 ], [ -96.498058248265266, 16.338019800213324 ], [ -96.498058277404411, 16.338019795879653 ], [ -96.49826471023286, 16.33798780481575 ], [ -96.49826473937199, 16.337987800482026 ], [ -96.498359880455581, 16.337941079853536 ], [ -96.498908250070727, 16.337632941161903 ], [ -96.499545629326775, 16.337283940646888 ], [ -96.499761448799575, 16.337080829985108 ], [ -96.499951849689182, 16.336836851083369 ], [ -96.500155710159106, 16.336203649886386 ], [ -96.500223889641774, 16.335733139835583 ], [ -96.500254480195537, 16.335428220089586 ], [ -96.500407719782871, 16.334555970175703 ], [ -96.500589489215315, 16.33386831116804 ], [ -96.50078959958239, 16.333338540916458 ], [ -96.50098382952595, 16.332935630354733 ], [ -96.501144679726593, 16.332566369576345 ], [ -96.501220978717299, 16.332272380091304 ], [ -96.501217180050929, 16.332074980754147 ], [ -96.501093919471529, 16.331888350299483 ], [ -96.500779459658631, 16.331622459974625 ], [ -96.500585018845427, 16.331323050740806 ], [ -96.500489750080618, 16.331035430003773 ], [ -96.500517400160192, 16.330421050419211 ], [ -96.500537048928209, 16.329851710771191 ], [ -96.500593709681112, 16.329337350105128 ], [ -96.500736689544865, 16.328864620969078 ], [ -96.500943060108753, 16.328481890544221 ], [ -96.501585279844036, 16.327505620401006 ], [ -96.5022589997468, 16.326487911251558 ], [ -96.50283515036584, 16.325502950125657 ], [ -96.50296481908623, 16.32535561992589 ], [ -96.503108379588753, 16.325253830610457 ], [ -96.503291584631953, 16.325162838147115 ], [ -96.503291626397527, 16.325162821649123 ], [ -96.505073053788195, 16.324601189253094 ], [ -96.505073080304271, 16.324601180309962 ], [ -96.505090431958592, 16.32459580744926 ], [ -96.505123650136838, 16.324585521018232 ], [ -96.505291489913319, 16.324329830160789 ], [ -96.505304430560415, 16.324229882490371 ], [ -96.505305484410286, 16.324221740122809 ], [ -96.505310108876003, 16.324186020790979 ], [ -96.505306146365854, 16.324169662949522 ], [ -96.505284080360681, 16.324078549754688 ], [ -96.50527661217032, 16.324045529794596 ], [ -96.505253088993854, 16.323941509593499 ], [ -96.505259370045692, 16.323869800526609 ], [ -96.50533379895721, 16.323738580584319 ], [ -96.505418118714019, 16.323669400945139 ], [ -96.505649779403527, 16.323549740428543 ], [ -96.505792369427013, 16.323442030622431 ], [ -96.50587953869281, 16.323319219836318 ], [ -96.505924999547716, 16.323176030615748 ], [ -96.506060689363409, 16.322938201197299 ], [ -96.506174250138812, 16.322809140309655 ], [ -96.506416139230282, 16.322696171168662 ], [ -96.506709380234582, 16.322508600792542 ], [ -96.506842059221853, 16.322426031117249 ], [ -96.506983310322212, 16.322256369576582 ], [ -96.507128509153333, 16.322002799591466 ], [ -96.50741239868124, 16.321552031304247 ], [ -96.507501149719076, 16.321417780784348 ], [ -96.507646219251512, 16.321185319731605 ], [ -96.507731088903256, 16.321074000723033 ], [ -96.507843949732077, 16.321007339549755 ], [ -96.507928909973074, 16.320896980181217 ], [ -96.508122379896662, 16.320509720759283 ], [ -96.508177968646493, 16.320246059942232 ], [ -96.508473968814215, 16.319805939995916 ], [ -96.50862515025473, 16.319670999897308 ], [ -96.508707799430937, 16.319623950016059 ], [ -96.508819089793022, 16.319603290166018 ], [ -96.508916849439757, 16.31957688966175 ], [ -96.509030180103679, 16.319394231202494 ], [ -96.509092019139004, 16.319251491168878 ], [ -96.509118680304795, 16.319008949807607 ], [ -96.50912702064069, 16.318933178196346 ], [ -96.509130619948351, 16.318900450890183 ], [ -96.509165847099325, 16.318724223476899 ], [ -96.509190029185064, 16.318603250539397 ], [ -96.509276710352651, 16.317834429675891 ], [ -96.509250938906121, 16.317643880214309 ], [ -96.509225412467018, 16.317583111274363 ], [ -96.509189006954671, 16.31749644163099 ], [ -96.509176169510965, 16.317465879840235 ], [ -96.50917557337533, 16.3174649393385 ], [ -96.509166022252629, 16.317449888125449 ], [ -96.509088690216245, 16.317328019678452 ], [ -96.509070630068749, 16.317073889914148 ], [ -96.509266828756623, 16.317080230499304 ], [ -96.509550979097966, 16.317053950187667 ], [ -96.50978496916747, 16.317042200112439 ], [ -96.510069490329343, 16.317020510347465 ], [ -96.510252017573251, 16.317015309986061 ], [ -96.510274829405319, 16.317014659548921 ], [ -96.510169660455546, 16.316616509847428 ], [ -96.510077150059701, 16.316303110181806 ], [ -96.510198471289812, 16.316170790538358 ], [ -96.510235109816264, 16.316130829769659 ], [ -96.510277754565465, 16.316041258531506 ], [ -96.510388030497836, 16.315809635701058 ], [ -96.510481120106448, 16.31561410983312 ], [ -96.510530774847922, 16.315492130735375 ], [ -96.510574080156459, 16.315385750588923 ], [ -96.510696239408659, 16.314988554994308 ], [ -96.510731399735391, 16.31487423023496 ], [ -96.510838980450117, 16.314513117293274 ], [ -96.510963909344653, 16.314093769977671 ], [ -96.511323029129002, 16.313529679808429 ], [ -96.511337139448898, 16.313247691002879 ], [ -96.51134222894224, 16.313083180240888 ], [ -96.511361339650023, 16.31288534996834 ], [ -96.511449910337731, 16.312327260427196 ], [ -96.511488818737462, 16.31180808043646 ], [ -96.511483757218656, 16.311753784726637 ], [ -96.511481080828716, 16.311725055345434 ], [ -96.511473969658766, 16.311648749570242 ], [ -96.511429519156863, 16.311430819835827 ], [ -96.511315428653603, 16.311185659897081 ], [ -96.511221349429505, 16.311007569590775 ], [ -96.511134279326313, 16.310877351092227 ], [ -96.511004479522384, 16.310653261225749 ], [ -96.510980338863419, 16.310491490368932 ], [ -96.511411738678959, 16.31032994013631 ], [ -96.512268955041236, 16.310048293225208 ], [ -96.51228360017393, 16.310043481013015 ], [ -96.512288699967996, 16.310049023186515 ], [ -96.512451919919798, 16.310226321323988 ], [ -96.512560879305099, 16.310422261151228 ], [ -96.512669179788773, 16.310669430473173 ], [ -96.512792709575223, 16.310762150695169 ], [ -96.512930139770305, 16.310803140161166 ], [ -96.513006350294233, 16.310860379666003 ], [ -96.5130609196828, 16.310950680501602 ], [ -96.513127778669187, 16.311049309989254 ], [ -96.513256799385061, 16.311127680373225 ], [ -96.513966619797927, 16.311346399699293 ], [ -96.514172849816134, 16.311402621043531 ], [ -96.514420949599881, 16.31150286132177 ], [ -96.514638319806195, 16.311626420648039 ], [ -96.514824779055729, 16.311777170125158 ], [ -96.514958029835569, 16.31194009076625 ], [ -96.515041980004838, 16.312015370587851 ], [ -96.515164370257821, 16.312101881248523 ], [ -96.515289385761349, 16.312136141362913 ], [ -96.515291280380765, 16.312136660662649 ], [ -96.515309132867316, 16.312136870994799 ], [ -96.515443703459269, 16.312138458091749 ], [ -96.515455740216098, 16.312138599684129 ], [ -96.515463448700729, 16.312139187634138 ], [ -96.515654520110246, 16.312153749853447 ], [ -96.515876120301257, 16.312253690762688 ], [ -96.516075578923221, 16.312358969978707 ], [ -96.516320179074143, 16.312528339808569 ], [ -96.516639860319003, 16.312844580486686 ], [ -96.516725509286005, 16.312924510790232 ], [ -96.516802746553253, 16.31293504518068 ], [ -96.516812908576227, 16.312936431015576 ], [ -96.516822491915448, 16.312935774543568 ], [ -96.516908489157856, 16.312929880386555 ], [ -96.517116080003007, 16.312668490239908 ], [ -96.517384889785703, 16.312389909653728 ], [ -96.517555740402898, 16.312239780218217 ], [ -96.518125169592579, 16.311895571034647 ], [ -96.518377309564087, 16.311771371312705 ], [ -96.51854197895949, 16.311616200413752 ], [ -96.518660140159824, 16.311548180344488 ], [ -96.519005650220748, 16.31145725051822 ], [ -96.519079648576678, 16.311290061082204 ], [ -96.519032449914377, 16.311132420420879 ], [ -96.518887279796729, 16.310940720313095 ], [ -96.518620449495899, 16.310437890957974 ], [ -96.518644738857191, 16.310412140618546 ], [ -96.518783340046156, 16.309962490675016 ], [ -96.51889722909786, 16.309421081201901 ], [ -96.51929053916416, 16.30944055130788 ], [ -96.519394818620555, 16.309417620789823 ], [ -96.519697169165696, 16.310186970159393 ], [ -96.519676879271984, 16.311026580720551 ], [ -96.519925830177996, 16.311246570006858 ], [ -96.520121600026499, 16.311484909584966 ], [ -96.520493259563082, 16.311667399984387 ], [ -96.520978968828203, 16.311741950534675 ], [ -96.52130200046922, 16.311827059765733 ], [ -96.521768398997907, 16.311934260083259 ], [ -96.522390749970725, 16.312106170666667 ], [ -96.522853148822875, 16.312300949760367 ], [ -96.523306779433852, 16.312504720047492 ], [ -96.523805489646378, 16.312694150635402 ], [ -96.523991658612317, 16.312766169943828 ], [ -96.524559749876587, 16.312943780034725 ], [ -96.525132148638221, 16.313101140885493 ], [ -96.525804658934547, 16.313284199712388 ], [ -96.526294580242777, 16.313407940739982 ], [ -96.526508779426308, 16.313314260396371 ], [ -96.527091339240627, 16.313044219567622 ], [ -96.527319119471585, 16.312955450637908 ], [ -96.528076308622147, 16.312784620965509 ], [ -96.528437310376887, 16.312797920740934 ], [ -96.528837799783517, 16.312991180385133 ], [ -96.529215950128759, 16.313143980296058 ], [ -96.529112659384481, 16.312689170045825 ], [ -96.529167310040449, 16.312494770390142 ], [ -96.529335909279936, 16.312387660861891 ], [ -96.529470540265947, 16.312347290709237 ], [ -96.529476516999893, 16.312342481222309 ], [ -96.529551369393076, 16.312282260086988 ], [ -96.529538680394552, 16.312009819866912 ], [ -96.529367849776321, 16.311776860010124 ], [ -96.529089748965333, 16.311683520176025 ], [ -96.528950027922491, 16.311542979845566 ], [ -96.528871449226742, 16.311463940154059 ], [ -96.52866055026405, 16.311048001068333 ], [ -96.528631548592401, 16.310663120515603 ], [ -96.528571718585198, 16.310501021181008 ], [ -96.528414679749346, 16.310281981187476 ], [ -96.528423919613502, 16.310047780396836 ], [ -96.528530769346844, 16.309859800841544 ], [ -96.528815249950497, 16.309748970502998 ], [ -96.529037918233982, 16.309622516254727 ], [ -96.52912436899895, 16.309573420484451 ], [ -96.529411169155424, 16.309374550322744 ], [ -96.529470628823034, 16.309242150925339 ], [ -96.52947893750104, 16.309177309901571 ], [ -96.529515459280361, 16.308892280617719 ], [ -96.529535120399913, 16.308702261383306 ], [ -96.529544509859093, 16.308611510565346 ], [ -96.529610580360696, 16.308437339987588 ], [ -96.529736749698657, 16.308239449897197 ], [ -96.5298175096287, 16.308102200585399 ], [ -96.529866770144523, 16.30780800053628 ], [ -96.529810920298942, 16.307587820300302 ], [ -96.529704250231887, 16.307428059750428 ], [ -96.529556059991521, 16.307365480973044 ], [ -96.52934529023905, 16.307253849742377 ], [ -96.529245449535281, 16.307171450601416 ], [ -96.529216449302339, 16.307054970350297 ], [ -96.529225139423033, 16.306929060207917 ], [ -96.529214119336601, 16.306640140120614 ], [ -96.52920752027218, 16.306524491019172 ], [ -96.529280689602686, 16.306469480292961 ], [ -96.529447369370359, 16.306410710989464 ], [ -96.52958601896546, 16.306495169857644 ], [ -96.529732549374188, 16.306569090993058 ], [ -96.529881339543607, 16.306585400448132 ], [ -96.5303433094588, 16.306462291068208 ], [ -96.53050137928112, 16.306198371113865 ], [ -96.530517724116592, 16.306012538600203 ], [ -96.530541798755209, 16.305738831299607 ], [ -96.530566800061351, 16.305502979658733 ], [ -96.530447448767134, 16.305221479688083 ], [ -96.530254109902657, 16.304962449564389 ], [ -96.530226255636848, 16.304887722908425 ], [ -96.530145579944332, 16.304671290849136 ], [ -96.530015628605994, 16.304525420564183 ], [ -96.529685620119366, 16.30427868985128 ], [ -96.529484119657752, 16.303972650597284 ], [ -96.52948514268401, 16.303946761407907 ], [ -96.52949337922405, 16.303738370578298 ], [ -96.529602998858309, 16.303386940486085 ], [ -96.529795569994732, 16.303173650995831 ], [ -96.529915828706422, 16.303074250929143 ], [ -96.530033460413307, 16.303002369701012 ], [ -96.530146599575062, 16.302954580644705 ], [ -96.530175890331321, 16.30284830969152 ], [ -96.530098379659222, 16.30263075099263 ], [ -96.530014430283558, 16.30248565081374 ], [ -96.529922459299726, 16.302361050224746 ], [ -96.52982450916619, 16.302298549930129 ], [ -96.529663819383529, 16.302188740350829 ], [ -96.529556698805237, 16.302159903216456 ], [ -96.529514708921013, 16.302148599537158 ], [ -96.529315260346465, 16.302087170394358 ], [ -96.529183489211675, 16.302001570621506 ], [ -96.529155657109172, 16.301952647279442 ], [ -96.529111319561011, 16.301874709616396 ], [ -96.529122108871832, 16.301601779979787 ], [ -96.529197859274561, 16.301312650928558 ], [ -96.529352948892665, 16.300970540134049 ], [ -96.529580458766532, 16.30074911025595 ], [ -96.529647376031903, 16.300691246174843 ], [ -96.52968572000573, 16.300658089750399 ], [ -96.529559321644399, 16.300632698522499 ], [ -96.529227605068186, 16.300566061695246 ], [ -96.527744016591456, 16.300268022556576 ], [ -96.527335359973719, 16.300185924380333 ], [ -96.515827419125387, 16.297873510526902 ], [ -96.509200519260787, 16.292425400570526 ], [ -96.508913619016553, 16.281091370104154 ], [ -96.50868144998654, 16.271921750115656 ], [ -96.50841099923376, 16.271642620399394 ], [ -96.488307970314082, 16.250890920384599 ], [ -96.489260818717469, 16.2503212897909 ], [ -96.491610259885192, 16.250149061152563 ], [ -96.494967279152149, 16.249342060343317 ], [ -96.49748777955179, 16.248756940049844 ], [ -96.500999969418444, 16.246812780814729 ], [ -96.502840880019775, 16.24550957065302 ], [ -96.50528656908665, 16.24464289064294 ], [ -96.50578522976619, 16.245014691284748 ], [ -96.506727580295703, 16.245229029853007 ], [ -96.507454949228844, 16.245430109963618 ], [ -96.508314218715469, 16.24557472130282 ], [ -96.50898296985423, 16.245648910433641 ], [ -96.509658369867509, 16.246309570942735 ], [ -96.509966169777158, 16.246645420753104 ], [ -96.510706939837817, 16.246674090078901 ], [ -96.51166483043319, 16.246486029593278 ], [ -96.512550090319664, 16.246400780732849 ], [ -96.513113089600566, 16.246267221223025 ], [ -96.513759279308104, 16.246180150579537 ], [ -96.51467216866547, 16.245681260163217 ], [ -96.515332889059508, 16.245306851307383 ], [ -96.516330629430328, 16.244670570239851 ], [ -96.517206339380351, 16.24430933995405 ], [ -96.517940618804218, 16.243728480816944 ], [ -96.518638779535138, 16.243170400743058 ], [ -96.519055566351923, 16.242758090048721 ], [ -96.519169368622954, 16.242645509682387 ], [ -96.519724309187268, 16.242063349599231 ], [ -96.52008619876986, 16.241686580833452 ], [ -96.52035133907043, 16.241435690880877 ], [ -96.523713140111681, 16.241027479576474 ], [ -96.524118079477901, 16.241245971139648 ], [ -96.524486569800047, 16.24147881984824 ], [ -96.524999778689704, 16.241563230310295 ], [ -96.52540790971598, 16.24137091065252 ], [ -96.5259265386522, 16.240834369927661 ], [ -96.526584949405859, 16.240724379947096 ], [ -96.526977879702343, 16.240888401213876 ], [ -96.527597258903015, 16.241134551032413 ], [ -96.528000920395115, 16.241448111110138 ], [ -96.528118085647336, 16.241342625988704 ], [ -96.528494850244016, 16.241003420993234 ], [ -96.528926890150913, 16.240811280938008 ], [ -96.529212289959787, 16.240974400297791 ], [ -96.529554629482973, 16.241460029983074 ], [ -96.529693480171801, 16.241978510814963 ], [ -96.529818999168171, 16.242657891243194 ], [ -96.530042768912821, 16.243039080223109 ], [ -96.530692769471187, 16.24388346018824 ], [ -96.530998969092039, 16.244403280499451 ], [ -96.534880779799082, 16.251368180116241 ], [ -96.547973578734243, 16.280428431169579 ], [ -96.549345080273568, 16.283471860744765 ], [ -96.549581250224591, 16.284021140761592 ], [ -96.5503509988811, 16.285703999845971 ], [ -96.551897319697161, 16.289135119688972 ], [ -96.55446214020651, 16.288173171103978 ], [ -96.555077178707677, 16.287730630281594 ], [ -96.556051249028414, 16.287457260944894 ], [ -96.55689532009076, 16.287288569817417 ], [ -96.557298349857732, 16.287089400771183 ], [ -96.557492199532192, 16.286999911261667 ], [ -96.557831938637818, 16.286843059962681 ], [ -96.558599769562335, 16.286192140518907 ], [ -96.559155249027384, 16.285750120914553 ], [ -96.560606459849794, 16.284345571122117 ], [ -96.562499950296058, 16.283097889808452 ], [ -96.562913968629971, 16.282806650803082 ], [ -96.565775999709672, 16.281137600809831 ], [ -96.567553110421031, 16.280570820625098 ], [ -96.570278819673391, 16.280089000810953 ], [ -96.572734623659827, 16.280090677944816 ], [ -96.572797355764123, 16.280090720182393 ], [ -96.576377949802293, 16.280093091158459 ], [ -96.583144022581365, 16.280382444637905 ], [ -96.583144878568561, 16.280382481291827 ], [ -96.583549769857868, 16.280069429695867 ], [ -96.583891368965112, 16.281056490509876 ], [ -96.584015035390266, 16.281299633749317 ], [ -96.584015089129196, 16.281299740356996 ], [ -96.583921650435187, 16.280219050246089 ], [ -96.583894012138927, 16.279982978746954 ], [ -96.583893970132749, 16.279982619972955 ], [ -96.589539227883037, 16.279998773790929 ], [ -96.592131748882281, 16.280006119886654 ], [ -96.596357549823622, 16.2801712303025 ], [ -96.596648779117558, 16.279472880813522 ], [ -96.597873799675085, 16.276719770450327 ], [ -96.612060229030618, 16.272108171025156 ], [ -96.61261807950541, 16.271928090383145 ], [ -96.612545518634818, 16.271236710798338 ], [ -96.612299748874918, 16.26886568999565 ], [ -96.610477920357525, 16.264929679751166 ], [ -96.615325858586459, 16.261135280663883 ], [ -96.6237813789634, 16.255248139660655 ], [ -96.636684710405362, 16.246252830410302 ], [ -96.642336249776136, 16.242119950907828 ], [ -96.652725259577338, 16.232046860748671 ], [ -96.654457348640207, 16.230489181243019 ], [ -96.657902249937763, 16.227040980091338 ], [ -96.659139090411983, 16.236111170346447 ], [ -96.669484168642612, 16.240386949640314 ], [ -96.674976658641953, 16.242767889651667 ], [ -96.676737284057623, 16.243678646154525 ], [ -96.679497006482478, 16.245106165323044 ], [ -96.682059280331273, 16.246431481167495 ], [ -96.683354199334872, 16.2473107695881 ], [ -96.683384859911541, 16.247331601103099 ], [ -96.685812658754145, 16.248980091305793 ], [ -96.687475348866712, 16.249609579700046 ], [ -96.687567448653311, 16.249644450100668 ], [ -96.691509938893432, 16.251136950586051 ], [ -96.69164054876596, 16.251186420051308 ], [ -96.691793819309027, 16.251244430503448 ] ] ] ] } },
{ "type": "Feature", "properties": { "CVEGEO": "20122", "CVE_ENT": "20", "CVE_MUN": "122", "PAISAJE": "Sierra de Yautepec", "ID_PAISA": 2, "NOM_MUN": "San Bartolo Yautepec", "HAS_MUN": 9378.0, "RM": "R4" }, "geometry": { "type": "MultiPolygon", "coordinates": [ [ [ [ -95.89154439916075, 16.436496250334343 ], [ -95.88581374922542, 16.433234860509291 ], [ -95.883618909866954, 16.435717680339462 ], [ -95.881819780030767, 16.435891721278225 ], [ -95.881509088815704, 16.435247110705923 ], [ -95.88101433933069, 16.434410260582929 ], [ -95.880818769397223, 16.434232150320412 ], [ -95.880508288982341, 16.434097230584346 ], [ -95.880027550047203, 16.433999479571948 ], [ -95.879619178817691, 16.434135280145757 ], [ -95.879374659122149, 16.434757490209027 ], [ -95.87906630887332, 16.434251860006199 ], [ -95.878868779368815, 16.434016940657955 ], [ -95.878323319788166, 16.43376284963318 ], [ -95.878083568773775, 16.433561059528987 ], [ -95.877673479501865, 16.433522491035731 ], [ -95.877197859678148, 16.433747090769312 ], [ -95.876680059156385, 16.433904550468576 ], [ -95.87626609024862, 16.43382638054177 ], [ -95.875933650012016, 16.433982770544166 ], [ -95.875127460025539, 16.43391465105973 ], [ -95.874132108996093, 16.433712380912993 ], [ -95.873591049226462, 16.433681351018009 ], [ -95.872399739555973, 16.434003890932665 ], [ -95.871676049609434, 16.434523509947546 ], [ -95.870939628886575, 16.434615199570022 ], [ -95.870958480117281, 16.43528485044159 ], [ -95.869799778666916, 16.43615735002793 ], [ -95.869490549620011, 16.436158031047295 ], [ -95.868764619802718, 16.43710832019147 ], [ -95.868636279701832, 16.437595571303124 ], [ -95.868081858808793, 16.438090221126938 ], [ -95.867594829009988, 16.437945951268155 ], [ -95.867156569529328, 16.437894050756327 ], [ -95.86728648935086, 16.438253030989575 ], [ -95.866767120135705, 16.438588680335823 ], [ -95.866739969958445, 16.43911654996116 ], [ -95.867031600347985, 16.439168689791867 ], [ -95.866990849571394, 16.439562079811804 ], [ -95.866288689656386, 16.440462371084159 ], [ -95.865841419711643, 16.44135426098882 ], [ -95.865708418788188, 16.441805029949453 ], [ -95.865338539062989, 16.442764090465591 ], [ -95.864782799921699, 16.44295125967248 ], [ -95.864290650411448, 16.443623379771335 ], [ -95.864383198604685, 16.44503543070882 ], [ -95.863380950083922, 16.446165049582703 ], [ -95.863135089400402, 16.447550370791628 ], [ -95.863357049197262, 16.448668799926665 ], [ -95.861985400275842, 16.449199200277643 ], [ -95.861488849897938, 16.448608179934233 ], [ -95.860564749209658, 16.449434829759316 ], [ -95.860466369283145, 16.449919509683102 ], [ -95.860336398917894, 16.450048481295969 ], [ -95.859937939794136, 16.450194250335976 ], [ -95.85904808882708, 16.449438260050819 ], [ -95.857776060206362, 16.448482491317577 ], [ -95.856810999315087, 16.44792766101142 ], [ -95.855799830313771, 16.447915200545335 ], [ -95.855615579392477, 16.447673520831994 ], [ -95.856043878819037, 16.447200950055869 ], [ -95.856183349374049, 16.446793020079689 ], [ -95.85558393954949, 16.444793801020499 ], [ -95.855083849324515, 16.444258110583593 ], [ -95.854023229852416, 16.443606090071082 ], [ -95.852893578811646, 16.443058400987958 ], [ -95.85249077962888, 16.44313675056236 ], [ -95.852125818837095, 16.443473800801829 ], [ -95.851752428854567, 16.44455491037192 ], [ -95.851297799047188, 16.444865420765876 ], [ -95.850703978794357, 16.444882450298117 ], [ -95.84946248864965, 16.444614940553802 ], [ -95.848796459809975, 16.444391220361073 ], [ -95.847810920435961, 16.444090740439709 ], [ -95.847252649463371, 16.443570289800959 ], [ -95.846368689869905, 16.442079089921073 ], [ -95.84486684986355, 16.438795520278067 ], [ -95.844495680333935, 16.414661140132154 ], [ -95.845092919813951, 16.38863459955315 ], [ -95.846724000084038, 16.388526579745616 ], [ -95.849880890352253, 16.389742880388944 ], [ -95.850041250365834, 16.389286569747419 ], [ -95.850275580151603, 16.388697430211565 ], [ -95.850497179965345, 16.38777924960198 ], [ -95.850302519662463, 16.387211750344246 ], [ -95.85163131988584, 16.384395169857093 ], [ -95.853153119062199, 16.388936380482452 ], [ -95.855990399677083, 16.390162950362324 ], [ -95.854932119841905, 16.392934259908461 ], [ -95.858499969448189, 16.394664570438074 ], [ -95.860899259499391, 16.394709569841769 ], [ -95.860688150261964, 16.398773080989649 ], [ -95.860801250245657, 16.398426569811054 ], [ -95.86109718039107, 16.398954850948751 ], [ -95.861799660265049, 16.398718570501412 ], [ -95.862393169317215, 16.398258920473815 ], [ -95.863099318789011, 16.397941250290867 ], [ -95.863915419597618, 16.397878421195202 ], [ -95.864456770187786, 16.397804170238071 ], [ -95.864933229871554, 16.397734600859913 ], [ -95.86581299989372, 16.397537800644475 ], [ -95.866834279990499, 16.397089571167587 ], [ -95.867331289823156, 16.396993689901663 ], [ -95.867696289619985, 16.396926261184966 ], [ -95.868475320179897, 16.396953480612716 ], [ -95.869328850058594, 16.396780379825064 ], [ -95.869706619729669, 16.396766850342647 ], [ -95.869885379302076, 16.396929460179926 ], [ -95.869992368660334, 16.397239521097305 ], [ -95.870104749848792, 16.397540080931524 ], [ -95.870273879861898, 16.397920580534244 ], [ -95.870429628923247, 16.398272890786373 ], [ -95.870774769130421, 16.3984278301321 ], [ -95.871631828566478, 16.398036320700353 ], [ -95.873819999377091, 16.397054350832239 ], [ -95.874470179100683, 16.397358881041161 ], [ -95.875128920000535, 16.397308681343048 ], [ -95.875282249899186, 16.397578779928139 ], [ -95.875275549792377, 16.397976150504398 ], [ -95.87496467892872, 16.398292020496033 ], [ -95.874801458829467, 16.398833660147027 ], [ -95.875043659561001, 16.399437920681414 ], [ -95.875503250026142, 16.399713201268643 ], [ -95.876023060129938, 16.399894060045341 ], [ -95.877161420064283, 16.399653399840446 ], [ -95.877793319924777, 16.399327690482274 ], [ -95.878435938990776, 16.399060691107898 ], [ -95.878735059479538, 16.39935776977034 ], [ -95.879141649812965, 16.399689979995742 ], [ -95.879985089485089, 16.399424350902024 ], [ -95.879595949328561, 16.40027308077379 ], [ -95.879439999379315, 16.400913459688816 ], [ -95.879422148694005, 16.401171089852348 ], [ -95.879279749379151, 16.401885349655206 ], [ -95.87938782947694, 16.402902260347428 ], [ -95.879791000218802, 16.403039421354414 ], [ -95.879837859344704, 16.403786201322156 ], [ -95.879655600359129, 16.404244601034605 ], [ -95.879260079020312, 16.404660320665144 ], [ -95.879038600009537, 16.404971279927526 ], [ -95.879251479060855, 16.405233661002608 ], [ -95.879320120389494, 16.405537580829307 ], [ -95.879506490098237, 16.405904510734842 ], [ -95.880811228605737, 16.405302719831294 ], [ -95.882049059319101, 16.405047320903606 ], [ -95.882815718572004, 16.405047201044027 ], [ -95.88326029020854, 16.404592290156547 ], [ -95.88353471932551, 16.404678980728356 ], [ -95.883830338931446, 16.405171630350114 ], [ -95.884765648906154, 16.405455060006293 ], [ -95.885035428745411, 16.406328951272624 ], [ -95.885051399019815, 16.406960861120286 ], [ -95.884722539947347, 16.407325749749383 ], [ -95.88386719941154, 16.407555489665508 ], [ -95.883339828680604, 16.407652050664307 ], [ -95.882861479066648, 16.407980920532889 ], [ -95.882743889031417, 16.408319939670331 ], [ -95.88297171017139, 16.40857900076352 ], [ -95.883463420295058, 16.40894311120902 ], [ -95.883995279489568, 16.409393719682885 ], [ -95.884515479024486, 16.409904551199563 ], [ -95.885321109016189, 16.410260050848944 ], [ -95.886050489877832, 16.40951762041659 ], [ -95.886418979576248, 16.409042799604272 ], [ -95.886626679931538, 16.408439150176058 ], [ -95.886782258609358, 16.407384261177345 ], [ -95.887526769662884, 16.407087581317622 ], [ -95.888265740158459, 16.407227601100168 ], [ -95.889198450142729, 16.407507090990485 ], [ -95.889759680066732, 16.407733880024054 ], [ -95.890616830305191, 16.407418080969148 ], [ -95.891311749746805, 16.406934431182084 ], [ -95.891679908718217, 16.40598985023729 ], [ -95.892125049590121, 16.405456490337819 ], [ -95.892692880286873, 16.40528486084434 ], [ -95.893097510096382, 16.405407350597692 ], [ -95.8933699400813, 16.405647020513904 ], [ -95.8934502900034, 16.406051459802747 ], [ -95.893645628950665, 16.406466259707734 ], [ -95.894065429818127, 16.407080770599741 ], [ -95.89421836916938, 16.407672149611262 ], [ -95.894059179778282, 16.408401109908063 ], [ -95.894381519903035, 16.408687380453109 ], [ -95.894808119864479, 16.408181150097594 ], [ -95.895365089662846, 16.407398399569278 ], [ -95.89594511884863, 16.407172510683438 ], [ -95.896436719355293, 16.407305860696333 ], [ -95.896664620277107, 16.407900260340575 ], [ -95.896895579837775, 16.408294250117429 ], [ -95.897393428740145, 16.408013830993827 ], [ -95.897521509562708, 16.407205549906415 ], [ -95.897668828639098, 16.406353549688557 ], [ -95.89821925979345, 16.405560949594875 ], [ -95.899304749744005, 16.405304680624212 ], [ -95.8998471691433, 16.405053940516801 ], [ -95.900255970339686, 16.404580489974844 ], [ -95.902703279909247, 16.405456109817141 ], [ -95.903347540001832, 16.405394139699112 ], [ -95.903818320272393, 16.405407140683945 ], [ -95.903999450385356, 16.4056040800928 ], [ -95.904001578746389, 16.406002050314516 ], [ -95.903734369325662, 16.406420519887906 ], [ -95.90297109014098, 16.407001400912026 ], [ -95.902340629781165, 16.407594880941591 ], [ -95.902057280044787, 16.40845882083601 ], [ -95.902308599142614, 16.409823770421127 ], [ -95.902747939787901, 16.410314850660747 ], [ -95.904332909053039, 16.410095310579845 ], [ -95.904686518625439, 16.410104170031271 ], [ -95.904904218728674, 16.410386310294388 ], [ -95.905239059770167, 16.411267800500667 ], [ -95.90570113994464, 16.41150380129649 ], [ -95.906326340074273, 16.411448740063548 ], [ -95.907463890355672, 16.411025940643988 ], [ -95.90792018013957, 16.410711821335145 ], [ -95.90812957017593, 16.410213921312369 ], [ -95.907963618932385, 16.409555940651643 ], [ -95.907934400369214, 16.409026599649589 ], [ -95.908568978955429, 16.408922370906694 ], [ -95.909318549805192, 16.409611510360417 ], [ -95.910483399676679, 16.411091910591857 ], [ -95.910776889647522, 16.411921511322166 ], [ -95.910717079011519, 16.412495740454606 ], [ -95.911073149945153, 16.413220030173033 ], [ -95.911503678942907, 16.413612970790723 ], [ -95.920593568610116, 16.40667137064893 ], [ -95.920764569607798, 16.406507310398116 ], [ -95.947864879723184, 16.386648480625563 ], [ -95.943786950173319, 16.380516320229198 ], [ -95.944237220371889, 16.380086940311013 ], [ -95.945582550416887, 16.380098910283976 ], [ -95.945583324398683, 16.380099232439619 ], [ -95.946501909694859, 16.380481220542681 ], [ -95.947680549770027, 16.381346259806229 ], [ -95.94932433906304, 16.381718400786283 ], [ -95.950060659275834, 16.38249845112049 ], [ -95.950069492662209, 16.382497748835895 ], [ -95.951917169318435, 16.38235080079415 ], [ -95.953508398752788, 16.381325279949131 ], [ -95.954628078936082, 16.380367179679862 ], [ -95.955556478860146, 16.379259780063325 ], [ -95.956580579523504, 16.378213680555788 ], [ -95.956588828093018, 16.378215744514065 ], [ -95.959984830460215, 16.379065340086026 ], [ -95.960409058836703, 16.380548290364821 ], [ -95.960702628784446, 16.381893490024442 ], [ -95.961315339453748, 16.383892170876198 ], [ -95.961231180100356, 16.386370881357163 ], [ -95.960673999142614, 16.388726919813752 ], [ -95.960877660071802, 16.390736580152442 ], [ -95.961158600168005, 16.391794999644336 ], [ -95.961776779502074, 16.393472170740182 ], [ -95.963538689431715, 16.394440800010358 ], [ -95.965789709486288, 16.39474017983277 ], [ -95.965789802013205, 16.394739280199502 ], [ -95.965922968688901, 16.3934488005407 ], [ -95.966793459351706, 16.392063150276964 ], [ -95.96774308047668, 16.390644219615581 ], [ -95.970094119628399, 16.38995082957906 ], [ -95.970099323363272, 16.389952609411477 ], [ -95.972845149022817, 16.390891540977599 ], [ -95.975148660372056, 16.392174140623922 ], [ -95.977079090239783, 16.393617680376241 ], [ -95.977562249855723, 16.395547430768506 ], [ -95.977266599389864, 16.397099769907289 ], [ -95.976684079227951, 16.398894080522048 ], [ -95.976986679394017, 16.400330030641118 ], [ -95.97787632033797, 16.402051950765319 ], [ -95.978813719950509, 16.403670250333416 ], [ -95.979583089860512, 16.40505912039821 ], [ -95.981929260062785, 16.408019059834633 ], [ -95.98258625855793, 16.4091372211074 ], [ -95.983807508948132, 16.409728461212683 ], [ -95.984795480425035, 16.410653979647041 ], [ -95.98518333989233, 16.412366539565916 ], [ -95.984561738751026, 16.413569969847849 ], [ -95.983822028682454, 16.414743260682748 ], [ -95.983140199578742, 16.415563370156313 ], [ -95.98309319936412, 16.415969879932103 ], [ -95.983195258601953, 16.416249110060694 ], [ -95.983073059644639, 16.416326090322055 ], [ -95.983093719069132, 16.416768740935982 ], [ -95.983059169995428, 16.417239019732531 ], [ -95.983010079717928, 16.417669229628203 ], [ -95.982689428878217, 16.418164819730052 ], [ -95.982938379158028, 16.418559860684944 ], [ -95.982947785573103, 16.418559510753376 ], [ -95.983659078624981, 16.418533061020547 ], [ -95.984079950112204, 16.418493350674627 ], [ -95.984631139099804, 16.418239771115715 ], [ -95.984640409038576, 16.418240451653244 ], [ -95.985117680447871, 16.418275479729186 ], [ -95.985398970079999, 16.418612481260961 ], [ -95.985408235573317, 16.418612146224561 ], [ -95.985884688965186, 16.418594910218609 ], [ -95.986167258619105, 16.418292509632035 ], [ -95.987137919546129, 16.41820409128719 ], [ -95.987587260316857, 16.417973920788416 ], [ -95.9880390490938, 16.417903550362329 ], [ -95.988044058533134, 16.41790470893346 ], [ -95.988560030232705, 16.418024020972251 ], [ -95.988563455258443, 16.418022928566668 ], [ -95.988944738800427, 16.417901309702373 ], [ -95.989692798619245, 16.4177582004172 ], [ -95.989697346010544, 16.417759620015293 ], [ -95.990177229644445, 16.417909449568274 ], [ -95.990220769379462, 16.418234401013265 ], [ -95.990230395425826, 16.418232911495934 ], [ -95.990918859967891, 16.418126380604651 ], [ -95.990924652920611, 16.418127412839127 ], [ -95.991336908995919, 16.418200860536761 ], [ -95.99133822123531, 16.418199734027663 ], [ -95.991699028670411, 16.417890020780476 ], [ -95.991708753955066, 16.417890551428517 ], [ -95.992400018902487, 16.417928291243854 ], [ -95.993149119146125, 16.418931181004503 ], [ -95.9929773103283, 16.419689779700818 ], [ -95.993192910437799, 16.420700290600912 ], [ -95.993825568674097, 16.421720919736323 ], [ -95.994118108753185, 16.423164860631644 ], [ -95.995935919996327, 16.424196750829484 ], [ -95.996899138826635, 16.425363199814353 ], [ -95.999084229583445, 16.425618260759968 ], [ -95.999999999906564, 16.426438980601926 ], [ -96.00070636985528, 16.427339971315789 ], [ -96.001132879622787, 16.427689379946266 ], [ -96.001645518926907, 16.427832880091284 ], [ -96.002290489099352, 16.427920310073119 ], [ -96.00229357715304, 16.427919788562381 ], [ -96.003249429329742, 16.427758320615602 ], [ -96.003752369723415, 16.427717740239608 ], [ -96.003755654802077, 16.427718670719408 ], [ -96.004300770362846, 16.427873140827511 ], [ -96.004681720347065, 16.4280266607417 ], [ -96.005144749921115, 16.428318980592689 ], [ -96.006308309553376, 16.429055719950789 ], [ -96.00785203024401, 16.430003311118828 ], [ -96.008220690113163, 16.430191251212356 ], [ -96.008932569357569, 16.43068160116837 ], [ -96.009310939839025, 16.431053520758709 ], [ -96.009843419983071, 16.431541941050597 ], [ -96.010390368959733, 16.431823711304308 ], [ -96.010722919194436, 16.432022689552962 ], [ -96.011064260453651, 16.432486079891341 ], [ -96.0114061201689, 16.43291508013122 ], [ -96.011973479302171, 16.433484369867205 ], [ -96.012414580088816, 16.433615540743535 ], [ -96.014140920282017, 16.434312320514941 ], [ -96.01488815029667, 16.434849050381743 ], [ -96.015363450307632, 16.435118489699057 ], [ -96.015586370218728, 16.43548872011451 ], [ -96.015636749101034, 16.436282321189353 ], [ -96.015560509357968, 16.436649290875373 ], [ -96.015349630009823, 16.437279080407414 ], [ -96.015211799879708, 16.437806341330607 ], [ -96.015058800393319, 16.438597680883813 ], [ -96.014799338604547, 16.439284480616429 ], [ -96.014408078700981, 16.4399928604076 ], [ -96.014006118652986, 16.440586151265649 ], [ -96.012778348996719, 16.441216509849699 ], [ -96.012057599102064, 16.441461569779179 ], [ -96.011494149385172, 16.441558910095242 ], [ -96.009932750464984, 16.442070799683478 ], [ -96.009182430456178, 16.442786679913123 ], [ -96.008770650371318, 16.443207541060339 ], [ -96.008194280112065, 16.443385121032513 ], [ -96.007367579013277, 16.443491139529581 ], [ -96.006469378628395, 16.443561820958909 ], [ -96.005354708589735, 16.443733680689139 ], [ -96.004946139092837, 16.443890089989271 ], [ -96.004476819891053, 16.444114890587699 ], [ -96.004099380467579, 16.444662459731397 ], [ -96.00376057027097, 16.444980599982955 ], [ -96.003388950289292, 16.445045519682569 ], [ -96.002790180148807, 16.445096550074808 ], [ -96.002394688790005, 16.445149659957337 ], [ -96.001576578997586, 16.445531540832672 ], [ -96.001165740387265, 16.445871939933944 ], [ -96.00079159954106, 16.446143690368654 ], [ -96.00049882928802, 16.446611740912466 ], [ -96.00000554364992, 16.446784416717385 ], [ -96.000000020181687, 16.446786349847748 ], [ -95.998819379124484, 16.446154261123954 ], [ -95.997696718612644, 16.44604054129498 ], [ -95.997911999613109, 16.445482970680679 ], [ -95.99716378012937, 16.445380689581448 ], [ -95.996648289377504, 16.444554950238793 ], [ -95.995654249796132, 16.444449251106452 ], [ -95.995272459963019, 16.443662679967058 ], [ -95.994189890266085, 16.443342291007472 ], [ -95.994111339326338, 16.442650019651779 ], [ -95.993683108810032, 16.4417942299266 ], [ -95.993721919900381, 16.441168431227748 ], [ -95.993412179063839, 16.440545370619226 ], [ -95.99294374977282, 16.439831850470181 ], [ -95.992384179246287, 16.439260540936832 ], [ -95.991606249293739, 16.438623181050918 ], [ -95.991231998974826, 16.438449400563517 ], [ -95.990775258578822, 16.438163800743308 ], [ -95.989586583713177, 16.437498651657307 ], [ -95.989583849210447, 16.437497121266745 ], [ -95.989093180222582, 16.437574720963084 ], [ -95.989022430225063, 16.437775140037935 ], [ -95.987773779978468, 16.438191739652009 ], [ -95.988264418787125, 16.438412649728004 ], [ -95.988109059714333, 16.439839150083838 ], [ -95.987312347753672, 16.440429762903921 ], [ -95.987309600314049, 16.440431799792805 ], [ -95.986751732737631, 16.440241191726624 ], [ -95.986743649756704, 16.440238430248321 ], [ -95.986086428669537, 16.44110206015463 ], [ -95.985819709117393, 16.441559150896197 ], [ -95.985063090006761, 16.441896509711803 ], [ -95.984834689746066, 16.442555831259298 ], [ -95.984190088653335, 16.442803980091199 ], [ -95.98396424936297, 16.443083399976935 ], [ -95.983921279546806, 16.443507979700488 ], [ -95.983218998618057, 16.443931050959019 ], [ -95.983358169878102, 16.444397749844224 ], [ -95.982833739293483, 16.444975819909565 ], [ -95.982846349951444, 16.445848450948645 ], [ -95.981792599865074, 16.446023310446051 ], [ -95.981165379272809, 16.4465328598552 ], [ -95.98086965981939, 16.447229850520305 ], [ -95.979876339381519, 16.447700780118772 ], [ -95.979910939959623, 16.448115060489613 ], [ -95.980017488754314, 16.449208550222735 ], [ -95.980073949561998, 16.450997050828843 ], [ -95.979613749233124, 16.452011880856421 ], [ -95.97961704869833, 16.453385910417474 ], [ -95.978443510119618, 16.455835600410168 ], [ -95.977892968616658, 16.458058280041367 ], [ -95.977782378845774, 16.459771920100746 ], [ -95.976264969603079, 16.461131851038452 ], [ -95.974997750372211, 16.462019939654223 ], [ -95.973970520400698, 16.463102910525013 ], [ -95.963754395104175, 16.473504323683468 ], [ -95.963751618748418, 16.47350714984551 ], [ -95.947081768734876, 16.465933661089004 ], [ -95.946165829828658, 16.465460950370357 ], [ -95.94014647882608, 16.462354200953701 ], [ -95.912228049754688, 16.446103820281856 ], [ -95.891694259505485, 16.436581169989804 ], [ -95.89154439916075, 16.436496250334343 ] ] ] ] } },
{ "type": "Feature", "properties": { "CVEGEO": "20356", "CVE_ENT": "20", "CVE_MUN": "356", "PAISAJE": "Valles Centrales", "ID_PAISA": 1, "NOM_MUN": "Santa Ana del Valle", "HAS_MUN": 2792.9, "RM": "R1" }, "geometry": { "type": "MultiPolygon", "coordinates": [ [ [ [ -96.450258520428065, 16.987106860362243 ], [ -96.451040430178168, 16.984795550036051 ], [ -96.452242550332656, 16.985003780137383 ], [ -96.453855739737094, 16.985107080062711 ], [ -96.455707049646136, 16.985154379949606 ], [ -96.461979249590158, 16.984973089696471 ], [ -96.462471569625691, 16.984958860024651 ], [ -96.46442082779825, 16.984783360155564 ], [ -96.465477090268124, 16.984688250027197 ], [ -96.469132950274826, 16.984328830012068 ], [ -96.469680850421383, 16.984263570334829 ], [ -96.472453660213205, 16.983933220358608 ], [ -96.472575179783092, 16.983918740070511 ], [ -96.477209549610919, 16.983172289969186 ], [ -96.479773150102531, 16.982759310392712 ], [ -96.483762978829162, 16.982311570476774 ], [ -96.483922321123984, 16.982370876412165 ], [ -96.484145819424157, 16.98245406016142 ], [ -96.48512917811793, 16.982820061108914 ], [ -96.48604893681717, 16.98316238335147 ], [ -96.486501892146535, 16.983330964837194 ], [ -96.48693437561937, 16.983491926991697 ], [ -96.488029027899941, 16.983899324143817 ], [ -96.488091490430534, 16.983922570453696 ], [ -96.494837200219962, 16.986432889987469 ], [ -96.496883079940716, 16.987051679767685 ], [ -96.494801580239098, 16.991540890094498 ], [ -96.490408169527157, 17.00097254030819 ], [ -96.487059909765122, 17.008143979597175 ], [ -96.484163430135766, 17.014381859701679 ], [ -96.478896780063494, 17.025682200447548 ], [ -96.47245277951896, 17.039533250345929 ], [ -96.466924150151655, 17.051401630199333 ], [ -96.464629489688974, 17.048477180190606 ], [ -96.462106250258984, 17.046393370071616 ], [ -96.461808550350554, 17.046202370041325 ], [ -96.459464779625236, 17.045734820243958 ], [ -96.45331719990827, 17.040843019856652 ], [ -96.446052949977698, 17.037672660211371 ], [ -96.445119349928731, 17.036470509996217 ], [ -96.444575749646518, 17.03481120001706 ], [ -96.440113489760506, 17.027855489713737 ], [ -96.441434969574331, 17.023223879804465 ], [ -96.443036450421275, 17.016918659869756 ], [ -96.442709340307118, 17.015300519679286 ], [ -96.440719170127437, 17.014175750370736 ], [ -96.44168836953186, 17.01152215006157 ], [ -96.443307490350335, 17.007088910138464 ], [ -96.44350038016627, 17.006560780079994 ], [ -96.443932540402756, 17.005377449580497 ], [ -96.444203769785403, 17.004634750053171 ], [ -96.444581649886644, 17.003600079795 ], [ -96.444598649973344, 17.003553490394218 ], [ -96.44468339989686, 17.003321420353359 ], [ -96.445720859940977, 17.000480540015264 ], [ -96.445896280396198, 17.000000170063412 ], [ -96.446066649596034, 16.999496659642105 ], [ -96.447081080398107, 16.996498509883065 ], [ -96.447231919975039, 16.996052689751274 ], [ -96.44797266008932, 16.993863370080277 ], [ -96.449083110313268, 16.990581219826513 ], [ -96.450258520428065, 16.987106860362243 ] ] ] ] } },
{ "type": "Feature", "properties": { "CVEGEO": "20146", "CVE_ENT": "20", "CVE_MUN": "146", "PAISAJE": "Valles Centrales", "ID_PAISA": 1, "NOM_MUN": "San Francisco Logueche", "HAS_MUN": 4099.8, "RM": "R2" }, "geometry": { "type": "MultiPolygon", "coordinates": [ [ [ [ -96.373314549788745, 16.418543340139649 ], [ -96.373189580392989, 16.418439950138509 ], [ -96.372953770164401, 16.418463420444578 ], [ -96.372672799742091, 16.418193540164086 ], [ -96.372083419987362, 16.417378880429208 ], [ -96.371804880390755, 16.416448350185263 ], [ -96.371370030408912, 16.415311309734559 ], [ -96.371571599818452, 16.414781679933441 ], [ -96.371246059606307, 16.41410428003655 ], [ -96.370717420125359, 16.413507949699444 ], [ -96.370406829894833, 16.413681450285935 ], [ -96.369929250074904, 16.414027950262422 ], [ -96.369425169602309, 16.41361556997024 ], [ -96.369339750378217, 16.4131674196205 ], [ -96.369348659854637, 16.412281860402384 ], [ -96.369143399590811, 16.411776579928567 ], [ -96.368949579853449, 16.411110219608066 ], [ -96.368707580353302, 16.410352029602613 ], [ -96.368454289612757, 16.409800889949317 ], [ -96.367543950169534, 16.409573780093918 ], [ -96.367183599904024, 16.409218459673053 ], [ -96.366871180184262, 16.408839890259681 ], [ -96.366416720171472, 16.408956380315558 ], [ -96.365795849785528, 16.409360799947251 ], [ -96.365604169849277, 16.409315399960764 ], [ -96.365579109713693, 16.408993549613381 ], [ -96.365697510266997, 16.408636659956489 ], [ -96.365827549811158, 16.408164750108053 ], [ -96.365741579931068, 16.407544089637405 ], [ -96.365631680180002, 16.406900459847225 ], [ -96.365352860467297, 16.405889369697498 ], [ -96.365625779716439, 16.405210079729667 ], [ -96.366053950070878, 16.404438279979018 ], [ -96.366313950033174, 16.403494460013871 ], [ -96.366479319762433, 16.402872979827436 ], [ -96.366236370135141, 16.401838860186533 ], [ -96.36580405989514, 16.401414720243533 ], [ -96.365023919569254, 16.400784710026901 ], [ -96.364477489677412, 16.400347689947864 ], [ -96.364195980198886, 16.400093310416455 ], [ -96.363939170366365, 16.399921090009475 ], [ -96.363844550131276, 16.39990126027357 ], [ -96.363772710004383, 16.399736059637245 ], [ -96.363732479600245, 16.399470709544165 ], [ -96.363668689935508, 16.399339659845111 ], [ -96.363509680181807, 16.39924310972161 ], [ -96.363435250083413, 16.399130720147927 ], [ -96.363435949731098, 16.398992579818405 ], [ -96.363431119795351, 16.398868549777507 ], [ -96.363359509792801, 16.398808660413259 ], [ -96.363277710263816, 16.398877019967088 ], [ -96.363159090195381, 16.399001139681964 ], [ -96.36305358008569, 16.39901037018176 ], [ -96.362998489806728, 16.398939199656446 ], [ -96.362973349607287, 16.398803369554724 ], [ -96.362943860266412, 16.398690399937923 ], [ -96.362903659777075, 16.398672419661054 ], [ -96.362796260445464, 16.398714420062124 ], [ -96.362679719592833, 16.398729719784892 ], [ -96.362541999557649, 16.398678449667688 ], [ -96.362390149939486, 16.39863978011061 ], [ -96.362356780264648, 16.398622059904255 ], [ -96.362349050113551, 16.398477020289441 ], [ -96.362363969560803, 16.398317049544431 ], [ -96.362263680251544, 16.398189689806472 ], [ -96.362149419943918, 16.398036350270171 ], [ -96.362098619998491, 16.3978963398547 ], [ -96.36213940010785, 16.397727089980322 ], [ -96.362125489630714, 16.397606630014923 ], [ -96.361960600061138, 16.397487819660913 ], [ -96.361861199671679, 16.39735186037224 ], [ -96.361762550142771, 16.397269380153684 ], [ -96.3616741196292, 16.397150720169844 ], [ -96.361512429723817, 16.397113680362196 ], [ -96.361443090365228, 16.397070949724185 ], [ -96.361389480282128, 16.396932020149137 ], [ -96.361338230011469, 16.396867689905225 ], [ -96.361228660216625, 16.39682367976998 ], [ -96.361017819555727, 16.396696569589896 ], [ -96.360815309912752, 16.396530229925659 ], [ -96.360715199741421, 16.396358169966604 ], [ -96.36065028012014, 16.396239490034123 ], [ -96.360535979529445, 16.396140000262339 ], [ -96.360466090336075, 16.396080249981004 ], [ -96.360398289905135, 16.395966339822561 ], [ -96.360369289969768, 16.395825740446636 ], [ -96.360379340046904, 16.3957219401054 ], [ -96.360327250231848, 16.395675340424869 ], [ -96.360256169723485, 16.395668909565742 ], [ -96.360171000036061, 16.395725120017513 ], [ -96.360140290115964, 16.395759920321439 ], [ -96.360069599931435, 16.395763659712973 ], [ -96.359978259707177, 16.395717819765522 ], [ -96.359910420013549, 16.39571651017306 ], [ -96.359811459748101, 16.395760279675809 ], [ -96.359765649967045, 16.395820540406071 ], [ -96.359700649986479, 16.395852400409066 ], [ -96.359592890237252, 16.395830249717751 ], [ -96.35952036957859, 16.395724460098027 ], [ -96.359481660220993, 16.395663349833047 ], [ -96.359370350109131, 16.3956653700468 ], [ -96.35924621979575, 16.395594849942043 ], [ -96.359095519642537, 16.395482430403316 ], [ -96.358965340094514, 16.395386690372057 ], [ -96.358849460179229, 16.395343710309689 ], [ -96.358666800131004, 16.395323149814924 ], [ -96.358531260041076, 16.39535812017856 ], [ -96.358392080212241, 16.395238170389145 ], [ -96.358282280336226, 16.395192289572865 ], [ -96.358199690071331, 16.395185659585778 ], [ -96.358128709671902, 16.395071750422645 ], [ -96.358118429832274, 16.39497057996099 ], [ -96.357979450182413, 16.394934030077867 ], [ -96.35789807987625, 16.394809309809308 ], [ -96.357795780116035, 16.394566600004957 ], [ -96.357726450280012, 16.394380659755708 ], [ -96.357584449910888, 16.39431416986675 ], [ -96.357335259785316, 16.394213060115074 ], [ -96.357178110175042, 16.394185279732067 ], [ -96.357113179744488, 16.394112970195021 ], [ -96.357067250460901, 16.394019580050255 ], [ -96.356948250027614, 16.394054349854553 ], [ -96.356848709947769, 16.394054920373843 ], [ -96.356811259793503, 16.393974939720735 ], [ -96.356815520392203, 16.39380284999881 ], [ -96.356782050179774, 16.393647999633892 ], [ -96.356727850147635, 16.393611380251969 ], [ -96.356670339955429, 16.393655259867881 ], [ -96.356622260125221, 16.393760939695891 ], [ -96.35649785968792, 16.39378692037819 ], [ -96.356404539657461, 16.393733479866942 ], [ -96.356357279882232, 16.393624180408395 ], [ -96.356263950184143, 16.393430230348464 ], [ -96.356253980178593, 16.393336650068861 ], [ -96.356233479737, 16.393162749604247 ], [ -96.356130949960985, 16.392969120443389 ], [ -96.355959480268723, 16.39270894956729 ], [ -96.355839619966105, 16.392614889774826 ], [ -96.35531824981102, 16.392356370410742 ], [ -96.355105178646326, 16.392287436640331 ], [ -96.354987950163121, 16.392249509936001 ], [ -96.354834429588763, 16.391993179597826 ], [ -96.354790059845712, 16.391740999579707 ], [ -96.354813874849484, 16.391584050626481 ], [ -96.354836799743566, 16.391432970384155 ], [ -96.354881576208655, 16.391324686280267 ], [ -96.355063642122545, 16.390884395618851 ], [ -96.355105049541578, 16.390784260175099 ], [ -96.355286519648644, 16.390460629768466 ], [ -96.355439509721123, 16.390246110371962 ], [ -96.355541779963986, 16.389948460367606 ], [ -96.355703280245407, 16.389525490348909 ], [ -96.355773629991802, 16.389158689827426 ], [ -96.355742829978325, 16.388751679915021 ], [ -96.355518570330531, 16.388085509752766 ], [ -96.355550510144639, 16.387668569808859 ], [ -96.355475680167842, 16.387305230046032 ], [ -96.355317420352208, 16.387155019758278 ], [ -96.355104519587812, 16.386512490040598 ], [ -96.354966460075019, 16.385976880436335 ], [ -96.35478745959324, 16.385508149961002 ], [ -96.354671579975829, 16.384707319609184 ], [ -96.354620950341157, 16.383924909702952 ], [ -96.354567739950795, 16.383206139983017 ], [ -96.35460341988825, 16.382331450239587 ], [ -96.354722166750577, 16.382014007953909 ], [ -96.354844290250597, 16.381687539652994 ], [ -96.35489510263595, 16.381607266641986 ], [ -96.355097849882924, 16.381286970319191 ], [ -96.355359318916172, 16.380809607999684 ], [ -96.355381140047243, 16.380769769697242 ], [ -96.355438661342987, 16.380698755505296 ], [ -96.355567844427981, 16.380539267841364 ], [ -96.355597220214392, 16.380503000409689 ], [ -96.35572431472724, 16.380252807028434 ], [ -96.355882258975583, 16.379941880531518 ], [ -96.35603928924084, 16.379533621149722 ], [ -96.356139869483755, 16.379238410150066 ], [ -96.356175978838678, 16.379132419554573 ], [ -96.356229116143155, 16.378818302141823 ], [ -96.356250079386825, 16.378694378121473 ], [ -96.356281689440465, 16.37850751124207 ], [ -96.356268946353666, 16.378391974077513 ], [ -96.356255457820467, 16.378269687823089 ], [ -96.35623774942259, 16.378109139942975 ], [ -96.356153510062612, 16.377861479734523 ], [ -96.356091517173056, 16.377729059096314 ], [ -96.356023719213852, 16.377584230546486 ], [ -96.356019370031504, 16.377324956406607 ], [ -96.356015938347994, 16.377120374936585 ], [ -96.35601137886141, 16.376848519588382 ], [ -96.35608547569629, 16.376191180321264 ], [ -96.356192289340854, 16.375243579571539 ], [ -96.35626527979403, 16.374671451159806 ], [ -96.356289609306756, 16.374607893683422 ], [ -96.356330890648422, 16.374500054139663 ], [ -96.356354939712247, 16.374437229556865 ], [ -96.356546149756682, 16.373948619713563 ], [ -96.356527778784752, 16.373499261135493 ], [ -96.356419090335493, 16.373164550042691 ], [ -96.356324290446111, 16.372862420267474 ], [ -96.356320934853713, 16.372703271489634 ], [ -96.356316780765795, 16.372506175663041 ], [ -96.35631259951704, 16.372307821006959 ], [ -96.35648730919192, 16.372017341273313 ], [ -96.356768049943682, 16.372237230085549 ], [ -96.357027170344807, 16.372412490396034 ], [ -96.357338140029142, 16.372568620133194 ], [ -96.357541649934959, 16.372586910392101 ], [ -96.357791719911617, 16.372536599868614 ], [ -96.358026490070429, 16.372419819825705 ], [ -96.358035391885323, 16.372410630164499 ], [ -96.358189340196461, 16.372251710753908 ], [ -96.358248849097222, 16.372000449737609 ], [ -96.358349029786197, 16.371758629729385 ], [ -96.358538078757491, 16.371551911035414 ], [ -96.358740950341414, 16.371409090128612 ], [ -96.358962950210696, 16.371401680061517 ], [ -96.359156000059741, 16.371298079601956 ], [ -96.359463020409038, 16.371050450053016 ], [ -96.359838690282515, 16.370686650145885 ], [ -96.360004030155665, 16.370424320370045 ], [ -96.360055339978132, 16.370177549655832 ], [ -96.35997443037337, 16.369885939929013 ], [ -96.359980490312211, 16.369736950359439 ], [ -96.35947107989908, 16.36925928027512 ], [ -96.359347059736919, 16.368708480045818 ], [ -96.358685719855714, 16.368024110080821 ], [ -96.358217229838132, 16.367591080240075 ], [ -96.357844449570877, 16.367203249751341 ], [ -96.357727619616028, 16.366790340017769 ], [ -96.357751689778851, 16.366687519989433 ], [ -96.35790671966484, 16.366156580177307 ], [ -96.357987890034252, 16.365903019886812 ], [ -96.358175059653192, 16.365510619574902 ], [ -96.358430490372925, 16.364749779870767 ], [ -96.358592820060096, 16.364242630204405 ], [ -96.358595820214859, 16.363461110353114 ], [ -96.358596430295066, 16.363299910135396 ], [ -96.358736549998156, 16.362976879786483 ], [ -96.358710400046974, 16.362712679675514 ], [ -96.358792369950407, 16.362551059968389 ], [ -96.359048980391435, 16.362263200013413 ], [ -96.359287879603414, 16.361995200378406 ], [ -96.359654970446613, 16.361739289958852 ], [ -96.360049340447517, 16.361585110448832 ], [ -96.3601655399858, 16.36153967970526 ], [ -96.360639540104074, 16.361248399998008 ], [ -96.360845919789284, 16.361024519838637 ], [ -96.361088000228023, 16.360761889665419 ], [ -96.361524649657099, 16.360286979719731 ], [ -96.361925139688765, 16.359766380058417 ], [ -96.361970349525905, 16.359490110353942 ], [ -96.361895109863511, 16.359065349806112 ], [ -96.361617849900938, 16.358699750164043 ], [ -96.361417279778919, 16.358473539963359 ], [ -96.361172580020224, 16.358197549853223 ], [ -96.360820830443004, 16.357582720448768 ], [ -96.360773249815011, 16.35749955002429 ], [ -96.36028848982258, 16.356572319761064 ], [ -96.359541749775573, 16.355658739713984 ], [ -96.359228150411795, 16.355224449606553 ], [ -96.35899968030958, 16.354984889644832 ], [ -96.358561569729972, 16.353942320400645 ], [ -96.358235250322323, 16.353416169621699 ], [ -96.357988169631682, 16.352418019675941 ], [ -96.357959800010065, 16.352228279750229 ], [ -96.357886889739646, 16.35174056955519 ], [ -96.357774199757216, 16.351120689857535 ], [ -96.357503689759994, 16.350168720220605 ], [ -96.357496200223608, 16.349318059966613 ], [ -96.357242059790053, 16.348871799980806 ], [ -96.357107169729261, 16.348436050246622 ], [ -96.356884939841251, 16.347552650166431 ], [ -96.356824969974326, 16.347507150329889 ], [ -96.356712079665442, 16.34686429010706 ], [ -96.353365449576444, 16.342925430425328 ], [ -96.35286742993172, 16.341837350347991 ], [ -96.353092019912083, 16.340283550204841 ], [ -96.353414520381946, 16.339027829944524 ], [ -96.352573599920632, 16.329597819613486 ], [ -96.36090740001886, 16.331238230314788 ], [ -96.362561028935389, 16.331575020366614 ], [ -96.363610799524224, 16.331995280125145 ], [ -96.366498199367072, 16.331967861054746 ], [ -96.370143308672112, 16.332850910730265 ], [ -96.375626739597749, 16.331607969611696 ], [ -96.378589140140747, 16.334070770708909 ], [ -96.37948551925966, 16.334002659898569 ], [ -96.379939049954672, 16.334271660045051 ], [ -96.380197279105474, 16.334926080094014 ], [ -96.380193848602289, 16.335791090213419 ], [ -96.380558920214881, 16.33662411069643 ], [ -96.383087980342978, 16.337661539586364 ], [ -96.383582229218646, 16.337696369799801 ], [ -96.38439051885203, 16.338520110424923 ], [ -96.385950950229017, 16.338879150485884 ], [ -96.386387909326842, 16.339661710844542 ], [ -96.386730618697484, 16.340393369999408 ], [ -96.38952754940928, 16.345507539762959 ], [ -96.390610689330543, 16.349359340459308 ], [ -96.391142570010814, 16.350948781049166 ], [ -96.391589418881978, 16.351318109858905 ], [ -96.392561569400868, 16.351802200699645 ], [ -96.398039518743985, 16.352040750195478 ], [ -96.398603998600336, 16.352139230852856 ], [ -96.400522059536556, 16.352402520819535 ], [ -96.40716610953524, 16.358807879922818 ], [ -96.415803909848506, 16.36719750980361 ], [ -96.413610399404405, 16.372482549545694 ], [ -96.411303519580159, 16.376915060027233 ], [ -96.409768339578591, 16.379384540420645 ], [ -96.408700680384896, 16.381101910258831 ], [ -96.406883969695727, 16.384024029831899 ], [ -96.406190429593678, 16.385139540397851 ], [ -96.405168619876278, 16.386783019973119 ], [ -96.403538380362619, 16.389404979587347 ], [ -96.403361280401313, 16.389689820070302 ], [ -96.402781450238038, 16.390622350432281 ], [ -96.402307370422946, 16.391877449999377 ], [ -96.398839520230624, 16.397514950433163 ], [ -96.394260539522364, 16.404958030411194 ], [ -96.394012437520402, 16.405361297660523 ], [ -96.393423122631049, 16.406319166522458 ], [ -96.38902936954355, 16.413460310400943 ], [ -96.388391850260973, 16.414151620216991 ], [ -96.388147800061901, 16.414601619692753 ], [ -96.387504110099073, 16.415328249862192 ], [ -96.387146540405936, 16.415743319961578 ], [ -96.385459520180774, 16.419279230141164 ], [ -96.384641490409066, 16.418786770347122 ], [ -96.384320119582384, 16.418558520414372 ], [ -96.383889749621332, 16.418387920215448 ], [ -96.383505920387933, 16.418383689617944 ], [ -96.383212549839286, 16.418516650398168 ], [ -96.382775720214823, 16.418767649649645 ], [ -96.382289829790594, 16.418913919762598 ], [ -96.38185654035459, 16.418815220456153 ], [ -96.381467919662555, 16.418666749658527 ], [ -96.381057180179354, 16.418538020003165 ], [ -96.38076756953005, 16.418578520185086 ], [ -96.380472080259921, 16.418762850229868 ], [ -96.380006380135029, 16.418820319864601 ], [ -96.379720570169567, 16.418826940311718 ], [ -96.379401080158601, 16.418773020403378 ], [ -96.379077630354601, 16.418638720413416 ], [ -96.378756020176255, 16.418459180230137 ], [ -96.378570259671989, 16.418316179538586 ], [ -96.378400649661913, 16.418309749780057 ], [ -96.378191400140693, 16.418389000275056 ], [ -96.377951510035132, 16.418599579806671 ], [ -96.377736200013075, 16.418601339759991 ], [ -96.37743390965413, 16.418423749909749 ], [ -96.377221230139611, 16.418251969695955 ], [ -96.376997919713745, 16.418096629644818 ], [ -96.37682391993205, 16.41802600008468 ], [ -96.376713419697694, 16.41799004993306 ], [ -96.376539090322765, 16.418010969723834 ], [ -96.376160890155575, 16.418088260087735 ], [ -96.375724909947053, 16.41816287954844 ], [ -96.375398970441225, 16.418241659776978 ], [ -96.375234020015384, 16.41833034019557 ], [ -96.375166800441008, 16.418434109592368 ], [ -96.375188769785751, 16.418571619981297 ], [ -96.375307490207064, 16.418725539596672 ], [ -96.375336219877497, 16.418889909701434 ], [ -96.375280509754774, 16.419001710008835 ], [ -96.375020910017227, 16.419094399728092 ], [ -96.374683050131196, 16.419176520079226 ], [ -96.374457879867165, 16.419293290280027 ], [ -96.374241279792713, 16.419296460093602 ], [ -96.374016580008458, 16.419201880070695 ], [ -96.37383989011559, 16.419056780139872 ], [ -96.373492799652396, 16.418825520191081 ], [ -96.373314549788745, 16.418543340139649 ] ] ] ] } },
{ "type": "Feature", "properties": { "CVEGEO": "20219", "CVE_ENT": "20", "CVE_MUN": "219", "PAISAJE": "Valles Centrales", "ID_PAISA": 1, "NOM_MUN": "San Juan Teitipac", "HAS_MUN": 4136.4, "RM": "R1" }, "geometry": { "type": "MultiPolygon", "coordinates": [ [ [ [ -96.592857060298925, 16.93546949029561 ], [ -96.587221319021154, 16.931180540551772 ], [ -96.585790169735347, 16.929906120600485 ], [ -96.581536400298717, 16.93118982000161 ], [ -96.589726020402281, 16.924053800051066 ], [ -96.589294350130373, 16.917919769666522 ], [ -96.587420780210564, 16.912540720161637 ], [ -96.587201800193526, 16.911912030077598 ], [ -96.583055120364207, 16.899864770239287 ], [ -96.576978579761871, 16.882208420362478 ], [ -96.57513103028522, 16.878709309939335 ], [ -96.572584480243833, 16.873886199966169 ], [ -96.556728970407747, 16.844727169703106 ], [ -96.580321309730209, 16.839927339559232 ], [ -96.60807396965356, 16.879120260216631 ], [ -96.610451890113069, 16.883076630395532 ], [ -96.609944260244404, 16.892493940318204 ], [ -96.615062220194119, 16.896221950384597 ], [ -96.628418889730654, 16.887997280182923 ], [ -96.629498619926352, 16.894990719708058 ], [ -96.62961490964878, 16.895740949679212 ], [ -96.629626489548116, 16.895818940159604 ], [ -96.630903150142714, 16.904087140254632 ], [ -96.632925940361488, 16.917187860418281 ], [ -96.632151490178373, 16.917721029629661 ], [ -96.630280520022424, 16.919009050179486 ], [ -96.63053551996876, 16.919105080096095 ], [ -96.630473030374347, 16.91975322961985 ], [ -96.630200180459966, 16.919826569608443 ], [ -96.630110459768005, 16.919787089795914 ], [ -96.629926079949598, 16.919738949573876 ], [ -96.629715220271933, 16.919788179928251 ], [ -96.629619309764877, 16.919870140436522 ], [ -96.629214710291052, 16.919946349935262 ], [ -96.628995650392241, 16.92000972018408 ], [ -96.62879555038478, 16.920114090451442 ], [ -96.628699110450682, 16.920398939826818 ], [ -96.628691089964533, 16.920830579766239 ], [ -96.628640339699743, 16.920874850238768 ], [ -96.62825675030399, 16.921221690061383 ], [ -96.628214259873346, 16.921488179805046 ], [ -96.628064200022393, 16.92156879970717 ], [ -96.628022880106016, 16.921653719605001 ], [ -96.627883289842501, 16.921753480262964 ], [ -96.627748200407737, 16.92177325045877 ], [ -96.627456800372812, 16.922019419612639 ], [ -96.627310769743758, 16.922135199699493 ], [ -96.627112510259636, 16.922449519834746 ], [ -96.627027029581782, 16.923429320075133 ], [ -96.627093060256257, 16.92348114019476 ], [ -96.626901979901206, 16.923887219671979 ], [ -96.626683180199421, 16.92399437019662 ], [ -96.626510709608723, 16.923922820127263 ], [ -96.626378200037593, 16.923851919633609 ], [ -96.626338679817167, 16.923811979716788 ], [ -96.626196379694449, 16.923690019767392 ], [ -96.625952570033618, 16.923717169570477 ], [ -96.625631249837539, 16.923861999771489 ], [ -96.625506879690974, 16.924162249998432 ], [ -96.62552056963905, 16.924219679888527 ], [ -96.625547050180955, 16.924323829834698 ], [ -96.625593849577683, 16.924507400249844 ], [ -96.625660170211688, 16.924681829691579 ], [ -96.625715849724628, 16.924837689870895 ], [ -96.625731920347803, 16.924923480377633 ], [ -96.625739200018558, 16.925016749667805 ], [ -96.625785709977279, 16.925170660368781 ], [ -96.625712119875132, 16.925436379751169 ], [ -96.625624860420913, 16.925491620071043 ], [ -96.625466339937546, 16.925524200163029 ], [ -96.625313999872148, 16.925576259706236 ], [ -96.624931540066513, 16.925628629847655 ], [ -96.624881260160009, 16.926066850312509 ], [ -96.62495666001638, 16.926244950335221 ], [ -96.625199080090468, 16.926617539903567 ], [ -96.625263049808382, 16.92705342986989 ], [ -96.625204489861915, 16.927119379842757 ], [ -96.625072979866744, 16.927181800018062 ], [ -96.624843459800033, 16.927363150442027 ], [ -96.624709889590221, 16.927512219937825 ], [ -96.624631140300835, 16.928140289997533 ], [ -96.624746619701654, 16.928523310107185 ], [ -96.624865310173647, 16.928601109695833 ], [ -96.624926980216941, 16.928613850396633 ], [ -96.624997510373305, 16.928600120051676 ], [ -96.62523653957598, 16.928724860421994 ], [ -96.625202909916169, 16.928852679760066 ], [ -96.6251191096311, 16.929115250246515 ], [ -96.625083569694496, 16.929300199945725 ], [ -96.62479161969776, 16.929702419834509 ], [ -96.624773279717672, 16.929930279571181 ], [ -96.625288820049221, 16.93015454967847 ], [ -96.625293519716863, 16.930325619957415 ], [ -96.625592620029309, 16.930881819960966 ], [ -96.625493849722403, 16.931104400328312 ], [ -96.625463140348003, 16.931481279907487 ], [ -96.62546426020225, 16.93161536985944 ], [ -96.625226120064156, 16.931925599773002 ], [ -96.625176940143163, 16.931922460052441 ], [ -96.625115149648792, 16.932023229818675 ], [ -96.624991749654711, 16.932029199975698 ], [ -96.624984349613143, 16.931915920378451 ], [ -96.624844979556983, 16.931872489629448 ], [ -96.624416739940187, 16.932052250274701 ], [ -96.624338940210109, 16.932122049602555 ], [ -96.624297649963424, 16.932236249993725 ], [ -96.624275520458482, 16.932247880207594 ], [ -96.624219000420752, 16.932224910401661 ], [ -96.624106579632084, 16.932207419883163 ], [ -96.624001630154666, 16.932274889556115 ], [ -96.623892949920844, 16.93232751022466 ], [ -96.623785740422278, 16.932344910312867 ], [ -96.623695579941753, 16.932294080350104 ], [ -96.623587229733786, 16.932266649567232 ], [ -96.623483219552057, 16.932230769931845 ], [ -96.623355430104951, 16.932246450312764 ], [ -96.623196799532806, 16.932282579996837 ], [ -96.623154340027114, 16.932268179994615 ], [ -96.622750379941053, 16.932575620125263 ], [ -96.622766740207609, 16.932688799919699 ], [ -96.622744819682168, 16.932967169827247 ], [ -96.622816280248045, 16.932972780430259 ], [ -96.622807660041715, 16.933465780242006 ], [ -96.622739570423732, 16.933530570448514 ], [ -96.622579849799507, 16.933585020179976 ], [ -96.62247338018075, 16.933655450154351 ], [ -96.622259260311367, 16.933686049936295 ], [ -96.6221389996102, 16.933834629684188 ], [ -96.622142859882771, 16.934145940387353 ], [ -96.622324780365176, 16.93435568993208 ], [ -96.622364740376383, 16.934489980024519 ], [ -96.622548710150355, 16.934756679876386 ], [ -96.622608260015568, 16.934853459768348 ], [ -96.62268228962354, 16.934998649567788 ], [ -96.62277214045119, 16.935227350217801 ], [ -96.622876289894293, 16.935411709580546 ], [ -96.622903350176983, 16.935465060296252 ], [ -96.622842919730246, 16.935836120204915 ], [ -96.622757020205555, 16.935888629914356 ], [ -96.622624379562154, 16.935961180264808 ], [ -96.622423050472662, 16.935988249883653 ], [ -96.622365420183996, 16.936025350419296 ], [ -96.622242889673913, 16.936371219565558 ], [ -96.622234320395535, 16.936454780341698 ], [ -96.622244549978873, 16.936920680107463 ], [ -96.622310720400577, 16.937050110070228 ], [ -96.622452550146036, 16.938033179914527 ], [ -96.622479510291541, 16.938265779684659 ], [ -96.622397820283553, 16.938476480353511 ], [ -96.622318950281368, 16.938568420144797 ], [ -96.622220339967285, 16.938675089620251 ], [ -96.62210066024582, 16.938736659797232 ], [ -96.621993110326628, 16.938774649642692 ], [ -96.621879920015957, 16.938818230288312 ], [ -96.621809090416548, 16.938845109616942 ], [ -96.621692880227044, 16.938846480029166 ], [ -96.62156213996137, 16.938790139782665 ], [ -96.621284910162871, 16.938542509930301 ], [ -96.621210520256383, 16.938505950310144 ], [ -96.621127740106601, 16.938488180286324 ], [ -96.620965449863448, 16.938475859617117 ], [ -96.620885379523656, 16.938444140403728 ], [ -96.620794910315738, 16.938598060059661 ], [ -96.620708749929946, 16.939004739905542 ], [ -96.620608029760277, 16.939076229802907 ], [ -96.620538079953789, 16.939106649582708 ], [ -96.620460830409172, 16.939454230001829 ], [ -96.620323719588868, 16.940158619682755 ], [ -96.620279650281589, 16.940789599871568 ], [ -96.620247150331778, 16.940870490304668 ], [ -96.620152969659372, 16.941015320211388 ], [ -96.620008380307155, 16.941071920000692 ], [ -96.619582280242724, 16.940930599563494 ], [ -96.619555120133242, 16.940761310122284 ], [ -96.619476580406058, 16.940600089874028 ], [ -96.619208980408416, 16.940487650075756 ], [ -96.619081089704551, 16.940512910230602 ], [ -96.618880109796464, 16.940678799615807 ], [ -96.619001910437447, 16.940769949979433 ], [ -96.619124549566322, 16.94095018005401 ], [ -96.618362629722014, 16.9412098796824 ], [ -96.617484750286835, 16.941180849654348 ], [ -96.616955740161046, 16.941142599788087 ], [ -96.616844279661279, 16.941128110249025 ], [ -96.616114520195865, 16.941033230445456 ], [ -96.614968720383843, 16.941404830185125 ], [ -96.613994999555089, 16.941317569640987 ], [ -96.613929480233566, 16.941330539877743 ], [ -96.611862369988714, 16.941739749881602 ], [ -96.611427420258906, 16.941966799961911 ], [ -96.611017119915005, 16.942136429848869 ], [ -96.610196290201699, 16.942487309885685 ], [ -96.60947371014268, 16.94258579971196 ], [ -96.608656539713678, 16.942476509674766 ], [ -96.607756060046739, 16.942251689597072 ], [ -96.607205199898189, 16.941937219741604 ], [ -96.60653205994403, 16.941875030358315 ], [ -96.605508480060521, 16.942005920402067 ], [ -96.604664999921994, 16.942172520405965 ], [ -96.60300597968633, 16.942492969913427 ], [ -96.599836309561582, 16.940699939794708 ], [ -96.592857060298925, 16.93546949029561 ] ] ] ] } },
{ "type": "Feature", "properties": { "CVEGEO": "20145", "CVE_ENT": "20", "CVE_MUN": "145", "PAISAJE": "Valles Centrales", "ID_PAISA": 1, "NOM_MUN": "San Francisco Lachigoló", "HAS_MUN": 1147.5, "RM": "R1" }, "geometry": { "type": "MultiPolygon", "coordinates": [ [ [ [ -96.581322181436846, 17.017350137160943 ], [ -96.581577089562671, 17.016373799751825 ], [ -96.581665580029181, 17.016298140128924 ], [ -96.582000860280871, 17.016080890756538 ], [ -96.582480749145546, 17.015852089798575 ], [ -96.582645739151076, 17.015785399640844 ], [ -96.583118509026349, 17.015585030578045 ], [ -96.583253520290498, 17.015484340150479 ], [ -96.583361920420217, 17.015414970381229 ], [ -96.583417289053813, 17.015385891206012 ], [ -96.583462750386104, 17.015362000642732 ], [ -96.583547488972215, 17.015321771295476 ], [ -96.58369502970902, 17.015254980569853 ], [ -96.583759169766253, 17.015206449735416 ], [ -96.583847598844656, 17.015148370949461 ], [ -96.58385142935515, 17.015145850529905 ], [ -96.583947539340357, 17.015084661279225 ], [ -96.584093029496856, 17.015024119590507 ], [ -96.584224939542352, 17.014960430815051 ], [ -96.584352859244888, 17.014878029856067 ], [ -96.584392689825066, 17.014860650383742 ], [ -96.584479920308908, 17.014818879567045 ], [ -96.584574319629155, 17.014780630602342 ], [ -96.584704738693063, 17.014693059626694 ], [ -96.584831918772679, 17.014608341272435 ], [ -96.585000050127888, 17.014507250598182 ], [ -96.585192289605544, 17.014421920600181 ], [ -96.585333148633282, 17.014304950158902 ], [ -96.585390220327653, 17.014271310355127 ], [ -96.585447860045178, 17.014222770352298 ], [ -96.585466979503977, 17.01420775114202 ], [ -96.585502178907646, 17.014180081233039 ], [ -96.585603709493455, 17.01411826053117 ], [ -96.585683348895458, 17.014061599584842 ], [ -96.585761649691548, 17.014037170815477 ], [ -96.585897659419317, 17.013981710767691 ], [ -96.585987308901309, 17.013924551564315 ], [ -96.586152248999497, 17.013828121078465 ], [ -96.586277260301557, 17.013774880984553 ], [ -96.586407794188489, 17.013763993000154 ], [ -96.586411428669564, 17.013763689610105 ], [ -96.586496489794968, 17.013756580657123 ], [ -96.586506667818327, 17.013716737645453 ], [ -96.586519089243239, 17.013668110031393 ], [ -96.586548629891624, 17.013611400920524 ], [ -96.586600148661503, 17.013525110309438 ], [ -96.5866728002581, 17.013489481292826 ], [ -96.586750570305256, 17.013448370184602 ], [ -96.586870420214723, 17.013387909948992 ], [ -96.586969349431783, 17.013333580813597 ], [ -96.587091119289667, 17.013281519652718 ], [ -96.587189219240571, 17.013225060726466 ], [ -96.587304420303056, 17.013156000632559 ], [ -96.587298169296545, 17.013065350842496 ], [ -96.587389817807505, 17.013008281624607 ], [ -96.587390880358043, 17.013007620982453 ], [ -96.587434947273024, 17.013093732577484 ], [ -96.587436799678372, 17.013097350287225 ], [ -96.587553460384242, 17.013043489685707 ], [ -96.587554098338259, 17.013043120778875 ], [ -96.587554340286573, 17.013042985021841 ], [ -96.587555060647333, 17.013042573937895 ], [ -96.588438918788825, 17.012536080271257 ], [ -96.588508119634511, 17.012496429611655 ], [ -96.589456340091616, 17.011941830865933 ], [ -96.589930259722777, 17.011664911093224 ], [ -96.59042565963729, 17.01132003124458 ], [ -96.591556819204456, 17.010578520217045 ], [ -96.591627795215089, 17.01049398095439 ], [ -96.591629030347349, 17.010492509869906 ], [ -96.591626989483075, 17.01049187657701 ], [ -96.591624600726135, 17.010491135797714 ], [ -96.591235459954433, 17.010370460637176 ], [ -96.591312229616918, 17.010056581301036 ], [ -96.591349449587142, 17.009887920150646 ], [ -96.591393179798928, 17.009720321092903 ], [ -96.591490048960608, 17.009296650742328 ], [ -96.592144139744136, 17.009465120979659 ], [ -96.592347890058221, 17.009236199589253 ], [ -96.592570120110139, 17.008915739920347 ], [ -96.592658968745994, 17.00880518061275 ], [ -96.592740480336616, 17.008683029910198 ], [ -96.592968380359139, 17.008341430172756 ], [ -96.593146070494299, 17.007996766952179 ], [ -96.593352079268655, 17.007597171004061 ], [ -96.593538948881189, 17.007351949676586 ], [ -96.593677778658019, 17.007169769849089 ], [ -96.594070460164531, 17.006810280067718 ], [ -96.594147119410579, 17.006739859819461 ], [ -96.594511819189989, 17.006574650331039 ], [ -96.594990829044789, 17.006453031313697 ], [ -96.595702675742601, 17.006499260012163 ], [ -96.59606425971927, 17.00652274100927 ], [ -96.596919518407262, 17.006597827344173 ], [ -96.597059947587056, 17.006610154379164 ], [ -96.597661579815096, 17.006662970093267 ], [ -96.598382320355043, 17.006726250252672 ], [ -96.598554769602259, 17.006754050242737 ], [ -96.599750510421487, 17.007104420184763 ], [ -96.600526119982163, 17.0073351401936 ], [ -96.601567230351819, 17.007614830430899 ], [ -96.603029308736311, 17.008008569855111 ], [ -96.604058450216627, 17.008294629799231 ], [ -96.60531997046705, 17.008654049643383 ], [ -96.605456369565289, 17.008837540402869 ], [ -96.605705708635995, 17.009162600031271 ], [ -96.605814031646119, 17.009296967865907 ], [ -96.605822779746106, 17.009307820076526 ], [ -96.605966718955045, 17.009486340175407 ], [ -96.607214828716081, 17.009818089724803 ], [ -96.608664708812881, 17.010190720457651 ], [ -96.609844340364191, 17.010489060958875 ], [ -96.611047709755724, 17.010858770442212 ], [ -96.612104398587206, 17.011131940203391 ], [ -96.613310150001496, 17.010785660201723 ], [ -96.613314751233077, 17.010787646010453 ], [ -96.613850979302967, 17.011018940627501 ], [ -96.613841124441862, 17.011038959747747 ], [ -96.6124426192968, 17.013879690540712 ], [ -96.608476459938515, 17.01823445995117 ], [ -96.608502349457709, 17.018228879510669 ], [ -96.609023909593944, 17.018116450363653 ], [ -96.609017576919584, 17.018141483491313 ], [ -96.608718881966283, 17.0193222764285 ], [ -96.608315289191111, 17.020917719845649 ], [ -96.608288961955594, 17.021021795405289 ], [ -96.608279416850024, 17.02105952925077 ], [ -96.608278562765946, 17.02106290515 ], [ -96.60802179916557, 17.022077940993004 ], [ -96.607814902836367, 17.022895797269648 ], [ -96.607809173906105, 17.022918442995095 ], [ -96.607803439403625, 17.022941111105354 ], [ -96.607578297087016, 17.023831083700657 ], [ -96.607112627915797, 17.025671807804333 ], [ -96.607070228799586, 17.025839403529964 ], [ -96.60706965011002, 17.025841690850143 ], [ -96.607709667014205, 17.025980101551959 ], [ -96.607742693206717, 17.025987244007442 ], [ -96.607746890058294, 17.025988151153111 ], [ -96.607775713014973, 17.025994381707473 ], [ -96.607868459938018, 17.026014430716575 ], [ -96.608095249087611, 17.026063480703293 ], [ -96.608286249690508, 17.026104781237056 ], [ -96.608598089794384, 17.026172221134622 ], [ -96.608884968931619, 17.026234260897404 ], [ -96.609120629522522, 17.02628522123462 ], [ -96.60941973988092, 17.026349890588488 ], [ -96.609674509974312, 17.026405000609369 ], [ -96.609903649429995, 17.026454541207691 ], [ -96.60994446337827, 17.026463367011356 ], [ -96.60997321096491, 17.026469584474945 ], [ -96.610435059682473, 17.026569461152423 ], [ -96.610435147230007, 17.026569479677317 ], [ -96.610627140424256, 17.026610981140021 ], [ -96.610826830006744, 17.026654170970698 ], [ -96.611062570026021, 17.026705150973676 ], [ -96.611247919875822, 17.026745230585608 ], [ -96.612280133548353, 17.026968418760688 ], [ -96.612320520410805, 17.02697715077354 ], [ -96.611845179029345, 17.028980690849092 ], [ -96.61158567895626, 17.03005346092479 ], [ -96.611608170286758, 17.030070709566239 ], [ -96.611521970455655, 17.030759169762561 ], [ -96.610840710426075, 17.033372909970396 ], [ -96.610495535534568, 17.034723632221805 ], [ -96.610346304098186, 17.035307589709657 ], [ -96.610326910185449, 17.03538347963611 ], [ -96.610145799775665, 17.036092169982687 ], [ -96.60998222998083, 17.036732200214729 ], [ -96.609808924143351, 17.037410373048687 ], [ -96.609774339958761, 17.037545709997424 ], [ -96.609519230126352, 17.038543939721247 ], [ -96.609398659864837, 17.039015720473699 ], [ -96.609362600409227, 17.039156800030952 ], [ -96.609267879946955, 17.039711709786214 ], [ -96.608925540693022, 17.039841824009631 ], [ -96.6074355402951, 17.040408120010671 ], [ -96.607097319947883, 17.040521120684954 ], [ -96.60706071876821, 17.040535109641592 ], [ -96.606233707520246, 17.040855630581756 ], [ -96.605014400062373, 17.041328180216407 ], [ -96.6040387802433, 17.041445710796335 ], [ -96.602113229906237, 17.041694219992952 ], [ -96.600818509630955, 17.04219309106449 ], [ -96.5982812786891, 17.043184689735551 ], [ -96.596013819731695, 17.048032650863735 ], [ -96.591712919353554, 17.045628370459902 ], [ -96.587109350191639, 17.043061461077816 ], [ -96.580855980459006, 17.037262739851297 ], [ -96.580516949915491, 17.03262685083801 ], [ -96.578369599874762, 17.029651339672526 ], [ -96.579053030237148, 17.026788570573753 ], [ -96.579580580412795, 17.024591749716095 ], [ -96.579654916769272, 17.024268093584638 ], [ -96.579662949057635, 17.024233122932849 ], [ -96.57967895824315, 17.024163419933586 ], [ -96.579850162857895, 17.023418003815969 ], [ -96.579854706935407, 17.023398218606026 ], [ -96.579859510454128, 17.023377303605386 ], [ -96.579902060966489, 17.023192038732361 ], [ -96.580088203763651, 17.022381569020443 ], [ -96.580116940362288, 17.02225645017845 ], [ -96.580121510960211, 17.022228604656849 ], [ -96.580123508749011, 17.022216430418158 ], [ -96.580166233763748, 17.022018797951532 ], [ -96.580172396495698, 17.021990294837501 ], [ -96.580172749970529, 17.021988659837959 ], [ -96.580218629517887, 17.021852450762633 ], [ -96.580259679812684, 17.02166191988546 ], [ -96.580318428842531, 17.021446250765738 ], [ -96.580361569056208, 17.021311400289235 ], [ -96.580392768938367, 17.021183420656161 ], [ -96.580448629777052, 17.020960661326818 ], [ -96.580475705418351, 17.02087091300772 ], [ -96.58049941893951, 17.020792309968865 ], [ -96.580517588555068, 17.020712030898579 ], [ -96.580546318992916, 17.020585090849735 ], [ -96.580597278717022, 17.020388399841586 ], [ -96.580629679406499, 17.020162460270505 ], [ -96.580672378637829, 17.019941600411549 ], [ -96.580680016085637, 17.019901538381959 ], [ -96.580711140280087, 17.019738261214865 ], [ -96.580747249889058, 17.019592709956147 ], [ -96.580783909596846, 17.019505830062226 ], [ -96.580766139059961, 17.019479820042978 ], [ -96.581033312229209, 17.018456535517917 ], [ -96.581322181436846, 17.017350137160943 ] ] ] ] } },
{ "type": "Feature", "properties": { "CVEGEO": "20162", "CVE_ENT": "20", "CVE_MUN": "162", "PAISAJE": "Valles Centrales", "ID_PAISA": 1, "NOM_MUN": "San Jerónimo Taviche", "HAS_MUN": 7294.5, "RM": "R1" }, "geometry": { "type": "MultiPolygon", "coordinates": [ [ [ [ -96.627929879924565, 16.747567090022638 ], [ -96.626677750349643, 16.747356419905874 ], [ -96.625857019734326, 16.747218340186976 ], [ -96.625685629622069, 16.747189489730548 ], [ -96.625041939598759, 16.747081179704768 ], [ -96.623735200274552, 16.746878220403715 ], [ -96.61867394982265, 16.746441170232753 ], [ -96.616360939722711, 16.746265890366956 ], [ -96.612947089980381, 16.745714740212463 ], [ -96.610507860355412, 16.744933619618052 ], [ -96.602471200315748, 16.739326720356051 ], [ -96.59703654957292, 16.743949310210049 ], [ -96.59229091968146, 16.738464199902829 ], [ -96.591034919711547, 16.73960100007637 ], [ -96.590261710110624, 16.73975763009561 ], [ -96.589243779913346, 16.739285630153802 ], [ -96.588878579547327, 16.738940750199841 ], [ -96.588508860066312, 16.738312889559218 ], [ -96.588152090086695, 16.737639200258155 ], [ -96.587660980375361, 16.737077750011871 ], [ -96.58728337009012, 16.736265890060949 ], [ -96.586518679995919, 16.736146740414139 ], [ -96.585559660347243, 16.736138579764951 ], [ -96.584601090218584, 16.73581248034786 ], [ -96.584223459989801, 16.735092060349903 ], [ -96.583584749577156, 16.734363339678481 ], [ -96.582650719560945, 16.73484964999718 ], [ -96.581725709968936, 16.734934090447858 ], [ -96.580748489580472, 16.73520122007886 ], [ -96.580042680128045, 16.735669229564788 ], [ -96.579352969611435, 16.735953709727127 ], [ -96.578918429547699, 16.736622630241794 ], [ -96.578687659569496, 16.737295660413334 ], [ -96.578663860393064, 16.738363519767638 ], [ -96.578468510195748, 16.739060280101928 ], [ -96.578066819887013, 16.73986768989532 ], [ -96.577140400382532, 16.740549350344374 ], [ -96.576220659944141, 16.740932549761986 ], [ -96.575391399662848, 16.741018909942952 ], [ -96.574564459982511, 16.741001879708598 ], [ -96.573731340283189, 16.741260429766388 ], [ -96.572604770448663, 16.741237230388307 ], [ -96.572001569869514, 16.740868719725619 ], [ -96.571107830122244, 16.740080650005016 ], [ -96.570438579978116, 16.739845950067444 ], [ -96.569918719618428, 16.739186999821076 ], [ -96.569109180073241, 16.739183540396084 ], [ -96.56835118001473, 16.739040860140332 ], [ -96.567624860268154, 16.739132290082111 ], [ -96.567238050413167, 16.738933090015564 ], [ -96.56679721968078, 16.739186140262817 ], [ -96.565535859754959, 16.739788860047266 ], [ -96.565253519777173, 16.739689339955287 ], [ -96.564559979729495, 16.739218770156182 ], [ -96.564320630305644, 16.739140599986023 ], [ -96.564087059572444, 16.739081570095387 ], [ -96.563836949719885, 16.739110310295597 ], [ -96.563408450236409, 16.739176690349506 ], [ -96.563275260167458, 16.73906453962158 ], [ -96.56339889010242, 16.73875347967309 ], [ -96.563712520026371, 16.738443060051381 ], [ -96.56375203015341, 16.738291660090386 ], [ -96.563345969625985, 16.738040739651172 ], [ -96.563047970265345, 16.737686449720705 ], [ -96.562292859592844, 16.737057880356833 ], [ -96.561871520012673, 16.737006710137631 ], [ -96.561714749829093, 16.737215600173098 ], [ -96.561352570420595, 16.737359750344059 ], [ -96.560959079759328, 16.737294949723982 ], [ -96.560142829823647, 16.73687125037355 ], [ -96.559678629708742, 16.737121709564207 ], [ -96.559020779667151, 16.737418579866539 ], [ -96.558467720124142, 16.737299570097854 ], [ -96.557979969937378, 16.737245880297625 ], [ -96.557362720282029, 16.736844380309329 ], [ -96.557481770307049, 16.736070950043466 ], [ -96.557210169829034, 16.735704749587175 ], [ -96.55635803028845, 16.73510797974064 ], [ -96.556025910155725, 16.734613880014876 ], [ -96.556823090389884, 16.73329805967046 ], [ -96.556961999871078, 16.732921290175465 ], [ -96.556652649657053, 16.732510880136733 ], [ -96.556408940420809, 16.732687259604941 ], [ -96.555747980365595, 16.732563290459979 ], [ -96.55463124989879, 16.732508169785902 ], [ -96.554445579569261, 16.732320969828677 ], [ -96.554359950236361, 16.73141700029986 ], [ -96.554201720145912, 16.731247859586492 ], [ -96.553885799931166, 16.731078180443848 ], [ -96.553448399877993, 16.730974939567599 ], [ -96.553160449798469, 16.730669970322644 ], [ -96.552977020334581, 16.73029795037947 ], [ -96.552699720204288, 16.730009739903679 ], [ -96.552470940233107, 16.729783279939468 ], [ -96.552358199918814, 16.729484739841695 ], [ -96.552115320151984, 16.729103120377886 ], [ -96.551550340072509, 16.729265179924123 ], [ -96.551173349731627, 16.729243820287408 ], [ -96.550614429976491, 16.728685289894784 ], [ -96.550295030292318, 16.728547909693457 ], [ -96.55005078003704, 16.729067090156462 ], [ -96.549807579756532, 16.729326350024937 ], [ -96.549312280153956, 16.729349220409286 ], [ -96.548513449886002, 16.729601659999393 ], [ -96.548498689902331, 16.730176260325198 ], [ -96.547942459576575, 16.730829919535527 ], [ -96.547193090343569, 16.73094377973225 ], [ -96.547106919915379, 16.730572829908123 ], [ -96.546579479978234, 16.730387600371969 ], [ -96.545897569987204, 16.730441180350148 ], [ -96.545366619788823, 16.730338319685636 ], [ -96.544060999864413, 16.72957785024315 ], [ -96.542738110390076, 16.729445999980861 ], [ -96.541893110093483, 16.729203309798223 ], [ -96.541786770083419, 16.728915970342939 ], [ -96.54203592035087, 16.728206030241576 ], [ -96.541348019903438, 16.728117019612966 ], [ -96.541535120177215, 16.727663319641401 ], [ -96.542221020128721, 16.72657589004233 ], [ -96.541983379998598, 16.726391459873586 ], [ -96.541415290077552, 16.726656770428573 ], [ -96.541066199873271, 16.726523480130297 ], [ -96.540656050125463, 16.726616519658471 ], [ -96.54031802018055, 16.726862489931591 ], [ -96.540319569604279, 16.727218970014988 ], [ -96.52570757993287, 16.736636750361829 ], [ -96.515698940003418, 16.737417309581303 ], [ -96.515621480298663, 16.7374199395963 ], [ -96.51663665996692, 16.730041950120402 ], [ -96.516995089994396, 16.723990250309424 ], [ -96.518477770330279, 16.717847250431497 ], [ -96.518222420197034, 16.707181940178739 ], [ -96.518196139987765, 16.706113319690228 ], [ -96.528123459924657, 16.705036249793977 ], [ -96.53432963029617, 16.679754819852668 ], [ -96.534382539752229, 16.679539200052581 ], [ -96.53934028976272, 16.663662400094381 ], [ -96.555335620186909, 16.667699030422813 ], [ -96.569517820017097, 16.671276980376827 ], [ -96.594667279586972, 16.656698570070702 ], [ -96.614264690335062, 16.690215879671523 ], [ -96.622564769696851, 16.706519059822977 ], [ -96.611419309740867, 16.720810820128602 ], [ -96.60841248975008, 16.717699570717159 ], [ -96.606406540233337, 16.716844941174386 ], [ -96.603780679696513, 16.720868770862019 ], [ -96.600639279084689, 16.725611830544938 ], [ -96.60094895007721, 16.725593650624095 ], [ -96.601318890283437, 16.725596221311577 ], [ -96.60164083001321, 16.725632909675713 ], [ -96.602094140198858, 16.725659030740978 ], [ -96.602642910075076, 16.725685820197903 ], [ -96.603036818963076, 16.725677030661995 ], [ -96.603526368755666, 16.725645940142506 ], [ -96.603884549962601, 16.725625419989797 ], [ -96.604242218733845, 16.725673859929731 ], [ -96.604642469226192, 16.72569865186049 ], [ -96.60465970984086, 16.725699719567544 ], [ -96.605148819661281, 16.725726091305422 ], [ -96.605346260435013, 16.725749980531649 ], [ -96.605535629510271, 16.725806029578905 ], [ -96.606061369038969, 16.726035497763796 ], [ -96.606242950304704, 16.726114751233322 ], [ -96.606639519391848, 16.726351079724665 ], [ -96.606690840680386, 16.726448666257934 ], [ -96.606970629535411, 16.726980680255259 ], [ -96.607218940191387, 16.727711019751382 ], [ -96.607396980020923, 16.728339340946672 ], [ -96.607442658868308, 16.728740801122651 ], [ -96.60736314927135, 16.729496450977638 ], [ -96.607304684615087, 16.729859912431021 ], [ -96.607230888843276, 16.730318680458105 ], [ -96.607297978635643, 16.730861679548898 ], [ -96.607573229354273, 16.7312421395788 ], [ -96.608437509335459, 16.731636220218093 ], [ -96.608744819238254, 16.732084200330803 ], [ -96.609021818669518, 16.732897430156772 ], [ -96.609188550219756, 16.733339230778991 ], [ -96.609569049610968, 16.733654709570349 ], [ -96.610392719808345, 16.733889340247195 ], [ -96.610862149729556, 16.734020980387051 ], [ -96.61104988027833, 16.734397030134119 ], [ -96.611184162499654, 16.735204796669766 ], [ -96.611203428873964, 16.735320691089587 ], [ -96.611424268731554, 16.735641746221219 ], [ -96.611469739704958, 16.735707851107922 ], [ -96.612132029622472, 16.736027181019949 ], [ -96.612962200363185, 16.736540201230405 ], [ -96.613915719918666, 16.73704756984371 ], [ -96.614520488597805, 16.737546370011813 ], [ -96.615148949506164, 16.738026661129926 ], [ -96.615630619604886, 16.738421089707117 ], [ -96.615884910397526, 16.738745940746913 ], [ -96.616469738657116, 16.739530281126783 ], [ -96.617615220450233, 16.739947370263476 ], [ -96.618489219256915, 16.740293140506317 ], [ -96.6190978193886, 16.740828061223997 ], [ -96.619619548863412, 16.741418139598842 ], [ -96.620701120423121, 16.742207580544395 ], [ -96.621256399602331, 16.74237123021425 ], [ -96.621984229066584, 16.742568290283895 ], [ -96.622678569344018, 16.742701370806319 ], [ -96.623713249401703, 16.743110549990934 ], [ -96.626015860140228, 16.743684021226365 ], [ -96.626068687069974, 16.743638622151575 ], [ -96.626331710165744, 16.743412579668231 ], [ -96.626800308971411, 16.743458739536287 ], [ -96.627288449232566, 16.743619140091283 ], [ -96.628018318845136, 16.743656110285688 ], [ -96.628734378632657, 16.74346222953822 ], [ -96.629304488767033, 16.743545150038539 ], [ -96.629959704039763, 16.743919707305515 ], [ -96.630066488997485, 16.74398075056445 ], [ -96.630792828859839, 16.74407555065488 ], [ -96.631578110435157, 16.744090620080208 ], [ -96.632470418929572, 16.744331200069666 ], [ -96.633250109808486, 16.744600460533395 ], [ -96.634088579850854, 16.744816050998946 ], [ -96.634839888975989, 16.744633080585505 ], [ -96.63526941974466, 16.744531941049036 ], [ -96.63522207983651, 16.744761480459097 ], [ -96.63567904881063, 16.745259659635749 ], [ -96.635487820195365, 16.74545726071792 ], [ -96.635554859987693, 16.745584459897941 ], [ -96.635712489719808, 16.745495940540682 ], [ -96.636244999503234, 16.745602719655224 ], [ -96.636130979084996, 16.746030290556071 ], [ -96.636255450005365, 16.746242290005721 ], [ -96.636239779957421, 16.746553090889247 ], [ -96.636312769957016, 16.746801340824366 ], [ -96.636215029959629, 16.746957110254677 ], [ -96.636018660052542, 16.74734424997672 ], [ -96.635794969428943, 16.747574000901395 ], [ -96.635276179787098, 16.747993310358748 ], [ -96.634827309609051, 16.748000231192194 ], [ -96.634093519700599, 16.747638571155729 ], [ -96.633991241915126, 16.748130285460217 ], [ -96.633899509680333, 16.748571310370465 ], [ -96.631743080413784, 16.748208570375922 ], [ -96.630342510315103, 16.747972970356166 ], [ -96.629109600140623, 16.747765549927241 ], [ -96.627929879924565, 16.747567090022638 ] ] ] ] } },
{ "type": "Feature", "properties": { "CVEGEO": "20533", "CVE_ENT": "20", "CVE_MUN": "533", "PAISAJE": "Valles Centrales", "ID_PAISA": 1, "NOM_MUN": "Santo Tomás Tamazulapan", "HAS_MUN": 6691.2, "RM": "R2" }, "geometry": { "type": "MultiPolygon", "coordinates": [ [ [ [ -96.547973578734343, 16.280428431169579 ], [ -96.534880779799153, 16.251368180116216 ], [ -96.53510802043111, 16.251367220393867 ], [ -96.53528790998152, 16.251481489641403 ], [ -96.535467579806337, 16.251538340245947 ], [ -96.535683650403868, 16.251721419880607 ], [ -96.535935449782116, 16.251858400429853 ], [ -96.536113660339211, 16.251604679740876 ], [ -96.53631584997629, 16.2513392903031 ], [ -96.536602449585658, 16.251234600358032 ], [ -96.536794620073124, 16.25142932010084 ], [ -96.536986660144009, 16.251566620011921 ], [ -96.537119779740465, 16.251922620225663 ], [ -96.537371950408499, 16.252151549620876 ], [ -96.537623120069355, 16.252150509748226 ], [ -96.537750799655726, 16.251787049637645 ], [ -96.538065170316884, 16.250892139771924 ], [ -96.538099420447367, 16.250684449661971 ], [ -96.538451309588154, 16.250495620218224 ], [ -96.538763309784073, 16.250441850011807 ], [ -96.539145429882851, 16.25049073991098 ], [ -96.539551450135235, 16.250528340121587 ], [ -96.539945580306679, 16.250565820164159 ], [ -96.540484459730024, 16.25045492020244 ], [ -96.541204910155187, 16.250080849828159 ], [ -96.541636310420799, 16.249957690319992 ], [ -96.542555999576805, 16.250045079988912 ], [ -96.542973649768072, 16.250117229562107 ], [ -96.543741059673579, 16.249847120304352 ], [ -96.544126690234094, 16.249493540175184 ], [ -96.544486369896561, 16.249369720346824 ], [ -96.54518099967828, 16.249214019881116 ], [ -96.54551603000408, 16.249170490145918 ], [ -96.546325380315722, 16.249567569800348 ], [ -96.546574280424949, 16.249811019697013 ], [ -96.546763769928617, 16.250019429676957 ], [ -96.546964029832282, 16.250354350224644 ], [ -96.547548480042082, 16.250496799894531 ], [ -96.547946260071768, 16.25012032023643 ], [ -96.548140709851523, 16.24975375014451 ], [ -96.548549780402922, 16.249446419843714 ], [ -96.548943599853303, 16.249518369820571 ], [ -96.549191450002127, 16.249876690252524 ], [ -96.549247520207928, 16.25030262031667 ], [ -96.549009320341455, 16.250892260286591 ], [ -96.549281110085118, 16.251412419719365 ], [ -96.549149659644627, 16.251447480374331 ], [ -96.549066459834449, 16.251551289985333 ], [ -96.548768310092854, 16.251736540208242 ], [ -96.548661019836487, 16.251829060125871 ], [ -96.548362769733544, 16.251991259644083 ], [ -96.548135980101378, 16.252084199920411 ], [ -96.547837419892829, 16.252188949817651 ], [ -96.547718349938108, 16.252304459820532 ], [ -96.547719569762094, 16.252568949809948 ], [ -96.547791740207799, 16.25266066036351 ], [ -96.547983290327451, 16.252717449594666 ], [ -96.548258599940013, 16.252762279841146 ], [ -96.548724740114636, 16.252679799815841 ], [ -96.549154920315573, 16.252609000092946 ], [ -96.549513340040704, 16.25250403030082 ], [ -96.549883400092128, 16.252364519841326 ], [ -96.550229710086782, 16.252248029722498 ], [ -96.550516449901707, 16.25217782997375 ], [ -96.551246139698591, 16.252197849720865 ], [ -96.551377490101132, 16.252139749764297 ], [ -96.551999460230491, 16.252160139723308 ], [ -96.552130680133175, 16.252067629908382 ], [ -96.55221251976225, 16.251664720334496 ], [ -96.552235690380229, 16.251492090388481 ], [ -96.552329510243723, 16.251089229560758 ], [ -96.552376889616014, 16.25098554035317 ], [ -96.552520169694318, 16.250938860326464 ], [ -96.55267568003957, 16.250938230038152 ], [ -96.552795510209478, 16.25099525956621 ], [ -96.553095250362276, 16.251143520308695 ], [ -96.553239249572698, 16.251257920229129 ], [ -96.553396250404077, 16.25159079978722 ], [ -96.553540429624448, 16.251728229856681 ], [ -96.553697399824301, 16.252049549907618 ], [ -96.553842059617722, 16.252313540250405 ], [ -96.553951340426991, 16.252658059893388 ], [ -96.554156119578082, 16.252990769679826 ], [ -96.554289600340695, 16.253404219804558 ], [ -96.554626290208759, 16.25379391040018 ], [ -96.554842079602793, 16.253896479552111 ], [ -96.555200749519784, 16.253883480371194 ], [ -96.555702260369699, 16.253685849728125 ], [ -96.555964380215585, 16.253466220001378 ], [ -96.556357620077378, 16.253154079801778 ], [ -96.556511349606481, 16.252773939839368 ], [ -96.556785170028419, 16.252485250310254 ], [ -96.557226280393337, 16.252172830326597 ], [ -96.557452220079185, 16.251884400016355 ], [ -96.556853169695842, 16.250892569604623 ], [ -96.554731060353362, 16.246451259694169 ], [ -96.552313180474812, 16.241390719670974 ], [ -96.544859169749657, 16.224396149986109 ], [ -96.540759667686899, 16.219041237873522 ], [ -96.53864342012362, 16.216276739759305 ], [ -96.542025890532528, 16.214552482626985 ], [ -96.557177309639414, 16.206827459717029 ], [ -96.564715629620196, 16.202983369719465 ], [ -96.563763200050829, 16.202562320132021 ], [ -96.554653750324405, 16.205011370253033 ], [ -96.540693950397412, 16.207765490111985 ], [ -96.540671710387244, 16.207647079873919 ], [ -96.540586860051874, 16.207195419660771 ], [ -96.54979568936632, 16.203723623338426 ], [ -96.555302244616513, 16.201647267991671 ], [ -96.555328319725461, 16.201637435405019 ], [ -96.555348619643311, 16.201629780223815 ], [ -96.555354394830772, 16.201627602813915 ], [ -96.562339591241667, 16.198993639419303 ], [ -96.565703435910791, 16.197725060457213 ], [ -96.56668138212595, 16.197356237132823 ], [ -96.567224018804893, 16.197151584092445 ], [ -96.570344152071925, 16.195974787245632 ], [ -96.573287313739371, 16.194864661623129 ], [ -96.578115164535888, 16.193043494375839 ], [ -96.58402129037394, 16.190815310449985 ], [ -96.585105820365484, 16.190809369919609 ], [ -96.585099139674938, 16.191372109980914 ], [ -96.585428579757277, 16.192151950348851 ], [ -96.588757310286624, 16.198045200279278 ], [ -96.590771629762159, 16.201767289760333 ], [ -96.591002583140835, 16.202035795219359 ], [ -96.594782150033978, 16.206429719957406 ], [ -96.595284429954091, 16.206531110187552 ], [ -96.595547090168125, 16.206985309975572 ], [ -96.595820920170951, 16.207155519589989 ], [ -96.596003509738495, 16.2072672598085 ], [ -96.596072429551626, 16.207382939565072 ], [ -96.596107250035885, 16.207634000211698 ], [ -96.596110452037536, 16.207656562764345 ], [ -96.596142140454461, 16.207879850041703 ], [ -96.596271750421437, 16.208195909588888 ], [ -96.596488769845806, 16.208480349562151 ], [ -96.59654845008447, 16.209036800252679 ], [ -96.596678180150263, 16.209294770092463 ], [ -96.596925861448113, 16.209474454750037 ], [ -96.597007429744295, 16.209533630015752 ], [ -96.597401539770104, 16.209901479714038 ], [ -96.597663600179146, 16.210203690124686 ], [ -96.59785947997392, 16.210483800058867 ], [ -96.598000020365618, 16.210598970067096 ], [ -96.598110749715644, 16.210771460312252 ], [ -96.598339570363024, 16.21105463004238 ], [ -96.598530010485646, 16.211370543576052 ], [ -96.59857225999248, 16.211440629554065 ], [ -96.598608238448691, 16.211467351226883 ], [ -96.598763490449798, 16.211582660302533 ], [ -96.598952570198691, 16.211730489925962 ], [ -96.599106139902801, 16.211877919663149 ], [ -96.599233550218315, 16.211986489852407 ], [ -96.599330940410169, 16.21200902013922 ], [ -96.599307749784572, 16.212090169902861 ], [ -96.599289380440808, 16.21214138031015 ], [ -96.599328340415965, 16.212223230189892 ], [ -96.599311201056025, 16.212269279979374 ], [ -96.599287049895054, 16.212334169750001 ], [ -96.599365510332021, 16.21247828981156 ], [ -96.599473619955305, 16.212715200315838 ], [ -96.599692325838561, 16.212859882699298 ], [ -96.599816290258346, 16.212941889656307 ], [ -96.599926019569054, 16.213067200047231 ], [ -96.600099200044554, 16.213315489621284 ], [ -96.600364430379514, 16.213488569806398 ], [ -96.600655110100107, 16.213568109638288 ], [ -96.60084645011554, 16.213822459637115 ], [ -96.600924290301478, 16.214037229920788 ], [ -96.600936563140294, 16.214102220727629 ], [ -96.600964249997546, 16.21424883043662 ], [ -96.601095350096173, 16.214461450139993 ], [ -96.601251309818593, 16.214627430071552 ], [ -96.601323958560087, 16.2146471934816 ], [ -96.601408750261513, 16.214670259833319 ], [ -96.601547770229715, 16.214730489821648 ], [ -96.601740460268715, 16.214873420219988 ], [ -96.601933489805916, 16.214987049599706 ], [ -96.602732419894068, 16.215340430208045 ], [ -96.602761490359072, 16.215659490262173 ], [ -96.603051545794003, 16.215872716183625 ], [ -96.603125491286193, 16.215927074301678 ], [ -96.603613680218515, 16.216285949623803 ], [ -96.604161519833653, 16.216462720399768 ], [ -96.604530340400174, 16.216504419772299 ], [ -96.605925349841115, 16.216876660038121 ], [ -96.607216710157687, 16.217268680214847 ], [ -96.608222690074939, 16.217664679564805 ], [ -96.608576059621342, 16.217908139967452 ], [ -96.608733919526301, 16.218229970323591 ], [ -96.608777905268838, 16.218341859219642 ], [ -96.608820229582193, 16.218449519599282 ], [ -96.609010709867434, 16.21874831014053 ], [ -96.609171186118743, 16.218911609109213 ], [ -96.60954593968583, 16.21929295021452 ], [ -96.609731279848745, 16.219501079683575 ], [ -96.609787591052964, 16.219704992406243 ], [ -96.609824260419543, 16.219837780152659 ], [ -96.609918939790745, 16.220034019851692 ], [ -96.610068890052617, 16.220340140157226 ], [ -96.610218479913499, 16.220677490212648 ], [ -96.610393249772713, 16.220937060221246 ], [ -96.610506000556285, 16.221008063133464 ], [ -96.610643340365073, 16.221094549993154 ], [ -96.611091400196969, 16.221253919603175 ], [ -96.611255769658101, 16.221370969891076 ], [ -96.611276090461118, 16.221650350073837 ], [ -96.61128001965416, 16.221745981239451 ], [ -96.611290979967407, 16.222012769680475 ], [ -96.611478769679749, 16.222643569637039 ], [ -96.611762999853852, 16.223079779827735 ], [ -96.61201881985545, 16.223456689968831 ], [ -96.612050049942738, 16.223484203371338 ], [ -96.612621080325866, 16.223987280196354 ], [ -96.612785812801462, 16.224351937891754 ], [ -96.612878200246925, 16.22455645031939 ], [ -96.613071650783311, 16.224683036688916 ], [ -96.613307459773694, 16.224837339784603 ], [ -96.613840580443551, 16.225020289910059 ], [ -96.614557880459145, 16.225133879742849 ], [ -96.614998139689931, 16.225573940014755 ], [ -96.615115369031741, 16.225864264243839 ], [ -96.615115859538818, 16.225865479922163 ], [ -96.615111259628463, 16.226172600085963 ], [ -96.615366220119768, 16.226314230075808 ], [ -96.615442329180595, 16.226269495480835 ], [ -96.615779800249982, 16.226071139944054 ], [ -96.616236279805292, 16.225965060192529 ], [ -96.616562490341465, 16.22611474039519 ], [ -96.616699869016557, 16.226562381084982 ], [ -96.61672032008893, 16.226629019903957 ], [ -96.616712509537194, 16.226845600363948 ], [ -96.616852750122163, 16.226979220409735 ], [ -96.61711055044232, 16.227194710343447 ], [ -96.61711134217866, 16.227195358752457 ], [ -96.617494140090741, 16.22750878038115 ], [ -96.617733859689551, 16.227736709917998 ], [ -96.617881550188542, 16.227760910317649 ], [ -96.61827033973897, 16.227772170053626 ], [ -96.618592600119797, 16.227924340352342 ], [ -96.618771849817719, 16.228111249574237 ], [ -96.618896769635569, 16.228438020073003 ], [ -96.618893456279537, 16.228445777249171 ], [ -96.618683970422268, 16.228936150083211 ], [ -96.618809020312156, 16.229212850205634 ], [ -96.618797110082852, 16.229365569755885 ], [ -96.618960454951477, 16.229513676543856 ], [ -96.619051689771936, 16.229596400065635 ], [ -96.619183704420934, 16.229740539933022 ], [ -96.620596791558413, 16.231283390510264 ], [ -96.620616390926216, 16.231304789898914 ], [ -96.62063599030013, 16.231326189285959 ], [ -96.620809519840321, 16.231515649926795 ], [ -96.622861919891832, 16.233409779977602 ], [ -96.624097786246836, 16.23465494897486 ], [ -96.628041570108678, 16.238628219975816 ], [ -96.628501880443167, 16.23912687978099 ], [ -96.630077679829384, 16.240833979895644 ], [ -96.636684710405376, 16.246252830410302 ], [ -96.623781378963372, 16.255248139660655 ], [ -96.615325858586587, 16.261135280663794 ], [ -96.610477920357582, 16.26492967975118 ], [ -96.612299748874918, 16.2688656899956 ], [ -96.612545518634889, 16.271236710798298 ], [ -96.612618079505481, 16.271928090383081 ], [ -96.612060229030632, 16.272108171025106 ], [ -96.597873799675185, 16.276719770450228 ], [ -96.596648779117672, 16.279472880813511 ], [ -96.596357549823722, 16.280171230302393 ], [ -96.592131748882323, 16.280006119886604 ], [ -96.583893970132721, 16.279982619972969 ], [ -96.583894012138842, 16.279982978746979 ], [ -96.583921650435315, 16.280219050246124 ], [ -96.584015090061811, 16.281299740390953 ], [ -96.584015035390323, 16.281299633749278 ], [ -96.583891368965169, 16.281056490509837 ], [ -96.583549769857996, 16.280069429695818 ], [ -96.583144878568618, 16.280382481291827 ], [ -96.576377949802421, 16.28009309115842 ], [ -96.572797355764123, 16.280090720182379 ], [ -96.572734623659954, 16.280090677944827 ], [ -96.570278819673391, 16.280089000810914 ], [ -96.567553110421159, 16.280570820625112 ], [ -96.565775999709757, 16.281137600809796 ], [ -96.562913968630042, 16.282806650803057 ], [ -96.562499950296214, 16.283097889808424 ], [ -96.560606459849879, 16.284345571122063 ], [ -96.559155249027413, 16.285750120914578 ], [ -96.558599769562363, 16.286192140518857 ], [ -96.557831938637847, 16.286843059962656 ], [ -96.55749219953222, 16.286999911261706 ], [ -96.55729834985776, 16.287089400771109 ], [ -96.55689532009086, 16.287288569817338 ], [ -96.556051249028499, 16.287457260944919 ], [ -96.555077178707762, 16.287730630281619 ], [ -96.554462140206667, 16.288173171103978 ], [ -96.551897319697332, 16.289135119688972 ], [ -96.550350998881271, 16.28570399984601 ], [ -96.549581250224691, 16.284021140761528 ], [ -96.549345080273596, 16.283471860744754 ], [ -96.547973578734343, 16.280428431169579 ] ] ] ] } },
{ "type": "Feature", "properties": { "CVEGEO": "20078", "CVE_ENT": "20", "CVE_MUN": "078", "PAISAJE": "Valles Centrales", "ID_PAISA": 1, "NOM_MUN": "Rojas de Cuauhtémoc", "HAS_MUN": 1248.1, "RM": "R1" }, "geometry": { "type": "MultiPolygon", "coordinates": [ [ [ [ -96.613646520218524, 17.023342121117452 ], [ -96.613449619945243, 17.023321000985298 ], [ -96.613294580017225, 17.023530541324103 ], [ -96.612925050166851, 17.023351490872709 ], [ -96.612865876467893, 17.023329407474417 ], [ -96.61282825042008, 17.023315363932571 ], [ -96.612747178421287, 17.023285107774676 ], [ -96.612482040310866, 17.023186156383282 ], [ -96.612425319438785, 17.023164988132702 ], [ -96.612371053143789, 17.02314473524692 ], [ -96.612276510113261, 17.023109451136975 ], [ -96.612033999151649, 17.022970850931806 ], [ -96.611871058639622, 17.022839890602917 ], [ -96.611832398734336, 17.0228154209526 ], [ -96.611726626720227, 17.022770965421255 ], [ -96.61170233193296, 17.022760754489898 ], [ -96.611666177554355, 17.022745558710966 ], [ -96.610089662268933, 17.022082942461072 ], [ -96.610059135417842, 17.022070111758154 ], [ -96.610027771566067, 17.022056929152679 ], [ -96.609550765350932, 17.021856436354106 ], [ -96.609527851111991, 17.021846805327641 ], [ -96.60952062935867, 17.02184377055449 ], [ -96.609447780188376, 17.021813150607905 ], [ -96.609381568975991, 17.021785631014282 ], [ -96.609304769791677, 17.021748970548032 ], [ -96.609291859081296, 17.021741980738138 ], [ -96.60912387877238, 17.021664430786565 ], [ -96.6090280799325, 17.02161469051817 ], [ -96.608891429928221, 17.021516951277544 ], [ -96.608832919445888, 17.021447860820523 ], [ -96.608774600223896, 17.0213799806263 ], [ -96.608720090189607, 17.021327750910846 ], [ -96.608670879173744, 17.02127708069608 ], [ -96.608614078865656, 17.021222570956212 ], [ -96.608559199156232, 17.021160920480114 ], [ -96.608449349461083, 17.021030420459468 ], [ -96.608385850282346, 17.020973510881593 ], [ -96.60833317900871, 17.020928250635436 ], [ -96.608319732707443, 17.020920336137994 ], [ -96.608315289191111, 17.020917719845649 ], [ -96.608718881966283, 17.0193222764285 ], [ -96.609017576919584, 17.018141483491313 ], [ -96.609023909593944, 17.018116450363653 ], [ -96.608502349457709, 17.018228879510669 ], [ -96.608476459938515, 17.01823445995117 ], [ -96.6124426192968, 17.013879690540712 ], [ -96.613841124441862, 17.011038959747747 ], [ -96.613850979302967, 17.011018940627501 ], [ -96.613314751233077, 17.010787646010453 ], [ -96.613310150001496, 17.010785660201723 ], [ -96.613476690195512, 17.010127030231825 ], [ -96.613620460258971, 17.009574290264055 ], [ -96.613761959828182, 17.009005944640499 ], [ -96.613765369636127, 17.008992250394229 ], [ -96.613681919633194, 17.008649539576879 ], [ -96.61337552890221, 17.00811235324937 ], [ -96.613367770325354, 17.008098750312865 ], [ -96.613512770092953, 17.007927481935937 ], [ -96.613578740349482, 17.007878889961862 ], [ -96.613730600030422, 17.00781395016249 ], [ -96.613903549663206, 17.007772120013644 ], [ -96.614171679951795, 17.00767888956721 ], [ -96.614695080475755, 17.007496139795908 ], [ -96.6151094197823, 17.007368649840956 ], [ -96.615105149882183, 17.007231919854846 ], [ -96.615108659557151, 17.006916679741373 ], [ -96.61512903038566, 17.006798910195112 ], [ -96.615202289641871, 17.006555000246095 ], [ -96.615246230178926, 17.006445380261699 ], [ -96.615300549529067, 17.006365340383589 ], [ -96.615316550070588, 17.006244380291143 ], [ -96.615282739762279, 17.006120830414208 ], [ -96.615231849724069, 17.006023349561882 ], [ -96.615166279595599, 17.005916350251088 ], [ -96.61504129018526, 17.005770490247556 ], [ -96.61494282989085, 17.005656090366738 ], [ -96.614860058851647, 17.005547249683172 ], [ -96.614826979840458, 17.005457649645443 ], [ -96.614851719742063, 17.005351199811678 ], [ -96.614907550036264, 17.00500498009389 ], [ -96.614905619813172, 17.004751480392073 ], [ -96.614907169669948, 17.004627830239261 ], [ -96.614946719562312, 17.004615630253625 ], [ -96.614939800240037, 17.004591089722432 ], [ -96.614924919702702, 17.004538490229805 ], [ -96.614909050440374, 17.004468890185791 ], [ -96.614836779581509, 17.004226879774428 ], [ -96.614795290256581, 17.004116909790227 ], [ -96.614648749884623, 17.003818890384984 ], [ -96.614537179994613, 17.003592829975844 ], [ -96.61448771991995, 17.003410549921817 ], [ -96.614485619852601, 17.003245319642744 ], [ -96.614563549628755, 17.003054019580436 ], [ -96.614572879887746, 17.003031139701463 ], [ -96.614586769694796, 17.002997720361513 ], [ -96.614678250086953, 17.002811090138056 ], [ -96.614765780204621, 17.002567829980606 ], [ -96.614824169821816, 17.002391370180824 ], [ -96.614881020423638, 17.002161379571856 ], [ -96.615010310120752, 17.001867629942335 ], [ -96.615074979840415, 17.0017816304299 ], [ -96.615133689844129, 17.00164477968336 ], [ -96.615212000172875, 17.001536830304282 ], [ -96.615353120276438, 17.001437290429969 ], [ -96.615386549764651, 17.001301850406296 ], [ -96.615399720216331, 17.001173089602151 ], [ -96.615403770475567, 17.000978859575032 ], [ -96.615651650443127, 17.000995649693728 ], [ -96.61589223004367, 17.001039490383743 ], [ -96.61608531964734, 17.001091690005023 ], [ -96.616226349687807, 17.001188450372808 ], [ -96.616324139834347, 17.001235579783781 ], [ -96.616453919724833, 17.001258750008766 ], [ -96.616577279659381, 17.001242370017547 ], [ -96.616707579698627, 17.001225030154892 ], [ -96.616883569706289, 17.001269849926814 ], [ -96.617040279766982, 17.00133832008051 ], [ -96.61734895003454, 17.001410769824489 ], [ -96.6184534597148, 17.001630579896815 ], [ -96.618617060431106, 17.001670750249978 ], [ -96.618836149631647, 17.001692649882479 ], [ -96.618969939933081, 17.00170986037428 ], [ -96.619060979726484, 17.001729819618948 ], [ -96.619390276685834, 17.001799925026845 ], [ -96.619643569309517, 17.001853850681421 ], [ -96.620021350287246, 17.001927319951804 ], [ -96.620785858849061, 17.002063550976288 ], [ -96.62083026006664, 17.002084490209484 ], [ -96.621708245726865, 17.002266290795372 ], [ -96.622347769820479, 17.00239871011776 ], [ -96.622645910108005, 17.002450650321109 ], [ -96.623358450020291, 17.002592550115345 ], [ -96.623648909640494, 17.002654229692677 ], [ -96.624511260238563, 17.002837350212058 ], [ -96.624630969436836, 17.00289834246405 ], [ -96.62463226015123, 17.002898999722834 ], [ -96.624631784963341, 17.002893774545971 ], [ -96.624630659994764, 17.002881419874722 ], [ -96.624631899615608, 17.002874474182963 ], [ -96.625169080168803, 16.999864349602053 ], [ -96.625402570113152, 16.995108750121506 ], [ -96.62598882024902, 16.987550199564041 ], [ -96.627205979621081, 16.987510399810787 ], [ -96.640806739612501, 16.986944909889818 ], [ -96.648959970132935, 16.986668819616419 ], [ -96.655606489959595, 16.986158510202991 ], [ -96.657676199889679, 16.991141430476183 ], [ -96.662290149881287, 17.003229350471944 ], [ -96.662859658974668, 17.005322321239106 ], [ -96.664538338929731, 17.006915080412984 ], [ -96.664530237288119, 17.00693213799736 ], [ -96.663260229651243, 17.009606020997349 ], [ -96.658750109501298, 17.007822940608353 ], [ -96.655472399885483, 17.006897350566454 ], [ -96.64819536901058, 17.007631911209586 ], [ -96.644669169849237, 17.007283571007164 ], [ -96.641417908659079, 17.00903638051323 ], [ -96.635559739018902, 17.011958950629865 ], [ -96.624548229668491, 17.017510911015783 ], [ -96.624499770095113, 17.017535340901059 ], [ -96.622650369924088, 17.017103910691073 ], [ -96.621999450296869, 17.016957451359094 ], [ -96.621924650069744, 17.01718078070585 ], [ -96.621909249041948, 17.017469110904688 ], [ -96.62187010951186, 17.017688251125477 ], [ -96.621797020347699, 17.017937710495719 ], [ -96.621755138786867, 17.018185260952539 ], [ -96.621649920057123, 17.01864725087658 ], [ -96.621652927617404, 17.018653826083636 ], [ -96.62180719943693, 17.018991150443068 ], [ -96.621803866008904, 17.019009763346435 ], [ -96.6217335103388, 17.019402571261374 ], [ -96.62139200011913, 17.019517980533124 ], [ -96.62115204617642, 17.019715339933359 ], [ -96.616610418650055, 17.023450620513405 ], [ -96.615262370064769, 17.024558821328004 ], [ -96.615237579751124, 17.02454409127925 ], [ -96.61518069677085, 17.024510359672611 ], [ -96.613782736543229, 17.023681365722798 ], [ -96.613684890019627, 17.023623341315318 ], [ -96.613678380211766, 17.023619480546614 ], [ -96.613708219406803, 17.023539260884935 ], [ -96.613729975993024, 17.023483092741014 ], [ -96.613738509289462, 17.023461061318528 ], [ -96.613719018567352, 17.023456350966423 ], [ -96.613646520218524, 17.023342121117452 ] ] ] ] } },
{ "type": "Feature", "properties": { "CVEGEO": "20167", "CVE_ENT": "20", "CVE_MUN": "167", "PAISAJE": "Valles Centrales", "ID_PAISA": 1, "NOM_MUN": "San José del Peñasco", "HAS_MUN": 2863.5, "RM": "R2" }, "geometry": { "type": "MultiPolygon", "coordinates": [ [ [ [ -96.503528319976638, 16.320665137770028 ], [ -96.503528079134597, 16.320664520757045 ], [ -96.503528050178005, 16.320664520587059 ], [ -96.503508573582636, 16.320664406628026 ], [ -96.50350854462603, 16.320664406458025 ], [ -96.503044568182588, 16.320661664434166 ], [ -96.503044539225982, 16.320661664264154 ], [ -96.503023769954154, 16.320661540267089 ], [ -96.503024821791612, 16.320660933227924 ], [ -96.503305918699425, 16.320498319898412 ], [ -96.503305889921734, 16.320498315223901 ], [ -96.502454408113607, 16.320352116594098 ], [ -96.502454378403087, 16.320352111884937 ], [ -96.502454349697004, 16.320352105408528 ], [ -96.502128478411294, 16.320276256263554 ], [ -96.502128446906411, 16.320276249683463 ], [ -96.500880848749958, 16.319521891142895 ], [ -96.500784459644464, 16.319468499983149 ], [ -96.500305090290738, 16.319202950559024 ], [ -96.500001279636535, 16.319034660086057 ], [ -96.499934619896962, 16.318997740051323 ], [ -96.49827824927516, 16.318085249623618 ], [ -96.494834618705426, 16.316304231183512 ], [ -96.494834588673527, 16.316304234580848 ], [ -96.494333799009638, 16.316360117468097 ], [ -96.494333768977782, 16.31636012086528 ], [ -96.494298198368597, 16.316387580358764 ], [ -96.486131888796962, 16.302467599536449 ], [ -96.48192337050402, 16.29335642191116 ], [ -96.480353649371949, 16.289957779786185 ], [ -96.47970902578632, 16.288562112375054 ], [ -96.47642605960246, 16.281453779742026 ], [ -96.474282659331692, 16.278000310534505 ], [ -96.468939079151156, 16.255548769628128 ], [ -96.468485659381898, 16.250890339612965 ], [ -96.464778198889093, 16.24349772016684 ], [ -96.46456188927462, 16.242257139627224 ], [ -96.46435416869349, 16.241065710037258 ], [ -96.465816860263871, 16.238377570152547 ], [ -96.476908519555565, 16.231749769750252 ], [ -96.477313419858149, 16.231913940524208 ], [ -96.47733110940591, 16.232037721126563 ], [ -96.477403018732829, 16.232540979959019 ], [ -96.477448289401224, 16.232857910143775 ], [ -96.477470689053391, 16.232938181211868 ], [ -96.477602398696916, 16.233410200015875 ], [ -96.477621939920795, 16.233480250831654 ], [ -96.477704480308461, 16.233737509752043 ], [ -96.477798370455886, 16.234030149736007 ], [ -96.477905049120906, 16.234362649894038 ], [ -96.477947398959344, 16.234494680754008 ], [ -96.478111949277604, 16.23492506014518 ], [ -96.478145849662639, 16.235013710227229 ], [ -96.478243028625414, 16.235329340405354 ], [ -96.478273618920582, 16.23542865064752 ], [ -96.478762568608758, 16.23595443098397 ], [ -96.479110050075278, 16.236379661105278 ], [ -96.479231720084186, 16.236528580310448 ], [ -96.479353850314467, 16.236671629676223 ], [ -96.479925799501501, 16.237341620395153 ], [ -96.479953168895292, 16.237373680599067 ], [ -96.480151970078822, 16.237575120394716 ], [ -96.480551749085009, 16.237980220051679 ], [ -96.48061641960679, 16.238045750709517 ], [ -96.480808880371654, 16.238242090023395 ], [ -96.481104519047719, 16.238543690232959 ], [ -96.481173000174877, 16.238613569697058 ], [ -96.481509168768255, 16.238893949891462 ], [ -96.48189668965837, 16.239217169777131 ], [ -96.482226059688628, 16.239346999594737 ], [ -96.482313488946716, 16.239381460608051 ], [ -96.482699178952771, 16.239676090574193 ], [ -96.482800198683023, 16.239753250218158 ], [ -96.483489880380219, 16.240149581348014 ], [ -96.483994090078227, 16.241176340019088 ], [ -96.484113150014451, 16.241418780390262 ], [ -96.484148275303852, 16.241490317231531 ], [ -96.484158779730876, 16.24151171074886 ], [ -96.484284848906228, 16.242122091088756 ], [ -96.484298458627393, 16.242255420685183 ], [ -96.484350709785289, 16.24276654093271 ], [ -96.484436228589558, 16.242888750802464 ], [ -96.484633939888724, 16.243171230143982 ], [ -96.484646349609818, 16.243186711018826 ], [ -96.485010599132977, 16.243640579616571 ], [ -96.485153998628505, 16.243819260114119 ], [ -96.485432749232857, 16.244080859936162 ], [ -96.485734739900934, 16.244364251252136 ], [ -96.485884830193783, 16.244603449764384 ], [ -96.486111780215708, 16.244965151008184 ], [ -96.486299369181495, 16.245212750116711 ], [ -96.486655109209636, 16.24568229032732 ], [ -96.486799578625792, 16.245860941027129 ], [ -96.48705407969382, 16.246175650881035 ], [ -96.487104348562212, 16.246237801148315 ], [ -96.487155879704005, 16.246371970219002 ], [ -96.487207919339156, 16.246507489673672 ], [ -96.487232799576105, 16.246572279804905 ], [ -96.487322419976877, 16.247239941183988 ], [ -96.48740822000957, 16.247504600195615 ], [ -96.487531709537947, 16.247885460834258 ], [ -96.487607598949808, 16.248347920796103 ], [ -96.487645060353273, 16.248576259815419 ], [ -96.487647580048844, 16.248877981293273 ], [ -96.487650798896041, 16.249266250175705 ], [ -96.487660319065952, 16.249383290979079 ], [ -96.487679254831548, 16.249616224029605 ], [ -96.487693830027595, 16.2497955210561 ], [ -96.487809909751761, 16.250175911256122 ], [ -96.487930599437647, 16.250349150461123 ], [ -96.488307970314139, 16.250890920384506 ], [ -96.508410999233817, 16.271642620399419 ], [ -96.508681449986611, 16.271921750115592 ], [ -96.508913619016624, 16.281091370104168 ], [ -96.509200519260801, 16.292425400570451 ], [ -96.515827419125543, 16.297873510526966 ], [ -96.527335359973719, 16.300185924380333 ], [ -96.527744016591527, 16.300268022556551 ], [ -96.529227605068243, 16.300566061695221 ], [ -96.529559321644399, 16.300632698522513 ], [ -96.529685720005801, 16.300658089750399 ], [ -96.529647376032045, 16.300691246174743 ], [ -96.529580458766659, 16.30074911025595 ], [ -96.52935294889275, 16.300970540134049 ], [ -96.529197859274703, 16.301312650928612 ], [ -96.529122108871917, 16.301601779979698 ], [ -96.529111319561025, 16.301874709616431 ], [ -96.529155657109186, 16.301952647279457 ], [ -96.529183489211604, 16.30200157062152 ], [ -96.529315260346607, 16.302087170394334 ], [ -96.529514708921099, 16.30214859953708 ], [ -96.529556698805237, 16.302159903216445 ], [ -96.529663819383529, 16.302188740350854 ], [ -96.529824509166204, 16.302298549930065 ], [ -96.529922459299783, 16.302361050224736 ], [ -96.530014430283629, 16.302485650813765 ], [ -96.530098379659236, 16.30263075099263 ], [ -96.530175890331478, 16.302848309691505 ], [ -96.530146599575062, 16.302954580644677 ], [ -96.530033460413378, 16.303002369701012 ], [ -96.52991582870655, 16.303074250929154 ], [ -96.529795569994789, 16.303173650995817 ], [ -96.529602998858309, 16.303386940486075 ], [ -96.529493379224192, 16.303738370578269 ], [ -96.52948514268401, 16.303946761407857 ], [ -96.529484119657766, 16.30397265059727 ], [ -96.52968562011938, 16.304278689851202 ], [ -96.530015628606009, 16.304525420564183 ], [ -96.530145579944346, 16.304671290849111 ], [ -96.530226255636848, 16.304887722908475 ], [ -96.530254109902799, 16.304962449564375 ], [ -96.530447448767148, 16.305221479688083 ], [ -96.530566800061422, 16.305502979658733 ], [ -96.530541798755209, 16.305738831299568 ], [ -96.530517724116592, 16.306012538600154 ], [ -96.530501379281191, 16.306198371113851 ], [ -96.530343309458758, 16.306462291068158 ], [ -96.529881339543692, 16.306585400448082 ], [ -96.529732549374273, 16.306569090993058 ], [ -96.529586018965603, 16.306495169857708 ], [ -96.52944736937043, 16.306410710989436 ], [ -96.529280689602842, 16.306469480292961 ], [ -96.529207520272195, 16.306524491019182 ], [ -96.529214119336686, 16.30664014012055 ], [ -96.529225139423048, 16.306929060207892 ], [ -96.52921644930241, 16.307054970350233 ], [ -96.529245449535409, 16.307171450601405 ], [ -96.529345290239064, 16.307253849742377 ], [ -96.529556059991606, 16.307365480973029 ], [ -96.529704250231958, 16.307428059750428 ], [ -96.529810920299013, 16.307587820300316 ], [ -96.529866770144608, 16.307808000536291 ], [ -96.529817509628771, 16.308102200585399 ], [ -96.529736749698671, 16.308239449897222 ], [ -96.529610580360639, 16.308437339987524 ], [ -96.529544509859178, 16.308611510565346 ], [ -96.52953512040007, 16.308702261383218 ], [ -96.529515459280375, 16.308892280617645 ], [ -96.529478937501054, 16.309177309901571 ], [ -96.52947062882312, 16.309242150925314 ], [ -96.529411169155495, 16.309374550322694 ], [ -96.529124368998964, 16.309573420484387 ], [ -96.529037918233996, 16.309622516254713 ], [ -96.528815249950583, 16.309748970503037 ], [ -96.528530769346858, 16.309859800841519 ], [ -96.528423919613658, 16.310047780396836 ], [ -96.528414679749488, 16.310281981187487 ], [ -96.528571718585354, 16.310501021181008 ], [ -96.5286315485925, 16.310663120515603 ], [ -96.528660550263979, 16.311048001068293 ], [ -96.528871449226912, 16.31146394015401 ], [ -96.528950027922519, 16.311542979845527 ], [ -96.529089748965347, 16.311683520175976 ], [ -96.529367849776278, 16.311776860010031 ], [ -96.529538680394637, 16.312009819866898 ], [ -96.529551369393161, 16.312282260086921 ], [ -96.529476516999907, 16.312342481222309 ], [ -96.529470540265947, 16.312347290709223 ], [ -96.529335909279894, 16.312387660861877 ], [ -96.529167310040535, 16.312494770390156 ], [ -96.529112659384495, 16.312689170045772 ], [ -96.529215950128844, 16.313143980296019 ], [ -96.528837799783673, 16.312991180385122 ], [ -96.528437310376916, 16.312797920740895 ], [ -96.528076308622161, 16.312784620965509 ], [ -96.527319119471684, 16.312955450637908 ], [ -96.527091339240727, 16.313044219567569 ], [ -96.526508779426322, 16.313314260396321 ], [ -96.526294580242862, 16.313407940739928 ], [ -96.525804658934561, 16.31328419971236 ], [ -96.525132148638178, 16.313101140885532 ], [ -96.524559749876616, 16.312943780034637 ], [ -96.523991658612346, 16.312766169943753 ], [ -96.523805489646406, 16.312694150635402 ], [ -96.523306779433867, 16.312504720047468 ], [ -96.522853148822961, 16.312300949760353 ], [ -96.522390749970739, 16.312106170666564 ], [ -96.521768398997935, 16.311934260083259 ], [ -96.521302000469305, 16.311827059765786 ], [ -96.520978968828231, 16.311741950534646 ], [ -96.52049325956304, 16.311667399984387 ], [ -96.520121600026513, 16.311484909584916 ], [ -96.519925830178096, 16.311246570006908 ], [ -96.519676879271998, 16.311026580720551 ], [ -96.519697169165795, 16.310186970159378 ], [ -96.519394818620498, 16.309417620789812 ], [ -96.519290539164103, 16.309440551307855 ], [ -96.518897229097874, 16.309421081201886 ], [ -96.518783340046241, 16.309962490675016 ], [ -96.518644738857205, 16.310412140618638 ], [ -96.518620449496069, 16.310437890957964 ], [ -96.518887279796829, 16.310940720313056 ], [ -96.519032449914533, 16.311132420420815 ], [ -96.519079648576636, 16.311290061082193 ], [ -96.519005650220777, 16.311457250518256 ], [ -96.518660140159852, 16.311548180344513 ], [ -96.51854197895959, 16.311616200413752 ], [ -96.51837730956413, 16.31177137131268 ], [ -96.518125169592679, 16.311895571034647 ], [ -96.517555740402997, 16.312239780218189 ], [ -96.517384889785788, 16.312389909653714 ], [ -96.517116080003106, 16.312668490239908 ], [ -96.516908489157885, 16.312929880386466 ], [ -96.51682249191542, 16.312935774543543 ], [ -96.516812908576256, 16.312936431015601 ], [ -96.516802746553282, 16.31293504518068 ], [ -96.516725509286033, 16.312924510790243 ], [ -96.516639860319117, 16.312844580486686 ], [ -96.516320179074242, 16.312528339808505 ], [ -96.516075578923321, 16.312358969978707 ], [ -96.515876120301286, 16.31225369076266 ], [ -96.515654520110289, 16.312153749853447 ], [ -96.5154634487007, 16.312139187634166 ], [ -96.515455740216055, 16.312138599684104 ], [ -96.515443703459297, 16.312138458091749 ], [ -96.515309132867273, 16.312136870994784 ], [ -96.515291280380779, 16.312136660662624 ], [ -96.515289385761307, 16.312136141362924 ], [ -96.515164370257864, 16.312101881248498 ], [ -96.515041980004867, 16.312015370587837 ], [ -96.514958029835554, 16.311940090766196 ], [ -96.514824779055829, 16.311777170125158 ], [ -96.514638319806167, 16.311626420648 ], [ -96.514420949599995, 16.311502861321745 ], [ -96.514172849816163, 16.311402621043531 ], [ -96.513966619798026, 16.311346399699254 ], [ -96.513256799385246, 16.311127680373136 ], [ -96.513127778669286, 16.311049309989254 ], [ -96.513060919682914, 16.310950680501602 ], [ -96.513006350294262, 16.310860379666003 ], [ -96.512930139770404, 16.310803140161191 ], [ -96.512792709575251, 16.310762150695194 ], [ -96.512669179788872, 16.310669430473187 ], [ -96.512560879305056, 16.310422261151242 ], [ -96.512451919919826, 16.310226321324024 ], [ -96.512288699967968, 16.31004902318649 ], [ -96.512283600209599, 16.310043480112196 ], [ -96.512268955041264, 16.310048293225169 ], [ -96.511411738678916, 16.310329940136281 ], [ -96.510980339796333, 16.310491490403347 ], [ -96.511004479522484, 16.310653261225749 ], [ -96.511134280295025, 16.310877350225773 ], [ -96.511221349429618, 16.311007569590711 ], [ -96.511315428653702, 16.311185659897031 ], [ -96.511429519156977, 16.311430819835827 ], [ -96.511473969658809, 16.311648749570217 ], [ -96.51148108082883, 16.311725055345409 ], [ -96.511483757218699, 16.311753784726587 ], [ -96.511488818737561, 16.311808080436421 ], [ -96.511449910337774, 16.312327260427157 ], [ -96.511361339650193, 16.312885349968287 ], [ -96.511342228942283, 16.313083180240888 ], [ -96.511337139449012, 16.313247691002879 ], [ -96.511323029129102, 16.313529679808429 ], [ -96.510963909344639, 16.314093769977685 ], [ -96.510838980450217, 16.314513117293235 ], [ -96.510731399735505, 16.314874230235002 ], [ -96.510696239408702, 16.314988554994294 ], [ -96.510574080156502, 16.315385750588934 ], [ -96.510530774848107, 16.3154921307354 ], [ -96.510481120106505, 16.315614109833056 ], [ -96.510388030497893, 16.31580963570104 ], [ -96.510277754565436, 16.316041258531531 ], [ -96.510235109816293, 16.316130829769687 ], [ -96.510198471289925, 16.316170790538319 ], [ -96.510077150059601, 16.316303110181753 ], [ -96.510169660455517, 16.316616509847403 ], [ -96.510274829405233, 16.317014659548882 ], [ -96.510252017573237, 16.317015309985983 ], [ -96.510069490329386, 16.317020510347454 ], [ -96.509784969167598, 16.317042200112414 ], [ -96.509550979097952, 16.317053950187667 ], [ -96.50926682875668, 16.317080230499254 ], [ -96.50907063006872, 16.317073889914173 ], [ -96.509088690216231, 16.317328019678413 ], [ -96.509166022252671, 16.317449888125459 ], [ -96.509175573375387, 16.317464939338461 ], [ -96.509176169511022, 16.31746587984021 ], [ -96.509189006954784, 16.31749644163099 ], [ -96.509225412467146, 16.317583111274352 ], [ -96.509250938906163, 16.31764388021427 ], [ -96.509276710352637, 16.317834429675802 ], [ -96.509190029185035, 16.318603250539411 ], [ -96.509165847099297, 16.318724223476924 ], [ -96.509130619948323, 16.318900450890183 ], [ -96.509127020640605, 16.318933178196268 ], [ -96.509118680304766, 16.319008949807635 ], [ -96.509092019139132, 16.319251491168878 ], [ -96.509030180103721, 16.31939423120247 ], [ -96.5089168494398, 16.319576889661711 ], [ -96.508819089793079, 16.319603290166018 ], [ -96.508707799430837, 16.319623950016059 ], [ -96.508625150254701, 16.319670999897308 ], [ -96.508473968814329, 16.319805939995916 ], [ -96.50817796864655, 16.32024605994226 ], [ -96.508122379896633, 16.320509720759205 ], [ -96.507928909973046, 16.320896980181217 ], [ -96.50784394973212, 16.321007339549755 ], [ -96.507731088903313, 16.321074000722994 ], [ -96.507646219251569, 16.321185319731644 ], [ -96.507501149719076, 16.321417780784259 ], [ -96.507412398681296, 16.321552031304272 ], [ -96.507128509153318, 16.322002799591477 ], [ -96.506983310322255, 16.322256369576568 ], [ -96.506842059221839, 16.322426031117196 ], [ -96.506709380234696, 16.322508600792634 ], [ -96.50641613923041, 16.322696171168726 ], [ -96.506174250138741, 16.322809140309548 ], [ -96.506060689363395, 16.32293820119726 ], [ -96.505924999547702, 16.323176030615699 ], [ -96.505879538692938, 16.323319219836304 ], [ -96.505792369426999, 16.323442030622431 ], [ -96.505649779403569, 16.323549740428529 ], [ -96.505418118714005, 16.323669400945089 ], [ -96.505333798957196, 16.323738580584319 ], [ -96.505259370045749, 16.323869800526595 ], [ -96.50525308899384, 16.323941509593489 ], [ -96.505276612170391, 16.324045529794596 ], [ -96.505284080360681, 16.324078549754653 ], [ -96.505306146365925, 16.324169662949483 ], [ -96.505310108875989, 16.324186020790979 ], [ -96.505305484410414, 16.324221740122809 ], [ -96.505304430560415, 16.324229882490297 ], [ -96.50529148991339, 16.324329830160725 ], [ -96.505123650136767, 16.324585521018168 ], [ -96.505090431958649, 16.324595807449192 ], [ -96.505073080304399, 16.324601180309976 ], [ -96.505070683130072, 16.324595076439952 ], [ -96.503635569968623, 16.320938430188303 ], [ -96.503615858639222, 16.32088820101141 ], [ -96.503528319976638, 16.320665137770028 ] ] ] ] } },
{ "type": "Feature", "properties": { "CVEGEO": "20449", "CVE_ENT": "20", "CVE_MUN": "449", "PAISAJE": "Sierra de Yautepec", "ID_PAISA": 2, "NOM_MUN": "Santa María Zoquitlán", "HAS_MUN": 41721.6, "RM": "R3" }, "geometry": { "type": "MultiPolygon", "coordinates": [ [ [ [ -96.277124019887339, 16.598702649544801 ], [ -96.27598974021231, 16.596434950225529 ], [ -96.261954219984617, 16.600811580069696 ], [ -96.261676740241271, 16.59551343049808 ], [ -96.254991379276348, 16.589877091122592 ], [ -96.255043999397685, 16.589654250847182 ], [ -96.254291250233649, 16.58929462125429 ], [ -96.248036709900191, 16.587667709575499 ], [ -96.244103229510429, 16.585664280276294 ], [ -96.254426969019647, 16.555921340728805 ], [ -96.255835139404809, 16.551868351096225 ], [ -96.249546450220308, 16.546842740478517 ], [ -96.248644448610804, 16.544788749887669 ], [ -96.24806948877675, 16.543524030966502 ], [ -96.247992538870605, 16.541888770152262 ], [ -96.245786148868021, 16.539154910022138 ], [ -96.245723429897993, 16.539040379545664 ], [ -96.246716370332678, 16.535480281000982 ], [ -96.24663982014934, 16.535187920551788 ], [ -96.243276539925091, 16.530704660363078 ], [ -96.243198288595963, 16.530413030777204 ], [ -96.259463650120111, 16.532892149676346 ], [ -96.279923860239592, 16.536008020216556 ], [ -96.280851170323487, 16.532996459587558 ], [ -96.284158230201768, 16.522255309735652 ], [ -96.284167850207893, 16.52218153967199 ], [ -96.284169940139634, 16.522140419989096 ], [ -96.286800620447224, 16.496329430258044 ], [ -96.289852979603126, 16.468779289566445 ], [ -96.290990220049366, 16.439572800109097 ], [ -96.306009779570772, 16.447267230196921 ], [ -96.307411139995651, 16.447893719679236 ], [ -96.308010979573879, 16.448161879618976 ], [ -96.308034853922365, 16.448174942122431 ], [ -96.31221018009245, 16.450459369919795 ], [ -96.325501570470792, 16.455434549637104 ], [ -96.326550060269156, 16.45569504984206 ], [ -96.326827049581595, 16.455763860366197 ], [ -96.326860249829991, 16.455772879972784 ], [ -96.336759660039107, 16.457518659672566 ], [ -96.364544419828079, 16.443527849979116 ], [ -96.365099473204836, 16.443224814327955 ], [ -96.365586017005242, 16.442959178600653 ], [ -96.368662120088459, 16.44127967963475 ], [ -96.376163490412011, 16.437183719588223 ], [ -96.376600829757848, 16.436944920422121 ], [ -96.39682533967499, 16.460495619692026 ], [ -96.396816659963505, 16.455212819926921 ], [ -96.397045419847814, 16.455557059649472 ], [ -96.397417689730858, 16.455877820372379 ], [ -96.397801149612022, 16.455991510353233 ], [ -96.398172919727415, 16.456174339759041 ], [ -96.39850885034312, 16.456357169665431 ], [ -96.398820180151148, 16.456390679820707 ], [ -96.399153859792207, 16.455975550387603 ], [ -96.399596799778621, 16.455974110185721 ], [ -96.400387139540328, 16.45601754030475 ], [ -96.400783549665832, 16.456395659713326 ], [ -96.400868370160296, 16.456682939678824 ], [ -96.400931090348024, 16.457476180100883 ], [ -96.400992710143001, 16.457958979746429 ], [ -96.401281219637099, 16.458279950045689 ], [ -96.401521830070251, 16.458612709955105 ], [ -96.401738690116758, 16.458979939823127 ], [ -96.402050600039516, 16.459174380121379 ], [ -96.402338569538145, 16.459345950016878 ], [ -96.402818629976352, 16.459677880291501 ], [ -96.403334580418132, 16.459986680149925 ], [ -96.403670859815819, 16.460284489681918 ], [ -96.403971150365635, 16.460571019890747 ], [ -96.404068120318783, 16.46088120021296 ], [ -96.404057249844101, 16.461191770394731 ], [ -96.404178090153664, 16.461501799684715 ], [ -96.40439501997632, 16.461892050088665 ], [ -96.409183949677569, 16.461945120100001 ], [ -96.408865630379779, 16.463268709735743 ], [ -96.408485170103759, 16.464005970103873 ], [ -96.408342199769493, 16.464178880186214 ], [ -96.408224060284979, 16.4646162797107 ], [ -96.408237400273507, 16.46500725978931 ], [ -96.408357569584624, 16.465121830053928 ], [ -96.408693689878277, 16.465362179899184 ], [ -96.409029309961227, 16.465464619884138 ], [ -96.409365169855178, 16.465647430022404 ], [ -96.409665480168997, 16.465933949863452 ], [ -96.40987013980947, 16.46622072004514 ], [ -96.410170780354363, 16.466587720048366 ], [ -96.410566940045044, 16.466896909595004 ], [ -96.410711170128309, 16.467045919856396 ], [ -96.411105450225506, 16.466826089708508 ], [ -96.411427350067143, 16.466445579817872 ], [ -96.411581819959451, 16.466134540339898 ], [ -96.411831680175638, 16.465708249896149 ], [ -96.41206925957718, 16.465212889972747 ], [ -96.412233780184764, 16.464361399613988 ], [ -96.412363180260044, 16.463751450229928 ], [ -96.412516710390335, 16.463164449998608 ], [ -96.412850169726653, 16.46268039979741 ], [ -96.413039580040518, 16.462104780246818 ], [ -96.413599250020368, 16.461297910128842 ], [ -96.4158033701801, 16.461646980436004 ], [ -96.417538399765689, 16.471082460249235 ], [ -96.417993939932373, 16.47124191021798 ], [ -96.418364770238711, 16.471160139762006 ], [ -96.419034769916323, 16.471042879918976 ], [ -96.419536219639014, 16.470661679694999 ], [ -96.419893340115308, 16.470108539945748 ], [ -96.420131020447243, 16.469613170068843 ], [ -96.420451230254258, 16.468807119907954 ], [ -96.420640999807816, 16.468323540301729 ], [ -96.420902420080722, 16.467793599635513 ], [ -96.421211179660958, 16.467102569676179 ], [ -96.421304849981354, 16.466538770334477 ], [ -96.421447139665418, 16.46584453988714 ], [ -96.421569510272604, 16.465375579744073 ], [ -96.42177422014835, 16.465124199615698 ], [ -96.422027090407937, 16.465000940089165 ], [ -96.422277629576456, 16.465021829642264 ], [ -96.423024309748868, 16.465854820428213 ], [ -96.423195570158796, 16.466336250100586 ], [ -96.423280779606955, 16.466530970217104 ], [ -96.423295110048329, 16.466795279686842 ], [ -96.423298649655905, 16.467186119852414 ], [ -96.423289540246998, 16.467496619981109 ], [ -96.423281690099316, 16.467945049912512 ], [ -96.423247600187807, 16.468129279717246 ], [ -96.423287629668152, 16.468600310389682 ], [ -96.423458260151605, 16.469012749745261 ], [ -96.423722399743284, 16.469217480310355 ], [ -96.424154149620918, 16.469501259964932 ], [ -96.424490649708474, 16.469797349714973 ], [ -96.424694659904119, 16.469945090217379 ], [ -96.425007109797917, 16.470218400433392 ], [ -96.425081859646824, 16.470574149724424 ], [ -96.425251980078954, 16.47092911980128 ], [ -96.425466710192595, 16.471734050250578 ], [ -96.425799489567893, 16.477719909947279 ], [ -96.425928849560364, 16.480046850204261 ], [ -96.424790340351095, 16.479763199570108 ], [ -96.424335569600032, 16.479833739582549 ], [ -96.424013000368632, 16.480030370228157 ], [ -96.423619049770167, 16.480330710331312 ], [ -96.422973120360467, 16.480493890147439 ], [ -96.422494749524006, 16.480656520226923 ], [ -96.422123090429565, 16.480531279627066 ], [ -96.421595169622947, 16.480222540351651 ], [ -96.421211450229563, 16.480074369872213 ], [ -96.42093567990112, 16.47996031996853 ], [ -96.420552059679395, 16.479846570397047 ], [ -96.419917429576827, 16.479814259873731 ], [ -96.419282429658438, 16.479724400088489 ], [ -96.418743569940361, 16.47969173972481 ], [ -96.418193400079829, 16.479854550187273 ], [ -96.418038710392949, 16.480119539797968 ], [ -96.418015969837441, 16.48043013976249 ], [ -96.417993059541345, 16.480717709959738 ], [ -96.417946309834136, 16.48103984962637 ], [ -96.417875720352725, 16.481385090315168 ], [ -96.417829120145271, 16.481730259640202 ], [ -96.417794880127147, 16.482167350110544 ], [ -96.417520509659525, 16.482455779876997 ], [ -96.417361580342998, 16.482704289565095 ], [ -96.423317089794111, 16.484999540408275 ], [ -96.427224249697446, 16.486643579932295 ], [ -96.427661280165765, 16.486731420403888 ], [ -96.427759819860924, 16.486763850343166 ], [ -96.429101859765154, 16.487205600228933 ], [ -96.437710319783619, 16.508606349575949 ], [ -96.461278250300012, 16.567164689846788 ], [ -96.472458219916362, 16.594926889667583 ], [ -96.476975340073253, 16.592493218746267 ], [ -96.47355916986686, 16.605162310145996 ], [ -96.472145629623867, 16.610403830135205 ], [ -96.481133089751722, 16.618806569562629 ], [ -96.489570109904079, 16.634329080304305 ], [ -96.495759619651054, 16.64264999977576 ], [ -96.491426449582406, 16.648086219574676 ], [ -96.484480850097626, 16.651745340284361 ], [ -96.472271740472351, 16.655299879594715 ], [ -96.472171459723626, 16.656899860269309 ], [ -96.466690000337749, 16.658404399924773 ], [ -96.457418090008531, 16.66094881987858 ], [ -96.44320713990281, 16.664510880353134 ], [ -96.437636259704249, 16.665906829631826 ], [ -96.435521309982249, 16.665991510314935 ], [ -96.428687510055269, 16.666264850283039 ], [ -96.422815970307525, 16.668628860182718 ], [ -96.415227910256419, 16.677468779918648 ], [ -96.396968339996903, 16.670383309624235 ], [ -96.374937180316479, 16.655480049792896 ], [ -96.36915752028996, 16.651350320008632 ], [ -96.3614941197457, 16.645873939815683 ], [ -96.353606349939227, 16.638620580235315 ], [ -96.347523089984932, 16.633025880330241 ], [ -96.330671819605868, 16.622609820109123 ], [ -96.328996549950574, 16.621525260169733 ], [ -96.328765118878579, 16.621422283378198 ], [ -96.327174982527666, 16.62071473056616 ], [ -96.327026050393002, 16.620648459765693 ], [ -96.318678779884564, 16.618593380214566 ], [ -96.312920090054561, 16.617122680024426 ], [ -96.29680264968674, 16.609292740380997 ], [ -96.286841779832713, 16.603913829977706 ], [ -96.277124019887339, 16.598702649544801 ] ] ] ] } },
{ "type": "Feature", "properties": { "CVEGEO": "20538", "CVE_ENT": "20", "CVE_MUN": "538", "PAISAJE": "Valles Centrales", "ID_PAISA": 1, "NOM_MUN": "Sitio de Xitlapehua", "HAS_MUN": 1830.1, "RM": "R2" }, "geometry": { "type": "MultiPolygon", "coordinates": [ [ [ [ -96.534606838382047, 16.36291526476295 ], [ -96.534606119985469, 16.362913080044287 ], [ -96.534604322003176, 16.362916365866063 ], [ -96.534515710110242, 16.363078279887567 ], [ -96.534363423227731, 16.363632104730353 ], [ -96.534362970396472, 16.363633750080211 ], [ -96.534374350146905, 16.363670400443635 ], [ -96.534358399960411, 16.363697889882673 ], [ -96.534206069696566, 16.363794003091463 ], [ -96.534204979936234, 16.363794690222125 ], [ -96.534203553298539, 16.363795104189762 ], [ -96.534044880263451, 16.363841109646422 ], [ -96.533222630157695, 16.363991020378855 ], [ -96.533204150201982, 16.36398211018307 ], [ -96.533193379598856, 16.363965109665088 ], [ -96.533192940479438, 16.363882249634131 ], [ -96.533082859848463, 16.363727339881077 ], [ -96.532994800082008, 16.363496769964247 ], [ -96.532996139685793, 16.363321519627885 ], [ -96.532969987804321, 16.362780642856162 ], [ -96.532969749550645, 16.362775720217101 ], [ -96.532967471414892, 16.362781743931148 ], [ -96.532769950104722, 16.363303969817245 ], [ -96.532952819847466, 16.363911050396734 ], [ -96.532949520085779, 16.363928480268605 ], [ -96.532834489228975, 16.364152219564513 ], [ -96.532666963994316, 16.364314354681891 ], [ -96.532666658857991, 16.364314650225577 ], [ -96.532664447574589, 16.364315455755222 ], [ -96.532350179998616, 16.364429949999561 ], [ -96.532140430372053, 16.364483710071468 ], [ -96.531611889057302, 16.364557335896009 ], [ -96.530848938654287, 16.364449399620145 ], [ -96.530846346837322, 16.364448576905332 ], [ -96.529457630423963, 16.364007889720483 ], [ -96.529196858244518, 16.363763729128948 ], [ -96.529018359126312, 16.363596599295175 ], [ -96.529015358983926, 16.363593789094175 ], [ -96.52896946305944, 16.363550817243642 ], [ -96.528896507113799, 16.363482504473069 ], [ -96.528834447003874, 16.363424394751142 ], [ -96.52869322804905, 16.363292164724811 ], [ -96.528529259993974, 16.363138629627151 ], [ -96.528352170057246, 16.362623249890458 ], [ -96.528335859573161, 16.362507520255523 ], [ -96.528328093930568, 16.362501001966358 ], [ -96.526723569853431, 16.361154199946881 ], [ -96.52533587997047, 16.359989349913405 ], [ -96.521687259716188, 16.3569265401939 ], [ -96.52111808955658, 16.356448719904261 ], [ -96.517163689009223, 16.349598369530121 ], [ -96.51711310874424, 16.348966020131769 ], [ -96.51723108898355, 16.348586050923053 ], [ -96.517335799390324, 16.34789556976764 ], [ -96.517237310107603, 16.347263460040057 ], [ -96.517164489224925, 16.347022250065205 ], [ -96.516899508868718, 16.346609220950572 ], [ -96.516866780104706, 16.346520711045748 ], [ -96.516814280381141, 16.346276079657269 ], [ -96.516763740235859, 16.345655199936285 ], [ -96.516761859333911, 16.34521817983676 ], [ -96.517047030183193, 16.344757091209384 ], [ -96.517546719093488, 16.344088060726552 ], [ -96.518523199103257, 16.342991630267839 ], [ -96.519225370341388, 16.34210331998916 ], [ -96.520034750331732, 16.341111050776959 ], [ -96.520700798803091, 16.34019991087974 ], [ -96.520805878893171, 16.339589910788671 ], [ -96.520708319009387, 16.339164750551472 ], [ -96.520394249819944, 16.338476019833582 ], [ -96.52002154892169, 16.338074910445492 ], [ -96.519745149530891, 16.337788481330119 ], [ -96.519420448682638, 16.33741023001155 ], [ -96.519120489542857, 16.337227401278632 ], [ -96.518963629103013, 16.336929021084782 ], [ -96.524814539961326, 16.334134171118453 ], [ -96.525064179715585, 16.333765139714572 ], [ -96.525575479790433, 16.333038581310461 ], [ -96.525884029273286, 16.332462311217331 ], [ -96.526192339562144, 16.33181702959244 ], [ -96.52632189028698, 16.331333490541901 ], [ -96.526319078744677, 16.33070097979396 ], [ -96.526221378974327, 16.330241341063495 ], [ -96.526028850249617, 16.32998905006481 ], [ -96.525859179647199, 16.329495219565462 ], [ -96.525856818901133, 16.328954661204275 ], [ -96.526047450025644, 16.328769920043662 ], [ -96.526846260187597, 16.328134199935544 ], [ -96.527275319267304, 16.327741430160536 ], [ -96.527667769738628, 16.327187820142196 ], [ -96.527892828646003, 16.326680920829077 ], [ -96.528057739729704, 16.326093740789364 ], [ -96.528197999541163, 16.325322539628097 ], [ -96.52827937909862, 16.324793180198043 ], [ -96.528277220203705, 16.324287229557683 ], [ -96.528287368996985, 16.323873109783872 ], [ -96.528356718698447, 16.32333231950458 ], [ -96.528270350412271, 16.322723120470091 ], [ -96.528113659931634, 16.322470720447949 ], [ -96.528063678700747, 16.321987879885096 ], [ -96.52806636420577, 16.321988415547207 ], [ -96.528194659660159, 16.322014000174782 ], [ -96.533180948944448, 16.32300848988961 ], [ -96.539990939705291, 16.324366511280445 ], [ -96.539885279479705, 16.324826940305375 ], [ -96.540030149625764, 16.325113890529607 ], [ -96.540367259219636, 16.325595570610879 ], [ -96.540501309530725, 16.326135579791217 ], [ -96.540550920021005, 16.326537941330916 ], [ -96.540554369423731, 16.326560261008201 ], [ -96.541978880374742, 16.335767149849023 ], [ -96.542129579010364, 16.336863770450041 ], [ -96.542817779146262, 16.341188631191297 ], [ -96.542964970420186, 16.342139830120498 ], [ -96.543007248967797, 16.342811430613644 ], [ -96.544362848708587, 16.352318940869292 ], [ -96.54962665093295, 16.356282489181261 ], [ -96.551090816776394, 16.357384911291007 ], [ -96.554581488283219, 16.360013042317654 ], [ -96.559023689039165, 16.363357340926722 ], [ -96.55878150750209, 16.365510597797002 ], [ -96.558781208674873, 16.365513254009542 ], [ -96.558074258967309, 16.371798460129249 ], [ -96.558074207441464, 16.371798914804486 ], [ -96.557332110132137, 16.378396079930397 ], [ -96.556949019713343, 16.378604051119932 ], [ -96.556546448924877, 16.378872151204487 ], [ -96.556346350434538, 16.379126919816727 ], [ -96.555946620206285, 16.379682461185027 ], [ -96.555700219713614, 16.380075619959285 ], [ -96.555299459616847, 16.380527679735792 ], [ -96.554911400020188, 16.381060110263011 ], [ -96.554501199115606, 16.381765201070237 ], [ -96.554126520235855, 16.382446970315588 ], [ -96.553774659434183, 16.383025049859683 ], [ -96.553269920006485, 16.383811480711348 ], [ -96.552943690395395, 16.384573291283967 ], [ -96.552531780162056, 16.38510591961111 ], [ -96.552149448662448, 16.386224679766539 ], [ -96.551857720328314, 16.386859690297673 ], [ -96.551475949142926, 16.388035941282926 ], [ -96.550972749027011, 16.388983310447983 ], [ -96.550611309491956, 16.389802921280864 ], [ -96.55031440010606, 16.391127850573703 ], [ -96.549819378967385, 16.391695721169302 ], [ -96.549587449605042, 16.392353199904033 ], [ -96.548864430291246, 16.393980919697732 ], [ -96.547930458683112, 16.395978480516476 ], [ -96.5477895377972, 16.396186616159568 ], [ -96.547648489407948, 16.396394940193282 ], [ -96.547261848564261, 16.39707680101942 ], [ -96.546769948825542, 16.397966571158467 ], [ -96.546011570426728, 16.399640580569251 ], [ -96.545278920335292, 16.401509820298859 ], [ -96.544058458686081, 16.404694199745869 ], [ -96.54168614886305, 16.409384231289057 ], [ -96.540200408095117, 16.412321396814221 ], [ -96.54019905036192, 16.412324080204488 ], [ -96.538573380364184, 16.410106219847393 ], [ -96.53850119973157, 16.410007739687952 ], [ -96.538353689795741, 16.40912277988782 ], [ -96.538292720018774, 16.408858489684093 ], [ -96.538206920375274, 16.408410260239123 ], [ -96.538204279706662, 16.407800800250815 ], [ -96.538320999994809, 16.407121720106016 ], [ -96.538401860034057, 16.406442859721249 ], [ -96.538400119736565, 16.406051819798105 ], [ -96.538374660158027, 16.405695450305437 ], [ -96.538408600255536, 16.405258290279871 ], [ -96.538730199577756, 16.404888919873095 ], [ -96.538776980061968, 16.404635740188727 ], [ -96.538859060465143, 16.404255889977559 ], [ -96.538977980402194, 16.404071380184963 ], [ -96.539192029623592, 16.403748540368429 ], [ -96.539177104784869, 16.394696374045225 ], [ -96.539177097276976, 16.394691542608278 ], [ -96.539172597146958, 16.391961795017103 ], [ -96.539172595145359, 16.391960306080687 ], [ -96.539155969725243, 16.38187411040543 ], [ -96.538269619949347, 16.37626529033431 ], [ -96.538242969707412, 16.375644319775827 ], [ -96.538095719607384, 16.374828380382063 ], [ -96.537769480473457, 16.374116659739443 ], [ -96.537634049630952, 16.373254619636342 ], [ -96.537439379595583, 16.372519320321661 ], [ -96.537270350228752, 16.372186460113397 ], [ -96.534793429598807, 16.363482940051533 ], [ -96.534606838382047, 16.36291526476295 ] ] ] ] } },
{ "type": "Feature", "properties": { "CVEGEO": "20409", "CVE_ENT": "20", "CVE_MUN": "409", "PAISAJE": "Valles Centrales", "ID_PAISA": 1, "NOM_MUN": "Santa María del Tule", "HAS_MUN": 1683.2, "RM": "R1" }, "geometry": { "type": "MultiPolygon", "coordinates": [ [ [ [ -96.622742820446518, 17.051657620435574 ], [ -96.62281578040276, 17.05142565005584 ], [ -96.622886570335012, 17.051195779712192 ], [ -96.622887620200316, 17.0511923401424 ], [ -96.62293766625541, 17.05102661210951 ], [ -96.622939561113526, 17.05102033813105 ], [ -96.622965519985044, 17.050934380089085 ], [ -96.623038019549313, 17.050684859723869 ], [ -96.623113090119688, 17.050426049701635 ], [ -96.623130465225657, 17.050338816219121 ], [ -96.623146900193063, 17.050256302872317 ], [ -96.623230493307943, 17.04983662118509 ], [ -96.623237558569841, 17.049801151233847 ], [ -96.623340450265047, 17.04928458103053 ], [ -96.623340475119875, 17.049284473511445 ], [ -96.623340487547253, 17.049284419751881 ], [ -96.6233405496492, 17.049284151856288 ], [ -96.623471334710402, 17.048785655797872 ], [ -96.623477291645045, 17.048762951626692 ], [ -96.623498829347866, 17.048680861106281 ], [ -96.623534158878783, 17.048691595001362 ], [ -96.623660144918119, 17.048729871115153 ], [ -96.623706750401482, 17.048744030247789 ], [ -96.623755780079421, 17.048759800966693 ], [ -96.625616029780716, 17.049334091160414 ], [ -96.625616019721491, 17.049334060079797 ], [ -96.624869169176776, 17.048275920649875 ], [ -96.624869149668683, 17.04827589103536 ], [ -96.624212680020122, 17.047431419867916 ], [ -96.623975309624086, 17.047126059673605 ], [ -96.624239538606346, 17.046510080292684 ], [ -96.624239549954623, 17.046510030108269 ], [ -96.624503919418387, 17.045822250956324 ], [ -96.624508549857595, 17.04580961958013 ], [ -96.624414399853137, 17.045771370617643 ], [ -96.623676706080261, 17.045646713894591 ], [ -96.622134123563825, 17.045386032920923 ], [ -96.622133826871348, 17.045385982461649 ], [ -96.620981749820302, 17.045191280785001 ], [ -96.620962071668359, 17.045188450065716 ], [ -96.620530598672971, 17.045126371249403 ], [ -96.61839342952247, 17.044471541081471 ], [ -96.618384135558884, 17.044468649560581 ], [ -96.617352289756482, 17.044147600749444 ], [ -96.617021089806684, 17.044040570902574 ], [ -96.616885540027795, 17.043997421098425 ], [ -96.616356659948082, 17.043831490519882 ], [ -96.615935991747705, 17.043698801276875 ], [ -96.614601219923529, 17.043277770735468 ], [ -96.613943785794788, 17.043009694558727 ], [ -96.613687229962309, 17.042905080568787 ], [ -96.613628458159084, 17.042863689278342 ], [ -96.611742427294303, 17.041535395246196 ], [ -96.611742378858096, 17.041535360970457 ], [ -96.611742338650899, 17.04153533241292 ], [ -96.611742313963944, 17.04153531525813 ], [ -96.611742276499726, 17.041535288606717 ], [ -96.611742254555679, 17.041535273357994 ], [ -96.61147034879059, 17.041343770987869 ], [ -96.611386726032848, 17.041278712290293 ], [ -96.610982770032209, 17.040964431024701 ], [ -96.609267879946955, 17.039711709786214 ], [ -96.609362600409227, 17.039156800030952 ], [ -96.609398659864837, 17.039015720473699 ], [ -96.609519230126352, 17.038543939721247 ], [ -96.609774339958761, 17.037545709997424 ], [ -96.609808924143351, 17.037410373048687 ], [ -96.609982229945572, 17.036732201116934 ], [ -96.610145799740408, 17.036092170884896 ], [ -96.610326910150192, 17.035383480538275 ], [ -96.610346304098186, 17.035307589709657 ], [ -96.610495535534568, 17.034723632221805 ], [ -96.610840710390832, 17.033372910872536 ], [ -96.611521969482695, 17.03075917063078 ], [ -96.611608170251515, 17.030070710468358 ], [ -96.61158567895626, 17.03005346092479 ], [ -96.611845179029345, 17.028980690849092 ], [ -96.612320520410805, 17.02697715077354 ], [ -96.612280133548353, 17.026968418760688 ], [ -96.611247919875822, 17.026745230585608 ], [ -96.611062570026021, 17.026705150973676 ], [ -96.610826830006744, 17.026654170970698 ], [ -96.610627140424256, 17.026610981140021 ], [ -96.610435147230007, 17.026569479677317 ], [ -96.610435059682473, 17.026569461152423 ], [ -96.60997321096491, 17.026469584474945 ], [ -96.60994446337827, 17.026463367011356 ], [ -96.609903649429995, 17.026454541207691 ], [ -96.609674509974312, 17.026405000609369 ], [ -96.60941973988092, 17.026349890588488 ], [ -96.609120629522522, 17.02628522123462 ], [ -96.608884968931619, 17.026234260897404 ], [ -96.608598089794384, 17.026172221134622 ], [ -96.608286249690508, 17.026104781237056 ], [ -96.608095249087611, 17.026063480703293 ], [ -96.607868459938018, 17.026014430716575 ], [ -96.607775713014973, 17.025994381707473 ], [ -96.607746890058294, 17.025988151153111 ], [ -96.607742693206717, 17.025987244007442 ], [ -96.607709667014205, 17.025980101551959 ], [ -96.60706965011002, 17.025841690850143 ], [ -96.607070228799586, 17.025839403529964 ], [ -96.607112627915797, 17.025671807804333 ], [ -96.607578297087016, 17.023831083700657 ], [ -96.607803439403625, 17.022941111105354 ], [ -96.607809173906105, 17.022918442995095 ], [ -96.607814902836367, 17.022895797269648 ], [ -96.60802179916557, 17.022077940993004 ], [ -96.608278562765946, 17.02106290515 ], [ -96.608279416850024, 17.02105952925077 ], [ -96.608288961955594, 17.021021795405289 ], [ -96.608315289191111, 17.020917719845649 ], [ -96.608319732707443, 17.020920336137994 ], [ -96.60833317900871, 17.020928250635436 ], [ -96.608385850282346, 17.020973510881593 ], [ -96.608449349461083, 17.021030420459468 ], [ -96.608559199156232, 17.021160920480114 ], [ -96.608614078865656, 17.021222570956212 ], [ -96.608670879173744, 17.02127708069608 ], [ -96.608720090189607, 17.021327750910846 ], [ -96.608774600223896, 17.0213799806263 ], [ -96.608832919445888, 17.021447860820523 ], [ -96.608891429928221, 17.021516951277544 ], [ -96.6090280799325, 17.02161469051817 ], [ -96.60912387877238, 17.021664430786565 ], [ -96.609291859081296, 17.021741980738138 ], [ -96.609304769791677, 17.021748970548032 ], [ -96.609381568975991, 17.021785631014282 ], [ -96.609447780188376, 17.021813150607905 ], [ -96.60952062935867, 17.02184377055449 ], [ -96.609527851111991, 17.021846805327641 ], [ -96.609550765350932, 17.021856436354106 ], [ -96.610027771566067, 17.022056929152679 ], [ -96.610059135417842, 17.022070111758154 ], [ -96.610089662268933, 17.022082942461072 ], [ -96.611666177554355, 17.022745558710966 ], [ -96.61170233193296, 17.022760754489898 ], [ -96.611726626720227, 17.022770965421255 ], [ -96.611832398734336, 17.0228154209526 ], [ -96.611871058639622, 17.022839890602917 ], [ -96.612033999151649, 17.022970850931806 ], [ -96.612276510113261, 17.023109451136975 ], [ -96.612371053143789, 17.02314473524692 ], [ -96.612425319438785, 17.023164988132702 ], [ -96.612482040310866, 17.023186156383282 ], [ -96.612747178421287, 17.023285107774676 ], [ -96.61282825042008, 17.023315363932571 ], [ -96.612865876467893, 17.023329407474417 ], [ -96.612925050166851, 17.023351490872709 ], [ -96.613294580017225, 17.023530541324103 ], [ -96.613449619945243, 17.023321000985298 ], [ -96.613646520218524, 17.023342121117452 ], [ -96.613719018567352, 17.023456350966423 ], [ -96.613738509289462, 17.023461061318528 ], [ -96.613729975993024, 17.023483092741014 ], [ -96.613708219406803, 17.023539260884935 ], [ -96.613678380211766, 17.023619480546614 ], [ -96.613684890019627, 17.023623341315318 ], [ -96.613782736543229, 17.023681365722798 ], [ -96.61518069677085, 17.024510359672611 ], [ -96.615237579751124, 17.02454409127925 ], [ -96.615262370064769, 17.024558821328004 ], [ -96.616610418650055, 17.023450620513405 ], [ -96.62115204617642, 17.019715339933359 ], [ -96.62139200011913, 17.019517980533124 ], [ -96.6217335103388, 17.019402571261374 ], [ -96.621803866008904, 17.019009763346435 ], [ -96.62180719943693, 17.018991150443068 ], [ -96.621652927617404, 17.018653826083636 ], [ -96.621649920057123, 17.01864725087658 ], [ -96.621755138786867, 17.018185260952539 ], [ -96.621797020347699, 17.017937710495719 ], [ -96.62187010951186, 17.017688251125477 ], [ -96.621909249041948, 17.017469110904688 ], [ -96.621924650069744, 17.01718078070585 ], [ -96.621999450296869, 17.016957451359094 ], [ -96.622650369924088, 17.017103910691073 ], [ -96.624499770095113, 17.017535340901059 ], [ -96.624548229668491, 17.017510911015783 ], [ -96.635559739018902, 17.011958950629865 ], [ -96.641417908659079, 17.00903638051323 ], [ -96.644669169849237, 17.007283571007164 ], [ -96.64819536901058, 17.007631911209586 ], [ -96.655472399885483, 17.006897350566454 ], [ -96.658750109501298, 17.007822940608353 ], [ -96.663260229651243, 17.009606020997349 ], [ -96.644075709313256, 17.039609020837581 ], [ -96.642925338618426, 17.041447420912263 ], [ -96.642839379864355, 17.04177795063384 ], [ -96.642408479234419, 17.043435000585017 ], [ -96.642458819368585, 17.043443680260939 ], [ -96.643090449616508, 17.043662080203511 ], [ -96.643093489688809, 17.043663120041877 ], [ -96.642115570212937, 17.047998320082694 ], [ -96.641919950114129, 17.048868150312259 ], [ -96.641894680051649, 17.048974091291008 ], [ -96.641069999454828, 17.051032910456918 ], [ -96.640216449424514, 17.053148979925435 ], [ -96.639860648651194, 17.052981511224797 ], [ -96.639755058976561, 17.052931820850102 ], [ -96.639400748733635, 17.053800019584354 ], [ -96.639262048793839, 17.054155921270276 ], [ -96.63822011908762, 17.053821180284107 ], [ -96.637876509404052, 17.053710780105607 ], [ -96.637398531537187, 17.0535294661771 ], [ -96.636926569288761, 17.053350433449619 ], [ -96.636655089992075, 17.053247449842672 ], [ -96.636355260267806, 17.053179650090556 ], [ -96.635980350394547, 17.053137687025881 ], [ -96.63581937989305, 17.053126511076883 ], [ -96.635813443216321, 17.053131358620519 ], [ -96.635771719530226, 17.053165429967034 ], [ -96.635714058833457, 17.053212541117961 ], [ -96.635613910445656, 17.053287429602477 ], [ -96.635478739553434, 17.05328666026244 ], [ -96.635471618897242, 17.053284230194077 ], [ -96.635406518972189, 17.053262061055733 ], [ -96.635287400135894, 17.053221540317885 ], [ -96.635287375870789, 17.053221584617855 ], [ -96.635197088605807, 17.053190941231016 ], [ -96.634843339257912, 17.053070780180445 ], [ -96.634073580018821, 17.052809380099959 ], [ -96.632724478966509, 17.052402080895895 ], [ -96.632638958966297, 17.05237509053195 ], [ -96.632475620057903, 17.052323539994529 ], [ -96.631897448728836, 17.052128630865688 ], [ -96.631814217324973, 17.052100570546383 ], [ -96.631814169256046, 17.052100550745568 ], [ -96.631695020399249, 17.05205867990086 ], [ -96.631516749010316, 17.051995970144148 ], [ -96.631415369360099, 17.051960400319899 ], [ -96.631007618966592, 17.051818090526655 ], [ -96.630778920286232, 17.051732971293752 ], [ -96.630770080288102, 17.051729691232318 ], [ -96.630725677580585, 17.051830951255109 ], [ -96.63072565950381, 17.051830981321686 ], [ -96.630613509583981, 17.05197703014554 ], [ -96.630613480252251, 17.051977059806596 ], [ -96.630176779833604, 17.052350221150746 ], [ -96.629642949799589, 17.052782549674308 ], [ -96.629085509801484, 17.053234550895599 ], [ -96.628651739658025, 17.053582620330481 ], [ -96.62840680862881, 17.053787913089138 ], [ -96.628346540426847, 17.053838426704765 ], [ -96.628160859272299, 17.053994059665637 ], [ -96.627664108977939, 17.054365249700979 ], [ -96.627565058772532, 17.054519620513272 ], [ -96.627419737946227, 17.054462464482548 ], [ -96.627322879644439, 17.054424369618719 ], [ -96.626380630262275, 17.054143199773943 ], [ -96.626096520418301, 17.054058569503546 ], [ -96.625987288645746, 17.054026031167474 ], [ -96.6249503192942, 17.053716741094458 ], [ -96.624853381152704, 17.053687904153392 ], [ -96.623882139356311, 17.053398979905786 ], [ -96.623845450068032, 17.053387340500397 ], [ -96.623741249543329, 17.053354280024944 ], [ -96.623477320414935, 17.053270539943437 ], [ -96.623363090013626, 17.053235912119639 ], [ -96.622680490095618, 17.053028980974716 ], [ -96.622645519568351, 17.053017780943836 ], [ -96.622539877024607, 17.052983898743669 ], [ -96.6223273695377, 17.052915740365275 ], [ -96.622402979764161, 17.052705799715319 ], [ -96.622582549601802, 17.052157850051575 ], [ -96.622586320155122, 17.052146180460547 ], [ -96.622604419567907, 17.052090050447781 ], [ -96.622617922429583, 17.052048177576488 ], [ -96.622662140387362, 17.051911059744192 ], [ -96.622742820446518, 17.051657620435574 ] ] ] ] } },
{ "type": "Feature", "properties": { "CVEGEO": "20051", "CVE_ENT": "20", "CVE_MUN": "051", "PAISAJE": "Valles Centrales", "ID_PAISA": 1, "NOM_MUN": "Magdalena Teitipac", "HAS_MUN": 3944.1, "RM": "R1" }, "geometry": { "type": "MultiPolygon", "coordinates": [ [ [ [ -96.562224059625493, 16.929820660252538 ], [ -96.54633545979695, 16.930716999547595 ], [ -96.546111980089989, 16.925018019668773 ], [ -96.54568826010906, 16.915463030435145 ], [ -96.545137309677486, 16.902861519616462 ], [ -96.545045889614272, 16.900770689905894 ], [ -96.544558249646428, 16.893473709717167 ], [ -96.54448979996971, 16.892529620352654 ], [ -96.540032969923729, 16.890181049556634 ], [ -96.53082247954076, 16.877580139945174 ], [ -96.524655350334271, 16.871041149578577 ], [ -96.518506490224027, 16.867790279808172 ], [ -96.519385419589668, 16.862895279584126 ], [ -96.525887719528725, 16.860731940378546 ], [ -96.533845460231035, 16.851696090008236 ], [ -96.545575800137726, 16.848124179669131 ], [ -96.556728970407747, 16.844727169703106 ], [ -96.572584480243833, 16.873886199966169 ], [ -96.57513103028522, 16.878709309939335 ], [ -96.576978579761871, 16.882208420362478 ], [ -96.583055120364207, 16.899864770239287 ], [ -96.587201800193526, 16.911912030077598 ], [ -96.587420780210564, 16.912540720161637 ], [ -96.589294350130373, 16.917919769666522 ], [ -96.589726020402281, 16.924053800051066 ], [ -96.581536400298717, 16.93118982000161 ], [ -96.576307749489743, 16.931131400854191 ], [ -96.567666169562401, 16.930390430912588 ], [ -96.567655490463366, 16.933819219817309 ], [ -96.562337979914773, 16.929816400329717 ], [ -96.562224059625493, 16.929820660252538 ] ] ] ] } },
{ "type": "Feature", "properties": { "CVEGEO": "20235", "CVE_ENT": "20", "CVE_MUN": "235", "PAISAJE": "Valles Centrales", "ID_PAISA": 1, "NOM_MUN": "San Luis Amatlán", "HAS_MUN": 29017.9, "RM": "R2" }, "geometry": { "type": "MultiPolygon", "coordinates": [ [ [ [ -96.461278250300012, 16.567164689846788 ], [ -96.437710319783619, 16.508606349575949 ], [ -96.429101859765154, 16.487205600228933 ], [ -96.427759819860924, 16.486763850343166 ], [ -96.427661280165765, 16.486731420403888 ], [ -96.427224249697446, 16.486643579932295 ], [ -96.423317089794111, 16.484999540408275 ], [ -96.417361580342998, 16.482704289565095 ], [ -96.417520509659525, 16.482455779876997 ], [ -96.417794880127147, 16.482167350110544 ], [ -96.417829120145271, 16.481730259640202 ], [ -96.417875720352725, 16.481385090315168 ], [ -96.417946309834136, 16.48103984962637 ], [ -96.417993059541345, 16.480717709959738 ], [ -96.418015969837441, 16.48043013976249 ], [ -96.418038710392949, 16.480119539797968 ], [ -96.418193400079829, 16.479854550187273 ], [ -96.418743569940361, 16.47969173972481 ], [ -96.419282429658438, 16.479724400088489 ], [ -96.419917429576827, 16.479814259873731 ], [ -96.420552059679395, 16.479846570397047 ], [ -96.42093567990112, 16.47996031996853 ], [ -96.421211450229563, 16.480074369872213 ], [ -96.421595169622947, 16.480222540351651 ], [ -96.422123090429565, 16.480531279627066 ], [ -96.422494749524006, 16.480656520226923 ], [ -96.422973120360467, 16.480493890147439 ], [ -96.423619049770167, 16.480330710331312 ], [ -96.424013000368632, 16.480030370228157 ], [ -96.424335569600032, 16.479833739582549 ], [ -96.424790340351095, 16.479763199570108 ], [ -96.425928849560364, 16.480046850204261 ], [ -96.425799489567893, 16.477719909947279 ], [ -96.425466710192595, 16.471734050250578 ], [ -96.425251980078954, 16.47092911980128 ], [ -96.425081859646824, 16.470574149724424 ], [ -96.425007109797917, 16.470218400433392 ], [ -96.424694659904119, 16.469945090217379 ], [ -96.424490649708474, 16.469797349714973 ], [ -96.424154149620918, 16.469501259964932 ], [ -96.423722399743284, 16.469217480310355 ], [ -96.423458260151605, 16.469012749745261 ], [ -96.423287629668152, 16.468600310389682 ], [ -96.423247600187807, 16.468129279717246 ], [ -96.423281690099316, 16.467945049912512 ], [ -96.423289540246998, 16.467496619981109 ], [ -96.423298649655905, 16.467186119852414 ], [ -96.423295110048329, 16.466795279686842 ], [ -96.423280779606955, 16.466530970217104 ], [ -96.423195570158796, 16.466336250100586 ], [ -96.423024309748868, 16.465854820428213 ], [ -96.422277629576456, 16.465021829642264 ], [ -96.422027090407937, 16.465000940089165 ], [ -96.42177422014835, 16.465124199615698 ], [ -96.421569510272604, 16.465375579744073 ], [ -96.421447139665418, 16.46584453988714 ], [ -96.421304849981354, 16.466538770334477 ], [ -96.421211179660958, 16.467102569676179 ], [ -96.420902420080722, 16.467793599635513 ], [ -96.420640999807816, 16.468323540301729 ], [ -96.420451230254258, 16.468807119907954 ], [ -96.420131020447243, 16.469613170068843 ], [ -96.419893340115308, 16.470108539945748 ], [ -96.419536219639014, 16.470661679694999 ], [ -96.419034769916323, 16.471042879918976 ], [ -96.418364770238711, 16.471160139762006 ], [ -96.417993939932373, 16.47124191021798 ], [ -96.417538399765689, 16.471082460249235 ], [ -96.4158033701801, 16.461646980436004 ], [ -96.413599250020368, 16.461297910128842 ], [ -96.413039580040518, 16.462104780246818 ], [ -96.412850169726653, 16.46268039979741 ], [ -96.412516710390335, 16.463164449998608 ], [ -96.412363180260044, 16.463751450229928 ], [ -96.412233780184764, 16.464361399613988 ], [ -96.41206925957718, 16.465212889972747 ], [ -96.411831680175638, 16.465708249896149 ], [ -96.411581819959451, 16.466134540339898 ], [ -96.411427350067143, 16.466445579817872 ], [ -96.411105450225506, 16.466826089708508 ], [ -96.410711170128309, 16.467045919856396 ], [ -96.410566940045044, 16.466896909595004 ], [ -96.410170780354363, 16.466587720048366 ], [ -96.40987013980947, 16.46622072004514 ], [ -96.409665480168997, 16.465933949863452 ], [ -96.409365169855178, 16.465647430022404 ], [ -96.409029309961227, 16.465464619884138 ], [ -96.408693689878277, 16.465362179899184 ], [ -96.408357569584624, 16.465121830053928 ], [ -96.408237400273507, 16.46500725978931 ], [ -96.408224060284979, 16.4646162797107 ], [ -96.408342199769493, 16.464178880186214 ], [ -96.408485170103759, 16.464005970103873 ], [ -96.408865630379779, 16.463268709735743 ], [ -96.409183949677569, 16.461945120100001 ], [ -96.40439501997632, 16.461892050088665 ], [ -96.404178090153664, 16.461501799684715 ], [ -96.404057249844101, 16.461191770394731 ], [ -96.404068120318783, 16.46088120021296 ], [ -96.403971150365635, 16.460571019890747 ], [ -96.403670859815819, 16.460284489681918 ], [ -96.403334580418132, 16.459986680149925 ], [ -96.402818629976352, 16.459677880291501 ], [ -96.402338569538145, 16.459345950016878 ], [ -96.402050600039516, 16.459174380121379 ], [ -96.401738690116758, 16.458979939823127 ], [ -96.401521830070251, 16.458612709955105 ], [ -96.401281219637099, 16.458279950045689 ], [ -96.400992710143001, 16.457958979746429 ], [ -96.400931090348024, 16.457476180100883 ], [ -96.400868370160296, 16.456682939678824 ], [ -96.400783549665832, 16.456395659713326 ], [ -96.400387139540328, 16.45601754030475 ], [ -96.399596799778621, 16.455974110185721 ], [ -96.399153859792207, 16.455975550387603 ], [ -96.398820180151148, 16.456390679820707 ], [ -96.39850885034312, 16.456357169665431 ], [ -96.398172919727415, 16.456174339759041 ], [ -96.397801149612022, 16.455991510353233 ], [ -96.397417689730858, 16.455877820372379 ], [ -96.397045419847814, 16.455557059649472 ], [ -96.396816659963505, 16.455212819926921 ], [ -96.39682533967499, 16.460495619692026 ], [ -96.376600829757848, 16.436944920422121 ], [ -96.376163490412011, 16.437183719588223 ], [ -96.375985280367416, 16.437027430273492 ], [ -96.37571786000187, 16.43642477025243 ], [ -96.37612582965572, 16.436134489928126 ], [ -96.376700680320383, 16.435095120017586 ], [ -96.377393770204804, 16.433951319641185 ], [ -96.378123939971161, 16.432956649927387 ], [ -96.379416950061852, 16.431197429815732 ], [ -96.385459520180774, 16.419279230141164 ], [ -96.387146540405936, 16.415743319961578 ], [ -96.387504110099073, 16.415328249862192 ], [ -96.388147800061901, 16.414601619692753 ], [ -96.388391850260973, 16.414151620216991 ], [ -96.38902936954355, 16.413460310400943 ], [ -96.393423122631049, 16.406319166522458 ], [ -96.394012437520402, 16.405361297660523 ], [ -96.394260539522364, 16.404958030411194 ], [ -96.398839520230624, 16.397514950433163 ], [ -96.402307370422946, 16.391877449999377 ], [ -96.402781450238038, 16.390622350432281 ], [ -96.403361280401313, 16.389689820070302 ], [ -96.403538380362619, 16.389404979587347 ], [ -96.405168619876278, 16.386783019973119 ], [ -96.406190429593678, 16.385139540397851 ], [ -96.406883969695727, 16.384024029831899 ], [ -96.408700680384896, 16.381101910258831 ], [ -96.409768339578591, 16.379384540420645 ], [ -96.411303519580159, 16.376915060027233 ], [ -96.415642460291494, 16.384240660367119 ], [ -96.41578553905039, 16.384293290241722 ], [ -96.418376798865353, 16.38463520031706 ], [ -96.420151969857358, 16.385347310050015 ], [ -96.42596233889995, 16.387594630718947 ], [ -96.430523879279576, 16.38932034028527 ], [ -96.437085628683846, 16.391802459580347 ], [ -96.437415649686088, 16.391927291083174 ], [ -96.445594150249278, 16.385620170394013 ], [ -96.445885939860815, 16.385394861300632 ], [ -96.451769979210312, 16.380851000039168 ], [ -96.45378293892405, 16.379296449563668 ], [ -96.4555812490661, 16.379458630102967 ], [ -96.456612909422404, 16.379551680847808 ], [ -96.458029460031867, 16.375875520915965 ], [ -96.456980478926852, 16.369754879693296 ], [ -96.456389779623777, 16.3645288211635 ], [ -96.454063320157346, 16.346837680131522 ], [ -96.454264399599964, 16.346876220693456 ], [ -96.454694229568389, 16.347003109933446 ], [ -96.458358338667381, 16.348084860842373 ], [ -96.473596219650815, 16.35258271101717 ], [ -96.474544309113639, 16.353280659655681 ], [ -96.484825629231167, 16.353886150905293 ], [ -96.484907969203405, 16.35354083041419 ], [ -96.484906450404438, 16.353184290847405 ], [ -96.485024079498871, 16.352677890693734 ], [ -96.484990949612623, 16.351777480822797 ], [ -96.48558516876659, 16.351811310747951 ], [ -96.485834258854098, 16.351856429577513 ], [ -96.486123599628982, 16.351884120193922 ], [ -96.486227909174175, 16.351850370708682 ], [ -96.486575798996, 16.351596370266559 ], [ -96.486822799517114, 16.351477169669764 ], [ -96.487345620217127, 16.351319369731929 ], [ -96.487587049133523, 16.351307180705561 ], [ -96.488429339338651, 16.351308179526441 ], [ -96.488838260421062, 16.351311250539133 ], [ -96.489347459669688, 16.351100420086158 ], [ -96.489550108651599, 16.351062620101665 ], [ -96.489852880444332, 16.350866340475289 ], [ -96.490213949403952, 16.350722181078666 ], [ -96.490595600016519, 16.350495879815551 ], [ -96.490859819001955, 16.350387119662269 ], [ -96.491055829094336, 16.350337029607729 ], [ -96.491330850028149, 16.35031111045496 ], [ -96.491431890407853, 16.350283970807755 ], [ -96.491521709030081, 16.350219831062507 ], [ -96.491738108775493, 16.350192770217333 ], [ -96.491903379573387, 16.350248889624332 ], [ -96.492081000031391, 16.350349460174868 ], [ -96.492252219793116, 16.350483460616513 ], [ -96.492308088762314, 16.350513601181177 ], [ -96.492468259594901, 16.350398379799437 ], [ -96.492518549200938, 16.350378319995141 ], [ -96.492685478817279, 16.350578719906263 ], [ -96.49432505967529, 16.350641451142067 ], [ -96.494628318601798, 16.351629340974522 ], [ -96.495909219907276, 16.351750910839289 ], [ -96.496876489861862, 16.351287231343914 ], [ -96.499939719902656, 16.351275429975214 ], [ -96.500971120316677, 16.351823510767751 ], [ -96.500579679558783, 16.352641540006605 ], [ -96.500330709039162, 16.353194540440896 ], [ -96.500009779198436, 16.35369032003431 ], [ -96.499640939802021, 16.35420918070259 ], [ -96.499488679767921, 16.354991860255165 ], [ -96.499300379357948, 16.355740140621137 ], [ -96.499256019618571, 16.356579831073603 ], [ -96.499379150204447, 16.357395849811567 ], [ -96.499873829023556, 16.35834852016389 ], [ -96.500018489573321, 16.358612460527972 ], [ -96.500400310282899, 16.358346480930518 ], [ -96.500637510269044, 16.357851060796339 ], [ -96.500766489164988, 16.357206580958596 ], [ -96.501039538883148, 16.356687920021916 ], [ -96.501420849873767, 16.356306951088925 ], [ -96.501587829732671, 16.356191321066529 ], [ -96.50173759953141, 16.355763460611296 ], [ -96.501765199279035, 16.355684630574558 ], [ -96.506264619898047, 16.355701740227321 ], [ -96.513783509560014, 16.35663851106974 ], [ -96.515400578919909, 16.357023180127118 ], [ -96.516872549345891, 16.357028920901364 ], [ -96.520022648559831, 16.357706621242933 ], [ -96.520630880390968, 16.35723271060483 ], [ -96.52111808955658, 16.356448719904261 ], [ -96.521687259716188, 16.3569265401939 ], [ -96.52533587997047, 16.359989349913405 ], [ -96.526723569853431, 16.361154199946881 ], [ -96.528328093930568, 16.362501001966358 ], [ -96.528335859573161, 16.362507520255523 ], [ -96.528352170057246, 16.362623249890458 ], [ -96.528529259993974, 16.363138629627151 ], [ -96.52869322804905, 16.363292164724811 ], [ -96.528834447003874, 16.363424394751142 ], [ -96.528896507113799, 16.363482504473069 ], [ -96.52896946305944, 16.363550817243642 ], [ -96.529015358983926, 16.363593789094175 ], [ -96.529018359126312, 16.363596599295175 ], [ -96.529196858244518, 16.363763729128948 ], [ -96.529457630423963, 16.364007889720483 ], [ -96.530846346837322, 16.364448576905332 ], [ -96.530848938654287, 16.364449399620145 ], [ -96.531611889057302, 16.364557335896009 ], [ -96.532140430372053, 16.364483710071468 ], [ -96.532350179998616, 16.364429949999561 ], [ -96.532664447574589, 16.364315455755222 ], [ -96.532666658857991, 16.364314650225577 ], [ -96.532666963994316, 16.364314354681891 ], [ -96.532834489228975, 16.364152219564513 ], [ -96.532949520085779, 16.363928480268605 ], [ -96.532952819847466, 16.363911050396734 ], [ -96.532769950104722, 16.363303969817245 ], [ -96.532967471414892, 16.362781743931148 ], [ -96.532969749550645, 16.362775720217101 ], [ -96.532969987804321, 16.362780642856162 ], [ -96.532996139685793, 16.363321519627885 ], [ -96.532994800082008, 16.363496769964247 ], [ -96.533082859848463, 16.363727339881077 ], [ -96.533192940479438, 16.363882249634131 ], [ -96.533193379598856, 16.363965109665088 ], [ -96.533204150201982, 16.36398211018307 ], [ -96.533222630157695, 16.363991020378855 ], [ -96.534044880263451, 16.363841109646422 ], [ -96.534203553298539, 16.363795104189762 ], [ -96.534204979936234, 16.363794690222125 ], [ -96.534206069696566, 16.363794003091463 ], [ -96.534358399960411, 16.363697889882673 ], [ -96.534374350146905, 16.363670400443635 ], [ -96.534362970396472, 16.363633750080211 ], [ -96.534363423227731, 16.363632104730353 ], [ -96.534515710110242, 16.363078279887567 ], [ -96.534604322003176, 16.362916365866063 ], [ -96.534606119985469, 16.362913080044287 ], [ -96.534606838382047, 16.36291526476295 ], [ -96.534793429598807, 16.363482940051533 ], [ -96.537270350228752, 16.372186460113397 ], [ -96.537439379595583, 16.372519320321661 ], [ -96.537634049630952, 16.373254619636342 ], [ -96.537769480473457, 16.374116659739443 ], [ -96.538095719607384, 16.374828380382063 ], [ -96.538242969707412, 16.375644319775827 ], [ -96.538269619949347, 16.37626529033431 ], [ -96.539155969725243, 16.38187411040543 ], [ -96.539172595145359, 16.391960306080687 ], [ -96.539172597146958, 16.391961795017103 ], [ -96.539177097276976, 16.394691542608278 ], [ -96.539177104784869, 16.394696374045225 ], [ -96.539192029623592, 16.403748540368429 ], [ -96.538977980402194, 16.404071380184963 ], [ -96.538859060465143, 16.404255889977559 ], [ -96.538776980061968, 16.404635740188727 ], [ -96.538730199577756, 16.404888919873095 ], [ -96.538408600255536, 16.405258290279871 ], [ -96.538374660158027, 16.405695450305437 ], [ -96.538400119736565, 16.406051819798105 ], [ -96.538401860034057, 16.406442859721249 ], [ -96.538320999994809, 16.407121720106016 ], [ -96.538204279706662, 16.407800800250815 ], [ -96.538206920375274, 16.408410260239123 ], [ -96.538292720018774, 16.408858489684093 ], [ -96.538353689795741, 16.40912277988782 ], [ -96.53850119973157, 16.410007739687952 ], [ -96.538573380364184, 16.410106219847393 ], [ -96.54019905036192, 16.412324080204488 ], [ -96.539504080445766, 16.424713459668901 ], [ -96.539368859450775, 16.425668860239323 ], [ -96.539390849769887, 16.425742510642927 ], [ -96.539256549185239, 16.426310779563863 ], [ -96.538357079591606, 16.430866910654863 ], [ -96.53809903039614, 16.432349820768493 ], [ -96.537618720474995, 16.434628309624046 ], [ -96.53732504969885, 16.436267170861516 ], [ -96.537325340181852, 16.436344829571116 ], [ -96.53685113926349, 16.438763289868337 ], [ -96.536633738643062, 16.439613139854913 ], [ -96.533488018951488, 16.442468111088029 ], [ -96.533088460270562, 16.442794479729745 ], [ -96.530636819652599, 16.445037121212948 ], [ -96.532281080317816, 16.447985340307028 ], [ -96.532530539133134, 16.44840634042297 ], [ -96.534306749653311, 16.451450031050332 ], [ -96.535161379285327, 16.453227231038085 ], [ -96.538575309420295, 16.452552060630314 ], [ -96.540528049374942, 16.452374689830304 ], [ -96.544008079134002, 16.451863430109352 ], [ -96.544100550312479, 16.451843490888209 ], [ -96.544536688707154, 16.451763769723399 ], [ -96.544550229093673, 16.451762750879787 ], [ -96.548767740192389, 16.451114860856574 ], [ -96.549553860402625, 16.450976660327118 ], [ -96.549607888955421, 16.450954110605924 ], [ -96.549884619803109, 16.450962771229026 ], [ -96.55275025969398, 16.450500081048443 ], [ -96.553500599778687, 16.450405249689833 ], [ -96.553896829705394, 16.450314021282168 ], [ -96.554351449850728, 16.450247710076376 ], [ -96.554383280154582, 16.450244689607 ], [ -96.554992779178349, 16.450146030538086 ], [ -96.559200089548028, 16.449479801054796 ], [ -96.559327660301392, 16.449447740530744 ], [ -96.562264890371097, 16.448985350248453 ], [ -96.564842550115571, 16.44858508999566 ], [ -96.567050539515208, 16.448219250416585 ], [ -96.567969860207555, 16.448075540195095 ], [ -96.571439029093185, 16.447565550694634 ], [ -96.571710179341849, 16.447517400477565 ], [ -96.57659192023084, 16.446741521257021 ], [ -96.57663031869167, 16.446823911031291 ], [ -96.57853164876451, 16.44983580051202 ], [ -96.578575629942165, 16.449894049826117 ], [ -96.578103430009705, 16.44976508132045 ], [ -96.577890478997332, 16.449858260658296 ], [ -96.577688600398517, 16.449817250772412 ], [ -96.577254258839019, 16.449773340837773 ], [ -96.576866379701954, 16.45039888113622 ], [ -96.576484849195182, 16.450908149980702 ], [ -96.575204169263259, 16.451457030002064 ], [ -96.574274089849837, 16.451331850559434 ], [ -96.573325340138638, 16.451950880035003 ], [ -96.573186030302466, 16.4522802612783 ], [ -96.573016200333058, 16.452445950694681 ], [ -96.572771278923952, 16.452444169989679 ], [ -96.572144778684816, 16.452328171048663 ], [ -96.571802419897764, 16.452382061217708 ], [ -96.571760110055848, 16.452611820445615 ], [ -96.571787059250724, 16.452773420349931 ], [ -96.572015579744559, 16.45314476975955 ], [ -96.571011028806325, 16.454401510964306 ], [ -96.570319279646583, 16.454683659985029 ], [ -96.570150850446709, 16.455082769690378 ], [ -96.569812918854694, 16.455605741074965 ], [ -96.569679319843502, 16.455701859611082 ], [ -96.568812059168778, 16.456114939781422 ], [ -96.568950979312206, 16.456369290104302 ], [ -96.56905707911119, 16.456567540801487 ], [ -96.568649889224204, 16.456948180468931 ], [ -96.567841780272445, 16.457195230697447 ], [ -96.567612769543601, 16.457523030968506 ], [ -96.567353909045607, 16.457739540864512 ], [ -96.566843418905407, 16.45772086047506 ], [ -96.566617148689346, 16.457926091052151 ], [ -96.566432428831675, 16.458048860510583 ], [ -96.566152089262957, 16.458142710063747 ], [ -96.565764819883057, 16.458261049661786 ], [ -96.56518091944568, 16.458517289798454 ], [ -96.564914489036127, 16.459105260923938 ], [ -96.564619280101653, 16.459301259927479 ], [ -96.564398028907078, 16.459067400431483 ], [ -96.564141480349292, 16.458998970801499 ], [ -96.563892858654924, 16.459003751133871 ], [ -96.563378570402193, 16.459172490317279 ], [ -96.563188108950712, 16.459346139648151 ], [ -96.56296468003967, 16.459626250928366 ], [ -96.562740630140638, 16.459955970974182 ], [ -96.562531259417568, 16.460088289961302 ], [ -96.562224228684585, 16.460021889726722 ], [ -96.561811738633395, 16.460441580976475 ], [ -96.561331999526246, 16.460623581313403 ], [ -96.560885538763614, 16.460640031076711 ], [ -96.560559249316526, 16.46057491124499 ], [ -96.560289090011906, 16.460593051259412 ], [ -96.559970058756903, 16.460695479676382 ], [ -96.559600649133841, 16.46089846120573 ], [ -96.559142428620262, 16.460961769529916 ], [ -96.558840398982554, 16.460759750157418 ], [ -96.558181119752021, 16.460538310631868 ], [ -96.557895168727427, 16.460450830361385 ], [ -96.557719579918086, 16.46048109012451 ], [ -96.557577459302124, 16.460660341247177 ], [ -96.557121749292165, 16.461103260353173 ], [ -96.556838580234128, 16.461344831178454 ], [ -96.556742449667169, 16.461259681119365 ], [ -96.556587939617089, 16.461099341130993 ], [ -96.556189979746776, 16.461103520747947 ], [ -96.55561899898332, 16.461439800189758 ], [ -96.55489010961287, 16.462043449744797 ], [ -96.554850649544406, 16.462516109889165 ], [ -96.554549750050469, 16.462694831249021 ], [ -96.553916909660003, 16.463047520978542 ], [ -96.553215350199082, 16.463165520092662 ], [ -96.55215071877808, 16.463217979830837 ], [ -96.552152168739084, 16.464582230097616 ], [ -96.552477228720505, 16.465086581267588 ], [ -96.552503649208802, 16.465466860526234 ], [ -96.552396649829475, 16.466081819850647 ], [ -96.552566919610811, 16.466412690163363 ], [ -96.552402079853891, 16.46683554090205 ], [ -96.552292228995199, 16.467644120886582 ], [ -96.552338748714078, 16.469075200203559 ], [ -96.552499369874241, 16.470192579578651 ], [ -96.552594228903516, 16.470839290075705 ], [ -96.552064880036383, 16.471294680532012 ], [ -96.55004056993873, 16.472441310432401 ], [ -96.549760279669698, 16.472882550379676 ], [ -96.549074579968348, 16.473197580074903 ], [ -96.548413858988809, 16.473204261142904 ], [ -96.54743949043862, 16.472871619982261 ], [ -96.547252169668553, 16.473068851244129 ], [ -96.547069349594238, 16.473478600976883 ], [ -96.546945509708422, 16.474519911306668 ], [ -96.547342079311164, 16.474727110197495 ], [ -96.547974628592996, 16.474976741071753 ], [ -96.548753710132658, 16.475097249667662 ], [ -96.549088489756542, 16.475441450864871 ], [ -96.5490731204181, 16.475840749931812 ], [ -96.549122178662131, 16.476081421263217 ], [ -96.549268029124235, 16.47632515111199 ], [ -96.549673799533139, 16.476563449540535 ], [ -96.550526849752046, 16.476844750204496 ], [ -96.551307659117015, 16.47748306002384 ], [ -96.551553599547091, 16.47772583083497 ], [ -96.551815970354056, 16.477884419926639 ], [ -96.552001599499462, 16.477981750784522 ], [ -96.552309769809199, 16.47815212101704 ], [ -96.552664349742429, 16.478238170083191 ], [ -96.553100350260209, 16.477922970784753 ], [ -96.554006619204799, 16.477487579663165 ], [ -96.554521918955672, 16.477685060261475 ], [ -96.555055350167422, 16.47870570965576 ], [ -96.554811108987451, 16.479168090057726 ], [ -96.554438909570678, 16.479742249567359 ], [ -96.553982168837663, 16.480317970504156 ], [ -96.554038490428979, 16.480427690400226 ], [ -96.554746338700824, 16.48089894061869 ], [ -96.554985938893694, 16.480901000111167 ], [ -96.555292748921545, 16.480562661299825 ], [ -96.556013659547872, 16.479076719996016 ], [ -96.556830379665797, 16.478798180640968 ], [ -96.557306939096506, 16.478863090936446 ], [ -96.55812797960003, 16.47938512004778 ], [ -96.558208430240441, 16.479447089980855 ], [ -96.558704850314882, 16.480190520312004 ], [ -96.558843259543593, 16.480632139807376 ], [ -96.558969219962862, 16.481887350437702 ], [ -96.559295249956691, 16.482151180355025 ], [ -96.559711509902868, 16.482081910303222 ], [ -96.560019350004893, 16.482558339775547 ], [ -96.559968310232932, 16.483470370096647 ], [ -96.55999503029463, 16.483681940176801 ], [ -96.560117120103953, 16.48383259961432 ], [ -96.56036511974122, 16.483873819568792 ], [ -96.560721890403684, 16.48382719969247 ], [ -96.56179878035212, 16.4846132903144 ], [ -96.561873980091022, 16.484709649595651 ], [ -96.56193321994634, 16.485345800290748 ], [ -96.562259649904462, 16.48595213974761 ], [ -96.562882710172531, 16.486738449950497 ], [ -96.563253860450899, 16.487108890392779 ], [ -96.563294630213719, 16.487171549725709 ], [ -96.563628599753372, 16.487630169564007 ], [ -96.563839569838876, 16.487798819597462 ], [ -96.564230080438065, 16.487947739816036 ], [ -96.564261829977553, 16.488364550418442 ], [ -96.564102740437477, 16.488801999864869 ], [ -96.564193110045551, 16.489052230438258 ], [ -96.564479629814898, 16.489042649782959 ], [ -96.564950030246052, 16.488806719856655 ], [ -96.565263969711822, 16.488775349634881 ], [ -96.565600459805907, 16.488484779550571 ], [ -96.566546290092859, 16.488803969696157 ], [ -96.566726179748471, 16.489302380331612 ], [ -96.566759110227792, 16.489817889819314 ], [ -96.566107490382137, 16.490735459597278 ], [ -96.566002080473211, 16.491305379847788 ], [ -96.56608565991101, 16.491650399587364 ], [ -96.56641104985205, 16.491965109736597 ], [ -96.566837539675575, 16.492187350436328 ], [ -96.567686630110089, 16.493068139890909 ], [ -96.569217380449174, 16.493793779881649 ], [ -96.569867570398017, 16.493703370235881 ], [ -96.570284289673239, 16.493884769991645 ], [ -96.570849599534327, 16.494648890083297 ], [ -96.572185110450647, 16.49470366036989 ], [ -96.572595850186659, 16.494329909606567 ], [ -96.572894519800982, 16.494275350343425 ], [ -96.57316950994543, 16.494407889581449 ], [ -96.573310479546222, 16.494378019646543 ], [ -96.573575739637775, 16.494267679745949 ], [ -96.57325135007838, 16.494538280060159 ], [ -96.572928569886045, 16.495228170009462 ], [ -96.572354249685105, 16.495334030064129 ], [ -96.56115933954014, 16.500872510349819 ], [ -96.560759819839063, 16.502021919837297 ], [ -96.560738821882111, 16.502050782327213 ], [ -96.560339859934103, 16.50259917032237 ], [ -96.560347695632402, 16.502616942020186 ], [ -96.560364551499916, 16.502655170503054 ], [ -96.560378485368076, 16.502686772993307 ], [ -96.560392420105842, 16.502718377320942 ], [ -96.560636310089691, 16.503271520186725 ], [ -96.561247349892042, 16.503801029546896 ], [ -96.561504820457813, 16.504610510203889 ], [ -96.561785310149048, 16.505466310431736 ], [ -96.562046849634257, 16.506092080040965 ], [ -96.562320369881775, 16.506718000404391 ], [ -96.562689567004071, 16.507289010216454 ], [ -96.562772029999181, 16.507416549958897 ], [ -96.559042249795169, 16.510901349585723 ], [ -96.559134564621004, 16.511568081434781 ], [ -96.559785599547766, 16.516269949932362 ], [ -96.56117526001762, 16.520596778786519 ], [ -96.561009479701923, 16.520488169449308 ], [ -96.558496570163086, 16.521346539033075 ], [ -96.547635830487764, 16.525055829079335 ], [ -96.547289339875533, 16.525179369420975 ], [ -96.546765259818685, 16.524775709156582 ], [ -96.546683710346301, 16.524640549158118 ], [ -96.546584850088379, 16.524131289291343 ], [ -96.546174689970044, 16.523753799398023 ], [ -96.545365540159963, 16.523323109427977 ], [ -96.544483080238436, 16.523171718796146 ], [ -96.544041050237993, 16.523108858824873 ], [ -96.543619739825459, 16.52317297925222 ], [ -96.542872089678951, 16.522200998711448 ], [ -96.542184249675486, 16.522535999374202 ], [ -96.541166340397737, 16.522687769371949 ], [ -96.540767719837575, 16.523051849289391 ], [ -96.540241520010269, 16.523299918994223 ], [ -96.539941000352414, 16.523676678740181 ], [ -96.538428479633865, 16.524442519016656 ], [ -96.538077060439477, 16.523751229042059 ], [ -96.537846909842557, 16.523308378946357 ], [ -96.539272939974182, 16.520496379381996 ], [ -96.538455090339241, 16.51973182908986 ], [ -96.536924570249369, 16.518353399103312 ], [ -96.536359139596698, 16.518888739057289 ], [ -96.535648550454709, 16.51951453899429 ], [ -96.535472259690835, 16.519630769282944 ], [ -96.534357119589188, 16.520086519304073 ], [ -96.534303710425888, 16.52077584873215 ], [ -96.533501320193864, 16.520400518677448 ], [ -96.530823909875281, 16.521056909476481 ], [ -96.530705799595196, 16.521047249021183 ], [ -96.529544490260236, 16.520905799535246 ], [ -96.529707570097358, 16.520372579354071 ], [ -96.529516720377131, 16.52017321934381 ], [ -96.529351280455984, 16.520016689428925 ], [ -96.529298739607626, 16.519970119211436 ], [ -96.528812319682984, 16.519489648645102 ], [ -96.529089970482715, 16.518464819411562 ], [ -96.527088319921134, 16.518928818983447 ], [ -96.527035940422095, 16.518005628956633 ], [ -96.526975850291876, 16.517939538971707 ], [ -96.527165579814536, 16.516369938687316 ], [ -96.524813950237501, 16.514820709139148 ], [ -96.522866400453339, 16.513780849015223 ], [ -96.522395250313622, 16.513532509259129 ], [ -96.520057020037427, 16.513633679117405 ], [ -96.518708749647629, 16.513737829103466 ], [ -96.518501290033129, 16.513741138953087 ], [ -96.517282630438231, 16.513840479154776 ], [ -96.515351950321843, 16.513890079306094 ], [ -96.514211480239169, 16.514017178668375 ], [ -96.512369830388934, 16.514124108898091 ], [ -96.507490719811187, 16.515489078707674 ], [ -96.505683830277192, 16.516005229527924 ], [ -96.504929709939262, 16.521984349542148 ], [ -96.504924750151091, 16.522075679214382 ], [ -96.504888400315522, 16.522208719136835 ], [ -96.5047566800352, 16.523733079007336 ], [ -96.503799999819577, 16.53331024904379 ], [ -96.503970540298383, 16.538397139376823 ], [ -96.503266850241801, 16.544200679128739 ], [ -96.503254909921026, 16.544299199516168 ], [ -96.501172260101953, 16.549105508687276 ], [ -96.500820249593659, 16.549675288667579 ], [ -96.500494819739131, 16.55030031952888 ], [ -96.499802540175011, 16.550722489111692 ], [ -96.499323770059732, 16.551240909353233 ], [ -96.498762740366587, 16.551688769255207 ], [ -96.49803744993153, 16.551983819133341 ], [ -96.497342889865848, 16.552509178646659 ], [ -96.49697023037784, 16.553098769100512 ], [ -96.49683502998667, 16.553785249041528 ], [ -96.496485859604761, 16.554398319141679 ], [ -96.495911520010722, 16.554903278679738 ], [ -96.495316060383757, 16.55528142871108 ], [ -96.495121179769896, 16.555955079528385 ], [ -96.494867289692166, 16.556593149184682 ], [ -96.49449258031153, 16.557274569113158 ], [ -96.493134739940572, 16.55906125919612 ], [ -96.494369680469674, 16.562728598886075 ], [ -96.488109020325382, 16.572402849446366 ], [ -96.488320979876065, 16.572726199111266 ], [ -96.488425079561225, 16.573117719460956 ], [ -96.488577519979927, 16.573429139425674 ], [ -96.488645550035926, 16.573854859468987 ], [ -96.488594939580508, 16.574210768945385 ], [ -96.488460279820345, 16.574634998729717 ], [ -96.488339050220844, 16.574875449360061 ], [ -96.484442630369927, 16.583201819136033 ], [ -96.476975340073253, 16.592493218746267 ], [ -96.472458219916362, 16.594926889667583 ], [ -96.461278250300012, 16.567164689846788 ] ] ] ] } },
{ "type": "Feature", "properties": { "CVEGEO": "20550", "CVE_ENT": "20", "CVE_MUN": "550", "PAISAJE": "Valles Centrales", "ID_PAISA": 1, "NOM_MUN": "San Jerónimo Tlacochahuaya", "HAS_MUN": 3672.9, "RM": "R1" }, "geometry": { "type": "MultiPolygon", "coordinates": [ [ [ [ -96.529250012613801, 17.015780142156327 ], [ -96.528983599527834, 17.014830220049976 ], [ -96.528499459053791, 17.013103980810175 ], [ -96.528110089581219, 17.011696419973244 ], [ -96.527878858697946, 17.010861139992969 ], [ -96.527547379003494, 17.009675999719146 ], [ -96.527614260364885, 17.009419020510432 ], [ -96.528420399828633, 17.006360661032431 ], [ -96.528960889052669, 17.004342830046934 ], [ -96.527933819315351, 17.001445400510335 ], [ -96.526659599295627, 16.997867620362527 ], [ -96.52557862919312, 16.994948280163555 ], [ -96.525514429221289, 16.994773950113132 ], [ -96.525489179495864, 16.994706720061792 ], [ -96.523717888782713, 16.994305340285507 ], [ -96.522530349482267, 16.994007571118377 ], [ -96.520845119132929, 16.993583740666292 ], [ -96.517837169222673, 16.992833850427534 ], [ -96.512452649666869, 16.991673939754591 ], [ -96.514462679185968, 16.987598150823466 ], [ -96.514498779614968, 16.987544770911342 ], [ -96.514708970240804, 16.986920771153784 ], [ -96.516759018784128, 16.982381326143017 ], [ -96.51761861338673, 16.980477829298675 ], [ -96.51834328894887, 16.978873060861989 ], [ -96.519302720308332, 16.970901650171943 ], [ -96.5194709990012, 16.970963120946656 ], [ -96.519594739576931, 16.971009979760037 ], [ -96.519709680026622, 16.971052511017056 ], [ -96.519834969215495, 16.971100230597905 ], [ -96.519961350240337, 16.971146980285653 ], [ -96.520074890136314, 16.971189280872949 ], [ -96.520331708649096, 16.97128583055504 ], [ -96.520455750419103, 16.971333061084199 ], [ -96.520567280006489, 16.971375169912239 ], [ -96.520675599710017, 16.971415661006453 ], [ -96.520786249743452, 16.971457890889699 ], [ -96.520905859215247, 16.971502569527537 ], [ -96.521019458927071, 16.971545599710453 ], [ -96.521301629369503, 16.971651510386373 ], [ -96.521419780356226, 16.971696001275067 ], [ -96.521536918855134, 16.971740649959155 ], [ -96.52187887868908, 16.97099677978661 ], [ -96.526192519637874, 16.972381260807023 ], [ -96.529798709314164, 16.973598800123728 ], [ -96.534363750407138, 16.974999769647688 ], [ -96.538780280018997, 16.97618882119826 ], [ -96.540616049100549, 16.976307229912159 ], [ -96.542047679898886, 16.976376540799357 ], [ -96.550477879933041, 16.976620170018958 ], [ -96.554924398663658, 16.980282490941725 ], [ -96.560865569091305, 16.987318339883789 ], [ -96.566266419893438, 16.983790600853872 ], [ -96.572421550425759, 16.979729680269124 ], [ -96.572335120269457, 16.979929940287654 ], [ -96.571772260224733, 16.980311510638078 ], [ -96.571617628972717, 16.980589569914347 ], [ -96.571596940138875, 16.980923420125723 ], [ -96.571844539150035, 16.981165280974682 ], [ -96.57198817897229, 16.981517979668368 ], [ -96.572258660215141, 16.982013480622083 ], [ -96.572329180322384, 16.982269149672018 ], [ -96.572463770384914, 16.982806201312904 ], [ -96.572617600042989, 16.982992620202982 ], [ -96.572948258713708, 16.983459280996026 ], [ -96.573377199944474, 16.983840420567198 ], [ -96.573709860144149, 16.984117850365628 ], [ -96.573912279102117, 16.984435230768902 ], [ -96.574236509290841, 16.98481697000075 ], [ -96.574396379509309, 16.985208999670949 ], [ -96.574642289462361, 16.985616620398783 ], [ -96.575083659279741, 16.986137049811852 ], [ -96.575553720241672, 16.98692858091546 ], [ -96.576057219067437, 16.987683920209669 ], [ -96.576429459393594, 16.988090890393515 ], [ -96.57706171909355, 16.988543579586143 ], [ -96.577417628760159, 16.989227400011806 ], [ -96.577676889730895, 16.989569770815645 ], [ -96.577949320465322, 16.990789719629284 ], [ -96.578481569994139, 16.992789800802491 ], [ -96.578539709579132, 16.993590310076655 ], [ -96.578865248590319, 16.994848420500148 ], [ -96.579314309446431, 16.997172431049556 ], [ -96.579614198713571, 16.998102519917463 ], [ -96.579970660422433, 16.999239739654318 ], [ -96.580043619470459, 16.999962029686085 ], [ -96.579943219929291, 17.000919740762711 ], [ -96.579843180314469, 17.001216820002846 ], [ -96.579983828872727, 17.001320481083503 ], [ -96.58047069039948, 17.001477521202343 ], [ -96.580867519115444, 17.001606060291522 ], [ -96.580887896340187, 17.001631907775778 ], [ -96.581001830345699, 17.001776419868087 ], [ -96.581506049813669, 17.002314769564393 ], [ -96.58194779889358, 17.002686630968931 ], [ -96.582334139350806, 17.002999320173974 ], [ -96.582477259262873, 17.003096830106561 ], [ -96.582828259259841, 17.003252180008772 ], [ -96.583259450200416, 17.003409251268248 ], [ -96.583390149552912, 17.003456860339973 ], [ -96.583264140024156, 17.0038656798957 ], [ -96.583278250473811, 17.003870974606563 ], [ -96.583650399860204, 17.00401058108827 ], [ -96.584180459866019, 17.004213460877594 ], [ -96.584493918852971, 17.004329649508161 ], [ -96.5847993203665, 17.004430490362285 ], [ -96.585222229278301, 17.004564719725199 ], [ -96.585748248961323, 17.00472271979076 ], [ -96.586257539968358, 17.004868620686128 ], [ -96.586503720442622, 17.004935450422945 ], [ -96.586662779898262, 17.004961660217901 ], [ -96.586692450460063, 17.004941090086383 ], [ -96.586892679661503, 17.004997800972902 ], [ -96.587319449937993, 17.005100381241462 ], [ -96.587642779816733, 17.005179091070811 ], [ -96.587924629734843, 17.005252220882809 ], [ -96.588203540306012, 17.00532450983118 ], [ -96.588424569018443, 17.005383340115433 ], [ -96.58854568862408, 17.005418400836717 ], [ -96.588779480131052, 17.005497459665733 ], [ -96.58880139318876, 17.005505199987663 ], [ -96.588936419075168, 17.00555288007109 ], [ -96.589040549165048, 17.005582220941534 ], [ -96.58910293960416, 17.005603830456486 ], [ -96.589200429189717, 17.005644050913993 ], [ -96.589537350433403, 17.005772949936215 ], [ -96.589964659611994, 17.005940769571517 ], [ -96.590260550303498, 17.00604596966075 ], [ -96.590453198756293, 17.00610322983497 ], [ -96.590916650351289, 17.006246910214035 ], [ -96.591080448933383, 17.006303620847266 ], [ -96.591174249727828, 17.006336079590294 ], [ -96.591327249346847, 17.006063650095555 ], [ -96.591405139419962, 17.005891281120896 ], [ -96.591531659797411, 17.005585539645857 ], [ -96.591608229962986, 17.005341221211943 ], [ -96.591685799312827, 17.005166620148721 ], [ -96.59172415041499, 17.004972850911443 ], [ -96.591769858613219, 17.00468220089282 ], [ -96.59183808971521, 17.004059600110175 ], [ -96.59198617022048, 17.003407979679142 ], [ -96.592181539448632, 17.002803690659736 ], [ -96.59231330422665, 17.00240386971107 ], [ -96.59236698001736, 17.002240999907226 ], [ -96.592612649548968, 17.002317551087227 ], [ -96.593171890331391, 17.002489579940562 ], [ -96.593630509430596, 17.00263159973866 ], [ -96.594645690393008, 17.002951971013292 ], [ -96.595112800395455, 17.00310382965765 ], [ -96.595082508877027, 17.00315457028589 ], [ -96.594862479492591, 17.003813341194459 ], [ -96.594452088684193, 17.004966420472162 ], [ -96.594109354774616, 17.005939080827282 ], [ -96.594107770050741, 17.005943580078679 ], [ -96.594060078770568, 17.006201049730226 ], [ -96.594068186897999, 17.006676872652765 ], [ -96.594070460164531, 17.006810280067718 ], [ -96.593677778658019, 17.007169769849089 ], [ -96.593538948881189, 17.007351949676586 ], [ -96.593352079268655, 17.007597171004061 ], [ -96.593146070494299, 17.007996766952179 ], [ -96.592968380359139, 17.008341430172756 ], [ -96.592740480336616, 17.008683029910198 ], [ -96.592658968745994, 17.00880518061275 ], [ -96.592570120110139, 17.008915739920347 ], [ -96.592347890058221, 17.009236199589253 ], [ -96.592144139744136, 17.009465120979659 ], [ -96.591490048960608, 17.009296650742328 ], [ -96.591393179798928, 17.009720321092903 ], [ -96.591349449587142, 17.009887920150646 ], [ -96.591312229616918, 17.010056581301036 ], [ -96.591235459954433, 17.010370460637176 ], [ -96.591624600726135, 17.010491135797714 ], [ -96.591626989483075, 17.01049187657701 ], [ -96.591629030347349, 17.010492509869906 ], [ -96.591627795215089, 17.01049398095439 ], [ -96.591556819204456, 17.010578520217045 ], [ -96.59042565963729, 17.01132003124458 ], [ -96.589930259722777, 17.011664911093224 ], [ -96.589456340091616, 17.011941830865933 ], [ -96.588508119634511, 17.012496429611655 ], [ -96.588438918788825, 17.012536080271257 ], [ -96.587555060647333, 17.013042573937895 ], [ -96.587554340286573, 17.013042985021841 ], [ -96.587554098338259, 17.013043120778875 ], [ -96.587553460384242, 17.013043489685707 ], [ -96.587436799678372, 17.013097350287225 ], [ -96.587434947273024, 17.013093732577484 ], [ -96.587390880358043, 17.013007620982453 ], [ -96.587389817807505, 17.013008281624607 ], [ -96.587298169296545, 17.013065350842496 ], [ -96.587304420303056, 17.013156000632559 ], [ -96.587189219240571, 17.013225060726466 ], [ -96.587091119289667, 17.013281519652718 ], [ -96.586969349431783, 17.013333580813597 ], [ -96.586870420214723, 17.013387909948992 ], [ -96.586750570305256, 17.013448370184602 ], [ -96.5866728002581, 17.013489481292826 ], [ -96.586600148661503, 17.013525110309438 ], [ -96.586548629891624, 17.013611400920524 ], [ -96.586519089243239, 17.013668110031393 ], [ -96.586506667818327, 17.013716737645453 ], [ -96.586496489794968, 17.013756580657123 ], [ -96.586411428669564, 17.013763689610105 ], [ -96.586407794188489, 17.013763993000154 ], [ -96.586277260301557, 17.013774880984553 ], [ -96.586152248999497, 17.013828121078465 ], [ -96.585987308901309, 17.013924551564315 ], [ -96.585897659419317, 17.013981710767691 ], [ -96.585761649691548, 17.014037170815477 ], [ -96.585683348895458, 17.014061599584842 ], [ -96.585603709493455, 17.01411826053117 ], [ -96.585502178907646, 17.014180081233039 ], [ -96.585466979503977, 17.01420775114202 ], [ -96.585447860045178, 17.014222770352298 ], [ -96.585390220327653, 17.014271310355127 ], [ -96.585333148633282, 17.014304950158902 ], [ -96.585192289605544, 17.014421920600181 ], [ -96.585000050127888, 17.014507250598182 ], [ -96.584831918772679, 17.014608341272435 ], [ -96.584704738693063, 17.014693059626694 ], [ -96.584574319629155, 17.014780630602342 ], [ -96.584479920308908, 17.014818879567045 ], [ -96.584392689825066, 17.014860650383742 ], [ -96.584352859244888, 17.014878029856067 ], [ -96.584224939542352, 17.014960430815051 ], [ -96.584093029496856, 17.015024119590507 ], [ -96.583947539340357, 17.015084661279225 ], [ -96.58385142935515, 17.015145850529905 ], [ -96.583847598844656, 17.015148370949461 ], [ -96.583759169766253, 17.015206449735416 ], [ -96.58369502970902, 17.015254980569853 ], [ -96.583547488972215, 17.015321771295476 ], [ -96.583462750386104, 17.015362000642732 ], [ -96.583417289053813, 17.015385891206012 ], [ -96.583361920420217, 17.015414970381229 ], [ -96.583253520290498, 17.015484340150479 ], [ -96.583118509026349, 17.015585030578045 ], [ -96.582645739151076, 17.015785399640844 ], [ -96.582480749145546, 17.015852089798575 ], [ -96.582000860280871, 17.016080890756538 ], [ -96.581665580029181, 17.016298140128924 ], [ -96.581577089562671, 17.016373799751825 ], [ -96.581456848599885, 17.016536771263784 ], [ -96.581117939224058, 17.016770720227079 ], [ -96.581010510206667, 17.016700340234742 ], [ -96.580635860344117, 17.016549260927626 ], [ -96.580362978810754, 17.016457680478638 ], [ -96.580104919231516, 17.016391320161627 ], [ -96.579847248579426, 17.016342451129422 ], [ -96.579612919179553, 17.016310079851799 ], [ -96.57941254006397, 17.016298019984013 ], [ -96.579230780445158, 17.016253250430079 ], [ -96.579076280150048, 17.016209479660095 ], [ -96.578908080002705, 17.016198580839589 ], [ -96.578753750010122, 17.016150051287525 ], [ -96.578434229253048, 17.016021000267724 ], [ -96.57801361998186, 17.015867941199875 ], [ -96.577457659368378, 17.015593180713406 ], [ -96.577156248697648, 17.015403799808176 ], [ -96.576986048871888, 17.015273800416292 ], [ -96.576722740192295, 17.015143060633484 ], [ -96.576473109220743, 17.015012800209622 ], [ -96.575883430399742, 17.014810381151833 ], [ -96.575284938907458, 17.014526770246896 ], [ -96.574906179245986, 17.014323369981426 ], [ -96.574458429740162, 17.01401318039126 ], [ -96.574227880190719, 17.013752570351045 ], [ -96.574064738701964, 17.013552970803421 ], [ -96.573813198670777, 17.013277950653293 ], [ -96.573647889362007, 17.012992049706984 ], [ -96.573504340205176, 17.012881280781606 ], [ -96.573326690268487, 17.012787630748129 ], [ -96.573210619784732, 17.012729980504041 ], [ -96.573103349153953, 17.012721019623335 ], [ -96.570686289727476, 17.011391720147532 ], [ -96.56893968888329, 17.010453180207794 ], [ -96.568967480945744, 17.019019839581414 ], [ -96.568968030209675, 17.019189170191517 ], [ -96.560588719796741, 17.016162650609541 ], [ -96.559878635198174, 17.018676909406338 ], [ -96.559707015655135, 17.01928456474694 ], [ -96.558848149684508, 17.022325490195406 ], [ -96.557331049192541, 17.026513780471142 ], [ -96.555239628983983, 17.031992920111865 ], [ -96.554963909944306, 17.034892340106598 ], [ -96.554682448789322, 17.037864740669352 ], [ -96.553988709351714, 17.04550212118107 ], [ -96.547482109121972, 17.058078180161822 ], [ -96.542226859146723, 17.066521079897996 ], [ -96.54062481936225, 17.063911720608427 ], [ -96.539570828783553, 17.062424340799701 ], [ -96.53858688935334, 17.061180580819087 ], [ -96.536323648980058, 17.059199980616807 ], [ -96.536726168998143, 17.057250220993595 ], [ -96.537180019408581, 17.05494163046631 ], [ -96.538128280114208, 17.050766089600117 ], [ -96.537205420301518, 17.044615860107676 ], [ -96.536178309116536, 17.04105842086825 ], [ -96.535701889803647, 17.03903298014086 ], [ -96.535139889492427, 17.036649290062712 ], [ -96.534371830000637, 17.033389720514208 ], [ -96.533977660389908, 17.031715060269054 ], [ -96.533463320036617, 17.029979749672695 ], [ -96.533071829052489, 17.028664369772411 ], [ -96.532616749632822, 17.02713337011803 ], [ -96.532300650306709, 17.026025630389356 ], [ -96.532072259565012, 17.025233181211131 ], [ -96.531910460268165, 17.024665123461993 ], [ -96.530821219423473, 17.021142881328661 ], [ -96.530437769206486, 17.019942180913485 ], [ -96.530419987220014, 17.019867796702801 ], [ -96.530325418902621, 17.019472200331659 ], [ -96.52963862921375, 17.017148350181774 ], [ -96.529542519260772, 17.016823141086515 ], [ -96.529504299124952, 17.016686863265807 ], [ -96.52948735643119, 17.016626451054751 ], [ -96.529453518672938, 17.016505800046538 ], [ -96.529377509665196, 17.01623474018519 ], [ -96.529250012613801, 17.015780142156327 ] ] ] ] } },
{ "type": "Feature", "properties": { "CVEGEO": "20072", "CVE_ENT": "20", "CVE_MUN": "072", "PAISAJE": "Valles Centrales", "ID_PAISA": 1, "NOM_MUN": "San José del Progreso", "HAS_MUN": 9012.8, "RM": "R1" }, "geometry": { "type": "MultiPolygon", "coordinates": [ [ [ [ -96.725666660456255, 16.67426755009059 ], [ -96.704104541335866, 16.688006291889806 ], [ -96.67764839066048, 16.692795000973859 ], [ -96.664696858773965, 16.708240060553912 ], [ -96.662520139236989, 16.708457030704629 ], [ -96.661611658599611, 16.708598049963726 ], [ -96.66141392029715, 16.708607580869163 ], [ -96.659616779103303, 16.708802259915526 ], [ -96.658652149671198, 16.708889600913317 ], [ -96.657707920062222, 16.708995511052315 ], [ -96.656895119765025, 16.709072491272657 ], [ -96.656338309100462, 16.709134350486806 ], [ -96.65499181868681, 16.709282939515141 ], [ -96.654792979854236, 16.709367940870415 ], [ -96.654738119113205, 16.709402519940902 ], [ -96.653324149710841, 16.709460690787338 ], [ -96.653208260272947, 16.709483140430606 ], [ -96.651592780010176, 16.709634229977052 ], [ -96.650896739804722, 16.709733921030047 ], [ -96.650737969435426, 16.709705229681148 ], [ -96.64924750995948, 16.709840740377356 ], [ -96.649160800239045, 16.709863281279038 ], [ -96.648580250693456, 16.709899248026311 ], [ -96.648136448906158, 16.709926740939281 ], [ -96.648107430394987, 16.709939630199102 ], [ -96.646828829984187, 16.709977740944403 ], [ -96.646709545481173, 16.709983046779943 ], [ -96.646675502637208, 16.709984561906275 ], [ -96.646647664396156, 16.709985799216057 ], [ -96.646505740068889, 16.709992111240204 ], [ -96.645967109723472, 16.710043350865629 ], [ -96.645841547543668, 16.710052363924085 ], [ -96.645803968949807, 16.710055059866871 ], [ -96.645790978311112, 16.71005591952429 ], [ -96.645726952216663, 16.710060156361767 ], [ -96.645365289118416, 16.710084090469294 ], [ -96.64421860005028, 16.710209281076391 ], [ -96.643350108766256, 16.710260140883335 ], [ -96.643342637914728, 16.710261348975852 ], [ -96.641933659587593, 16.710489141144208 ], [ -96.641013939764221, 16.71064485066757 ], [ -96.640919420108474, 16.710659801161452 ], [ -96.6402350587379, 16.71080727973979 ], [ -96.640071355908916, 16.710830438863272 ], [ -96.639991158771252, 16.710841784076983 ], [ -96.639966800410505, 16.710845230302013 ], [ -96.639851318715202, 16.710865140081641 ], [ -96.639500618816399, 16.710927890118374 ], [ -96.637437489523876, 16.711320910518346 ], [ -96.633698740070187, 16.711605230577597 ], [ -96.633705288790352, 16.711375139791166 ], [ -96.633736680412113, 16.710343660812814 ], [ -96.633742030406623, 16.710083549700009 ], [ -96.633791719967164, 16.708336710046193 ], [ -96.633807819177747, 16.708222680588797 ], [ -96.633805519068986, 16.707851601125959 ], [ -96.633808979716449, 16.707784119913494 ], [ -96.633819118819787, 16.707373600180912 ], [ -96.633855508789026, 16.706725320467672 ], [ -96.633854710224398, 16.706122431252528 ], [ -96.629106878892117, 16.702790019544842 ], [ -96.626903829716937, 16.702936280357132 ], [ -96.624562619583983, 16.70605271982431 ], [ -96.624520308718701, 16.706466030886212 ], [ -96.622564769696709, 16.706519059822991 ], [ -96.614264690335006, 16.690215879671616 ], [ -96.594667279586915, 16.656698570070731 ], [ -96.60209171013517, 16.647821749873117 ], [ -96.604029750243896, 16.646863310383978 ], [ -96.604019889789171, 16.64683527957207 ], [ -96.639312279622587, 16.631084139901297 ], [ -96.640629120007816, 16.630789019868025 ], [ -96.641288179981274, 16.630391119854238 ], [ -96.641863569730518, 16.630015679543476 ], [ -96.645441229823447, 16.625350050055356 ], [ -96.647374889650976, 16.622934650135136 ], [ -96.642956150111772, 16.617100599768694 ], [ -96.645232369804575, 16.616252109902348 ], [ -96.64545977015699, 16.616167340340237 ], [ -96.65560172036561, 16.611199459565249 ], [ -96.666879290218318, 16.617994629597487 ], [ -96.670091689767034, 16.619928380045238 ], [ -96.670077370041795, 16.622732170198653 ], [ -96.691250889645204, 16.632715179871514 ], [ -96.691429350308226, 16.632799310366103 ], [ -96.693086570173378, 16.63893858002773 ], [ -96.711964769742096, 16.636755539697258 ], [ -96.7180716296524, 16.624465259573785 ], [ -96.720096919882565, 16.625849889677465 ], [ -96.719228320100171, 16.627669020191803 ], [ -96.708969859920515, 16.646159709721434 ], [ -96.710191139537542, 16.646947689947954 ], [ -96.709588279576437, 16.655259830389273 ], [ -96.716516060434557, 16.660731320118423 ], [ -96.7167725701118, 16.664123549787504 ], [ -96.725666660456255, 16.67426755009059 ] ] ] ] } },
{ "type": "Feature", "properties": { "CVEGEO": "20233", "CVE_ENT": "20", "CVE_MUN": "233", "PAISAJE": "Valles Centrales", "ID_PAISA": 1, "NOM_MUN": "San Lucas Quiaviní", "HAS_MUN": 5189.7, "RM": "R1" }, "geometry": { "type": "MultiPolygon", "coordinates": [ [ [ [ -96.422755089988755, 16.929375579679608 ], [ -96.423318600055353, 16.92680579997678 ], [ -96.421912369705737, 16.926212860041435 ], [ -96.418398320264529, 16.924722920207145 ], [ -96.416389920008854, 16.923879199738089 ], [ -96.416890520439097, 16.921729119987873 ], [ -96.41698651012922, 16.92132117003576 ], [ -96.415829996127215, 16.920771240680249 ], [ -96.41554689024602, 16.920636620012832 ], [ -96.415590599905954, 16.920334480201589 ], [ -96.415679889952401, 16.919724979701627 ], [ -96.415592460322259, 16.919215349843913 ], [ -96.415533965764212, 16.919192230428443 ], [ -96.415253199926568, 16.919081259748769 ], [ -96.415252347401932, 16.91906861231762 ], [ -96.415244271910368, 16.918948762511992 ], [ -96.415240148138935, 16.918887566614565 ], [ -96.415231831952497, 16.918764135280036 ], [ -96.415222376586016, 16.918623802111146 ], [ -96.415216879860964, 16.918542229672003 ], [ -96.415222570173214, 16.918538751304219 ], [ -96.41525987574002, 16.918515945645133 ], [ -96.415335923336627, 16.918469456875691 ], [ -96.42687905028248, 16.91141225963645 ], [ -96.423334430420297, 16.905140139964015 ], [ -96.421912490411103, 16.88473095009131 ], [ -96.425753170394927, 16.86066859983751 ], [ -96.427272380319735, 16.847948449718658 ], [ -96.426669450436322, 16.843239780292805 ], [ -96.426344679905611, 16.841226349773319 ], [ -96.439040489860773, 16.833327280331918 ], [ -96.454294510258137, 16.842226139770879 ], [ -96.455782949690558, 16.842541480346021 ], [ -96.459227849675344, 16.844309650097575 ], [ -96.460774050087991, 16.845400419687724 ], [ -96.461457920059388, 16.845985290237159 ], [ -96.462112570208205, 16.846900650391579 ], [ -96.462634980213295, 16.847498320113317 ], [ -96.462906029549316, 16.847988030307565 ], [ -96.464561200101485, 16.848754720050724 ], [ -96.465692849897962, 16.849530849587595 ], [ -96.466405219791127, 16.85029831043623 ], [ -96.46768243028194, 16.851194460198123 ], [ -96.468766379698394, 16.852450510384529 ], [ -96.4714753501827, 16.854383230315008 ], [ -96.471548170049587, 16.855106220380872 ], [ -96.471834139614586, 16.856169919702999 ], [ -96.47257005960455, 16.856394169977232 ], [ -96.473515720105851, 16.856837050070876 ], [ -96.474286289643615, 16.857455519649427 ], [ -96.474876659842067, 16.857750999778162 ], [ -96.475536419799496, 16.85774634039732 ], [ -96.47664455031898, 16.857889920395166 ], [ -96.477982419593431, 16.858991220071246 ], [ -96.478796220280813, 16.859100000270711 ], [ -96.48002182985671, 16.859575739571689 ], [ -96.480791950044562, 16.860094820297206 ], [ -96.482576350053392, 16.860545829966011 ], [ -96.483797520062936, 16.861362659767156 ], [ -96.48512963035752, 16.862545119568786 ], [ -96.485822800060049, 16.861881319826882 ], [ -96.48635694971037, 16.861592879938787 ], [ -96.486879830301561, 16.861226259749611 ], [ -96.488074290424706, 16.860318199721974 ], [ -96.489347309772057, 16.859267569853575 ], [ -96.490390229871835, 16.85768008976045 ], [ -96.491270400294866, 16.857509380447215 ], [ -96.491888350151982, 16.857759510203675 ], [ -96.492455819778215, 16.857858780235951 ], [ -96.493632889730293, 16.857688549617041 ], [ -96.495490950290502, 16.858858999745756 ], [ -96.496082340207792, 16.859526970295455 ], [ -96.496552890272895, 16.859715339865563 ], [ -96.497779229727939, 16.860637680043752 ], [ -96.498164710389673, 16.86109119979783 ], [ -96.498607320232736, 16.862115680226115 ], [ -96.498793030419748, 16.862473149734054 ], [ -96.498861219775023, 16.862815119577327 ], [ -96.499060420330181, 16.863310140238784 ], [ -96.499276819582832, 16.863505219773934 ], [ -96.499710510273957, 16.864263379953321 ], [ -96.500101479897708, 16.864811829657349 ], [ -96.500601030430332, 16.866754249846252 ], [ -96.497592709974583, 16.871389779793351 ], [ -96.495826600079354, 16.872904889760854 ], [ -96.488257690305076, 16.880672420379238 ], [ -96.481443080010493, 16.891417109765843 ], [ -96.478884579684973, 16.897161780340241 ], [ -96.478656569731115, 16.897673739688585 ], [ -96.478422080418127, 16.898200219835374 ], [ -96.478149600007242, 16.898812000442774 ], [ -96.477893979918164, 16.899385890267997 ], [ -96.477628340178285, 16.899982289883653 ], [ -96.477509260275596, 16.900249659745924 ], [ -96.477389750089102, 16.900517970248394 ], [ -96.477384219608126, 16.900628200264659 ], [ -96.477361519844209, 16.901080509913729 ], [ -96.477354600369367, 16.901218179924506 ], [ -96.477345250017308, 16.901404660113933 ], [ -96.476952909630128, 16.909220889810232 ], [ -96.476814280320212, 16.913930169915723 ], [ -96.475985749870034, 16.916688259602736 ], [ -96.476414320259565, 16.916866290194037 ], [ -96.476038979570262, 16.920963539796976 ], [ -96.474887090054295, 16.920511969587295 ], [ -96.47481851953431, 16.9204850900385 ], [ -96.474328029740434, 16.92026186030337 ], [ -96.473069800369359, 16.919849090033182 ], [ -96.472432769777356, 16.91971588978403 ], [ -96.469316109647849, 16.918726779879755 ], [ -96.469144080073306, 16.918478950042633 ], [ -96.468726080374395, 16.918342650025743 ], [ -96.467825180392325, 16.918048859791291 ], [ -96.466020050207078, 16.917460170055193 ], [ -96.46582153997015, 16.917395429849066 ], [ -96.463760999563689, 16.916723419730125 ], [ -96.461097780186066, 16.915854780195801 ], [ -96.460394509626937, 16.916964910240171 ], [ -96.458476169566353, 16.916362909562501 ], [ -96.458383400319605, 16.916567140107301 ], [ -96.457745199792612, 16.916311830431422 ], [ -96.457584819815935, 16.916202370377796 ], [ -96.457534059848101, 16.916141749680364 ], [ -96.457164569627551, 16.915975910344489 ], [ -96.45680005026685, 16.915963619850434 ], [ -96.455342380000658, 16.915584140008832 ], [ -96.454407279676019, 16.915340709687978 ], [ -96.451972450268983, 16.914750219741194 ], [ -96.451648180256157, 16.915339170196763 ], [ -96.450879340268273, 16.915154520287327 ], [ -96.449036199652653, 16.914711829911102 ], [ -96.441781799754111, 16.912625489746517 ], [ -96.441079310234628, 16.912435770325189 ], [ -96.437835289851819, 16.911506429650093 ], [ -96.436771750244517, 16.911264029725974 ], [ -96.435249170179119, 16.91106577029899 ], [ -96.434178709699083, 16.910960709562243 ], [ -96.433143139720428, 16.911020820292457 ], [ -96.430989289646604, 16.911147119708815 ], [ -96.429329259960923, 16.911249539657749 ], [ -96.429269419611273, 16.912434050400456 ], [ -96.429221320132584, 16.913455289809708 ], [ -96.426957430280879, 16.914994829891285 ], [ -96.424379260393437, 16.916619740076996 ], [ -96.42239760043914, 16.917885030112551 ], [ -96.419292970042974, 16.92044506020601 ], [ -96.424095879687968, 16.922793419946494 ], [ -96.426366580135422, 16.923932219982898 ], [ -96.427342600126565, 16.926661339689744 ], [ -96.427387120185998, 16.927263919715841 ], [ -96.426652540352052, 16.930055460214724 ], [ -96.425801630296888, 16.929164430348809 ], [ -96.425236690165562, 16.929038259776089 ], [ -96.424644260364758, 16.929386689920143 ], [ -96.424589619570398, 16.930405999589976 ], [ -96.422755089988755, 16.929375579679608 ] ] ] ] } },
{ "type": "Feature", "properties": { "CVEGEO": "20530", "CVE_ENT": "20", "CVE_MUN": "530", "PAISAJE": "Valles Centrales", "ID_PAISA": 1, "NOM_MUN": "Santo Tomás Jalieza", "HAS_MUN": 7027.1, "RM": "R1" }, "geometry": { "type": "MultiPolygon", "coordinates": [ [ [ [ -96.629498619926352, 16.894990719708058 ], [ -96.628418889730654, 16.887997280182923 ], [ -96.615062220194119, 16.896221950384597 ], [ -96.609944260244404, 16.892493940318204 ], [ -96.610451890113069, 16.883076630395532 ], [ -96.60807396965356, 16.879120260216631 ], [ -96.580321309730209, 16.839927339559232 ], [ -96.596373370275657, 16.834594849841142 ], [ -96.617680179783221, 16.82676380024656 ], [ -96.617682779992265, 16.826763319904739 ], [ -96.627454629128664, 16.824922861057662 ], [ -96.645943412124524, 16.826573351049316 ], [ -96.646880549953934, 16.82665694739563 ], [ -96.647714019077583, 16.826731290424707 ], [ -96.648250119480906, 16.826779519735723 ], [ -96.648405340448335, 16.826789260218465 ], [ -96.65047050961806, 16.82697759960346 ], [ -96.651231539467673, 16.827045481262633 ], [ -96.655724280229251, 16.827446120384515 ], [ -96.655724509688469, 16.827446369746667 ], [ -96.655724969641923, 16.827446890182106 ], [ -96.655977599784777, 16.827726750433929 ], [ -96.659672380248068, 16.832303480218307 ], [ -96.659672630281378, 16.832303610203088 ], [ -96.659672879273657, 16.832303742859779 ], [ -96.660187849636415, 16.832579920263861 ], [ -96.660682090241906, 16.832826940188568 ], [ -96.661335429839383, 16.833168750394062 ], [ -96.661665750015516, 16.833335289779289 ], [ -96.661815939681716, 16.833427770319211 ], [ -96.66187641975371, 16.833465019923011 ], [ -96.662097029931388, 16.833571780256783 ], [ -96.662139379932427, 16.833593169705807 ], [ -96.662199919810689, 16.833623710441536 ], [ -96.662425820440092, 16.833743829829977 ], [ -96.662641509968822, 16.833866629790595 ], [ -96.66261588012928, 16.834009219625376 ], [ -96.662609949808953, 16.834037576361446 ], [ -96.662587749661043, 16.834139259839976 ], [ -96.662268570275359, 16.835345120313338 ], [ -96.662043889571393, 16.836120289602416 ], [ -96.662197029842616, 16.836161619718442 ], [ -96.666277539586076, 16.837262719809811 ], [ -96.666459290134185, 16.836660379610553 ], [ -96.666550079811273, 16.836463079973893 ], [ -96.666666659276018, 16.83640254012122 ], [ -96.666710180194357, 16.836379919913242 ], [ -96.66692767990331, 16.836422050092178 ], [ -96.667174819670024, 16.836447540227027 ], [ -96.667295828772964, 16.836399260088573 ], [ -96.667309139266649, 16.836215020221744 ], [ -96.667381570136712, 16.836020850179658 ], [ -96.667672229606353, 16.835785650295492 ], [ -96.66645909044523, 16.834350059622405 ], [ -96.66653985022711, 16.834315350292112 ], [ -96.669337660218076, 16.83472947972399 ], [ -96.669511519357286, 16.835011030208445 ], [ -96.669652539828661, 16.835249969808196 ], [ -96.669667020309987, 16.835274479952268 ], [ -96.669667594818748, 16.835274172701716 ], [ -96.669764629777958, 16.835222290439614 ], [ -96.67038093863863, 16.835151969981386 ], [ -96.670220200278436, 16.835757889796398 ], [ -96.670220369529559, 16.835776970130574 ], [ -96.670221379889554, 16.835899309799061 ], [ -96.670222569633552, 16.836040710334178 ], [ -96.671865380456779, 16.838283889219781 ], [ -96.671868450240012, 16.838288080204276 ], [ -96.671965110263031, 16.838272769997889 ], [ -96.672081768868338, 16.838246868729655 ], [ -96.672446620108559, 16.83816586042246 ], [ -96.672599600370006, 16.837985780352994 ], [ -96.672961629741934, 16.837715769748002 ], [ -96.673429539618112, 16.837438570120529 ], [ -96.673839149079001, 16.837073310211757 ], [ -96.674143480130681, 16.836871509997472 ], [ -96.674324920340467, 16.836751179830969 ], [ -96.674603600224785, 16.836420349799027 ], [ -96.674968309896883, 16.83604771962699 ], [ -96.675183479722932, 16.835807459647629 ], [ -96.675183948818272, 16.835806529985526 ], [ -96.675184419786561, 16.835805600390387 ], [ -96.675292619578173, 16.835592349943816 ], [ -96.675311080435634, 16.835559880320535 ], [ -96.675327420158169, 16.835526339612635 ], [ -96.675341679617617, 16.835489719899915 ], [ -96.67535802045829, 16.835457219597398 ], [ -96.675379289610476, 16.835411480132542 ], [ -96.675397799778196, 16.835374910425145 ], [ -96.675415820162286, 16.835335259906053 ], [ -96.675438820058076, 16.83527934037474 ], [ -96.675454710093945, 16.835239659713224 ], [ -96.675470570371843, 16.83520306024543 ], [ -96.675488619626364, 16.835160350182701 ], [ -96.675512080188994, 16.835110550240216 ], [ -96.675525799985635, 16.835073940137281 ], [ -96.675544980268498, 16.835026120198464 ], [ -96.681671060202817, 16.836749519910835 ], [ -96.681671399577723, 16.836749619636272 ], [ -96.681671019996784, 16.836750709655615 ], [ -96.680852739721274, 16.839088369894942 ], [ -96.680852400232496, 16.839089319563673 ], [ -96.680852369737195, 16.83908942955507 ], [ -96.680852349682723, 16.8390905098472 ], [ -96.680852349880922, 16.839090650737695 ], [ -96.680852339583197, 16.839093059836237 ], [ -96.680834859475354, 16.842101650798682 ], [ -96.680824199982894, 16.843937510220634 ], [ -96.681187939863179, 16.844731909897639 ], [ -96.681335949633308, 16.845063980696853 ], [ -96.681542259902287, 16.845505691156614 ], [ -96.681828149510011, 16.84611651988374 ], [ -96.682260859131361, 16.847075000984809 ], [ -96.682489775744855, 16.847574906525058 ], [ -96.682749318973023, 16.848141690661404 ], [ -96.682737479954753, 16.848830249858807 ], [ -96.682734448660113, 16.849005999702964 ], [ -96.682733801512356, 16.849043691570738 ], [ -96.68273148016165, 16.849178950385351 ], [ -96.68267747867317, 16.852316830078244 ], [ -96.682677428686759, 16.852319880840369 ], [ -96.682677340340746, 16.852320421363377 ], [ -96.682530720427422, 16.853236980379474 ], [ -96.682307969646573, 16.854629421312552 ], [ -96.682054519000957, 16.856213570477657 ], [ -96.681860980169333, 16.857423371260779 ], [ -96.681778658857155, 16.857937829993705 ], [ -96.681301769494851, 16.858862291153084 ], [ -96.680319320325623, 16.860766749704435 ], [ -96.679884939070931, 16.861608749962009 ], [ -96.679698058884071, 16.862837550123732 ], [ -96.679247138665787, 16.865802550915113 ], [ -96.678763428937174, 16.86767471119164 ], [ -96.678477859248062, 16.869134720432957 ], [ -96.676336820582691, 16.869293700382652 ], [ -96.675879820291328, 16.86932763131372 ], [ -96.675792850870181, 16.869235678206081 ], [ -96.675757412233708, 16.869198209859999 ], [ -96.675152139979033, 16.868558250789491 ], [ -96.67421864914256, 16.868080090059319 ], [ -96.673677219755788, 16.867802750718749 ], [ -96.672495630265431, 16.867197520892063 ], [ -96.672423956695383, 16.86716080986832 ], [ -96.672287720415042, 16.867091030798989 ], [ -96.671867940056998, 16.866876000577935 ], [ -96.671484849158233, 16.866679751053674 ], [ -96.670959618769118, 16.866544750811762 ], [ -96.670456019653841, 16.866415309754316 ], [ -96.670273429940238, 16.86638062038568 ], [ -96.669421569475901, 16.866149420973148 ], [ -96.669107179812983, 16.866068619777927 ], [ -96.668492049647213, 16.865910489992732 ], [ -96.667882119270928, 16.86575371076237 ], [ -96.667501939027531, 16.865655980276518 ], [ -96.66704885985223, 16.865539510931345 ], [ -96.666881720089137, 16.866056380937454 ], [ -96.666552800024164, 16.865752570649196 ], [ -96.666148449185002, 16.865379060074844 ], [ -96.66577821895487, 16.865037060839224 ], [ -96.665370200248688, 16.864930780784164 ], [ -96.664866940084352, 16.864697420612551 ], [ -96.664245109094509, 16.864233150451803 ], [ -96.663479450219029, 16.863710341192697 ], [ -96.662856969186862, 16.863338119801853 ], [ -96.661979690106037, 16.863263169824453 ], [ -96.661571119362009, 16.863225980858111 ], [ -96.660851509816638, 16.862979549672144 ], [ -96.659364539434364, 16.862440460657641 ], [ -96.658487880213514, 16.862285000592127 ], [ -96.658067709480846, 16.86248821979045 ], [ -96.658065460187217, 16.862489289686305 ], [ -96.658067569811664, 16.862491780390119 ], [ -96.658554050404803, 16.86306768018888 ], [ -96.658597520416677, 16.863666169933321 ], [ -96.658677879404067, 16.864172860385487 ], [ -96.658925709225514, 16.864784170548646 ], [ -96.658933198799687, 16.864932979913451 ], [ -96.65895687997407, 16.865403150363996 ], [ -96.658956999108511, 16.865405549787646 ], [ -96.658956739208207, 16.865406739844701 ], [ -96.658832369082191, 16.865979910344564 ], [ -96.658671398712372, 16.866588521093203 ], [ -96.658642689687227, 16.867197939909069 ], [ -96.658435650176344, 16.86756667994576 ], [ -96.658179379410726, 16.86802306029745 ], [ -96.658150539826323, 16.868644031023852 ], [ -96.658062689970563, 16.869126660470286 ], [ -96.65801027976454, 16.869721319562917 ], [ -96.658010019050181, 16.869724420677468 ], [ -96.658010138899854, 16.869724910875682 ], [ -96.65827910962382, 16.870703981167264 ], [ -96.658598166675858, 16.871445188213624 ], [ -96.658621770138041, 16.871500021346375 ], [ -96.658871459181711, 16.871869800233128 ], [ -96.659039478682374, 16.872044230940219 ], [ -96.659150120026055, 16.872159109836499 ], [ -96.659251426271084, 16.872264276288071 ], [ -96.659384478764366, 16.872402399801938 ], [ -96.659747050125475, 16.872795169793047 ], [ -96.659897378884111, 16.872958020705052 ], [ -96.660847878589848, 16.872895350686157 ], [ -96.66142693911506, 16.872657710410152 ], [ -96.661824430179209, 16.872511050507701 ], [ -96.662366520288529, 16.872445401208125 ], [ -96.662932349740544, 16.872368661191643 ], [ -96.663221799780487, 16.872427681109947 ], [ -96.663340660228201, 16.872451910524447 ], [ -96.663700078918723, 16.872626921294081 ], [ -96.664191399295504, 16.87284878005643 ], [ -96.664242508919429, 16.872869310780736 ], [ -96.664599000317239, 16.873012509997761 ], [ -96.66510318043953, 16.873142370141537 ], [ -96.66557137934042, 16.873237580264899 ], [ -96.665879796701631, 16.873239656590137 ], [ -96.665956199621178, 16.873240170311337 ], [ -96.66655701995478, 16.873301681151194 ], [ -96.666881708662913, 16.872897880304997 ], [ -96.666940185892329, 16.872973466877571 ], [ -96.666974289834556, 16.873017550631236 ], [ -96.667973889632663, 16.874309309585573 ], [ -96.667990697700773, 16.874331287560548 ], [ -96.66801195423659, 16.874359082250795 ], [ -96.668042505903998, 16.874399032208281 ], [ -96.668373952415536, 16.874832422840413 ], [ -96.668386014822261, 16.874848194107162 ], [ -96.668388020303993, 16.874850816454298 ], [ -96.668396737792293, 16.87486221585003 ], [ -96.668410949356428, 16.874880799755921 ], [ -96.668411261324991, 16.87488119838418 ], [ -96.668559571411976, 16.875071637746679 ], [ -96.668582207663434, 16.875100703771508 ], [ -96.668608395428862, 16.875134330595159 ], [ -96.669064831379501, 16.875720416681897 ], [ -96.669145719950563, 16.875824281200529 ], [ -96.670414860399603, 16.877464659594025 ], [ -96.671853536942209, 16.876535727968321 ], [ -96.67217064858707, 16.876330970498735 ], [ -96.672477148983319, 16.876133050852335 ], [ -96.673216618883473, 16.875655571284227 ], [ -96.674103049822094, 16.875083179766634 ], [ -96.675116419495097, 16.874428801149371 ], [ -96.675411286438504, 16.874238397370025 ], [ -96.675532509800576, 16.874160120651684 ], [ -96.676449379091011, 16.87356804963385 ], [ -96.676506686820815, 16.87353104437036 ], [ -96.676766117107547, 16.873363521730496 ], [ -96.676824719425113, 16.873325681169995 ], [ -96.676824999763824, 16.873325489789032 ], [ -96.676824579915632, 16.873329249977079 ], [ -96.676823323155887, 16.873340434003314 ], [ -96.676803757535822, 16.873514528023044 ], [ -96.676263230007706, 16.878323979672881 ], [ -96.672470939901771, 16.884272479650331 ], [ -96.666984290392278, 16.893481549665381 ], [ -96.666583630254578, 16.89415402004207 ], [ -96.666436120288566, 16.894889890069475 ], [ -96.666087830434023, 16.896455460223724 ], [ -96.665886980214225, 16.897087479876472 ], [ -96.665886620276765, 16.897386349697214 ], [ -96.663357550111868, 16.908236029940472 ], [ -96.663178600014859, 16.90884343006158 ], [ -96.661733539648608, 16.916123219862072 ], [ -96.66153750871095, 16.920093220870523 ], [ -96.661278910263221, 16.923501690103667 ], [ -96.658473370181582, 16.926255349954605 ], [ -96.648004680154912, 16.925405179744182 ], [ -96.641164650170666, 16.922697889747184 ], [ -96.639568509839961, 16.922368599926944 ], [ -96.637298320231338, 16.921551489762866 ], [ -96.636534080117727, 16.921276420291022 ], [ -96.636413979867925, 16.921233180127853 ], [ -96.636336019545666, 16.921205120153878 ], [ -96.636162449560956, 16.921142779608086 ], [ -96.635900289750779, 16.921048429771638 ], [ -96.635531690407191, 16.920915750281171 ], [ -96.635517619762396, 16.920910690150894 ], [ -96.635319380106083, 16.920839339769504 ], [ -96.635117880186044, 16.920766800423362 ], [ -96.635078689686949, 16.920752660009008 ], [ -96.635013550034856, 16.920729120412769 ], [ -96.634629779749972, 16.920590980301665 ], [ -96.634605349900667, 16.920582230134695 ], [ -96.634555780215891, 16.920564480203318 ], [ -96.63432882002175, 16.920482780356302 ], [ -96.634252050395105, 16.920455080145103 ], [ -96.634195229757481, 16.920434569549887 ], [ -96.634057430293097, 16.920385030026253 ], [ -96.633913510052338, 16.920333250163615 ], [ -96.633851029849495, 16.920310800367329 ], [ -96.633324940103023, 16.920121310296341 ], [ -96.632978139834734, 16.919996379571899 ], [ -96.632964050015616, 16.919991310382144 ], [ -96.632868119669752, 16.9199567497385 ], [ -96.63272708036844, 16.91990594962191 ], [ -96.632420450043753, 16.919795490203025 ], [ -96.632325779655872, 16.919761400055464 ], [ -96.632130309734322, 16.919690979897631 ], [ -96.631957710310729, 16.919628820319272 ], [ -96.631768520301037, 16.919560660171044 ], [ -96.631656149607181, 16.919520179668567 ], [ -96.631543379584215, 16.91947956997414 ], [ -96.631234049833878, 16.919368019959411 ], [ -96.631150449589384, 16.919336650411818 ], [ -96.631123769793803, 16.919326460080796 ], [ -96.631014319546878, 16.919285279594256 ], [ -96.630997060448436, 16.919278829606768 ], [ -96.63098167959464, 16.919273110316723 ], [ -96.630924540185276, 16.919251579872064 ], [ -96.630905430008752, 16.919244280021612 ], [ -96.630861940270975, 16.919227889778803 ], [ -96.630809579713144, 16.919208290207493 ], [ -96.63053551996876, 16.919105080096095 ], [ -96.630280520022424, 16.919009050179486 ], [ -96.632151490178373, 16.917721029629661 ], [ -96.632925940361488, 16.917187860418281 ], [ -96.630903150142714, 16.904087140254632 ], [ -96.629626489548116, 16.895818940159604 ], [ -96.62961490964878, 16.895740949679212 ], [ -96.629498619926352, 16.894990719708058 ] ] ] ] } },
{ "type": "Feature", "properties": { "CVEGEO": "20118", "CVE_ENT": "20", "CVE_MUN": "118", "PAISAJE": "Valles Centrales", "ID_PAISA": 1, "NOM_MUN": "San Bartolomé Quialana", "HAS_MUN": 2393.6, "RM": "R1" }, "geometry": { "type": "MultiPolygon", "coordinates": [ [ [ [ -96.482924739580753, 16.922924419667936 ], [ -96.482337060458548, 16.922862619908287 ], [ -96.48182971009696, 16.922748919679456 ], [ -96.481694969566462, 16.92271874043276 ], [ -96.481545859762733, 16.922685319623216 ], [ -96.480815170196976, 16.922524969634786 ], [ -96.480284059709106, 16.922431250374085 ], [ -96.479828250253661, 16.922291369564075 ], [ -96.479612780136932, 16.922245230087107 ], [ -96.479076509570135, 16.922130420369534 ], [ -96.478215369753002, 16.922010619581034 ], [ -96.477618180397485, 16.921909459857918 ], [ -96.476979449554165, 16.921705149867762 ], [ -96.476116849543146, 16.921405260305416 ], [ -96.476038979570262, 16.920963539796976 ], [ -96.476414320259565, 16.916866290194037 ], [ -96.475985749870034, 16.916688259602736 ], [ -96.476814280320212, 16.913930169915723 ], [ -96.476952909630128, 16.909220889810232 ], [ -96.477345250017308, 16.901404660113933 ], [ -96.477354600369367, 16.901218179924506 ], [ -96.477361519844209, 16.901080509913729 ], [ -96.477384219608126, 16.900628200264659 ], [ -96.477389750089102, 16.900517970248394 ], [ -96.477509260275596, 16.900249659745924 ], [ -96.477628340178285, 16.899982289883653 ], [ -96.477893979918164, 16.899385890267997 ], [ -96.478149600007242, 16.898812000442774 ], [ -96.478422080418127, 16.898200219835374 ], [ -96.478656569731115, 16.897673739688585 ], [ -96.478884579684973, 16.897161780340241 ], [ -96.481443080010493, 16.891417109765843 ], [ -96.488257690305076, 16.880672420379238 ], [ -96.495826600079354, 16.872904889760854 ], [ -96.497592709974583, 16.871389779793351 ], [ -96.500601030430332, 16.866754249846252 ], [ -96.500101479897708, 16.864811829657349 ], [ -96.499710510273957, 16.864263379953321 ], [ -96.499276819582832, 16.863505219773934 ], [ -96.499060420330181, 16.863310140238784 ], [ -96.498861219775023, 16.862815119577327 ], [ -96.498793030419748, 16.862473149734054 ], [ -96.498607320232736, 16.862115680226115 ], [ -96.507224540081566, 16.864528910444761 ], [ -96.518506490224027, 16.867790279808172 ], [ -96.524655350334271, 16.871041149578577 ], [ -96.524031779935186, 16.871744140049707 ], [ -96.522083030176134, 16.878712600317165 ], [ -96.522392230252564, 16.878822030023063 ], [ -96.52022184980882, 16.887954939608488 ], [ -96.515762080302508, 16.901751169595457 ], [ -96.514859449691826, 16.906083629608791 ], [ -96.512529399908587, 16.914305600298423 ], [ -96.511808049614444, 16.918241649787824 ], [ -96.511414479681562, 16.920388819565893 ], [ -96.508725419529483, 16.929444340333383 ], [ -96.508721820080879, 16.9294613096516 ], [ -96.50861333973458, 16.929484950384296 ], [ -96.506288400131808, 16.928583979960848 ], [ -96.501557220367246, 16.926674309811908 ], [ -96.497855660014025, 16.925183720013688 ], [ -96.496066280018496, 16.924476319902695 ], [ -96.490738019865589, 16.923499320304181 ], [ -96.487567569844316, 16.922917879621167 ], [ -96.482924739580753, 16.922924419667936 ] ] ] ] } },
{ "type": "Feature", "properties": { "CVEGEO": "20551", "CVE_ENT": "20", "CVE_MUN": "551", "PAISAJE": "Valles Centrales", "ID_PAISA": 1, "NOM_MUN": "Tlacolula de Matamoros", "HAS_MUN": 13602.8, "RM": "R1" }, "geometry": { "type": "MultiPolygon", "coordinates": [ [ [ [ -96.172157370232384, 16.730544480433462 ], [ -96.176804449581994, 16.73075795022373 ], [ -96.179980279866598, 16.730124110289974 ], [ -96.181104519545812, 16.729799719824236 ], [ -96.189731950038023, 16.726565149942012 ], [ -96.195293150409825, 16.724429949633226 ], [ -96.200143689629797, 16.722566629895358 ], [ -96.199992820047441, 16.730862379815033 ], [ -96.199919539828812, 16.73464607995783 ], [ -96.199816909934569, 16.739313920330282 ], [ -96.199677750417479, 16.746149600055332 ], [ -96.199580690273606, 16.751243230095429 ], [ -96.199232909882952, 16.768764089958683 ], [ -96.199113149750318, 16.774726259819321 ], [ -96.198877969842925, 16.786575630227802 ], [ -96.198598250099508, 16.800698510117137 ], [ -96.198400140400622, 16.810727490221051 ], [ -96.198384577353863, 16.810728898482797 ], [ -96.190604339880764, 16.811432520161187 ], [ -96.18556945026144, 16.812264539927945 ], [ -96.177151369820223, 16.813929349799064 ], [ -96.173396340264944, 16.814323310294522 ], [ -96.170998059840102, 16.814435580039628 ], [ -96.168712250092327, 16.814619089852616 ], [ -96.167677770447611, 16.814451400021383 ], [ -96.166417580119571, 16.814237519975695 ], [ -96.162092260169885, 16.813610030073988 ], [ -96.159949650008613, 16.813093109550696 ], [ -96.153626979942374, 16.811728309694796 ], [ -96.150170450455917, 16.810988029804111 ], [ -96.148028970301993, 16.804324340163031 ], [ -96.146145230168955, 16.798462140095825 ], [ -96.145338379780782, 16.789696509853524 ], [ -96.14379196992239, 16.768093319938082 ], [ -96.140455380073163, 16.737206380353236 ], [ -96.149970140128104, 16.734535939729049 ], [ -96.160336400210369, 16.731635539741553 ], [ -96.16501910987094, 16.730320220341802 ], [ -96.172157370232384, 16.730544480433462 ] ] ], [ [ [ -96.483762978829162, 16.982311570476774 ], [ -96.479773150102531, 16.982759310392712 ], [ -96.477209549610919, 16.983172289969186 ], [ -96.472575179783092, 16.983918740070511 ], [ -96.472453660213205, 16.983933220358608 ], [ -96.469680850421383, 16.984263570334829 ], [ -96.469132950274826, 16.984328830012068 ], [ -96.465477090268124, 16.984688250027197 ], [ -96.46442082779825, 16.984783360155564 ], [ -96.462471569625691, 16.984958860024651 ], [ -96.461979249590158, 16.984973089696471 ], [ -96.455707049646136, 16.985154379949606 ], [ -96.453855739737094, 16.985107080062711 ], [ -96.452242550332656, 16.985003780137383 ], [ -96.451040430178168, 16.984795550036051 ], [ -96.452923229623963, 16.977224289843491 ], [ -96.45297893954907, 16.976999820407418 ], [ -96.453790230206749, 16.973722650384008 ], [ -96.455517579927701, 16.971430280282416 ], [ -96.457168549634048, 16.969275349897551 ], [ -96.457893319737764, 16.968329320296252 ], [ -96.459286399918923, 16.966510949815678 ], [ -96.455732380200686, 16.965275379774454 ], [ -96.454837860338671, 16.965144890037518 ], [ -96.452735880451201, 16.964838220287081 ], [ -96.452148429641824, 16.964735310206553 ], [ -96.452004400312646, 16.964717259642995 ], [ -96.451766630350207, 16.96469297012057 ], [ -96.451302020472312, 16.964608219817553 ], [ -96.449205220215518, 16.964290630310771 ], [ -96.447380490281901, 16.9637468296871 ], [ -96.446043850012131, 16.963348480392348 ], [ -96.444185280205545, 16.962803489972227 ], [ -96.444102450433974, 16.962782490296636 ], [ -96.441333749681135, 16.961934540045323 ], [ -96.440076259553038, 16.964866979716206 ], [ -96.43894454959856, 16.96719189016023 ], [ -96.438825569827259, 16.967145340058995 ], [ -96.438699449937516, 16.967135080075021 ], [ -96.438333059842037, 16.967082059998489 ], [ -96.436726220201166, 16.965893849820873 ], [ -96.436297650329678, 16.965577569864028 ], [ -96.43413904999808, 16.964078920363932 ], [ -96.431743480068462, 16.964287310201808 ], [ -96.430495660208308, 16.961299600143615 ], [ -96.430060170062646, 16.960892539710656 ], [ -96.427307920099082, 16.960318679796245 ], [ -96.417855979861059, 16.958347480185349 ], [ -96.408935600481016, 16.951975889642675 ], [ -96.418597109630696, 16.947907180112953 ], [ -96.423076889783701, 16.94557197035968 ], [ -96.419342060322123, 16.939391659913792 ], [ -96.418595849888902, 16.937800720427781 ], [ -96.413233820115636, 16.931348280436726 ], [ -96.410885689998722, 16.932000080144874 ], [ -96.412596419615113, 16.927038430182392 ], [ -96.412877079944153, 16.926046890041796 ], [ -96.412943539661455, 16.925889579761108 ], [ -96.413050940183268, 16.925447649684767 ], [ -96.41318743025198, 16.925010719861667 ], [ -96.413301169915997, 16.924641690278076 ], [ -96.413383089915229, 16.924366029897424 ], [ -96.413399363786354, 16.924283170302196 ], [ -96.413433358399303, 16.924110082953071 ], [ -96.413436796971965, 16.924092577593036 ], [ -96.413441397538179, 16.924069155806858 ], [ -96.413442220359343, 16.924064964618601 ], [ -96.413450909946562, 16.924020719641874 ], [ -96.413805568364594, 16.92293059091617 ], [ -96.413813332295874, 16.922906725982376 ], [ -96.413843369664988, 16.922814399556444 ], [ -96.414584004278154, 16.923122192180788 ], [ -96.41459957876917, 16.923128664976115 ], [ -96.414725849925674, 16.923181139715624 ], [ -96.415637889675907, 16.923562490325438 ], [ -96.41578305622059, 16.923626609975347 ], [ -96.415896799928845, 16.923676849817369 ], [ -96.416225819697985, 16.923812620128555 ], [ -96.416389920008854, 16.923879199738089 ], [ -96.418398320264529, 16.924722920207145 ], [ -96.421912369705737, 16.926212860041435 ], [ -96.423318600055353, 16.92680579997678 ], [ -96.422755089988755, 16.929375579679608 ], [ -96.424589619570398, 16.930405999589976 ], [ -96.424644260364758, 16.929386689920143 ], [ -96.425236690165562, 16.929038259776089 ], [ -96.425801630296888, 16.929164430348809 ], [ -96.426652540352052, 16.930055460214724 ], [ -96.427387120185998, 16.927263919715841 ], [ -96.427342600126565, 16.926661339689744 ], [ -96.426366580135422, 16.923932219982898 ], [ -96.424095879687968, 16.922793419946494 ], [ -96.419292970042974, 16.92044506020601 ], [ -96.42239760043914, 16.917885030112551 ], [ -96.424379260393437, 16.916619740076996 ], [ -96.426957430280879, 16.914994829891285 ], [ -96.429221320132584, 16.913455289809708 ], [ -96.429269419611273, 16.912434050400456 ], [ -96.429329259960923, 16.911249539657749 ], [ -96.430989289646604, 16.911147119708815 ], [ -96.433143139720428, 16.911020820292457 ], [ -96.434178709699083, 16.910960709562243 ], [ -96.435249170179119, 16.91106577029899 ], [ -96.436771750244517, 16.911264029725974 ], [ -96.437835289851819, 16.911506429650093 ], [ -96.441079310234628, 16.912435770325189 ], [ -96.441781799754111, 16.912625489746517 ], [ -96.449036199652653, 16.914711829911102 ], [ -96.450879340268273, 16.915154520287327 ], [ -96.451648180256157, 16.915339170196763 ], [ -96.451972450268983, 16.914750219741194 ], [ -96.454407279676019, 16.915340709687978 ], [ -96.455342380000658, 16.915584140008832 ], [ -96.45680005026685, 16.915963619850434 ], [ -96.457164569627551, 16.915975910344489 ], [ -96.457534059848101, 16.916141749680364 ], [ -96.457584819815935, 16.916202370377796 ], [ -96.457745199792612, 16.916311830431422 ], [ -96.458383400319605, 16.916567140107301 ], [ -96.458476169566353, 16.916362909562501 ], [ -96.460394509626937, 16.916964910240171 ], [ -96.461097780186066, 16.915854780195801 ], [ -96.463760999563689, 16.916723419730125 ], [ -96.46582153997015, 16.917395429849066 ], [ -96.466020050207078, 16.917460170055193 ], [ -96.467825180392325, 16.918048859791291 ], [ -96.468726080374395, 16.918342650025743 ], [ -96.469144080073306, 16.918478950042633 ], [ -96.469316109647849, 16.918726779879755 ], [ -96.472432769777356, 16.91971588978403 ], [ -96.473069800369359, 16.919849090033182 ], [ -96.474328029740434, 16.92026186030337 ], [ -96.47481851953431, 16.9204850900385 ], [ -96.474887090054295, 16.920511969587295 ], [ -96.476038979570262, 16.920963539796976 ], [ -96.476116849543146, 16.921405260305416 ], [ -96.476979449554165, 16.921705149867762 ], [ -96.477618180397485, 16.921909459857918 ], [ -96.478215369753002, 16.922010619581034 ], [ -96.479076509570135, 16.922130420369534 ], [ -96.479612780136932, 16.922245230087107 ], [ -96.479828250253661, 16.922291369564075 ], [ -96.480284059709106, 16.922431250374085 ], [ -96.480815170196976, 16.922524969634786 ], [ -96.481545859762733, 16.922685319623216 ], [ -96.481694969566462, 16.92271874043276 ], [ -96.48182971009696, 16.922748919679456 ], [ -96.482337060458548, 16.922862619908287 ], [ -96.482924739580753, 16.922924419667936 ], [ -96.487567569844316, 16.922917879621167 ], [ -96.490193594362395, 16.923399481290165 ], [ -96.490209103066462, 16.923402325050528 ], [ -96.490738019865589, 16.923499320304181 ], [ -96.496066280018496, 16.924476319902695 ], [ -96.497855660014025, 16.925183720013688 ], [ -96.501557220367246, 16.926674309811908 ], [ -96.506288400131808, 16.928583979960848 ], [ -96.50861333973458, 16.929484950384296 ], [ -96.508721820080879, 16.9294613096516 ], [ -96.508725419529483, 16.929444340333383 ], [ -96.511414479681562, 16.920388819565893 ], [ -96.511808049614444, 16.918241649787824 ], [ -96.512529399908587, 16.914305600298423 ], [ -96.514859449691826, 16.906083629608791 ], [ -96.515762080302508, 16.901751169595457 ], [ -96.52022184980882, 16.887954939608488 ], [ -96.522392230252564, 16.878822030023063 ], [ -96.522083030176134, 16.878712600317165 ], [ -96.524031779935186, 16.871744140049707 ], [ -96.524655350334271, 16.871041149578577 ], [ -96.53082247954076, 16.877580139945174 ], [ -96.540032969923729, 16.890181049556634 ], [ -96.54448979996971, 16.892529620352654 ], [ -96.544558249646428, 16.893473709717167 ], [ -96.545045889614272, 16.900770689905894 ], [ -96.545137309677486, 16.902861519616462 ], [ -96.54568826010906, 16.915463030435145 ], [ -96.546111980089989, 16.925018019668773 ], [ -96.54633545979695, 16.930716999547595 ], [ -96.535475660165957, 16.931890820375912 ], [ -96.530944660333006, 16.932108980438336 ], [ -96.524972820216377, 16.931576449981787 ], [ -96.520091909659399, 16.929566710075804 ], [ -96.508702370008265, 16.929558279970671 ], [ -96.50949974957841, 16.937809909549021 ], [ -96.509512050399323, 16.937897520378659 ], [ -96.509514089777795, 16.938650349577404 ], [ -96.509423630129845, 16.939478260125341 ], [ -96.509449309967479, 16.940209459813008 ], [ -96.509425149718197, 16.940270579593481 ], [ -96.50933711021321, 16.941312550360831 ], [ -96.509291580144449, 16.941860049978875 ], [ -96.509264619726252, 16.942136349848791 ], [ -96.509188779874734, 16.942966680033223 ], [ -96.509212420131988, 16.943550880408505 ], [ -96.50914330991256, 16.944095940309129 ], [ -96.509115829704839, 16.94451031958798 ], [ -96.509124059758989, 16.944764680333183 ], [ -96.509111649941133, 16.944964630357436 ], [ -96.509043310000934, 16.945424419618682 ], [ -96.508947920264376, 16.945863170019198 ], [ -96.508894519931118, 16.946468200277621 ], [ -96.508883049670743, 16.94654187954735 ], [ -96.5088617496545, 16.946630779618054 ], [ -96.50883756989991, 16.946687709760081 ], [ -96.508820120440177, 16.946821349719166 ], [ -96.508782910082218, 16.946938880281415 ], [ -96.508744089731948, 16.947046349918722 ], [ -96.508713660161888, 16.947159849674566 ], [ -96.508676200384116, 16.947282180385002 ], [ -96.508660279728531, 16.947360260161631 ], [ -96.508637370086959, 16.947466580299288 ], [ -96.508610230225699, 16.947549630253764 ], [ -96.508565340354096, 16.947664660131665 ], [ -96.508533489565451, 16.947781719981975 ], [ -96.508506509846484, 16.947890030097245 ], [ -96.508488690368111, 16.947967260370447 ], [ -96.508443080203634, 16.948183429737739 ], [ -96.508437399736664, 16.948218290052232 ], [ -96.508412419633302, 16.948346650091167 ], [ -96.508384919703872, 16.948466020403124 ], [ -96.508296749780172, 16.948720430236701 ], [ -96.508220260183137, 16.948994119626231 ], [ -96.508211619800662, 16.949100910178839 ], [ -96.508163179675577, 16.949226969985755 ], [ -96.508154019753917, 16.949364000147717 ], [ -96.508105249790532, 16.949495230225274 ], [ -96.508084430119936, 16.949577580332026 ], [ -96.508071310309589, 16.94956674985815 ], [ -96.507981679608434, 16.949735949567458 ], [ -96.50794496991854, 16.949905539757104 ], [ -96.507854479660239, 16.950337380186717 ], [ -96.507807689625281, 16.950510549993471 ], [ -96.507744459805821, 16.950688569730172 ], [ -96.507678200444843, 16.95104329000954 ], [ -96.507736630372932, 16.951432260300496 ], [ -96.50774710962169, 16.951751540340144 ], [ -96.507674510122982, 16.95200170998238 ], [ -96.507583030381866, 16.952257550167122 ], [ -96.507484820366471, 16.952512549654518 ], [ -96.507364830451991, 16.952760800294278 ], [ -96.507276420142901, 16.953002579691315 ], [ -96.507171000449759, 16.953273970046958 ], [ -96.507050950314849, 16.953541029628543 ], [ -96.5069440298074, 16.953738659947668 ], [ -96.506952800356544, 16.953808169758467 ], [ -96.506875710436304, 16.954081619599261 ], [ -96.506634969712096, 16.954767879793078 ], [ -96.508190119594005, 16.955582450058962 ], [ -96.508598110261914, 16.955999579696631 ], [ -96.512994979661798, 16.96253517022021 ], [ -96.513304889818656, 16.962915980409441 ], [ -96.513754830417753, 16.963529220439792 ], [ -96.519302720308332, 16.970901650171943 ], [ -96.51834328894887, 16.978873060861989 ], [ -96.51761861338673, 16.980477829298675 ], [ -96.516759018784128, 16.982381326143017 ], [ -96.514708970240804, 16.986920771153784 ], [ -96.514498779614968, 16.987544770911342 ], [ -96.514462679185968, 16.987598150823466 ], [ -96.512645862576207, 16.99128216773315 ], [ -96.512485368613369, 16.991607597140408 ], [ -96.512452649666869, 16.991673939754591 ], [ -96.510898130493104, 16.991210796893093 ], [ -96.510263066552028, 16.991021584902928 ], [ -96.509624592697321, 16.990831353789858 ], [ -96.509019126444599, 16.990650954053869 ], [ -96.508111400459924, 16.990380489703192 ], [ -96.50719831970784, 16.990108450135544 ], [ -96.506237939626146, 16.989822279677419 ], [ -96.504587170017743, 16.989332350357529 ], [ -96.501623120383599, 16.988452599594162 ], [ -96.498958380304444, 16.987661630341705 ], [ -96.496883079940716, 16.987051679767685 ], [ -96.494837200219962, 16.986432889987469 ], [ -96.488091490430534, 16.983922570453696 ], [ -96.488029027899941, 16.983899324143817 ], [ -96.486934376556718, 16.983491927026392 ], [ -96.486501892146535, 16.983330964837194 ], [ -96.486048937754518, 16.983162383386155 ], [ -96.485129179055363, 16.982820061143638 ], [ -96.484145819424157, 16.98245406016142 ], [ -96.483922322097456, 16.982370875544813 ], [ -96.483762978829162, 16.982311570476774 ] ] ] ] } },
{ "type": "Feature", "properties": { "CVEGEO": "20028", "CVE_ENT": "20", "CVE_MUN": "028", "PAISAJE": "Valles Centrales", "ID_PAISA": 1, "NOM_MUN": "Heroica Ciudad de Ejutla de Crespo", "HAS_MUN": 17404.7, "RM": "R2" }, "geometry": { "type": "MultiPolygon", "coordinates": [ [ [ [ -96.736695178969939, 16.478637680585646 ], [ -96.752762969663465, 16.49075270994436 ], [ -96.752743599795792, 16.491672630261462 ], [ -96.752696660211271, 16.49390157029875 ], [ -96.752678719635753, 16.494753079539148 ], [ -96.752661080265668, 16.495590949972552 ], [ -96.752619480124494, 16.497565740336086 ], [ -96.752594779922305, 16.498738319575256 ], [ -96.752568219645383, 16.500000029551444 ], [ -96.75254977017201, 16.500875620439221 ], [ -96.752606049815569, 16.501990720339364 ], [ -96.752641769668031, 16.502698459873965 ], [ -96.754574379694333, 16.503783720117898 ], [ -96.75598895025486, 16.504578050009378 ], [ -96.756538319665424, 16.504886519943593 ], [ -96.757958710418379, 16.505684079729537 ], [ -96.758137490112716, 16.506146779688976 ], [ -96.758514555722911, 16.507122575960061 ], [ -96.759419690406133, 16.50946488982046 ], [ -96.759508249592812, 16.509694079916049 ], [ -96.759744463948863, 16.510305355276213 ], [ -96.75976021447903, 16.510346114540539 ], [ -96.759786780079992, 16.510414860074825 ], [ -96.759840629924511, 16.510554250095133 ], [ -96.760246062835648, 16.511603421057451 ], [ -96.760268281140569, 16.51166091706045 ], [ -96.760346519972956, 16.511863379641841 ], [ -96.761271283441232, 16.514256436642128 ], [ -96.76162383018125, 16.515168719756911 ], [ -96.761952849956401, 16.516020080380404 ], [ -96.76278517958896, 16.518173849595282 ], [ -96.764104570279571, 16.52158777038397 ], [ -96.764400830358198, 16.522354380334271 ], [ -96.76463628005078, 16.522827479899121 ], [ -96.765305720167731, 16.523005309888035 ], [ -96.765795650031308, 16.523158719705613 ], [ -96.766265049534212, 16.522921280224217 ], [ -96.766993430195967, 16.523202980434444 ], [ -96.767447509648974, 16.523344629616201 ], [ -96.767938650242442, 16.523360089672696 ], [ -96.768485819857844, 16.523812769780925 ], [ -96.768625339663771, 16.524296579753848 ], [ -96.769052910139209, 16.524725309993151 ], [ -96.769735140253061, 16.524811289640244 ], [ -96.770353540003939, 16.525333479744567 ], [ -96.770876109637172, 16.525866379742894 ], [ -96.771410569579857, 16.526399399727204 ], [ -96.772327370052082, 16.527061910040064 ], [ -96.772969889665504, 16.527572780434276 ], [ -96.773339150017634, 16.527828580217449 ], [ -96.774400919748771, 16.528828370083378 ], [ -96.77166602972143, 16.53414154035573 ], [ -96.7709317496235, 16.535864999780415 ], [ -96.776894369845394, 16.539927369597923 ], [ -96.778006540149562, 16.540891849628611 ], [ -96.780723169525388, 16.543247680290442 ], [ -96.780963479907896, 16.543456079872222 ], [ -96.78197902966896, 16.544336720403027 ], [ -96.785921750030312, 16.548493829719401 ], [ -96.786180340381065, 16.548766460356788 ], [ -96.786266879854807, 16.548857710208679 ], [ -96.786475149858077, 16.550398719970136 ], [ -96.780342219967594, 16.554408030047924 ], [ -96.778866460235548, 16.555437920234919 ], [ -96.779067570303042, 16.557344569959305 ], [ -96.777213679542456, 16.55724764992657 ], [ -96.775668260373436, 16.560503429841617 ], [ -96.775640120038346, 16.56058451960077 ], [ -96.774511339670724, 16.559988860269058 ], [ -96.773375219703297, 16.560167150367381 ], [ -96.772543799736354, 16.560279969547846 ], [ -96.771886140002309, 16.560176170025894 ], [ -96.772594459683972, 16.559194860393241 ], [ -96.77093039971858, 16.55943924987961 ], [ -96.770595280213229, 16.559500520168559 ], [ -96.769594079649949, 16.560320229649903 ], [ -96.769920379855293, 16.559621769890516 ], [ -96.769880080307274, 16.559345970107259 ], [ -96.769638089858603, 16.559210489623428 ], [ -96.768556940190891, 16.560215080378459 ], [ -96.767598279890763, 16.562256460413334 ], [ -96.765516185104971, 16.562742821547761 ], [ -96.765216599883132, 16.562812799920653 ], [ -96.765099237097431, 16.562748375002744 ], [ -96.764856540100112, 16.562615149972135 ], [ -96.764811938609341, 16.562608740280027 ], [ -96.764747689591459, 16.562555020385879 ], [ -96.764679910132529, 16.562481859664103 ], [ -96.764581859755381, 16.562407000002377 ], [ -96.764441749615187, 16.562309600360258 ], [ -96.764310540136492, 16.562252029750578 ], [ -96.764180630304509, 16.562244661144199 ], [ -96.764064169666355, 16.562246540311495 ], [ -96.763872739832323, 16.562256979698926 ], [ -96.763753140199199, 16.56227806088949 ], [ -96.763624320026452, 16.562279950199503 ], [ -96.763552650295949, 16.562279180017157 ], [ -96.763457649629743, 16.56228448008639 ], [ -96.763356739804394, 16.562286520237517 ], [ -96.763213149619887, 16.562303829588256 ], [ -96.763099149579361, 16.562315510235933 ], [ -96.763005230056663, 16.562317739567856 ], [ -96.762893140058878, 16.56231971133607 ], [ -96.762790970365145, 16.562321779825666 ], [ -96.762675029673659, 16.562323740312497 ], [ -96.762559320094354, 16.562322490194344 ], [ -96.762427050154031, 16.562344490414588 ], [ -96.762348890173996, 16.562349449900168 ], [ -96.762205229729318, 16.562356379563123 ], [ -96.762063618919854, 16.562360539941348 ], [ -96.76193729011743, 16.562356420353453 ], [ -96.76185165021181, 16.562367689597412 ], [ -96.761757449568179, 16.562383660196669 ], [ -96.761644180367924, 16.562388049948005 ], [ -96.761506650433887, 16.562405879927251 ], [ -96.761399280415674, 16.562415890267943 ], [ -96.761302479929128, 16.562425510350927 ], [ -96.761131150201749, 16.562482110311812 ], [ -96.761016649906324, 16.562483890116777 ], [ -96.760824740226795, 16.562523150274473 ], [ -96.760726289828725, 16.562539310720311 ], [ -96.760615260049732, 16.562543599915561 ], [ -96.760505619646494, 16.562570150014761 ], [ -96.760366200103988, 16.562577230112204 ], [ -96.760200110208359, 16.562583860927163 ], [ -96.760086630391982, 16.562579750442143 ], [ -96.759920920274624, 16.562552259911282 ], [ -96.759775250176205, 16.562511259787406 ], [ -96.759474459047894, 16.562427599992208 ], [ -96.759303450333931, 16.562372949653742 ], [ -96.759180489852241, 16.562333150384298 ], [ -96.758749309846024, 16.56219994966704 ], [ -96.758613880245889, 16.562148889923883 ], [ -96.75853058030296, 16.562111020262279 ], [ -96.758344448714908, 16.562075079817532 ], [ -96.758251400411467, 16.5620597100542 ], [ -96.758139890359843, 16.562020219853395 ], [ -96.757935120007772, 16.561987320431207 ], [ -96.757829690355521, 16.561976020417113 ], [ -96.757695579638948, 16.561974579669858 ], [ -96.757572308870365, 16.56195882955199 ], [ -96.757395119965324, 16.561917680326104 ], [ -96.757308849860522, 16.561886379924037 ], [ -96.757269739835749, 16.561858319712812 ], [ -96.757137430089557, 16.561813509936243 ], [ -96.757090619995893, 16.561755779611961 ], [ -96.757073149794408, 16.561703369703917 ], [ -96.757026030100207, 16.561648449964949 ], [ -96.756986020258466, 16.561578080343391 ], [ -96.756922369549997, 16.561506969787889 ], [ -96.756903459943942, 16.561489779852074 ], [ -96.756870230164552, 16.561478180015438 ], [ -96.756832400198689, 16.561473550216697 ], [ -96.756723249657412, 16.56151770995427 ], [ -96.756659909611315, 16.561546400367618 ], [ -96.756523630117329, 16.561610249870977 ], [ -96.756373799662896, 16.561691259760966 ], [ -96.756243290355727, 16.561767400166225 ], [ -96.755892919596178, 16.562035709947533 ], [ -96.755682940256222, 16.562152830268193 ], [ -96.755515029928745, 16.562249940198036 ], [ -96.755375649535296, 16.562339350157501 ], [ -96.75530304932613, 16.562431049531686 ], [ -96.755136520201859, 16.562472910163834 ], [ -96.754999120249678, 16.562462539773485 ], [ -96.754895229595547, 16.56240968039851 ], [ -96.754836110322543, 16.562291199707097 ], [ -96.754789648679051, 16.562206050022059 ], [ -96.754717110190185, 16.562069140414192 ], [ -96.754656489993707, 16.561957149683423 ], [ -96.754609350121342, 16.561874021341783 ], [ -96.754506890401387, 16.561820980265068 ], [ -96.754407750358581, 16.561802890204355 ], [ -96.754263970223235, 16.5618038201284 ], [ -96.754168059554729, 16.561838449950034 ], [ -96.754060510429539, 16.561904230082078 ], [ -96.753974539878058, 16.561953969879323 ], [ -96.753897919536598, 16.562039350162749 ], [ -96.753865279722902, 16.562154739792724 ], [ -96.753874519675023, 16.562318459621594 ], [ -96.753876878681467, 16.562501379520118 ], [ -96.753872859950391, 16.562662489640484 ], [ -96.753795060346391, 16.562795091177886 ], [ -96.753732380450089, 16.562954630102194 ], [ -96.753651579871587, 16.563156739634433 ], [ -96.753508849410821, 16.563319749691235 ], [ -96.753267090190434, 16.563447149676513 ], [ -96.752955290233174, 16.563502710234406 ], [ -96.752810080191253, 16.563507090432932 ], [ -96.752689540005122, 16.563492260325337 ], [ -96.752635309568518, 16.563496029557808 ], [ -96.752568600194721, 16.563536339584552 ], [ -96.75252542966382, 16.56358211001681 ], [ -96.752445338583385, 16.563651551087013 ], [ -96.752345090241505, 16.563668549723495 ], [ -96.752251119184493, 16.563685120038894 ], [ -96.752202779915891, 16.563713820249262 ], [ -96.75208357964641, 16.563777399881726 ], [ -96.752025979913157, 16.563839430192878 ], [ -96.751951279996931, 16.563895139663227 ], [ -96.751819599638196, 16.563945400166084 ], [ -96.751621579804294, 16.563985259771879 ], [ -96.751437220135742, 16.563983280273728 ], [ -96.751325290305616, 16.563959290212598 ], [ -96.751201199696496, 16.563918880157477 ], [ -96.75094623008215, 16.563799720303663 ], [ -96.75080994984117, 16.563705079909752 ], [ -96.7506582000821, 16.563603600153446 ], [ -96.750541309607812, 16.563543399770211 ], [ -96.750366419527282, 16.56351552105798 ], [ -96.750239150399594, 16.56358977001365 ], [ -96.750052890266062, 16.56385028033144 ], [ -96.749889580337623, 16.56398492007099 ], [ -96.749657258754084, 16.564237140203812 ], [ -96.749447660201213, 16.564423770017047 ], [ -96.749379649726691, 16.564465921021856 ], [ -96.749279018649673, 16.564598540240187 ], [ -96.749164310015416, 16.564696800063697 ], [ -96.749046460294181, 16.564789320224314 ], [ -96.74894103020533, 16.564931060290427 ], [ -96.74875154982449, 16.565117679879926 ], [ -96.748570109778328, 16.565250569704361 ], [ -96.748446480015815, 16.565357750316128 ], [ -96.74831311992466, 16.565486479760086 ], [ -96.748239999820484, 16.565557079570183 ], [ -96.748147859540637, 16.565632849901604 ], [ -96.748052380133117, 16.565671509825503 ], [ -96.747972940167045, 16.565670649900291 ], [ -96.747865779623041, 16.565620449758818 ], [ -96.747731849751972, 16.565547140180392 ], [ -96.74762962995419, 16.565449049823055 ], [ -96.747523059130671, 16.565402180137337 ], [ -96.747400169607133, 16.565329310045495 ], [ -96.747346079415621, 16.565295910366164 ], [ -96.747233120212115, 16.565238280427785 ], [ -96.747102909494146, 16.565167060394078 ], [ -96.746952220140059, 16.565099079872407 ], [ -96.746811090414482, 16.565034171039482 ], [ -96.746648879962251, 16.564965170180134 ], [ -96.746539339773932, 16.564935479742086 ], [ -96.746426569528296, 16.564913310192555 ], [ -96.746330879851499, 16.564891250535894 ], [ -96.746229919468362, 16.564873199829673 ], [ -96.746097370415868, 16.564838709912511 ], [ -96.745922799092199, 16.564832710010208 ], [ -96.745706400322646, 16.564830369894747 ], [ -96.745495229756159, 16.564848829770323 ], [ -96.745408510263871, 16.564863449845181 ], [ -96.745323460372234, 16.564882970464517 ], [ -96.745253319997374, 16.564897521250263 ], [ -96.745154890362144, 16.564905350304361 ], [ -96.745060909642831, 16.56492183008778 ], [ -96.74495508991771, 16.564935230382559 ], [ -96.744794179826044, 16.564974309842263 ], [ -96.744698739888577, 16.565006081195655 ], [ -96.744625460027734, 16.565033419825863 ], [ -96.74454196987881, 16.565056490045837 ], [ -96.744465459914721, 16.565085830103907 ], [ -96.744420370329564, 16.565090830303152 ], [ -96.744046479540117, 16.565493149922041 ], [ -96.743693680419568, 16.566169119919621 ], [ -96.743432249543687, 16.566648580296022 ], [ -96.743389889717136, 16.566734090133988 ], [ -96.742469630159036, 16.568378549644052 ], [ -96.742935349185473, 16.569263219680803 ], [ -96.742935611076248, 16.56926371635398 ], [ -96.742935791732791, 16.569264060320471 ], [ -96.742939979620303, 16.569269780261649 ], [ -96.742941214895041, 16.569271359293673 ], [ -96.742945716908537, 16.569277112909582 ], [ -96.742945763248812, 16.569277174120835 ], [ -96.742945804289832, 16.569277227021416 ], [ -96.742951090059762, 16.569283979567558 ], [ -96.742953400227535, 16.569286949631458 ], [ -96.74295899991921, 16.569294110429645 ], [ -96.742966970424206, 16.569304320158139 ], [ -96.742967059948171, 16.569420800148762 ], [ -96.742837085781119, 16.569627416780335 ], [ -96.742433059588066, 16.570269679717484 ], [ -96.743119910166243, 16.570779490356507 ], [ -96.744244460009412, 16.571229029784007 ], [ -96.744691020282119, 16.571685019858329 ], [ -96.744850980415634, 16.571848370359877 ], [ -96.745046629872576, 16.572095769591893 ], [ -96.745003279624939, 16.572120030283482 ], [ -96.744832448582372, 16.57221687586124 ], [ -96.744776169668739, 16.572248780422477 ], [ -96.744349829976173, 16.572482750427739 ], [ -96.744236050284556, 16.572559090393877 ], [ -96.744109910089762, 16.57264370983799 ], [ -96.743483060383468, 16.57310999960696 ], [ -96.743138019787565, 16.573366690203425 ], [ -96.742875570145301, 16.573536689822408 ], [ -96.742628459789515, 16.573661829736203 ], [ -96.742579979959416, 16.573699740172174 ], [ -96.742443149538545, 16.57390386022286 ], [ -96.742261620206435, 16.574158680010672 ], [ -96.74210919992997, 16.574326539915496 ], [ -96.74175557964027, 16.575004169866101 ], [ -96.741500260258746, 16.575441000118232 ], [ -96.741405779668696, 16.575591459652092 ], [ -96.741152879728787, 16.575709150325327 ], [ -96.740803739996366, 16.575770089667863 ], [ -96.740298279537953, 16.575802460395497 ], [ -96.739968510021527, 16.575757740370264 ], [ -96.739862350153899, 16.575619950316224 ], [ -96.739646310019793, 16.575666820326269 ], [ -96.739542889703742, 16.575702800207655 ], [ -96.739354170017791, 16.575767089681982 ], [ -96.739236199843717, 16.575817829584899 ], [ -96.738667030134209, 16.576128970008398 ], [ -96.73853406026501, 16.576212350033792 ], [ -96.738269319599496, 16.576327549958673 ], [ -96.737826800452311, 16.576558479746907 ], [ -96.737750830333056, 16.576597970198822 ], [ -96.737256740423462, 16.576942850244869 ], [ -96.73696173974011, 16.577134909726396 ], [ -96.736790060392906, 16.577264019780817 ], [ -96.736763089671442, 16.577290289933263 ], [ -96.736740750392542, 16.577312030396655 ], [ -96.736675660171457, 16.57737541999045 ], [ -96.735720519553979, 16.577987199563722 ], [ -96.735692370027408, 16.577878649791153 ], [ -96.735428490195162, 16.577833600185571 ], [ -96.735102909893911, 16.577818110341248 ], [ -96.734921459814629, 16.577826800055004 ], [ -96.734743980343325, 16.577896259863515 ], [ -96.734549680437595, 16.577943569762322 ], [ -96.734080140269597, 16.578067719708567 ], [ -96.733933140123739, 16.577891369855298 ], [ -96.733883940224885, 16.577927709804733 ], [ -96.733492629818898, 16.577937220439143 ], [ -96.733208080403699, 16.577930319906752 ], [ -96.733093820083539, 16.577915140340732 ], [ -96.732868939822211, 16.577833650437157 ], [ -96.732815049746492, 16.577829889665409 ], [ -96.732661019560481, 16.57784026036877 ], [ -96.732057140447779, 16.578313089803839 ], [ -96.731633750445198, 16.578584890115462 ], [ -96.731341859962072, 16.578803979746404 ], [ -96.73114713984755, 16.578952279618765 ], [ -96.731017629692232, 16.579040219933763 ], [ -96.731043399717066, 16.579077000381716 ], [ -96.730994120351113, 16.579140320008118 ], [ -96.730766909755928, 16.579329909723299 ], [ -96.730521420224377, 16.579452859649063 ], [ -96.730376230133643, 16.579573660122737 ], [ -96.730169860052158, 16.579671949874175 ], [ -96.730007279874513, 16.579850540365527 ], [ -96.729925630196433, 16.579972049606983 ], [ -96.729785819890395, 16.580205649583096 ], [ -96.729429600257717, 16.580720080186918 ], [ -96.728937310039314, 16.581032000040214 ], [ -96.729505519619579, 16.581350799746293 ], [ -96.728716180292906, 16.582322650392431 ], [ -96.727717019754664, 16.582808399719848 ], [ -96.728021429995309, 16.592843279673808 ], [ -96.721350910257073, 16.594855709674189 ], [ -96.719182060242801, 16.601353279704792 ], [ -96.718735049879498, 16.605670419750705 ], [ -96.718694079554552, 16.60884176992414 ], [ -96.719247336818242, 16.608998725351771 ], [ -96.720427436939445, 16.609333504531218 ], [ -96.720655720686608, 16.609398263615514 ], [ -96.720730441793236, 16.6094194608152 ], [ -96.720768592363186, 16.609430283788036 ], [ -96.720799291959281, 16.609438992571576 ], [ -96.720978642040293, 16.609489870637866 ], [ -96.721060596659115, 16.609513118154801 ], [ -96.721092626254205, 16.609522204485305 ], [ -96.72113206979067, 16.609533394630621 ], [ -96.721175320830469, 16.609545664166053 ], [ -96.721218073635143, 16.609557791427715 ], [ -96.721252382569261, 16.60956752373599 ], [ -96.721547331713907, 16.609651192883959 ], [ -96.721566052338858, 16.609656503663366 ], [ -96.721603153708983, 16.609667028295636 ], [ -96.721737765740485, 16.609705215849466 ], [ -96.722342750145131, 16.609876829712981 ], [ -96.722369818498819, 16.609935678273942 ], [ -96.722414742032612, 16.610033344437198 ], [ -96.722426864289162, 16.610059695490516 ], [ -96.722440893445096, 16.610090194393042 ], [ -96.722469174678182, 16.610151680343186 ], [ -96.722497692937552, 16.610213677506881 ], [ -96.722527279588647, 16.610278000013391 ], [ -96.722544219264506, 16.610309558179452 ], [ -96.722618812087021, 16.610448523955853 ], [ -96.7230186415144, 16.611193393783772 ], [ -96.72322177040715, 16.611571813834225 ], [ -96.723291705014304, 16.611702099139993 ], [ -96.723320150221639, 16.611755090256761 ], [ -96.723957770178899, 16.643405281331511 ], [ -96.719002950352092, 16.641428801193186 ], [ -96.716515060239786, 16.641175320069198 ], [ -96.714003230237878, 16.642667999626159 ], [ -96.710191139537471, 16.646947689947989 ], [ -96.708969859920515, 16.646159709721434 ], [ -96.719228320100171, 16.627669020191803 ], [ -96.720096919882565, 16.625849889677415 ], [ -96.718071629652343, 16.624465259573821 ], [ -96.711964769742096, 16.636755539697219 ], [ -96.693086570173378, 16.638938580027755 ], [ -96.691429350308297, 16.632799310366128 ], [ -96.691250889645204, 16.632715179871514 ], [ -96.670077370041653, 16.622732170198695 ], [ -96.670091689767034, 16.619928380045302 ], [ -96.666879290218233, 16.617994629597526 ], [ -96.655601720365539, 16.611199459565313 ], [ -96.645459770156847, 16.616167340340237 ], [ -96.645232369804575, 16.616252109902412 ], [ -96.642956150111701, 16.617100599768694 ], [ -96.647374889650976, 16.622934650135136 ], [ -96.645441229823533, 16.625350050055395 ], [ -96.641863569730447, 16.630015679543462 ], [ -96.641288179981274, 16.630391119854327 ], [ -96.640629120007816, 16.630789019868025 ], [ -96.639312279622516, 16.631084139901336 ], [ -96.604019889789114, 16.64683527957207 ], [ -96.604029750243953, 16.646863310384028 ], [ -96.602091710135113, 16.647821749873117 ], [ -96.609804319949291, 16.63859891963947 ], [ -96.610198430163436, 16.635536369987598 ], [ -96.611977369606834, 16.621710689683493 ], [ -96.599687260111637, 16.619559680436399 ], [ -96.593668480270253, 16.618528599051157 ], [ -96.60160194019177, 16.602044479155072 ], [ -96.599128489659975, 16.570811628914509 ], [ -96.59903310996647, 16.569607018973105 ], [ -96.597752660219342, 16.566518488868752 ], [ -96.595946019727293, 16.562160519474968 ], [ -96.595866049900806, 16.560273939298639 ], [ -96.59569660035973, 16.558005579359033 ], [ -96.595656050216121, 16.557830398832564 ], [ -96.595304659798543, 16.556047258718834 ], [ -96.595190380250472, 16.555302228905369 ], [ -96.595233780191805, 16.554593779252841 ], [ -96.595184770263685, 16.553984858995122 ], [ -96.595006289848769, 16.553307369104843 ], [ -96.594675799709094, 16.550585859537421 ], [ -96.594620490356945, 16.550013628861475 ], [ -96.5946250496429, 16.549523319272684 ], [ -96.594537979749347, 16.548572199058423 ], [ -96.59443736967647, 16.546718319032603 ], [ -96.594222770102746, 16.544063048769054 ], [ -96.594197090302686, 16.543691378831234 ], [ -96.593943180171053, 16.540240648729895 ], [ -96.593943260118579, 16.539203578746278 ], [ -96.593920920418867, 16.538362338705973 ], [ -96.593870680167612, 16.537390918925531 ], [ -96.593690919966207, 16.535714628741481 ], [ -96.593650769620496, 16.535066919081832 ], [ -96.593633489794584, 16.534751148719074 ], [ -96.593600050241079, 16.534140219239077 ], [ -96.593566169870854, 16.533862218924543 ], [ -96.593565309748769, 16.5337182488413 ], [ -96.593441079594996, 16.533104059163122 ], [ -96.593375429958982, 16.532823249150518 ], [ -96.593363579593756, 16.5326687390071 ], [ -96.593195170057996, 16.531220219174028 ], [ -96.593101619936135, 16.530698969503305 ], [ -96.593104599741451, 16.530480978707619 ], [ -96.593079089784794, 16.53017917870735 ], [ -96.593054880059896, 16.529948199122977 ], [ -96.593026860269504, 16.529600228827181 ], [ -96.593019569689531, 16.529448149184319 ], [ -96.592952630259745, 16.528452369023722 ], [ -96.593539454049917, 16.528401489480821 ], [ -96.594728847878713, 16.52829835840868 ], [ -96.594729922891887, 16.528298264830791 ], [ -96.596485353988129, 16.528146033457954 ], [ -96.596512719929379, 16.528143660087146 ], [ -96.596582333687806, 16.52813762311056 ], [ -96.59661245799532, 16.528135010647144 ], [ -96.597181671526329, 16.528085648148405 ], [ -96.597211880290075, 16.528083028707009 ], [ -96.597235122706536, 16.528081013440037 ], [ -96.597260573352969, 16.528078805873207 ], [ -96.597272510034514, 16.528077770443634 ], [ -96.597869584404705, 16.52802599656059 ], [ -96.597883889820125, 16.528024755657242 ], [ -96.597891079593012, 16.52802413249081 ], [ -96.597899665472326, 16.528023387682317 ], [ -96.599051607434234, 16.527923492029647 ], [ -96.599841940449139, 16.527854950109649 ], [ -96.600213369864335, 16.527822740331192 ], [ -96.601559449904542, 16.527705980163265 ], [ -96.613658229851538, 16.526656059924818 ], [ -96.613478060440784, 16.527072340053497 ], [ -96.613127320102308, 16.527777509891862 ], [ -96.61225884961577, 16.528058600109073 ], [ -96.611453679907072, 16.528180080411659 ], [ -96.610764450127888, 16.52847631978501 ], [ -96.610652150203293, 16.529232290361197 ], [ -96.610662580008409, 16.529291620121263 ], [ -96.610779949612208, 16.529958660297378 ], [ -96.610800219781723, 16.530671339734578 ], [ -96.610762630246768, 16.53105642959558 ], [ -96.611287149566849, 16.531625650170206 ], [ -96.611123179659415, 16.532404019872903 ], [ -96.610782979745309, 16.532710510278712 ], [ -96.611215800376343, 16.533144860081894 ], [ -96.611719059980501, 16.533561980060295 ], [ -96.611334880307481, 16.534151599766659 ], [ -96.611264230396031, 16.534656939659268 ], [ -96.61169862998041, 16.53479672032471 ], [ -96.611220139737796, 16.535513260367424 ], [ -96.612324020241175, 16.536261320201909 ], [ -96.612446680420703, 16.537528719949151 ], [ -96.612877620206817, 16.538088940014834 ], [ -96.612774799691849, 16.538599219814188 ], [ -96.612851889977236, 16.539030179936454 ], [ -96.613563649679605, 16.539726199990824 ], [ -96.61363797977107, 16.540706940222417 ], [ -96.614082950060279, 16.540930689734441 ], [ -96.614066820023211, 16.541353029581174 ], [ -96.614541029913212, 16.541595260298489 ], [ -96.614955820237299, 16.54142352011516 ], [ -96.615208479733923, 16.541747230289541 ], [ -96.615552570417165, 16.541818679594247 ], [ -96.616215949811689, 16.541784080369787 ], [ -96.616782999893218, 16.541890259630119 ], [ -96.617578890299228, 16.542193579647293 ], [ -96.618255830357967, 16.542460049660036 ], [ -96.618923539072526, 16.542659712626374 ], [ -96.619231569792433, 16.542751819645773 ], [ -96.619336889672027, 16.542909820215389 ], [ -96.619381539551696, 16.543257149623205 ], [ -96.61940808040562, 16.543515361109211 ], [ -96.619423809432959, 16.543668387155744 ], [ -96.619430750212231, 16.543735909838134 ], [ -96.619631969957126, 16.544050680227411 ], [ -96.619704569033672, 16.544107670915896 ], [ -96.619817341888989, 16.544196199439551 ], [ -96.620013480008566, 16.544350170172201 ], [ -96.620324859968576, 16.544449460038752 ], [ -96.620414611223609, 16.544516223598734 ], [ -96.62064087954775, 16.544684539705059 ], [ -96.620641368177644, 16.544686051190251 ], [ -96.620674259665009, 16.544787879537498 ], [ -96.620739505088963, 16.544836189594658 ], [ -96.621113425356924, 16.545113052171306 ], [ -96.621132730488256, 16.545127345786206 ], [ -96.621171841912883, 16.545156304965424 ], [ -96.621238849548675, 16.545205919675176 ], [ -96.621356463827979, 16.545311824998432 ], [ -96.621363135339365, 16.545317832238734 ], [ -96.621794131977737, 16.545705917379397 ], [ -96.622073766068013, 16.54595770805166 ], [ -96.622132956745389, 16.546011004677805 ], [ -96.622142479931554, 16.54601958007505 ], [ -96.622146571396954, 16.546066588398073 ], [ -96.622190569732155, 16.546572110328466 ], [ -96.622148961165166, 16.54684771953373 ], [ -96.622100850289925, 16.547166400438687 ], [ -96.62213052014819, 16.547864030411748 ], [ -96.622379140014672, 16.548445430366904 ], [ -96.622525649785999, 16.548762629878439 ], [ -96.622559800069496, 16.549113939890091 ], [ -96.62234735024775, 16.549927509968171 ], [ -96.622125519694308, 16.550317659619576 ], [ -96.621249080216174, 16.550734749964573 ], [ -96.620860539999669, 16.550947339805315 ], [ -96.620815910123071, 16.551369349793024 ], [ -96.620752720068708, 16.552068880230003 ], [ -96.621121890270999, 16.552618599690728 ], [ -96.62118064976714, 16.553217659837436 ], [ -96.621081879751827, 16.553514169966874 ], [ -96.620978689583794, 16.553676230261015 ], [ -96.620869580098983, 16.554428629974524 ], [ -96.62080711968126, 16.555518399553787 ], [ -96.621683780444499, 16.556563570336401 ], [ -96.622616200441797, 16.55663826002586 ], [ -96.623182580194836, 16.555921509753805 ], [ -96.624269319550947, 16.555541819760485 ], [ -96.624795950167552, 16.554548230045437 ], [ -96.625249649995837, 16.554524350000147 ], [ -96.625890489942179, 16.553297659745919 ], [ -96.626409120172639, 16.552805139684544 ], [ -96.627292649719848, 16.552637739714427 ], [ -96.627994879579717, 16.552295799915498 ], [ -96.629331659764375, 16.551966600042846 ], [ -96.630369200314092, 16.551631450318435 ], [ -96.631256769938432, 16.551300569705198 ], [ -96.632040659855974, 16.551392859969543 ], [ -96.632970170331504, 16.551557619894648 ], [ -96.633756220007669, 16.551768819936989 ], [ -96.634405140161576, 16.551816149672874 ], [ -96.634844509918864, 16.551848199672527 ], [ -96.635701820064952, 16.552083780427857 ], [ -96.636488880306615, 16.552248980303034 ], [ -96.637390819807024, 16.552634830369126 ], [ -96.639038079794886, 16.554000660289788 ], [ -96.640084260246354, 16.553081600342267 ], [ -96.647232449614648, 16.546801520266904 ], [ -96.643346769807522, 16.563531000389808 ], [ -96.650168800135717, 16.570986479698625 ], [ -96.655990579804396, 16.573696429582327 ], [ -96.656281019830189, 16.574113480235582 ], [ -96.656493050290067, 16.574471169564088 ], [ -96.656705999976865, 16.57470244962234 ], [ -96.657084370279776, 16.575141689622694 ], [ -96.657427149555204, 16.57555772004012 ], [ -96.657864909545637, 16.576031830262853 ], [ -96.658206749981971, 16.576574280053244 ], [ -96.65853810983586, 16.576921260337304 ], [ -96.658870659571861, 16.577107339996886 ], [ -96.659392059658742, 16.577559019971947 ], [ -96.659699580151241, 16.577905830383315 ], [ -96.660304630407083, 16.578335059906976 ], [ -96.660706449565566, 16.578831920132242 ], [ -96.661154030285417, 16.579593450065637 ], [ -96.66144820004547, 16.580135569802547 ], [ -96.661589349605535, 16.58040085976447 ], [ -96.661503349705612, 16.580745110044422 ], [ -96.661059659894448, 16.581075540373014 ], [ -96.660676199536013, 16.581325890416363 ], [ -96.660458249964464, 16.581772719786262 ], [ -96.660360979629417, 16.582024949760221 ], [ -96.660239290075594, 16.582357480270744 ], [ -96.660211970287776, 16.582828540188075 ], [ -96.660280819872213, 16.583196799623135 ], [ -96.66034830992011, 16.583748939630038 ], [ -96.661703090266656, 16.585916280055052 ], [ -96.662989380008128, 16.587669370335931 ], [ -96.665351169735132, 16.590656969609217 ], [ -96.668132620016323, 16.592435430331314 ], [ -96.668295599570143, 16.592400909957139 ], [ -96.682825970177731, 16.588861540292996 ], [ -96.681655459573747, 16.58857617008551 ], [ -96.677576379898923, 16.588339519787493 ], [ -96.673489380265963, 16.58730952007064 ], [ -96.673069970271882, 16.587460569732063 ], [ -96.676507689904085, 16.583567000282635 ], [ -96.677242090164086, 16.582534119778266 ], [ -96.677367280126759, 16.581308459824349 ], [ -96.67824970989534, 16.578140279689563 ], [ -96.680052740100095, 16.573780769606806 ], [ -96.677824779846148, 16.572864169613414 ], [ -96.678509970166914, 16.560533019861733 ], [ -96.69105686007866, 16.548865290080471 ], [ -96.697365920252679, 16.542997430381476 ], [ -96.696662020059904, 16.54310020005488 ], [ -96.695775569948921, 16.542988459844484 ], [ -96.695103449634942, 16.542748369765299 ], [ -96.694171769815611, 16.542430089936257 ], [ -96.69346945960136, 16.542111690344935 ], [ -96.692849680116694, 16.541984400023701 ], [ -96.692391770080476, 16.541840370402479 ], [ -96.691985979938906, 16.541664489630804 ], [ -96.691514290228511, 16.541510779680266 ], [ -96.691078340125429, 16.54139621966522 ], [ -96.69061110995014, 16.541331000301973 ], [ -96.690061570158377, 16.541153909649044 ], [ -96.689403660316756, 16.540864380297958 ], [ -96.688853520422484, 16.54070765023312 ], [ -96.688251249924917, 16.540561509622169 ], [ -96.687934849743314, 16.540480710111638 ], [ -96.687458570232963, 16.540321340161967 ], [ -96.687101000220707, 16.540186430016103 ], [ -96.686950180191815, 16.53943109012976 ], [ -96.686847459978239, 16.538321650093959 ], [ -96.686596059933876, 16.537316420010278 ], [ -96.686198519057271, 16.536787999733416 ], [ -96.685740080116005, 16.536740220022022 ], [ -96.685080219650175, 16.536949550268382 ], [ -96.684663799621916, 16.536884710383653 ], [ -96.684292199265954, 16.536579110194953 ], [ -96.68398556935685, 16.536084629631503 ], [ -96.683654660201796, 16.535696619892249 ], [ -96.683468540236021, 16.535478339790409 ], [ -96.683219849631968, 16.535296259574821 ], [ -96.683134169902189, 16.535253449859574 ], [ -96.683940243912829, 16.534360094709822 ], [ -96.684246458490549, 16.534020720218589 ], [ -96.684300086990518, 16.533961283929987 ], [ -96.684333486509715, 16.533924267623263 ], [ -96.68548928940892, 16.532643280373311 ], [ -96.685518094914201, 16.532611354347203 ], [ -96.685545835141227, 16.532580608681073 ], [ -96.686612590332672, 16.531398286265006 ], [ -96.686645067027428, 16.531362290866142 ], [ -96.686681534050692, 16.531321872084145 ], [ -96.687190488478109, 16.530757771551222 ], [ -96.68724006454417, 16.530702823535048 ], [ -96.687277569080052, 16.530661254899453 ], [ -96.687309201996726, 16.530626194992891 ], [ -96.687476592156742, 16.530440664377256 ], [ -96.687587358819158, 16.530317895071232 ], [ -96.687698129264817, 16.530195119537005 ], [ -96.687863939993093, 16.530011340042485 ], [ -96.687878134786672, 16.529911363200458 ], [ -96.687887618011345, 16.529844571900448 ], [ -96.687897100119258, 16.529777785081716 ], [ -96.68795358021319, 16.529379980198332 ], [ -96.687935219805766, 16.528782309677563 ], [ -96.687960065047392, 16.528430191141489 ], [ -96.687964759583409, 16.528363663900063 ], [ -96.687968242560856, 16.528314305040528 ], [ -96.687976549662181, 16.52819657968362 ], [ -96.687969000164017, 16.527713939991951 ], [ -96.688039140606278, 16.527517961601951 ], [ -96.688068826394442, 16.527435016833316 ], [ -96.688120917413357, 16.527289469618335 ], [ -96.688128920028419, 16.527267109756977 ], [ -96.688541139756367, 16.526742049676159 ], [ -96.688599188661982, 16.526654686215043 ], [ -96.688627965336821, 16.526611376954079 ], [ -96.688657037882081, 16.526567623381627 ], [ -96.688966339560906, 16.526102119919003 ], [ -96.689426490318766, 16.525577419772379 ], [ -96.689851139842403, 16.525006489994745 ], [ -96.689888550223415, 16.524961562222611 ], [ -96.689924583369404, 16.524918290144711 ], [ -96.689977301049893, 16.524854981119613 ], [ -96.690335750021205, 16.524424509621468 ], [ -96.69060105962842, 16.524242890088537 ], [ -96.6906365139005, 16.524205009793398 ], [ -96.696288170344602, 16.518166349922119 ], [ -96.698090000363365, 16.51373441970718 ], [ -96.697711179900267, 16.509318339924569 ], [ -96.699276230376512, 16.508717429995961 ], [ -96.710887979720255, 16.504258540404919 ], [ -96.710535660456557, 16.502935289711871 ], [ -96.709987089626622, 16.500874980104097 ], [ -96.703217259743184, 16.495057779606071 ], [ -96.716227519952781, 16.487460420785091 ], [ -96.716402978839312, 16.487359509698376 ], [ -96.71646274024161, 16.487327180230885 ], [ -96.7175898898805, 16.486514781017746 ], [ -96.717790450458793, 16.48632877000232 ], [ -96.718056049906352, 16.486275180016083 ], [ -96.719003339343814, 16.485848620183187 ], [ -96.719960579767118, 16.485317799828323 ], [ -96.721728088896029, 16.484612969672884 ], [ -96.724314619004247, 16.48384657124911 ], [ -96.72459059962101, 16.483742340477303 ], [ -96.726531949921934, 16.482929050862225 ], [ -96.728071229646645, 16.482433400619719 ], [ -96.729039918914609, 16.482071910312534 ], [ -96.729633149231134, 16.481819740441829 ], [ -96.729823710130745, 16.481717139929177 ], [ -96.730206250121583, 16.481532580869196 ], [ -96.731933939335264, 16.480762550335982 ], [ -96.733275879004225, 16.48000066021493 ], [ -96.733415998701986, 16.479969090317258 ], [ -96.733976060025768, 16.479814450351114 ], [ -96.734150288623596, 16.479696940478842 ], [ -96.734477679864867, 16.479523340111069 ], [ -96.73639221936746, 16.478750769705588 ], [ -96.736695178969939, 16.478637680585646 ] ] ] ] } },
{ "type": "Feature", "properties": { "CVEGEO": "20325", "CVE_ENT": "20", "CVE_MUN": "325", "PAISAJE": "Sierra de Yautepec", "ID_PAISA": 2, "NOM_MUN": "San Pedro Quiatoni", "HAS_MUN": 56571.2, "RM": "R3" }, "geometry": { "type": "MultiPolygon", "coordinates": [ [ [ [ -96.088420689831281, 16.898372940451239 ], [ -96.086134339731743, 16.897362970107384 ], [ -96.085145260412162, 16.897716050685258 ], [ -96.085077969560658, 16.897791430049217 ], [ -96.084415229716029, 16.898247310140444 ], [ -96.083186570307333, 16.898171479926205 ], [ -96.082863310410985, 16.897961970172396 ], [ -96.08223608960806, 16.897672820131437 ], [ -96.081994080102163, 16.897602049784261 ], [ -96.081680110422226, 16.897326320332446 ], [ -96.081021549520372, 16.896463820530148 ], [ -96.080938979801005, 16.896268981141823 ], [ -96.080843949604485, 16.895564140105417 ], [ -96.08061610957229, 16.894696821130825 ], [ -96.079741389217773, 16.89422493625823 ], [ -96.079248030128767, 16.893958780456767 ], [ -96.078642659684817, 16.893538109936546 ], [ -96.078518749764712, 16.893484803421465 ], [ -96.077620149690489, 16.893098221197281 ], [ -96.076442030278741, 16.892904510227837 ], [ -96.076366459546961, 16.892763110136144 ], [ -96.075870220261962, 16.892168919658729 ], [ -96.075425179561663, 16.891644381116329 ], [ -96.075205289677669, 16.891566110781309 ], [ -96.074693739858191, 16.89157742008236 ], [ -96.074257379784726, 16.891527830863353 ], [ -96.072722050179621, 16.890075220056147 ], [ -96.072031829930552, 16.889567830702287 ], [ -96.071688339636225, 16.889728510776518 ], [ -96.071571949912254, 16.88999067990661 ], [ -96.069287419708814, 16.891260164389426 ], [ -96.068508766861925, 16.891692839389229 ], [ -96.068159739642695, 16.891886781262862 ], [ -96.067735259919345, 16.891969479618801 ], [ -96.067482985612912, 16.891817113476929 ], [ -96.067005260036936, 16.891528580723364 ], [ -96.066234110229004, 16.891128830447713 ], [ -96.064529480408439, 16.891487280517552 ], [ -96.063656880001005, 16.891454220807429 ], [ -96.062843710146225, 16.891007891119752 ], [ -96.062660245151619, 16.890802496750787 ], [ -96.062535750044447, 16.890663121316038 ], [ -96.062100739766549, 16.890564370525961 ], [ -96.061879310082972, 16.890212860095385 ], [ -96.061402220414791, 16.88983312035402 ], [ -96.061019520305251, 16.889745200004654 ], [ -96.060712919678906, 16.889768229992523 ], [ -96.06016740033607, 16.890025910706552 ], [ -96.05979420575467, 16.890454163064643 ], [ -96.059404830370028, 16.89090097972133 ], [ -96.057377629837944, 16.891170739938229 ], [ -96.056832309768808, 16.891287450151456 ], [ -96.056542200257311, 16.891089580143607 ], [ -96.056174109965397, 16.890290250629747 ], [ -96.055579890169369, 16.889746830232923 ], [ -96.054120020022154, 16.889300310407076 ], [ -96.053175149537253, 16.889658420484245 ], [ -96.052494220282824, 16.889839280992323 ], [ -96.05190425996372, 16.889553430702776 ], [ -96.050743539712997, 16.888972520378395 ], [ -96.049602320161512, 16.888612480972995 ], [ -96.038690857195249, 16.885705116545079 ], [ -96.037036505283439, 16.885264234621328 ], [ -96.030287073281571, 16.883465306554235 ], [ -96.029152194856735, 16.883162793144106 ], [ -96.026661711536264, 16.882498894498699 ], [ -96.025256546563227, 16.882124293544081 ], [ -96.020143950881518, 16.880761205838127 ], [ -96.017168034129526, 16.879967693744 ], [ -96.017065980188917, 16.879940480599458 ], [ -96.016895535986336, 16.879977672576221 ], [ -96.013729590278061, 16.880668466892423 ], [ -96.000000000363087, 16.883663350301422 ], [ -95.989046770192601, 16.886468140019172 ], [ -95.988280489587964, 16.887558059644157 ], [ -95.987703220277623, 16.888594290579455 ], [ -95.986901890139762, 16.888868450349118 ], [ -95.985895169517079, 16.889093351020129 ], [ -95.985387719727584, 16.889528249627141 ], [ -95.984753889905377, 16.890083351085739 ], [ -95.983291340274832, 16.890510890135246 ], [ -95.982374340433608, 16.891535679932851 ], [ -95.981795340448187, 16.891344089892328 ], [ -95.981442710163847, 16.890876920392863 ], [ -95.981254419762479, 16.890510419601572 ], [ -95.981520819551804, 16.890307549940516 ], [ -95.981400859609153, 16.89000361978534 ], [ -95.980208220088571, 16.890119539630174 ], [ -95.979737249691283, 16.889421890174567 ], [ -95.979470980177481, 16.889214579789794 ], [ -95.979339919614816, 16.888961480400294 ], [ -95.979476319671434, 16.88868499971322 ], [ -95.979312030021049, 16.888379259620176 ], [ -95.978860690095203, 16.888138850160249 ], [ -95.978384950331602, 16.888051229981578 ], [ -95.97786971999615, 16.887807120429649 ], [ -95.977738000147653, 16.887365979787056 ], [ -95.977623860203906, 16.886905950414342 ], [ -95.97735834029902, 16.886681580276608 ], [ -95.976672290188233, 16.886935820021442 ], [ -95.976136919802244, 16.88617925958626 ], [ -95.975797780040807, 16.88599227974235 ], [ -95.975666199552748, 16.885140970351181 ], [ -95.975202649553367, 16.884556849578168 ], [ -95.97499742581968, 16.884441153755613 ], [ -95.974321603347619, 16.884060154572641 ], [ -95.974170769827438, 16.883975120081949 ], [ -95.974204645916316, 16.883654059185794 ], [ -95.97429197042527, 16.882826429763906 ], [ -95.973724950352505, 16.881778060453797 ], [ -95.973022259943022, 16.881353150359715 ], [ -95.972820740162845, 16.880883569623858 ], [ -95.972017140329783, 16.880127320257255 ], [ -95.971605340374353, 16.879265970374494 ], [ -95.970599079668986, 16.879031090361945 ], [ -95.969752829934919, 16.878073939600526 ], [ -95.969031637241073, 16.877949645755255 ], [ -95.96902254963851, 16.877948079765321 ], [ -95.969018886913105, 16.877950525778971 ], [ -95.968572969617696, 16.878248320044804 ], [ -95.968355246546722, 16.878504108754917 ], [ -95.968094850099703, 16.878810030129412 ], [ -95.967209400096735, 16.878953580073315 ], [ -95.966309349947764, 16.87861804966504 ], [ -95.966222829892274, 16.877956550305854 ], [ -95.965966580017366, 16.877724000423882 ], [ -95.965415570317134, 16.877530750336661 ], [ -95.96492537024001, 16.877518709598366 ], [ -95.964645650052617, 16.876902120437286 ], [ -95.964399710308541, 16.876805229867877 ], [ -95.966902519972578, 16.875522220266586 ], [ -95.96794422000913, 16.873764980255935 ], [ -95.971610480284696, 16.866536489570102 ], [ -95.975717879643256, 16.861496309673385 ], [ -95.976490709674692, 16.859605339755927 ], [ -95.974316549657502, 16.853214279864506 ], [ -95.974206549581965, 16.851621649543198 ], [ -95.973750549925214, 16.85094324998353 ], [ -95.971992340297234, 16.84757511035523 ], [ -95.97200074999175, 16.845924599643201 ], [ -95.971605919543407, 16.844816200146308 ], [ -95.971543290154287, 16.844659909981651 ], [ -95.968962799623569, 16.842366750115534 ], [ -95.957973150039976, 16.833137309553386 ], [ -95.95688806033553, 16.83289838025204 ], [ -95.953374630371755, 16.827966460018921 ], [ -95.952081799598091, 16.827316459861425 ], [ -95.950909569575259, 16.824368510215667 ], [ -95.948237289589343, 16.821873120377688 ], [ -95.946240049874433, 16.820833090312444 ], [ -95.945113140269797, 16.819611779891488 ], [ -95.944495050085465, 16.819415140366385 ], [ -95.943859339543394, 16.818787020375087 ], [ -95.943073739781241, 16.817622819756473 ], [ -95.941895429563601, 16.816252289549858 ], [ -95.940514540106307, 16.815928519908997 ], [ -95.939151629907741, 16.814885880343716 ], [ -95.937980659895388, 16.813449829772253 ], [ -95.935923370422202, 16.811605449814135 ], [ -95.935006690128475, 16.811118890435083 ], [ -95.933673630224277, 16.81025628013241 ], [ -95.931899660247979, 16.809240660348596 ], [ -95.929371109527253, 16.807088580258483 ], [ -95.924754380056712, 16.803964830210809 ], [ -95.923664630379022, 16.803720710128168 ], [ -95.922071569585626, 16.802522199557018 ], [ -95.920635769655078, 16.802216179978483 ], [ -95.916821780127691, 16.800704749880829 ], [ -95.915418280060294, 16.799811769730361 ], [ -95.907343970325414, 16.79271238012187 ], [ -95.910076110080894, 16.779947999690542 ], [ -95.912784180223326, 16.767880049823805 ], [ -95.911420889603036, 16.758921120050424 ], [ -95.910063520432587, 16.750000049745889 ], [ -95.909648490409907, 16.747272089906946 ], [ -95.916134119080212, 16.732951120422033 ], [ -95.914058459536761, 16.72509182009048 ], [ -95.918078818622831, 16.704294180350679 ], [ -95.923842939696002, 16.694293180315665 ], [ -95.930487139918014, 16.678461739831803 ], [ -95.936185309797352, 16.671906850177749 ], [ -95.946478580234782, 16.661557119633716 ], [ -95.946478662350202, 16.661557084148804 ], [ -95.954729750099077, 16.65794064959805 ], [ -95.966547819565903, 16.655652119733791 ], [ -95.969315749858083, 16.655202350990724 ], [ -95.983250830352432, 16.650944179861924 ], [ -96.00173526045397, 16.650920919674995 ], [ -96.001735743890308, 16.650921003286012 ], [ -96.010391230362856, 16.652420149985637 ], [ -96.018404656946728, 16.64547167768594 ], [ -96.018503937117799, 16.645385585771336 ], [ -96.018540942265602, 16.645353495514566 ], [ -96.018541836602651, 16.645352719761743 ], [ -96.01857838920742, 16.645321022124612 ], [ -96.018631284906917, 16.645275152273371 ], [ -96.018711320715994, 16.64520574868887 ], [ -96.018738580654556, 16.645182108725905 ], [ -96.018766794254944, 16.645157642119472 ], [ -96.018899388754733, 16.645042660197042 ], [ -96.019012046197417, 16.644944966324733 ], [ -96.019328146173393, 16.644670850854503 ], [ -96.019336482145874, 16.644663621451315 ], [ -96.021064030293346, 16.643165495540437 ], [ -96.021130882757149, 16.643107521007632 ], [ -96.021316419837405, 16.642946620197616 ], [ -96.033601650256387, 16.632291720556562 ], [ -96.037198000405539, 16.632331420297369 ], [ -96.04475717959761, 16.631234370328116 ], [ -96.053242920358016, 16.634405649786444 ], [ -96.060744119930717, 16.637208710421017 ], [ -96.0641099803278, 16.638098600143309 ], [ -96.063715370319528, 16.638358889650828 ], [ -96.065294280262549, 16.639696090100241 ], [ -96.065577200171248, 16.640480489663698 ], [ -96.066854340375656, 16.641540080278581 ], [ -96.06940131023751, 16.640148449772209 ], [ -96.069757199541954, 16.639231970174905 ], [ -96.075109419592096, 16.638667450147729 ], [ -96.07756266035183, 16.640588599888453 ], [ -96.079250220353217, 16.64043856994104 ], [ -96.082622430091945, 16.647451480351766 ], [ -96.083951290013133, 16.647213340225772 ], [ -96.084798520177145, 16.649825909627108 ], [ -96.087081680375988, 16.651992230338319 ], [ -96.091926939831751, 16.659140089694656 ], [ -96.093682219757895, 16.6617293097298 ], [ -96.095800580323228, 16.664662399825239 ], [ -96.099580149766226, 16.670025310281211 ], [ -96.104500919881616, 16.680755769979505 ], [ -96.109969890392136, 16.692680380123608 ], [ -96.14197168983965, 16.731081290374153 ], [ -96.140455380073163, 16.737206380353236 ], [ -96.14379196992239, 16.768093319938082 ], [ -96.145338379780782, 16.789696509853524 ], [ -96.146145230168955, 16.798462140095825 ], [ -96.148028970301993, 16.804324340163031 ], [ -96.150170450455917, 16.810988029804111 ], [ -96.150920479963347, 16.825230169913073 ], [ -96.154855460180258, 16.838071569660443 ], [ -96.158446110356664, 16.849293370039877 ], [ -96.168016081748547, 16.857350108297364 ], [ -96.168029459534736, 16.857361370313395 ], [ -96.160487950260105, 16.85853789011184 ], [ -96.15857964991045, 16.859180549558264 ], [ -96.157029400337777, 16.859264080307661 ], [ -96.156148220335339, 16.859591679716459 ], [ -96.154889170089945, 16.859597940402555 ], [ -96.151450630248689, 16.860500720181758 ], [ -96.149082579667734, 16.860943600256419 ], [ -96.148078600200378, 16.861267290345619 ], [ -96.147434801591501, 16.861463402662327 ], [ -96.147226950222731, 16.861526717974069 ], [ -96.147164811933735, 16.861545646169787 ], [ -96.147118788385995, 16.861559665489303 ], [ -96.147096441360432, 16.861566472753889 ], [ -96.146780309875325, 16.861662769993305 ], [ -96.146604631840788, 16.86172394964056 ], [ -96.146572880599933, 16.861735007260666 ], [ -96.14654175870271, 16.861745845738852 ], [ -96.146522217416702, 16.861752651243378 ], [ -96.145956823071728, 16.861949548013133 ], [ -96.145735780437761, 16.862026524826252 ], [ -96.145712969480897, 16.862034468930752 ], [ -96.141483659631149, 16.863507220384754 ], [ -96.139939739650657, 16.863931419925549 ], [ -96.139488630297578, 16.864358348250565 ], [ -96.139460530485053, 16.864384941811622 ], [ -96.139292250048669, 16.864544200397489 ], [ -96.137149650150391, 16.864506579914185 ], [ -96.136328779926274, 16.86478702006875 ], [ -96.134287489788576, 16.866222150006436 ], [ -96.130605570443109, 16.867937980210076 ], [ -96.130156339841307, 16.868052910024709 ], [ -96.123888689948956, 16.87266614988777 ], [ -96.122067309651612, 16.874775429756376 ], [ -96.121468920099787, 16.875255319714014 ], [ -96.120400509560596, 16.875915309635236 ], [ -96.118601320135241, 16.877228219825657 ], [ -96.117640939746323, 16.87841953991957 ], [ -96.115987909827012, 16.879594250250992 ], [ -96.114881050426035, 16.881110429880845 ], [ -96.113622800387702, 16.881506449648217 ], [ -96.112600079847184, 16.882926350442382 ], [ -96.110647879775101, 16.883599030112304 ], [ -96.109337950011408, 16.88405038005433 ], [ -96.10622106044238, 16.885623660033069 ], [ -96.105253939692503, 16.886058120331988 ], [ -96.102920740316875, 16.887886829675022 ], [ -96.101226260097661, 16.889791449613885 ], [ -96.1000769498214, 16.890654180411836 ], [ -96.099471510311133, 16.891421179642879 ], [ -96.098060140238928, 16.892201230381964 ], [ -96.097508919780438, 16.892293320099412 ], [ -96.096739290339741, 16.892620949736539 ], [ -96.09516359990738, 16.893775419694833 ], [ -96.089965910052513, 16.898287619879593 ], [ -96.088971219678214, 16.89843124993633 ], [ -96.088420689831281, 16.898372940451239 ] ] ] ] } },
{ "type": "Feature", "properties": { "CVEGEO": "20349", "CVE_ENT": "20", "CVE_MUN": "349", "PAISAJE": "Valles Centrales", "ID_PAISA": 1, "NOM_MUN": "San Sebastián Teitipac", "HAS_MUN": 3054.7, "RM": "R1" }, "geometry": { "type": "MultiPolygon", "coordinates": [ [ [ [ -96.64484659996431, 16.977551880187082 ], [ -96.629126369873944, 16.975361180438828 ], [ -96.628122620247723, 16.975431490164596 ], [ -96.622699379582698, 16.974322230349831 ], [ -96.617187149877608, 16.973110480148474 ], [ -96.616884220205819, 16.973049580455136 ], [ -96.616254430253178, 16.972905420249923 ], [ -96.614676720424384, 16.972592580217079 ], [ -96.610649319664574, 16.971793979717969 ], [ -96.606944509562979, 16.968518510116848 ], [ -96.596905520119194, 16.966366430063587 ], [ -96.597799879873179, 16.962851520380966 ], [ -96.598246089696502, 16.961093539834184 ], [ -96.59870205024707, 16.959334541023889 ], [ -96.599154979891466, 16.957569859999335 ], [ -96.599703229867856, 16.955448370693997 ], [ -96.600050148967213, 16.954043170840066 ], [ -96.600503550192983, 16.952282020838947 ], [ -96.601404370364392, 16.948755251220074 ], [ -96.601853089462551, 16.946995120267573 ], [ -96.602757570227737, 16.943474951013741 ], [ -96.60300597968633, 16.942492969913427 ], [ -96.604664999921994, 16.942172520405965 ], [ -96.605508480060521, 16.942005920402067 ], [ -96.60653205994403, 16.941875030358315 ], [ -96.607205199898189, 16.941937219741604 ], [ -96.607756060046739, 16.942251689597072 ], [ -96.608656539713678, 16.942476509674766 ], [ -96.60947371014268, 16.94258579971196 ], [ -96.610196290201699, 16.942487309885685 ], [ -96.611017119915005, 16.942136429848869 ], [ -96.611427420258906, 16.941966799961911 ], [ -96.611862369988714, 16.941739749881602 ], [ -96.613929480233566, 16.941330539877743 ], [ -96.613994999555089, 16.941317569640987 ], [ -96.614968720383843, 16.941404830185125 ], [ -96.616114520195865, 16.941033230445456 ], [ -96.616844279661279, 16.941128110249025 ], [ -96.616955740161046, 16.941142599788087 ], [ -96.617484750286835, 16.941180849654348 ], [ -96.618362629722014, 16.9412098796824 ], [ -96.619124549566322, 16.94095018005401 ], [ -96.619001910437447, 16.940769949979433 ], [ -96.618880109796464, 16.940678799615807 ], [ -96.619081089704551, 16.940512910230602 ], [ -96.619208980408416, 16.940487650075756 ], [ -96.619476580406058, 16.940600089874028 ], [ -96.619555120133242, 16.940761310122284 ], [ -96.619582280242724, 16.940930599563494 ], [ -96.620008380307155, 16.941071920000692 ], [ -96.620152969659372, 16.941015320211388 ], [ -96.620247150331778, 16.940870490304668 ], [ -96.620279650281589, 16.940789599871568 ], [ -96.620323719588868, 16.940158619682755 ], [ -96.620460830409172, 16.939454230001829 ], [ -96.620538079953789, 16.939106649582708 ], [ -96.620608029760277, 16.939076229802907 ], [ -96.620708749929946, 16.939004739905542 ], [ -96.620794910315738, 16.938598060059661 ], [ -96.620885379523656, 16.938444140403728 ], [ -96.620965449863448, 16.938475859617117 ], [ -96.621127740106601, 16.938488180286324 ], [ -96.621210520256383, 16.938505950310144 ], [ -96.621284910162871, 16.938542509930301 ], [ -96.62156213996137, 16.938790139782665 ], [ -96.621692880227044, 16.938846480029166 ], [ -96.621809090416548, 16.938845109616942 ], [ -96.621879920015957, 16.938818230288312 ], [ -96.621993110326628, 16.938774649642692 ], [ -96.62210066024582, 16.938736659797232 ], [ -96.622220339967285, 16.938675089620251 ], [ -96.622318950281368, 16.938568420144797 ], [ -96.622397820283553, 16.938476480353511 ], [ -96.622479510291541, 16.938265779684659 ], [ -96.622452550146036, 16.938033179914527 ], [ -96.622310720400577, 16.937050110070228 ], [ -96.622244549978873, 16.936920680107463 ], [ -96.622234320395535, 16.936454780341698 ], [ -96.622242889673913, 16.936371219565558 ], [ -96.622365420183996, 16.936025350419296 ], [ -96.622423050472662, 16.935988249883653 ], [ -96.622624379562154, 16.935961180264808 ], [ -96.622757020205555, 16.935888629914356 ], [ -96.622842919730246, 16.935836120204915 ], [ -96.622903350176983, 16.935465060296252 ], [ -96.622876289894293, 16.935411709580546 ], [ -96.62277214045119, 16.935227350217801 ], [ -96.62268228962354, 16.934998649567788 ], [ -96.622608260015568, 16.934853459768348 ], [ -96.622548710150355, 16.934756679876386 ], [ -96.622364740376383, 16.934489980024519 ], [ -96.622324780365176, 16.93435568993208 ], [ -96.622142859882771, 16.934145940387353 ], [ -96.6221389996102, 16.933834629684188 ], [ -96.622259260311367, 16.933686049936295 ], [ -96.62247338018075, 16.933655450154351 ], [ -96.622579849799507, 16.933585020179976 ], [ -96.622739570423732, 16.933530570448514 ], [ -96.622807660041715, 16.933465780242006 ], [ -96.622816280248045, 16.932972780430259 ], [ -96.622744819682168, 16.932967169827247 ], [ -96.622766740207609, 16.932688799919699 ], [ -96.622750379941053, 16.932575620125263 ], [ -96.623154340027114, 16.932268179994615 ], [ -96.623196799532806, 16.932282579996837 ], [ -96.623355430104951, 16.932246450312764 ], [ -96.623483219552057, 16.932230769931845 ], [ -96.623587229733786, 16.932266649567232 ], [ -96.623695579941753, 16.932294080350104 ], [ -96.623785740422278, 16.932344910312867 ], [ -96.623892949920844, 16.93232751022466 ], [ -96.624001630154666, 16.932274889556115 ], [ -96.624106579632084, 16.932207419883163 ], [ -96.624219000420752, 16.932224910401661 ], [ -96.624275520458482, 16.932247880207594 ], [ -96.624297649963424, 16.932236249993725 ], [ -96.624338940210109, 16.932122049602555 ], [ -96.624416739940187, 16.932052250274701 ], [ -96.624844979556983, 16.931872489629448 ], [ -96.624984349613143, 16.931915920378451 ], [ -96.624991749654711, 16.932029199975698 ], [ -96.625115149648792, 16.932023229818675 ], [ -96.625176940143163, 16.931922460052441 ], [ -96.625226120064156, 16.931925599773002 ], [ -96.62546426020225, 16.93161536985944 ], [ -96.625463140348003, 16.931481279907487 ], [ -96.625493849722403, 16.931104400328312 ], [ -96.625592620029309, 16.930881819960966 ], [ -96.625293519716863, 16.930325619957415 ], [ -96.625288820049221, 16.93015454967847 ], [ -96.624773279717672, 16.929930279571181 ], [ -96.62479161969776, 16.929702419834509 ], [ -96.625083569694496, 16.929300199945725 ], [ -96.6251191096311, 16.929115250246515 ], [ -96.625202909916169, 16.928852679760066 ], [ -96.62523653957598, 16.928724860421994 ], [ -96.624997510373305, 16.928600120051676 ], [ -96.624926980216941, 16.928613850396633 ], [ -96.624865310173647, 16.928601109695833 ], [ -96.624746619701654, 16.928523310107185 ], [ -96.624631140300835, 16.928140289997533 ], [ -96.624709889590221, 16.927512219937825 ], [ -96.624843459800033, 16.927363150442027 ], [ -96.625072979866744, 16.927181800018062 ], [ -96.625204489861915, 16.927119379842757 ], [ -96.625263049808382, 16.92705342986989 ], [ -96.625199080090468, 16.926617539903567 ], [ -96.62495666001638, 16.926244950335221 ], [ -96.624881260160009, 16.926066850312509 ], [ -96.624931540066513, 16.925628629847655 ], [ -96.625313999872148, 16.925576259706236 ], [ -96.625466339937546, 16.925524200163029 ], [ -96.625624860420913, 16.925491620071043 ], [ -96.625712119875132, 16.925436379751169 ], [ -96.625785709977279, 16.925170660368781 ], [ -96.625739200018558, 16.925016749667805 ], [ -96.625731920347803, 16.924923480377633 ], [ -96.625715849724628, 16.924837689870895 ], [ -96.625660170211688, 16.924681829691579 ], [ -96.625593849577683, 16.924507400249844 ], [ -96.625547050180955, 16.924323829834698 ], [ -96.62552056963905, 16.924219679888527 ], [ -96.625506879690974, 16.924162249998432 ], [ -96.625631249837539, 16.923861999771489 ], [ -96.625952570033618, 16.923717169570477 ], [ -96.626196379694449, 16.923690019767392 ], [ -96.626338679817167, 16.923811979716788 ], [ -96.626378200037593, 16.923851919633609 ], [ -96.626510709608723, 16.923922820127263 ], [ -96.626683180199421, 16.92399437019662 ], [ -96.626901979901206, 16.923887219671979 ], [ -96.627093060256257, 16.92348114019476 ], [ -96.627027029581782, 16.923429320075133 ], [ -96.627112510259636, 16.922449519834746 ], [ -96.627310769743758, 16.922135199699493 ], [ -96.627456800372812, 16.922019419612639 ], [ -96.627748200407737, 16.92177325045877 ], [ -96.627883289842501, 16.921753480262964 ], [ -96.628022880106016, 16.921653719605001 ], [ -96.628064200022393, 16.92156879970717 ], [ -96.628214259873346, 16.921488179805046 ], [ -96.62825675030399, 16.921221690061383 ], [ -96.628640339699743, 16.920874850238768 ], [ -96.628691089964533, 16.920830579766239 ], [ -96.628699110450682, 16.920398939826818 ], [ -96.62879555038478, 16.920114090451442 ], [ -96.628995650392241, 16.92000972018408 ], [ -96.629214710291052, 16.919946349935262 ], [ -96.629619309764877, 16.919870140436522 ], [ -96.629715220271933, 16.919788179928251 ], [ -96.629926079949598, 16.919738949573876 ], [ -96.630110459768005, 16.919787089795914 ], [ -96.630200180459966, 16.919826569608443 ], [ -96.630473030374347, 16.91975322961985 ], [ -96.63053551996876, 16.919105080096095 ], [ -96.630809579713144, 16.919208290207493 ], [ -96.630861940270975, 16.919227889778803 ], [ -96.630905430008752, 16.919244280021612 ], [ -96.630924540185276, 16.919251579872064 ], [ -96.63098167959464, 16.919273110316723 ], [ -96.630997060448436, 16.919278829606768 ], [ -96.631014319546878, 16.919285279594256 ], [ -96.631123769793803, 16.919326460080796 ], [ -96.631150449589384, 16.919336650411818 ], [ -96.631234049833878, 16.919368019959411 ], [ -96.631543379584215, 16.91947956997414 ], [ -96.631656149607181, 16.919520179668567 ], [ -96.631768520301037, 16.919560660171044 ], [ -96.631957710310729, 16.919628820319272 ], [ -96.632130309734322, 16.919690979897631 ], [ -96.632325779655872, 16.919761400055464 ], [ -96.632420450043753, 16.919795490203025 ], [ -96.63272708036844, 16.91990594962191 ], [ -96.632868119669752, 16.9199567497385 ], [ -96.632964050015616, 16.919991310382144 ], [ -96.632978139834734, 16.919996379571899 ], [ -96.633324940103023, 16.920121310296341 ], [ -96.633851029849495, 16.920310800367329 ], [ -96.633913510052338, 16.920333250163615 ], [ -96.634057430293097, 16.920385030026253 ], [ -96.634195229757481, 16.920434569549887 ], [ -96.634252050395105, 16.920455080145103 ], [ -96.63432882002175, 16.920482780356302 ], [ -96.634555780215891, 16.920564480203318 ], [ -96.634605349900667, 16.920582230134695 ], [ -96.634629779749972, 16.920590980301665 ], [ -96.635013550034856, 16.920729120412769 ], [ -96.635078689686949, 16.920752660009008 ], [ -96.635117880186044, 16.920766800423362 ], [ -96.635319380106083, 16.920839339769504 ], [ -96.635517619762396, 16.920910690150894 ], [ -96.635531690407191, 16.920915750281171 ], [ -96.635900289750779, 16.921048429771638 ], [ -96.636162449560956, 16.921142779608086 ], [ -96.636336019545666, 16.921205120153878 ], [ -96.636413979867925, 16.921233180127853 ], [ -96.636534080117727, 16.921276420291022 ], [ -96.637298320231338, 16.921551489762866 ], [ -96.639568509839961, 16.922368599926944 ], [ -96.641164650170666, 16.922697889747184 ], [ -96.648004680154912, 16.925405179744182 ], [ -96.658473370181582, 16.926255349954605 ], [ -96.658767509046996, 16.929718981033837 ], [ -96.660241199076324, 16.947070490221328 ], [ -96.658650888706475, 16.956748579996553 ], [ -96.659296678984902, 16.960682170295858 ], [ -96.659153719528945, 16.963614150262245 ], [ -96.659217850417591, 16.966980321324026 ], [ -96.659873769135856, 16.96991005985376 ], [ -96.654895658786344, 16.977299519711028 ], [ -96.650910740334126, 16.977814220356571 ], [ -96.64484659996431, 16.977551880187082 ] ] ] ] } },
{ "type": "Feature", "properties": { "CVEGEO": "20298", "CVE_ENT": "20", "CVE_MUN": "298", "PAISAJE": "Valles Centrales", "ID_PAISA": 1, "NOM_MUN": "San Pablo Villa de Mitla", "HAS_MUN": 28100.3, "RM": "R1" }, "geometry": { "type": "MultiPolygon", "coordinates": [ [ [ [ -96.242006480097857, 17.077084059564875 ], [ -96.24071609026312, 17.074104749807031 ], [ -96.23678357962099, 17.067201219580603 ], [ -96.234592890297407, 17.065734050006778 ], [ -96.233631710098933, 17.064385380337672 ], [ -96.232694120081106, 17.056466369961353 ], [ -96.231769550062992, 17.049643150037404 ], [ -96.230834400038688, 17.044511619949397 ], [ -96.229975429603229, 17.041535629667258 ], [ -96.228892110287191, 17.038986149677577 ], [ -96.22801523027178, 17.037319940041304 ], [ -96.225931140162885, 17.035129220028061 ], [ -96.217946520250578, 17.023726819826482 ], [ -96.212736710456525, 17.015814519733421 ], [ -96.21265744983566, 17.015697030245445 ], [ -96.212641059917246, 17.015669260257411 ], [ -96.210938480305686, 17.013083340154274 ], [ -96.2106489202516, 17.011763180008654 ], [ -96.2077480499605, 17.012184430187233 ], [ -96.206800000183733, 17.010892860024494 ], [ -96.20571156987306, 17.008625179721623 ], [ -96.205327340424347, 17.008229319660977 ], [ -96.204449630213972, 17.007785119985609 ], [ -96.203841349638893, 17.006988909832895 ], [ -96.202923829562124, 17.002073309813415 ], [ -96.202367709951929, 17.001210850183497 ], [ -96.201197000069271, 16.997734919948474 ], [ -96.200873119887788, 16.994515350182162 ], [ -96.198906369786997, 16.992558880015281 ], [ -96.197614620171663, 16.992590280237195 ], [ -96.195980339999892, 16.991890709623519 ], [ -96.193514950027961, 16.988007290112613 ], [ -96.193378059602026, 16.98523265015978 ], [ -96.192017830111737, 16.981982889947279 ], [ -96.189743080248277, 16.979961309720295 ], [ -96.188634849839033, 16.977573509796912 ], [ -96.188310549650268, 16.976221650411564 ], [ -96.186098860159746, 16.970915830168519 ], [ -96.183095140091538, 16.968466710433002 ], [ -96.181545549912656, 16.969358450203778 ], [ -96.179453309521222, 16.968885350224706 ], [ -96.175531979694455, 16.967357659845501 ], [ -96.173436940249189, 16.96483757983686 ], [ -96.172047060066689, 16.964064079615216 ], [ -96.170598200363088, 16.963409060307249 ], [ -96.170463650104509, 16.963059020383501 ], [ -96.170981349867304, 16.960382720429291 ], [ -96.171399279543422, 16.9596811499887 ], [ -96.171232630430538, 16.959304680256938 ], [ -96.170573029892665, 16.958299180860493 ], [ -96.16998790982953, 16.957911910581679 ], [ -96.168553970444108, 16.957813280212974 ], [ -96.1678278296381, 16.95676096961623 ], [ -96.167759049956985, 16.955955120798965 ], [ -96.167003050156524, 16.954836680385355 ], [ -96.164958770035327, 16.952174779755744 ], [ -96.163011170158413, 16.950303851137662 ], [ -96.162128319642349, 16.945670970407825 ], [ -96.161207509615906, 16.944124089940075 ], [ -96.15929935011529, 16.941911370266762 ], [ -96.157139489532327, 16.940343400685592 ], [ -96.156506060380153, 16.937231259914494 ], [ -96.156709599826257, 16.936276569547736 ], [ -96.159396710049592, 16.93416389004927 ], [ -96.163463170182609, 16.928436950190484 ], [ -96.165263200437806, 16.925882509609263 ], [ -96.165945090214692, 16.924405690209003 ], [ -96.166034400098127, 16.924387230071314 ], [ -96.170349629643027, 16.923806850255865 ], [ -96.179501399897504, 16.922164859628953 ], [ -96.181371169973644, 16.921454629730089 ], [ -96.181505770140646, 16.921369890085561 ], [ -96.184549707152186, 16.923365156455169 ], [ -96.184568309752734, 16.923377350235448 ], [ -96.184737579651795, 16.922993090118577 ], [ -96.185145249927473, 16.921645119955411 ], [ -96.185215739966068, 16.921620980428383 ], [ -96.186380822006555, 16.921936607529688 ], [ -96.186381420463945, 16.921936770011577 ], [ -96.18657109066838, 16.922039073734066 ], [ -96.186590179546499, 16.922049370188876 ], [ -96.189142550174509, 16.922218850065558 ], [ -96.189397510413627, 16.922176920017911 ], [ -96.190106249687673, 16.922272449716811 ], [ -96.191086319553335, 16.922308229690383 ], [ -96.191445350312009, 16.922430260417343 ], [ -96.192533020107078, 16.92261553964909 ], [ -96.193922750240873, 16.922700909916411 ], [ -96.196129539694923, 16.922864749741507 ], [ -96.19665261998405, 16.922981770277097 ], [ -96.197272420299498, 16.923161459700136 ], [ -96.198162580390488, 16.923469620389049 ], [ -96.200001259829477, 16.924048349915125 ], [ -96.201871449530699, 16.924765570125448 ], [ -96.203214811740764, 16.925252831893609 ], [ -96.203225999593599, 16.925256889886093 ], [ -96.204274350162152, 16.926052909735294 ], [ -96.205271340315178, 16.926924250446831 ], [ -96.205654970431723, 16.928832880076008 ], [ -96.205616219527613, 16.928900110350771 ], [ -96.205035399924554, 16.931158140001866 ], [ -96.204424832913915, 16.938234811824081 ], [ -96.204424779712497, 16.938235430377734 ], [ -96.20992750366409, 16.940974032637516 ], [ -96.209946909879321, 16.940983690000312 ], [ -96.2099877998414, 16.941992259932253 ], [ -96.20775626652572, 16.943694850627363 ], [ -96.207752480012545, 16.94369773965651 ], [ -96.211534340092356, 16.944907340385036 ], [ -96.213557567642184, 16.944877066527727 ], [ -96.213573379897213, 16.944876829897289 ], [ -96.214097474704857, 16.946403742438871 ], [ -96.214098720165083, 16.946407370072677 ], [ -96.214919373459608, 16.946709112863395 ], [ -96.214934459990019, 16.946714660329746 ], [ -96.215282000267962, 16.947095819804719 ], [ -96.216119991210135, 16.950104433058485 ], [ -96.216121349582778, 16.950109309967011 ], [ -96.21687658003448, 16.950336540149188 ], [ -96.217580939749695, 16.950536059878566 ], [ -96.217696620044208, 16.950537709987845 ], [ -96.220361320379141, 16.951358600377539 ], [ -96.220764219969695, 16.951502880222904 ], [ -96.221254720354736, 16.951603020100887 ], [ -96.221675780283448, 16.95169470957217 ], [ -96.221971279981943, 16.951839819569066 ], [ -96.2231736198557, 16.952204230002252 ], [ -96.223523820012204, 16.952363220029529 ], [ -96.22417130960288, 16.952669770244679 ], [ -96.224592146928984, 16.95288866626403 ], [ -96.224608880171516, 16.952897369879359 ], [ -96.225213287696832, 16.953257594736598 ], [ -96.225223950468489, 16.95326394985177 ], [ -96.225329399993726, 16.953311540031269 ], [ -96.225705970379494, 16.953359630315497 ], [ -96.22587602579695, 16.953434005646532 ], [ -96.225884449984022, 16.953437690194015 ], [ -96.226659149685446, 16.95390410972513 ], [ -96.226864110449796, 16.954045170273282 ], [ -96.22753731452876, 16.954578655246099 ], [ -96.227550079545921, 16.954588770343882 ], [ -96.228071179628273, 16.954604280095825 ], [ -96.229432970985869, 16.954484099464135 ], [ -96.229433420381326, 16.95448405996153 ], [ -96.230695322160415, 16.95517214163052 ], [ -96.230713859623862, 16.955182249692868 ], [ -96.230921032384344, 16.95522967845482 ], [ -96.230937679881322, 16.955233489726321 ], [ -96.231643316146744, 16.956878649196764 ], [ -96.231645829858266, 16.956884510290926 ], [ -96.232566819907532, 16.957126799883621 ], [ -96.233736110337816, 16.957437659762064 ], [ -96.234856520052702, 16.95759903044215 ], [ -96.235835308801114, 16.958081325765576 ], [ -96.23585348032374, 16.958090279853266 ], [ -96.236277290333064, 16.958545380008076 ], [ -96.236388599911436, 16.958967179987475 ], [ -96.236598519634924, 16.959447480356513 ], [ -96.236575935387961, 16.95975189058543 ], [ -96.236575889782017, 16.959752510367306 ], [ -96.236887521203741, 16.95990754453663 ], [ -96.236906969562611, 16.959917220057779 ], [ -96.236888880343358, 16.960993859737737 ], [ -96.237301079761977, 16.961599290355704 ], [ -96.237813848287345, 16.96336067845284 ], [ -96.237814550177276, 16.963363089723348 ], [ -96.239140379687683, 16.963922229945279 ], [ -96.239580862259601, 16.964051015302015 ], [ -96.239589289570731, 16.964053479615579 ], [ -96.240293799938129, 16.964555660414376 ], [ -96.240550225833175, 16.965537569880411 ], [ -96.240552910432939, 16.965547849807226 ], [ -96.241325759046816, 16.965549343244572 ], [ -96.241339549868002, 16.965549369617307 ], [ -96.241776890160537, 16.966345880416114 ], [ -96.241735350447172, 16.966744509883959 ], [ -96.242199109704046, 16.967129880325139 ], [ -96.242306600129865, 16.967276049820132 ], [ -96.242519380397169, 16.967768230146607 ], [ -96.242423970451298, 16.968641050024228 ], [ -96.242952788590713, 16.96906038219154 ], [ -96.242969570249386, 16.969073689610614 ], [ -96.243832229853751, 16.968101689685142 ], [ -96.244311770359829, 16.96717398014972 ], [ -96.245010170115719, 16.966149260324123 ], [ -96.245505289606797, 16.965504549563594 ], [ -96.245989999649566, 16.964915200302148 ], [ -96.246872350239329, 16.963904369657158 ], [ -96.247170380180606, 16.963435569687071 ], [ -96.249669489719878, 16.960442830093371 ], [ -96.250412620281651, 16.959886619900274 ], [ -96.254673480375871, 16.957132849908625 ], [ -96.259590679582502, 16.955228510099136 ], [ -96.264352489977071, 16.953484400358267 ], [ -96.264566630188682, 16.953495290186591 ], [ -96.265520829940073, 16.953046690145573 ], [ -96.266280340215673, 16.952934969765423 ], [ -96.268438979694551, 16.951898460313441 ], [ -96.270564659850606, 16.950936140168373 ], [ -96.272489679767958, 16.950130970058474 ], [ -96.273940659704181, 16.949285419607225 ], [ -96.274603200003199, 16.949143310410236 ], [ -96.277252660308605, 16.947996909690154 ], [ -96.278994540286078, 16.946943459705917 ], [ -96.279748710401421, 16.946591420176496 ], [ -96.282738310217383, 16.944619290116176 ], [ -96.28283414789729, 16.944579385004833 ], [ -96.282846119615073, 16.944574399942823 ], [ -96.282888909744685, 16.944662030204736 ], [ -96.282918749868145, 16.94473685036013 ], [ -96.28350734017377, 16.946638659872711 ], [ -96.28377919954147, 16.947575200331269 ], [ -96.284338862748896, 16.949119287528475 ], [ -96.284342060229775, 16.949128109797805 ], [ -96.285063219849235, 16.949193999769125 ], [ -96.287388260183974, 16.95012513990871 ], [ -96.289596889598599, 16.950301289685388 ], [ -96.290940950102737, 16.94631626000989 ], [ -96.291181950261816, 16.945574379719837 ], [ -96.29119120038429, 16.945519660140409 ], [ -96.292138320119477, 16.942603340288311 ], [ -96.293003120385322, 16.940125259693307 ], [ -96.293424849896368, 16.938887650357188 ], [ -96.293635110365415, 16.938143659981108 ], [ -96.293641889928608, 16.937859719989159 ], [ -96.293656520074762, 16.937794450039146 ], [ -96.293666509628551, 16.93774990963708 ], [ -96.294362180122235, 16.936026320442025 ], [ -96.294717680237071, 16.934546750015055 ], [ -96.295171999725412, 16.933589109556753 ], [ -96.295440319980273, 16.932843919653877 ], [ -96.29547862984677, 16.932634509863433 ], [ -96.296379399774708, 16.930198140148168 ], [ -96.296534319871128, 16.929474799971775 ], [ -96.296788309550593, 16.928352689835968 ], [ -96.297485600014994, 16.926668940316702 ], [ -96.298996940207502, 16.922154219589959 ], [ -96.299001970221298, 16.92204187959527 ], [ -96.299410109552554, 16.921072619837354 ], [ -96.299841740183666, 16.919546739792953 ], [ -96.300502919644401, 16.917346319947981 ], [ -96.301660249553265, 16.913655319594756 ], [ -96.3019053703281, 16.913219689828669 ], [ -96.302582370295852, 16.911266140293666 ], [ -96.302987279800192, 16.909797689823396 ], [ -96.30332082970763, 16.908919379800352 ], [ -96.303848169710847, 16.907387049771735 ], [ -96.303988539638695, 16.907052060320396 ], [ -96.304038030304852, 16.907006259904968 ], [ -96.308831280098588, 16.892718860439309 ], [ -96.309283019566251, 16.891494200359396 ], [ -96.314700230220566, 16.875277749955998 ], [ -96.313213659987554, 16.872768799870858 ], [ -96.313200470286944, 16.872769032185527 ], [ -96.310873820233482, 16.872810000170936 ], [ -96.320329580363463, 16.862892949755292 ], [ -96.324969340367616, 16.858322540403144 ], [ -96.327380030065072, 16.863410170398232 ], [ -96.329576339834091, 16.867709339739168 ], [ -96.333242060055156, 16.874779219756515 ], [ -96.335469880443384, 16.875803430274964 ], [ -96.345258170202271, 16.882065850420634 ], [ -96.348684170334707, 16.884034090034113 ], [ -96.353741980369463, 16.886294739854371 ], [ -96.359079970373458, 16.88780876978425 ], [ -96.375318059566027, 16.893009890323661 ], [ -96.380128950235516, 16.895362979845746 ], [ -96.39070278020084, 16.899405770051459 ], [ -96.393552623105393, 16.900761451590306 ], [ -96.393801059612926, 16.900879630164184 ], [ -96.394902727666718, 16.901645395360287 ], [ -96.399827949966607, 16.905068710219641 ], [ -96.407787459605501, 16.910998229895085 ], [ -96.409903915589183, 16.913166381858094 ], [ -96.410285654100733, 16.913557435192672 ], [ -96.410483147031243, 16.913759747761151 ], [ -96.410641998485232, 16.913922473692558 ], [ -96.410916613094557, 16.91420378459355 ], [ -96.410937773980578, 16.914225462010997 ], [ -96.41095834658995, 16.914246535626848 ], [ -96.411176187159342, 16.91446968771951 ], [ -96.41144869926832, 16.91474884226864 ], [ -96.411733999028911, 16.915041096207684 ], [ -96.411787270904355, 16.915095666061386 ], [ -96.412018435998618, 16.915332463726561 ], [ -96.41204284526988, 16.915357467799357 ], [ -96.412057698796289, 16.91537268291215 ], [ -96.412310400060079, 16.915631540134463 ], [ -96.412567119566944, 16.915917529158705 ], [ -96.412586250186479, 16.915938840255212 ], [ -96.412599173002434, 16.915953236761968 ], [ -96.412604137283694, 16.915958766010124 ], [ -96.413122368110294, 16.916536076951886 ], [ -96.413143809971785, 16.916559963283866 ], [ -96.41316367433096, 16.916582091332607 ], [ -96.413630358615052, 16.917101973159074 ], [ -96.413630980821395, 16.91710266674573 ], [ -96.41363912450386, 16.917111738730004 ], [ -96.413650386496684, 16.91712428433982 ], [ -96.413670675678802, 16.917146886245902 ], [ -96.413769705500457, 16.91725720452208 ], [ -96.414061933983362, 16.917582741211866 ], [ -96.414282817390173, 16.917828799488639 ], [ -96.414425633448573, 16.917987891136242 ], [ -96.414668539682381, 16.918258480245392 ], [ -96.415216777830736, 16.918542177067462 ], [ -96.415216879860964, 16.918542229672003 ], [ -96.415222376586016, 16.918623802111146 ], [ -96.415231831952497, 16.918764135280036 ], [ -96.415240148138935, 16.918887566614565 ], [ -96.415244271910368, 16.918948762511992 ], [ -96.415252347401932, 16.91906861231762 ], [ -96.415253199926568, 16.919081259748769 ], [ -96.415533965764212, 16.919192230428443 ], [ -96.415592460322259, 16.919215349843913 ], [ -96.415679889952401, 16.919724979701627 ], [ -96.415590599905954, 16.920334480201589 ], [ -96.41554689024602, 16.920636620012832 ], [ -96.415829996127215, 16.920771240680249 ], [ -96.41698651012922, 16.92132117003576 ], [ -96.416890520439097, 16.921729119987873 ], [ -96.416389920008854, 16.923879199738089 ], [ -96.416225819697985, 16.923812620128555 ], [ -96.415896799928845, 16.923676849817369 ], [ -96.41578305622059, 16.923626609975347 ], [ -96.415637889675907, 16.923562490325438 ], [ -96.414725849925674, 16.923181139715624 ], [ -96.41459957876917, 16.923128664976115 ], [ -96.414584004278154, 16.923122192180788 ], [ -96.413843369664988, 16.922814399556444 ], [ -96.413813332295874, 16.922906725982376 ], [ -96.413805568364594, 16.92293059091617 ], [ -96.413450909946562, 16.924020719641874 ], [ -96.413442220359343, 16.924064964618601 ], [ -96.413441397538179, 16.924069155806858 ], [ -96.413436796971965, 16.924092577593036 ], [ -96.413433358399303, 16.924110082953071 ], [ -96.413399363786354, 16.924283170302196 ], [ -96.413383089915229, 16.924366029897424 ], [ -96.413301169915997, 16.924641690278076 ], [ -96.41318743025198, 16.925010719861667 ], [ -96.413050940183268, 16.925447649684767 ], [ -96.412943539661455, 16.925889579761108 ], [ -96.412877079944153, 16.926046890041796 ], [ -96.412596419615113, 16.927038430182392 ], [ -96.410885689998722, 16.932000080144874 ], [ -96.413233820115636, 16.931348280436726 ], [ -96.418595849888902, 16.937800720427781 ], [ -96.419342060322123, 16.939391659913792 ], [ -96.423076889783701, 16.94557197035968 ], [ -96.418597109630696, 16.947907180112953 ], [ -96.408935600481016, 16.951975889642675 ], [ -96.404255739554387, 16.956395889875463 ], [ -96.395498909836959, 16.964622370050751 ], [ -96.379217149914382, 16.97998625979637 ], [ -96.36596468953627, 16.99517115000614 ], [ -96.354957430079395, 16.992779180026822 ], [ -96.337508429972246, 16.988985569998519 ], [ -96.324555089624781, 16.985244879657653 ], [ -96.327554000387991, 17.000936230433467 ], [ -96.330461979830474, 17.016365680166832 ], [ -96.332820279533863, 17.032250540394671 ], [ -96.332259769969596, 17.032379230243937 ], [ -96.331831920234848, 17.032217630378099 ], [ -96.33147778032712, 17.031901800242327 ], [ -96.331264289964082, 17.031809050295774 ], [ -96.330863570075635, 17.031879850019664 ], [ -96.330327720127556, 17.031833890291068 ], [ -96.329988320145915, 17.031740740306759 ], [ -96.329766029791841, 17.031578400387723 ], [ -96.329488819936003, 17.031219539938704 ], [ -96.329246769726339, 17.030769509993224 ], [ -96.329006680006884, 17.030772220026748 ], [ -96.328722820236266, 17.030626460221615 ], [ -96.328557860034849, 17.030306280011239 ], [ -96.328529969764219, 17.02988083029032 ], [ -96.327726939559327, 17.030822969996258 ], [ -96.327420799860775, 17.030743570424118 ], [ -96.327144309778433, 17.030339910340917 ], [ -96.326933650240463, 17.030276660306303 ], [ -96.326814290017865, 17.030364419700518 ], [ -96.326978519918029, 17.030647169954342 ], [ -96.325575350180017, 17.030572140179785 ], [ -96.324757169990022, 17.030728630200546 ], [ -96.323884169986925, 17.030560750057834 ], [ -96.321229399923055, 17.029933150280204 ], [ -96.320551149628415, 17.029868290002746 ], [ -96.319582719620428, 17.029792750006681 ], [ -96.319148260293858, 17.029595849865174 ], [ -96.318741980458512, 17.029403599931399 ], [ -96.31835116982684, 17.029333089954203 ], [ -96.317911549606464, 17.02938369026516 ], [ -96.317055549836951, 17.029825149784248 ], [ -96.316431750287592, 17.030502090324585 ], [ -96.316057909774287, 17.030732220035119 ], [ -96.315599370072732, 17.030704059635898 ], [ -96.315413940122411, 17.030770180446741 ], [ -96.313705060131738, 17.03076064962805 ], [ -96.313059399946624, 17.031092090447096 ], [ -96.311874030208187, 17.031474219710258 ], [ -96.311439140100205, 17.031512249768266 ], [ -96.309405019975671, 17.030812939586674 ], [ -96.309161139805255, 17.030839320188232 ], [ -96.30708057044977, 17.031325570283631 ], [ -96.306592459933, 17.031647520091958 ], [ -96.305938780048308, 17.032615380423259 ], [ -96.305775419781384, 17.032834319765776 ], [ -96.304855519684978, 17.033854660112468 ], [ -96.303663860018005, 17.035179780244729 ], [ -96.303157290411917, 17.035757349565994 ], [ -96.302797249831329, 17.036310370025937 ], [ -96.302880120362786, 17.036696950018211 ], [ -96.303072290286494, 17.037281599783935 ], [ -96.303037029613279, 17.037822600016352 ], [ -96.302493909547891, 17.038428079668869 ], [ -96.302336089877528, 17.038747710123605 ], [ -96.301941919981005, 17.039197379901754 ], [ -96.301787020239388, 17.039266349780466 ], [ -96.30163587974603, 17.03921822972789 ], [ -96.301563350179023, 17.039468740002921 ], [ -96.301808940478665, 17.039583019623681 ], [ -96.301969349910649, 17.039730850382949 ], [ -96.302307400227548, 17.040071739594342 ], [ -96.302015540096377, 17.040092689788032 ], [ -96.301501109597353, 17.040266539613746 ], [ -96.300749199809232, 17.040648799760849 ], [ -96.300987779650228, 17.040652849619363 ], [ -96.301280090375784, 17.040784029608883 ], [ -96.300908140058979, 17.040949219909255 ], [ -96.300683419733957, 17.040990580193768 ], [ -96.300733080395176, 17.041186979886362 ], [ -96.300606539908586, 17.041684169729479 ], [ -96.300516630129948, 17.041731780301365 ], [ -96.300224740452094, 17.041470290303362 ], [ -96.299613650322371, 17.041385820023489 ], [ -96.299268719927412, 17.041458749687415 ], [ -96.299397910446601, 17.041730449901866 ], [ -96.298775799926773, 17.041646740000964 ], [ -96.298786420233355, 17.042177180014068 ], [ -96.298362510381267, 17.042316750140213 ], [ -96.298151149730572, 17.042227859623999 ], [ -96.298099920455485, 17.042378550325147 ], [ -96.297924199855885, 17.042303370028137 ], [ -96.297924819823749, 17.042560579980325 ], [ -96.297742419789657, 17.04250703014073 ], [ -96.297691880027884, 17.042592109983872 ], [ -96.29783892039525, 17.042824050376719 ], [ -96.297434049867746, 17.042723600062239 ], [ -96.297560629683389, 17.043024260344382 ], [ -96.297235370095549, 17.042920819553132 ], [ -96.297225309674971, 17.043179570023408 ], [ -96.296989090067612, 17.043079940177901 ], [ -96.296973479972351, 17.043300290418305 ], [ -96.29676075026272, 17.043225340248004 ], [ -96.296709720202344, 17.043504629580177 ], [ -96.29666768020455, 17.043606909926186 ], [ -96.296428199740745, 17.043484580389563 ], [ -96.296369940311308, 17.04371059977456 ], [ -96.296515850127733, 17.043929520320617 ], [ -96.296663539864554, 17.044042309968717 ], [ -96.296633570110586, 17.044159349957539 ], [ -96.296763310108432, 17.0444666200741 ], [ -96.29695108991038, 17.044547779587148 ], [ -96.297100919642872, 17.044595950308199 ], [ -96.297182199627215, 17.04475941987441 ], [ -96.297194650013452, 17.045187579590397 ], [ -96.297025940141154, 17.045433310294424 ], [ -96.296647980091706, 17.045436339777389 ], [ -96.2954895797848, 17.046229550310439 ], [ -96.295299710158375, 17.046487339688134 ], [ -96.294675749976136, 17.047179309775995 ], [ -96.295026600364622, 17.048528819630334 ], [ -96.296215049658613, 17.049746679993394 ], [ -96.296547060457428, 17.05060155002646 ], [ -96.2948106604141, 17.051619520454572 ], [ -96.294291420258233, 17.054727030396315 ], [ -96.294299140100449, 17.054807650171696 ], [ -96.294113309932243, 17.055150580266396 ], [ -96.293741379966548, 17.055488690257935 ], [ -96.292946139645295, 17.05610847957777 ], [ -96.292047749768514, 17.056471030205785 ], [ -96.29102649027962, 17.056857430270941 ], [ -96.289567169697179, 17.0564841100881 ], [ -96.287820619710644, 17.057187599813492 ], [ -96.286877649782312, 17.057214539946724 ], [ -96.286094260255169, 17.057432370291107 ], [ -96.28558754022707, 17.058447570322429 ], [ -96.283699259797231, 17.058044019721972 ], [ -96.283197649901609, 17.058601919689828 ], [ -96.282443599740262, 17.058593089725864 ], [ -96.281989550284251, 17.058801249569417 ], [ -96.281463080362755, 17.059664420201909 ], [ -96.280719920373301, 17.060339110447359 ], [ -96.280718799988563, 17.061032080434771 ], [ -96.279784950240824, 17.061093750232434 ], [ -96.278601220057368, 17.061870150365099 ], [ -96.278468090059889, 17.062573399848535 ], [ -96.277148690455192, 17.06288454023861 ], [ -96.276628480352045, 17.063601950172636 ], [ -96.275312879885377, 17.06393657964961 ], [ -96.274422679599709, 17.064573779749111 ], [ -96.273495380275577, 17.064157890362463 ], [ -96.272391889892972, 17.064917370265611 ], [ -96.272026550097564, 17.065360059800991 ], [ -96.271334109783922, 17.065160480017781 ], [ -96.2707409497052, 17.065317660278119 ], [ -96.270280140102159, 17.064928619684384 ], [ -96.269204540448314, 17.065104880223419 ], [ -96.26718091004355, 17.066506089693529 ], [ -96.264341880049457, 17.067252429964139 ], [ -96.263848490366016, 17.067732819821057 ], [ -96.261892910090722, 17.067636509993012 ], [ -96.260766629610529, 17.068821829948511 ], [ -96.260736539641243, 17.069055629834164 ], [ -96.258177480281091, 17.0703764897074 ], [ -96.257155659798769, 17.07221248966659 ], [ -96.256669999690715, 17.072298939928771 ], [ -96.255188449582917, 17.072847259719847 ], [ -96.254331720135298, 17.073023199782462 ], [ -96.253125369954958, 17.073704370114559 ], [ -96.252600000198669, 17.074297280384755 ], [ -96.252237490145944, 17.074445060202986 ], [ -96.251062909807359, 17.073685220029283 ], [ -96.248767710452171, 17.075439310033474 ], [ -96.247312539688437, 17.075724060397409 ], [ -96.245526349957601, 17.075913620338067 ], [ -96.244888710399437, 17.07654508006128 ], [ -96.244487340266062, 17.076395979945779 ], [ -96.243575339674692, 17.07594478007022 ], [ -96.242006480097857, 17.077084059564875 ] ] ] ] } },
{ "type": "Feature", "properties": { "CVEGEO": "20328", "CVE_ENT": "20", "CVE_MUN": "328", "PAISAJE": "Valles Centrales", "ID_PAISA": 1, "NOM_MUN": "San Pedro Taviche", "HAS_MUN": 9871.7, "RM": "R1" }, "geometry": { "type": "MultiPolygon", "coordinates": [ [ [ [ -96.476279579918, 16.669645250120301 ], [ -96.475549909617001, 16.668207109993432 ], [ -96.475221219822132, 16.666282999838486 ], [ -96.47222448044289, 16.663930859854247 ], [ -96.472799629822404, 16.660034380427859 ], [ -96.472171459723626, 16.656899860269309 ], [ -96.472271740472351, 16.655299879594715 ], [ -96.484480850097626, 16.651745340284361 ], [ -96.491426449582406, 16.648086219574676 ], [ -96.495759619651054, 16.64264999977576 ], [ -96.489570109904079, 16.634329080304305 ], [ -96.481133089751722, 16.618806569562629 ], [ -96.472145629623867, 16.610403830135205 ], [ -96.47355916986686, 16.605162310145996 ], [ -96.476975340073253, 16.592493218746267 ], [ -96.49009246037258, 16.596781369390708 ], [ -96.496030910393301, 16.598234199423235 ], [ -96.500673090296559, 16.601461479416102 ], [ -96.505196220394922, 16.604236049462759 ], [ -96.513531479592245, 16.608822179484477 ], [ -96.515341119878556, 16.607726199378735 ], [ -96.525088170385601, 16.607874049195839 ], [ -96.532658170186792, 16.607988429344758 ], [ -96.544971550286846, 16.61009737892368 ], [ -96.558707080083138, 16.612406029017912 ], [ -96.575621890096784, 16.615260048909281 ], [ -96.588977259782666, 16.617611339217198 ], [ -96.593668480270395, 16.618528599051118 ], [ -96.599687260111764, 16.619559680436385 ], [ -96.61197736960689, 16.621710689683454 ], [ -96.610198430163578, 16.635536369987598 ], [ -96.609804319949376, 16.638598919639431 ], [ -96.602091710135213, 16.647821749873064 ], [ -96.594667279586972, 16.656698570070702 ], [ -96.569517820017097, 16.671276980376827 ], [ -96.555335620186909, 16.667699030422813 ], [ -96.53934028976272, 16.663662400094381 ], [ -96.534382539752229, 16.679539200052581 ], [ -96.53432963029617, 16.679754819852668 ], [ -96.528123459924657, 16.705036249793977 ], [ -96.518196139987765, 16.706113319690228 ], [ -96.506319739622015, 16.697821089600534 ], [ -96.489384260144988, 16.671729879982998 ], [ -96.476279579918, 16.669645250120301 ] ] ] ] } },
{ "type": "Feature", "properties": { "CVEGEO": "20368", "CVE_ENT": "20", "CVE_MUN": "368", "PAISAJE": "Valles Centrales", "ID_PAISA": 1, "NOM_MUN": "Santa Catarina Minas", "HAS_MUN": 3642.3, "RM": "R1" }, "geometry": { "type": "MultiPolygon", "coordinates": [ [ [ [ -96.600246080118922, 16.780148910072914 ], [ -96.600505600199369, 16.779477029758535 ], [ -96.602886579568008, 16.779635850050109 ], [ -96.603370969632635, 16.779668140390296 ], [ -96.603713970112452, 16.779691019839415 ], [ -96.604173290366404, 16.779721649838613 ], [ -96.604234377884907, 16.779725723288074 ], [ -96.604379779753387, 16.779735420258575 ], [ -96.604406449367033, 16.779584125507963 ], [ -96.604970518891946, 16.776384154117029 ], [ -96.607436909541036, 16.762390749982131 ], [ -96.606653939612471, 16.75898944959086 ], [ -96.603102030187273, 16.750000030421951 ], [ -96.602726219596562, 16.749048830290871 ], [ -96.59703654957292, 16.743949310210049 ], [ -96.602471200315748, 16.739326720356051 ], [ -96.610507860355412, 16.744933619618052 ], [ -96.612947089980381, 16.745714740212463 ], [ -96.616360939722711, 16.746265890366956 ], [ -96.61867394982265, 16.746441170232753 ], [ -96.623735200274552, 16.746878220403715 ], [ -96.625041939598759, 16.747081179704768 ], [ -96.625685629622069, 16.747189489730548 ], [ -96.625857019734326, 16.747218340186976 ], [ -96.626677750349643, 16.747356419905874 ], [ -96.627929879924565, 16.747567090022638 ], [ -96.629109600140623, 16.747765549927241 ], [ -96.630342510315103, 16.747972970356166 ], [ -96.631743080413784, 16.748208570375922 ], [ -96.633899509680333, 16.748571310370465 ], [ -96.635608579356216, 16.748858780992958 ], [ -96.635774430246258, 16.748886679835277 ], [ -96.635328089696472, 16.749795200663854 ], [ -96.634882740416131, 16.750701719720567 ], [ -96.633004120106662, 16.754525549777526 ], [ -96.632438829086681, 16.755676141292746 ], [ -96.632193658857972, 16.756175150374634 ], [ -96.631921179339656, 16.757212920177281 ], [ -96.631724018934634, 16.757963849962028 ], [ -96.630109968654992, 16.764110829833161 ], [ -96.630109079523407, 16.764114220044895 ], [ -96.630109829044827, 16.764114420466687 ], [ -96.636197060283479, 16.765691480154011 ], [ -96.638363719340802, 16.766764770461148 ], [ -96.638364050131187, 16.766764941305691 ], [ -96.638363580362537, 16.766768350300026 ], [ -96.637656218788749, 16.772022310365301 ], [ -96.636439880331025, 16.78105577077692 ], [ -96.635999479014714, 16.784326120204515 ], [ -96.635932244441179, 16.78482540479958 ], [ -96.635892770259687, 16.785118540334551 ], [ -96.635553419566818, 16.787638369913608 ], [ -96.635533169738196, 16.787810460086895 ], [ -96.635518309972412, 16.787899059830504 ], [ -96.63519757921965, 16.790447110525459 ], [ -96.634782078687138, 16.793747940263568 ], [ -96.634240108998, 16.798053200450923 ], [ -96.633899200284134, 16.80076106077351 ], [ -96.633713888700981, 16.802233030311168 ], [ -96.633369949313931, 16.804964950025557 ], [ -96.633150549415276, 16.80670749036954 ], [ -96.623819629934275, 16.81764723067705 ], [ -96.61768291956696, 16.826759739675943 ], [ -96.617680179783221, 16.82676380024656 ], [ -96.596373370275657, 16.834594849841142 ], [ -96.580321309730209, 16.839927339559232 ], [ -96.595313229563274, 16.791338200161494 ], [ -96.599224180008832, 16.782497719850571 ], [ -96.599883539811614, 16.780982199879347 ], [ -96.599765630109161, 16.7809514896778 ], [ -96.599823310180099, 16.780792379791261 ], [ -96.600026449612216, 16.78065373990999 ], [ -96.600246080118922, 16.780148910072914 ] ] ] ] } },
{ "type": "Feature", "properties": { "CVEGEO": "20204", "CVE_ENT": "20", "CVE_MUN": "204", "PAISAJE": "Sierra de Yautepec", "ID_PAISA": 2, "NOM_MUN": "San Juan Lajarcia", "HAS_MUN": 10668.8, "RM": "R4" }, "geometry": { "type": "MultiPolygon", "coordinates": [ [ [ [ -95.859269939863651, 16.518633490332835 ], [ -95.844759651016034, 16.453354630563879 ], [ -95.844759619844623, 16.453354490267152 ], [ -95.863935089450095, 16.468963619823811 ], [ -95.900159571346435, 16.473884131824764 ], [ -95.900159709887134, 16.473884151053454 ], [ -95.901754518959493, 16.472310579640251 ], [ -95.904103618783139, 16.472126510624083 ], [ -95.904222709365683, 16.471727280586634 ], [ -95.90454321937797, 16.471343910853932 ], [ -95.904917619271828, 16.471073660066384 ], [ -95.905376428728275, 16.470951104553325 ], [ -95.905376478893913, 16.470951091266521 ], [ -95.906407379624156, 16.471154958403638 ], [ -95.906407489990585, 16.471154980081298 ], [ -95.907655940095893, 16.470645459773266 ], [ -95.908567719709268, 16.469632460593679 ], [ -95.910073219369195, 16.46788017131194 ], [ -95.911567950130603, 16.466990430572551 ], [ -95.914474260577791, 16.466784520852897 ], [ -95.914474400381991, 16.466784511235531 ], [ -95.915014702575135, 16.467310284569418 ], [ -95.91501474024723, 16.467310321315477 ], [ -95.915456641154918, 16.467188320167285 ], [ -95.91545667902075, 16.467188309984081 ], [ -95.916778218591602, 16.46738525117696 ], [ -95.917855380408128, 16.468015221098703 ], [ -95.918124719084176, 16.468368689560258 ], [ -95.917411949354303, 16.468962200514063 ], [ -95.917489059074668, 16.46946541999592 ], [ -95.917978429230033, 16.469909460813593 ], [ -95.919043280649291, 16.470037533203548 ], [ -95.919043427672051, 16.470037550956437 ], [ -95.919995131158345, 16.470130586343224 ], [ -95.91999527927355, 16.470130600529355 ], [ -95.921116708742503, 16.470440260604367 ], [ -95.922377979184802, 16.471597881074796 ], [ -95.923778750336822, 16.472307849857462 ], [ -95.92439304933481, 16.472675429756009 ], [ -95.924830370428964, 16.473845180050699 ], [ -95.924026619472997, 16.474414231233968 ], [ -95.923942710236247, 16.474994801079557 ], [ -95.925184029697974, 16.476598769579699 ], [ -95.925809309662043, 16.477217780637297 ], [ -95.92641097861069, 16.478144020520073 ], [ -95.926671880084982, 16.479209541036699 ], [ -95.927095019450519, 16.479600309576217 ], [ -95.927400169023443, 16.479899281275621 ], [ -95.926899478630318, 16.48170788957782 ], [ -95.926901090088805, 16.483857120964892 ], [ -95.926307489518948, 16.485136141317419 ], [ -95.926564780318586, 16.485945200230212 ], [ -95.926240019102693, 16.486762400527166 ], [ -95.925965320193001, 16.486831479764827 ], [ -95.925275579905886, 16.487831111028811 ], [ -95.925447199533409, 16.489055090625687 ], [ -95.925835221285098, 16.489389457902142 ], [ -95.925835259124398, 16.489389491042843 ], [ -95.926354192617822, 16.489264054821671 ], [ -95.926354290037892, 16.489264030821609 ], [ -95.926979909443801, 16.489631230654325 ], [ -95.926527120291695, 16.490988340702561 ], [ -95.928736135315503, 16.492831875038188 ], [ -95.928736178641358, 16.492831911110493 ], [ -95.929680519890852, 16.492559251043573 ], [ -95.930985071320833, 16.492381564127108 ], [ -95.930985179554085, 16.492381549592324 ], [ -95.931563434409043, 16.492680851315217 ], [ -95.931563549673484, 16.492680911086769 ], [ -95.931901019945471, 16.492139969718387 ], [ -95.932965154403007, 16.491965653728705 ], [ -95.932965290115121, 16.491965631287904 ], [ -95.93361392992982, 16.493370098962011 ], [ -95.933614018838355, 16.493370290349525 ], [ -95.934115618681787, 16.491816151110083 ], [ -95.935380479031323, 16.490588831311211 ], [ -95.935628509809462, 16.489628970257112 ], [ -95.9366740795232, 16.48933297981317 ], [ -95.937444879298653, 16.488225120543028 ], [ -95.93841091980336, 16.487059230950461 ], [ -95.938406679303881, 16.485105310479373 ], [ -95.938832449737788, 16.482981449893028 ], [ -95.940161090139327, 16.481348710023678 ], [ -95.964272709584577, 16.484607629587792 ], [ -95.969715120170974, 16.486774919798695 ], [ -95.970400948991042, 16.487180661631861 ], [ -95.970616429720437, 16.48730814090457 ], [ -95.972295450655338, 16.488301412866015 ], [ -95.983322429758189, 16.494823950737196 ], [ -95.982283519812839, 16.507292200207797 ], [ -95.984845290059766, 16.516921140599042 ], [ -95.998806690160251, 16.531340890452118 ], [ -95.960628659987862, 16.54376158020187 ], [ -95.948837320333041, 16.547495229894295 ], [ -95.941574059790355, 16.559787119566199 ], [ -95.91824058021254, 16.562670490257915 ], [ -95.918240551183686, 16.562670469208282 ], [ -95.892401690141469, 16.544089140128239 ], [ -95.870305319738335, 16.530162119857504 ], [ -95.859269939863651, 16.518633490332835 ] ] ] ] } },
{ "type": "Feature", "properties": { "CVEGEO": "20131", "CVE_ENT": "20", "CVE_MUN": "131", "PAISAJE": "Valles Centrales", "ID_PAISA": 1, "NOM_MUN": "San Dionisio Ocotepec", "HAS_MUN": 31122.0, "RM": "R1" }, "geometry": { "type": "MultiPolygon", "coordinates": [ [ [ [ -96.265429599613256, 16.856431229591749 ], [ -96.262999280053194, 16.855441580174421 ], [ -96.262906120465033, 16.855484459953271 ], [ -96.259545719566958, 16.853913800315929 ], [ -96.259235220062436, 16.853794750418555 ], [ -96.254400179650432, 16.852222179679725 ], [ -96.254399208947333, 16.85221787357327 ], [ -96.254390030257127, 16.852177149673633 ], [ -96.254371467827298, 16.85217066339332 ], [ -96.253617459826046, 16.851907170199397 ], [ -96.253598341178318, 16.851896968164493 ], [ -96.251957540061298, 16.85102140020809 ], [ -96.251957451509341, 16.851021409433784 ], [ -96.251421449713618, 16.851075449725428 ], [ -96.249026579781585, 16.850336029988345 ], [ -96.249021207408006, 16.850330058963404 ], [ -96.248809459539657, 16.85009471026591 ], [ -96.248792994649747, 16.850087689242045 ], [ -96.24709797045773, 16.849364879789984 ], [ -96.241478279811133, 16.847101369880356 ], [ -96.241474027051368, 16.847097169773971 ], [ -96.239654750359378, 16.84530045977198 ], [ -96.239210909605006, 16.844878979890151 ], [ -96.23920647016952, 16.84488289693256 ], [ -96.23589502989654, 16.847804140225168 ], [ -96.235757829995123, 16.847999150121641 ], [ -96.234877229912243, 16.848899370206016 ], [ -96.23341283004612, 16.850261539892433 ], [ -96.231130689691369, 16.852247079759561 ], [ -96.228063939608973, 16.855063770408989 ], [ -96.226973920311906, 16.856183090205135 ], [ -96.225446519892927, 16.857565689995784 ], [ -96.224666979623464, 16.858260249789765 ], [ -96.221578180461961, 16.861118599931856 ], [ -96.219913830133791, 16.862690519883245 ], [ -96.218378110086093, 16.865494349926944 ], [ -96.218340280109146, 16.865558749746992 ], [ -96.217514229814128, 16.867172280053623 ], [ -96.217502825842288, 16.86714630194464 ], [ -96.205295720332586, 16.839332750328349 ], [ -96.201825969903027, 16.821155109594887 ], [ -96.198400140400622, 16.810727490221051 ], [ -96.198598250099508, 16.800698510117137 ], [ -96.198877969842925, 16.786575630227802 ], [ -96.199113149750318, 16.774726259819321 ], [ -96.199232909882952, 16.768764089958683 ], [ -96.199580690273606, 16.751243230095429 ], [ -96.199677750417479, 16.746149600055332 ], [ -96.199816909934569, 16.739313920330282 ], [ -96.199919539828812, 16.73464607995783 ], [ -96.199992820047441, 16.730862379815033 ], [ -96.200143689629797, 16.722566629895358 ], [ -96.208233139626046, 16.717037059553913 ], [ -96.215757829942063, 16.711916169860849 ], [ -96.219183779653576, 16.709553219942045 ], [ -96.220474740408889, 16.708689279804567 ], [ -96.221919420114347, 16.707727280201475 ], [ -96.230232750115931, 16.702080819934316 ], [ -96.251229420034164, 16.715031260096715 ], [ -96.264099059972779, 16.726868030407037 ], [ -96.28402174042094, 16.748210090145022 ], [ -96.28402265296053, 16.748210007810304 ], [ -96.291603580346973, 16.747526549851006 ], [ -96.307598460221726, 16.746122740365021 ], [ -96.313438580014648, 16.748653579666989 ], [ -96.32180929043335, 16.738343449888742 ], [ -96.32694349220003, 16.733330234665281 ], [ -96.326943620068391, 16.733330110412318 ], [ -96.333748660415509, 16.726684679664938 ], [ -96.350762569584063, 16.709649879902575 ], [ -96.364199420349848, 16.703132749846414 ], [ -96.377356819663746, 16.696738280320421 ], [ -96.394834679579958, 16.694401570222617 ], [ -96.403883519971444, 16.697142030052049 ], [ -96.406873119652076, 16.707402829795182 ], [ -96.409101910354721, 16.715446400208435 ], [ -96.410607080015652, 16.720908170216468 ], [ -96.411657849604282, 16.724640599771863 ], [ -96.412769859856411, 16.728869259848491 ], [ -96.415113289525138, 16.7372117802771 ], [ -96.415655969734942, 16.739317459570938 ], [ -96.424084909745645, 16.746761350169017 ], [ -96.423172060324504, 16.750000030358187 ], [ -96.423011770161551, 16.750568710231423 ], [ -96.421800910080051, 16.751914230431623 ], [ -96.419758319838962, 16.754187030423822 ], [ -96.416981820039439, 16.757285920200744 ], [ -96.415257850468208, 16.765247259619045 ], [ -96.414596569627207, 16.770002029549989 ], [ -96.414019649847575, 16.774181459651079 ], [ -96.413221889769389, 16.780688180299961 ], [ -96.413239449615162, 16.783817819538363 ], [ -96.413358079584071, 16.789683090166804 ], [ -96.413606800196078, 16.797138969602464 ], [ -96.413676150054869, 16.799286579673971 ], [ -96.41378331019672, 16.802152430405791 ], [ -96.413920030306542, 16.805064519727431 ], [ -96.411808579779418, 16.813469400295062 ], [ -96.411626679588124, 16.814094319546456 ], [ -96.402187722685809, 16.810918484912264 ], [ -96.401868719920685, 16.810811140295144 ], [ -96.401256646440501, 16.810958204433454 ], [ -96.395645805427606, 16.812306203581898 ], [ -96.39125244936335, 16.813361540311615 ], [ -96.39128761349501, 16.813479122838771 ], [ -96.391291769166557, 16.813493019577233 ], [ -96.391292709054568, 16.81350686015216 ], [ -96.390901799508796, 16.813626850628744 ], [ -96.39075130811527, 16.813673050655229 ], [ -96.390510721231777, 16.813728036135416 ], [ -96.390276140269876, 16.813781650893002 ], [ -96.390119288607906, 16.813817481125607 ], [ -96.389454779502756, 16.813981289924737 ], [ -96.389091118756951, 16.814097370213684 ], [ -96.389132948706134, 16.8140060806153 ], [ -96.389182718843614, 16.813856090999483 ], [ -96.388779756037152, 16.813952923433192 ], [ -96.366796539852558, 16.819233680298513 ], [ -96.362861620036597, 16.815813770257126 ], [ -96.358791510207695, 16.812234489755614 ], [ -96.355796940089334, 16.809558260407208 ], [ -96.353611539586936, 16.807600649720218 ], [ -96.349079020233233, 16.803560079712561 ], [ -96.342671660012726, 16.820594549628709 ], [ -96.336027029535899, 16.838112520270798 ], [ -96.334461660011073, 16.839882120357956 ], [ -96.333333339892832, 16.842607740381624 ], [ -96.333116919986992, 16.843130510282634 ], [ -96.32953035009298, 16.84586803012402 ], [ -96.328080459572874, 16.846828880263356 ], [ -96.324655719748421, 16.850765830240793 ], [ -96.324969340367616, 16.858322540403144 ], [ -96.320329580363463, 16.862892949755292 ], [ -96.310873820233482, 16.872810000170936 ], [ -96.310179949722297, 16.873442020432027 ], [ -96.30927526037307, 16.873150250076545 ], [ -96.307686170374708, 16.87260571979515 ], [ -96.306088400464688, 16.872000599623654 ], [ -96.303759619825556, 16.871080749956242 ], [ -96.302154029691607, 16.870396980260129 ], [ -96.301234629623934, 16.870071860248721 ], [ -96.299649420076065, 16.869515230294393 ], [ -96.297521060205796, 16.868738179880683 ], [ -96.297522492930469, 16.86873549342236 ], [ -96.297553259573576, 16.868677799543921 ], [ -96.297533318710236, 16.868668455818725 ], [ -96.296851230075418, 16.868348830279231 ], [ -96.294972540146588, 16.867695120381569 ], [ -96.291632050466902, 16.866508719796013 ], [ -96.291156770401997, 16.866287749656586 ], [ -96.289844480023618, 16.865786890394794 ], [ -96.285317400208058, 16.864071060197183 ], [ -96.281864579959489, 16.86264758015492 ], [ -96.279066580424825, 16.861641599611129 ], [ -96.276242450135058, 16.86056582968925 ], [ -96.274948629609469, 16.860077920360123 ], [ -96.274883999654904, 16.860062859962969 ], [ -96.273523690126865, 16.859523419722048 ], [ -96.271327449975573, 16.858571119871428 ], [ -96.270849349890398, 16.858387199560021 ], [ -96.270566580430838, 16.858295740160887 ], [ -96.268852230149605, 16.857744400222359 ], [ -96.267894709641737, 16.857394050235783 ], [ -96.267419630195164, 16.857196249696567 ], [ -96.265429599613256, 16.856431229591749 ] ] ] ] } },
{ "type": "Feature", "properties": { "CVEGEO": "20203", "CVE_ENT": "20", "CVE_MUN": "203", "PAISAJE": "Valles Centrales", "ID_PAISA": 1, "NOM_MUN": "San Juan Lachigalla", "HAS_MUN": 10781.6, "RM": "R2" }, "geometry": { "type": "MultiPolygon", "coordinates": [ [ [ [ -96.544971550286846, 16.61009737892368 ], [ -96.532658170186792, 16.607988429344758 ], [ -96.525088170385601, 16.607874049195839 ], [ -96.515341119878556, 16.607726199378735 ], [ -96.513531479592245, 16.608822179484477 ], [ -96.505196220394922, 16.604236049462759 ], [ -96.500673090296559, 16.601461479416102 ], [ -96.496030910393301, 16.598234199423235 ], [ -96.49009246037258, 16.596781369390708 ], [ -96.476975340073253, 16.592493218746267 ], [ -96.484442630369927, 16.583201819136033 ], [ -96.488339050220844, 16.574875449360061 ], [ -96.488460279820345, 16.574634998729717 ], [ -96.488594939580508, 16.574210768945385 ], [ -96.488645550035926, 16.573854859468987 ], [ -96.488577519979927, 16.573429139425674 ], [ -96.488425079561225, 16.573117719460956 ], [ -96.488320979876065, 16.572726199111266 ], [ -96.488109020325382, 16.572402849446366 ], [ -96.494369680469674, 16.562728598886075 ], [ -96.493134739940572, 16.55906125919612 ], [ -96.49449258031153, 16.557274569113158 ], [ -96.494867289692166, 16.556593149184682 ], [ -96.495121179769896, 16.555955079528385 ], [ -96.495316060383757, 16.55528142871108 ], [ -96.495911520010722, 16.554903278679738 ], [ -96.496485859604761, 16.554398319141679 ], [ -96.49683502998667, 16.553785249041528 ], [ -96.49697023037784, 16.553098769100512 ], [ -96.497342889865848, 16.552509178646659 ], [ -96.49803744993153, 16.551983819133341 ], [ -96.498762740366587, 16.551688769255207 ], [ -96.499323770059732, 16.551240909353233 ], [ -96.499802540175011, 16.550722489111692 ], [ -96.500494819739131, 16.55030031952888 ], [ -96.500820249593659, 16.549675288667579 ], [ -96.501172260101953, 16.549105508687276 ], [ -96.503254909921026, 16.544299199516168 ], [ -96.503266850241801, 16.544200679128739 ], [ -96.503970540298383, 16.538397139376823 ], [ -96.503799999819577, 16.53331024904379 ], [ -96.5047566800352, 16.523733079007336 ], [ -96.504888400315522, 16.522208719136835 ], [ -96.504924750151091, 16.522075679214382 ], [ -96.504929709939262, 16.521984349542148 ], [ -96.505683830277192, 16.516005229527924 ], [ -96.507490719811187, 16.515489078707674 ], [ -96.512369830388934, 16.514124108898091 ], [ -96.514211480239169, 16.514017178668375 ], [ -96.515351950321843, 16.513890079306094 ], [ -96.517282630438231, 16.513840479154776 ], [ -96.518501290033129, 16.513741138953087 ], [ -96.518708749647629, 16.513737829103466 ], [ -96.520057020037427, 16.513633679117405 ], [ -96.522395250313622, 16.513532509259129 ], [ -96.522866400453339, 16.513780849015223 ], [ -96.524813950237501, 16.514820709139148 ], [ -96.527165579814536, 16.516369938687316 ], [ -96.526975850291876, 16.517939538971707 ], [ -96.527035940422095, 16.518005628956633 ], [ -96.527088319921134, 16.518928818983447 ], [ -96.529089970482715, 16.518464819411562 ], [ -96.528812319682984, 16.519489648645102 ], [ -96.529298739607626, 16.519970119211436 ], [ -96.529351280455984, 16.520016689428925 ], [ -96.529516720377131, 16.52017321934381 ], [ -96.529707570097358, 16.520372579354071 ], [ -96.529544490260236, 16.520905799535246 ], [ -96.530705799595196, 16.521047249021183 ], [ -96.530823909875281, 16.521056909476481 ], [ -96.533501320193864, 16.520400518677448 ], [ -96.534303710425888, 16.52077584873215 ], [ -96.534357119589188, 16.520086519304073 ], [ -96.535472259690835, 16.519630769282944 ], [ -96.535648550454709, 16.51951453899429 ], [ -96.536359139596698, 16.518888739057289 ], [ -96.536924570249369, 16.518353399103312 ], [ -96.538455090339241, 16.51973182908986 ], [ -96.539272939974182, 16.520496379381996 ], [ -96.537846909842557, 16.523308378946357 ], [ -96.538077060439477, 16.523751229042059 ], [ -96.538428479633865, 16.524442519016656 ], [ -96.539941000352414, 16.523676678740181 ], [ -96.540241520010269, 16.523299918994223 ], [ -96.540767719837575, 16.523051849289391 ], [ -96.541166340397737, 16.522687769371949 ], [ -96.542184249675486, 16.522535999374202 ], [ -96.542872089678951, 16.522200998711448 ], [ -96.543619739825459, 16.52317297925222 ], [ -96.544041050237993, 16.523108858824873 ], [ -96.544483080238436, 16.523171718796146 ], [ -96.545365540159963, 16.523323109427977 ], [ -96.546174689970044, 16.523753799398023 ], [ -96.546584850088379, 16.524131289291343 ], [ -96.546683710346301, 16.524640549158118 ], [ -96.546765259818685, 16.524775709156582 ], [ -96.547289339875533, 16.525179369420975 ], [ -96.547635830487764, 16.525055829079335 ], [ -96.558496570163086, 16.521346539033075 ], [ -96.561009479701923, 16.520488169449308 ], [ -96.56117526001762, 16.520596778786519 ], [ -96.567354829974732, 16.524644648731115 ], [ -96.574208139689006, 16.529133309293687 ], [ -96.585481429787222, 16.529744748843854 ], [ -96.586391450499363, 16.529794078894277 ], [ -96.586442220228832, 16.529782488925807 ], [ -96.588018319939337, 16.529524428654589 ], [ -96.589494199817437, 16.529199889343197 ], [ -96.590231279787048, 16.529048049344457 ], [ -96.592952630259859, 16.528452369023722 ], [ -96.593019569689574, 16.529448149184358 ], [ -96.593026860269532, 16.529600228827181 ], [ -96.593054880059952, 16.529948199122913 ], [ -96.593079089784908, 16.530179178707389 ], [ -96.593104599741494, 16.530480978707555 ], [ -96.593101619936377, 16.530698969503252 ], [ -96.593195170058038, 16.531220219174052 ], [ -96.593363579593813, 16.532668739007075 ], [ -96.593375429958954, 16.532823249150518 ], [ -96.593441079594967, 16.533104059163133 ], [ -96.593565309748683, 16.5337182488413 ], [ -96.593566169870755, 16.533862218924519 ], [ -96.593600050241193, 16.534140219238989 ], [ -96.593633489794769, 16.534751148719 ], [ -96.593650769620467, 16.535066919081729 ], [ -96.593690919966406, 16.535714628741481 ], [ -96.593870680167811, 16.537390918925478 ], [ -96.593920920418853, 16.538362338705987 ], [ -96.593943260118621, 16.539203578746228 ], [ -96.593943180171252, 16.540240648729807 ], [ -96.594197090302956, 16.543691378831234 ], [ -96.594222770102803, 16.544063048769054 ], [ -96.59443736967647, 16.546718319032504 ], [ -96.594537979749475, 16.548572199058501 ], [ -96.5946250496429, 16.549523319272666 ], [ -96.594620490357016, 16.550013628861475 ], [ -96.59467579970908, 16.550585859537382 ], [ -96.595006289848911, 16.55330736910479 ], [ -96.595184770263685, 16.553984858995186 ], [ -96.595233780192089, 16.554593779252752 ], [ -96.595190380250543, 16.555302228905369 ], [ -96.595304659798472, 16.55604725871877 ], [ -96.595656050216192, 16.557830398832564 ], [ -96.595696600359815, 16.558005579359008 ], [ -96.595866049900735, 16.560273939298625 ], [ -96.595946019727307, 16.56216051947488 ], [ -96.597752660219641, 16.566518488868713 ], [ -96.599033109966626, 16.569607018973091 ], [ -96.599128489660046, 16.570811628914559 ], [ -96.601601940191827, 16.602044479155072 ], [ -96.593668480270395, 16.618528599051118 ], [ -96.588977259782666, 16.617611339217198 ], [ -96.575621890096784, 16.615260048909281 ], [ -96.558707080083138, 16.612406029017912 ], [ -96.544971550286846, 16.61009737892368 ] ] ] ] } },
{ "type": "Feature", "properties": { "CVEGEO": "20154", "CVE_ENT": "20", "CVE_MUN": "154", "PAISAJE": "Valles Centrales", "ID_PAISA": 1, "NOM_MUN": "San Ildefonso Amatlán", "HAS_MUN": 6139.7, "RM": "R2" }, "geometry": { "type": "MultiPolygon", "coordinates": [ [ [ [ -96.479913709927942, 16.349886259965562 ], [ -96.479712620011227, 16.349698150811829 ], [ -96.479585690012939, 16.349533820166581 ], [ -96.479500219049982, 16.349398200412296 ], [ -96.479418489108667, 16.349340620559396 ], [ -96.479418461402645, 16.349340612310961 ], [ -96.479202676870713, 16.34927943805938 ], [ -96.479202646365323, 16.349279429706851 ], [ -96.479059568757933, 16.349184431053374 ], [ -96.479004659784877, 16.349100740339093 ], [ -96.479008479346234, 16.349024150940615 ], [ -96.479024019177032, 16.348974320409823 ], [ -96.478947658685584, 16.348931140031503 ], [ -96.478947628897799, 16.348931137119241 ], [ -96.478894249897635, 16.348925713536499 ], [ -96.478894220109837, 16.348925710624187 ], [ -96.478819979090858, 16.348836850041636 ], [ -96.478711368797008, 16.348736381134973 ], [ -96.478572019150576, 16.348614881015113 ], [ -96.478502769880507, 16.348565860088975 ], [ -96.478502744148784, 16.348565849207006 ], [ -96.478403113484745, 16.348525192101462 ], [ -96.478403088650154, 16.348525182155058 ], [ -96.478372799445197, 16.348575201201182 ], [ -96.478372769477772, 16.348575202793469 ], [ -96.47829657893962, 16.348578368422118 ], [ -96.478296548972267, 16.348578370014408 ], [ -96.478183379087127, 16.34865212041467 ], [ -96.478183349191582, 16.348652120205124 ], [ -96.477995749390885, 16.348649580260147 ], [ -96.47799571949534, 16.348649580050548 ], [ -96.477995693727692, 16.34864957006933 ], [ -96.477844245262617, 16.348588302759154 ], [ -96.477844218597824, 16.348588291842297 ], [ -96.477449370165516, 16.348180739759854 ], [ -96.477923850407066, 16.348296903256141 ], [ -96.477923879153749, 16.348296908836716 ], [ -96.477923905676235, 16.348296899898163 ], [ -96.478149513833031, 16.348222888837068 ], [ -96.478149540355432, 16.348222879898557 ], [ -96.478420220351907, 16.347803110218319 ], [ -96.478719709849486, 16.3470862807965 ], [ -96.478935420054214, 16.346409650892472 ], [ -96.47905644921093, 16.346030020260375 ], [ -96.478861111507626, 16.345797090034942 ], [ -96.478478512453179, 16.345627841373073 ], [ -96.478478487655096, 16.34562783052586 ], [ -96.478409089463426, 16.345387339755518 ], [ -96.47872097988396, 16.344945340878247 ], [ -96.47878470821702, 16.344581580002064 ], [ -96.4787847374661, 16.344581572969414 ], [ -96.47899071756558, 16.344532359373297 ], [ -96.478990744948433, 16.344532352271173 ], [ -96.478990774197513, 16.34453234523842 ], [ -96.479072051387689, 16.344512926480096 ], [ -96.47907207963182, 16.344512921214481 ], [ -96.479072109454535, 16.344512923225835 ], [ -96.479735050378437, 16.344552307573657 ], [ -96.479735080201181, 16.344552309584824 ], [ -96.479730815062851, 16.344539967665995 ], [ -96.479631880092711, 16.344253659798735 ], [ -96.479437310261503, 16.343882571098803 ], [ -96.479082049908968, 16.34409148071548 ], [ -96.478850144272585, 16.344118637022042 ], [ -96.478754118560857, 16.344129881184369 ], [ -96.478444118989572, 16.34408729078665 ], [ -96.477988218601553, 16.343944571105254 ], [ -96.478237285435355, 16.343844783083526 ], [ -96.4783107925455, 16.343815332204088 ], [ -96.478430628855818, 16.343767319568219 ], [ -96.478661000034137, 16.343668050029617 ], [ -96.478928709559867, 16.343462719567992 ], [ -96.479016927800203, 16.343363309641038 ], [ -96.479196228835661, 16.343161259646966 ], [ -96.479343709776032, 16.342811550720086 ], [ -96.479448029953332, 16.342295250724323 ], [ -96.479421840762029, 16.342137582459838 ], [ -96.479389019797935, 16.341939969834552 ], [ -96.479316919416661, 16.341566200445254 ], [ -96.479189019609635, 16.341247680647374 ], [ -96.478977429785871, 16.340906059957142 ], [ -96.478931778602458, 16.340510620730715 ], [ -96.479147979501974, 16.34026072061722 ], [ -96.479277678775091, 16.340171860187809 ], [ -96.479383249970198, 16.339870430425471 ], [ -96.479431070299853, 16.339740413756367 ], [ -96.479477479925393, 16.339614229781702 ], [ -96.479441218707208, 16.339415920012318 ], [ -96.479284829759976, 16.339209480065705 ], [ -96.478997429149345, 16.339153091170765 ], [ -96.478650848835116, 16.339246399670987 ], [ -96.478231369271029, 16.339086920522437 ], [ -96.474665018722192, 16.33889330993075 ], [ -96.470258630442885, 16.335160650326326 ], [ -96.468023519171723, 16.332776850894408 ], [ -96.466441089699074, 16.332023740776879 ], [ -96.466343979184842, 16.331667580118793 ], [ -96.466114369850843, 16.331104911333512 ], [ -96.465729718767832, 16.330669340370282 ], [ -96.46529686026372, 16.330141880407005 ], [ -96.46532019963891, 16.329992310180863 ], [ -96.465462579099366, 16.329692780510431 ], [ -96.465795489543581, 16.329185571166388 ], [ -96.465961489113255, 16.32881688100883 ], [ -96.4657082586927, 16.328323369706514 ], [ -96.465407750289557, 16.327979399836043 ], [ -96.465035548837875, 16.32765878073883 ], [ -96.464686630114215, 16.327165569711962 ], [ -96.464350680419912, 16.326936801061766 ], [ -96.464096679170638, 16.326270749976501 ], [ -96.452521949701421, 16.312915520026689 ], [ -96.440536978967657, 16.318305479973759 ], [ -96.436335219821075, 16.319833290933055 ], [ -96.43636968919121, 16.319687659556198 ], [ -96.437083849832533, 16.318627480099313 ], [ -96.437028660265881, 16.317632249583689 ], [ -96.436699978676643, 16.31700911024398 ], [ -96.436738750450431, 16.316802800080509 ], [ -96.436280620387308, 16.316343090796028 ], [ -96.433967349235047, 16.31527717034411 ], [ -96.434119489573519, 16.314617720500376 ], [ -96.434775049974462, 16.314995221147846 ], [ -96.435126769485365, 16.314512829733442 ], [ -96.435064719877772, 16.313842309758797 ], [ -96.434907150343264, 16.313617970793011 ], [ -96.435154179611544, 16.312001890211899 ], [ -96.434950849718533, 16.311301890360415 ], [ -96.435664309055667, 16.31071175112109 ], [ -96.436114689910468, 16.310013650732301 ], [ -96.434649309048325, 16.30882946130998 ], [ -96.434581260368148, 16.308720721210388 ], [ -96.434678939699907, 16.308401631278915 ], [ -96.434936940101295, 16.308132890584499 ], [ -96.434913400205858, 16.308056920534476 ], [ -96.434842090026308, 16.307982651048004 ], [ -96.43427008987355, 16.308139939868013 ], [ -96.433626709106832, 16.307972180271687 ], [ -96.433509480405064, 16.307640430960209 ], [ -96.433339819842217, 16.306789420412027 ], [ -96.433516679009202, 16.306547860472005 ], [ -96.434116799892976, 16.306499719815754 ], [ -96.434233289840748, 16.306215030884847 ], [ -96.43392868969211, 16.305777580867339 ], [ -96.433204260209621, 16.305144429925498 ], [ -96.433269538986153, 16.304904819634377 ], [ -96.433866578898147, 16.30467685081144 ], [ -96.434006719598401, 16.304438089951478 ], [ -96.433849569284803, 16.304064970574739 ], [ -96.433918979019722, 16.303759659994171 ], [ -96.434532549948443, 16.30312721984874 ], [ -96.434800539240499, 16.302691379582093 ], [ -96.434717550272666, 16.302103830853881 ], [ -96.434069258812301, 16.3022406500443 ], [ -96.433472658997132, 16.302070319830435 ], [ -96.432425659498605, 16.302391619545787 ], [ -96.432335288785637, 16.302313579750077 ], [ -96.432719049499582, 16.301700150297776 ], [ -96.433195518951237, 16.301200379819331 ], [ -96.429530219014552, 16.292165551145125 ], [ -96.428604259916582, 16.289504740219769 ], [ -96.422205999413876, 16.282661021016644 ], [ -96.419020709993433, 16.281429260939998 ], [ -96.41559490923737, 16.279824860245917 ], [ -96.406816079365569, 16.27425815044667 ], [ -96.404507618858347, 16.273078029596636 ], [ -96.399487200146055, 16.267414720736724 ], [ -96.396770580013552, 16.264487320980255 ], [ -96.388817170065025, 16.267459029694919 ], [ -96.389456510255229, 16.262481140889214 ], [ -96.389252690006828, 16.259849110002421 ], [ -96.389490820236446, 16.254812311113806 ], [ -96.38973375042913, 16.249112459720926 ], [ -96.391413121019028, 16.250534475760894 ], [ -96.391426236458017, 16.250545580356611 ], [ -96.392098516285472, 16.251114825571992 ], [ -96.392099631399375, 16.251115768928422 ], [ -96.392646395704006, 16.251578729022199 ], [ -96.392661633119957, 16.25159163134164 ], [ -96.393006896854047, 16.251883972360968 ], [ -96.393073572190815, 16.251940428420117 ], [ -96.393657047449608, 16.252434463877197 ], [ -96.393683683509238, 16.252457016410446 ], [ -96.3944864173897, 16.253136696455758 ], [ -96.394494310085705, 16.25314337349203 ], [ -96.396117817562214, 16.254517966666103 ], [ -96.396409221596286, 16.254764686404688 ], [ -96.396461429988008, 16.25480888983655 ], [ -96.396455813388343, 16.254837072956008 ], [ -96.396414385106283, 16.25504495982376 ], [ -96.396261910059522, 16.255810081208747 ], [ -96.396934025142755, 16.255867383003547 ], [ -96.397039448967107, 16.255876370344584 ], [ -96.397050256472014, 16.255907192628289 ], [ -96.39714821948705, 16.25618652116486 ], [ -96.397220970251198, 16.256427750153755 ], [ -96.397413030273924, 16.256634080687075 ], [ -96.397640739867953, 16.256759800581225 ], [ -96.397784488698179, 16.256828320346088 ], [ -96.398442978874442, 16.257010030874504 ], [ -96.398634369878835, 16.25703234064672 ], [ -96.398777828717016, 16.25700891103202 ], [ -96.399028998972781, 16.25700803129974 ], [ -96.3994592897606, 16.256937541019862 ], [ -96.399699259272154, 16.257155179785432 ], [ -96.39971234972775, 16.257454140519766 ], [ -96.399857219870341, 16.257821631248724 ], [ -96.400228458997233, 16.257946860226646 ], [ -96.400443228680103, 16.257819620121026 ], [ -96.400622230144648, 16.257704049620585 ], [ -96.400956740440961, 16.257622350264104 ], [ -96.401495319188271, 16.257735551277335 ], [ -96.401651050151585, 16.25780395103379 ], [ -96.401998569022197, 16.257963750486322 ], [ -96.402502369654712, 16.258376029891309 ], [ -96.402587569237198, 16.258766720215036 ], [ -96.402792150199645, 16.259088079789795 ], [ -96.40317601947082, 16.259420201298173 ], [ -96.40335592016902, 16.259534601207037 ], [ -96.403595180274138, 16.259556770284185 ], [ -96.403870399381049, 16.259590321276839 ], [ -96.404086339568792, 16.259773520794631 ], [ -96.404218648707854, 16.259980090941767 ], [ -96.404508949721745, 16.260830060663761 ], [ -96.404531428734117, 16.260938141061406 ], [ -96.404551889092374, 16.261082910860047 ], [ -96.40492462025054, 16.261470651174861 ], [ -96.405201429777748, 16.261790199759698 ], [ -96.405489218758731, 16.262006219850573 ], [ -96.405562036336107, 16.262138118075768 ], [ -96.405655179619473, 16.262306830012548 ], [ -96.405911739419167, 16.26256072016718 ], [ -96.406300308692025, 16.262659520128715 ], [ -96.406772871511762, 16.262809889782684 ], [ -96.406915019113256, 16.262855119851082 ], [ -96.407501349342056, 16.262736920664672 ], [ -96.408062218764087, 16.262085549633269 ], [ -96.408723180058047, 16.261244780739503 ], [ -96.409121619563507, 16.26059141986952 ], [ -96.409297578829268, 16.25955920030469 ], [ -96.409567720214824, 16.258778880919543 ], [ -96.4101228001783, 16.258566261091289 ], [ -96.410226819651953, 16.258066020947822 ], [ -96.410267110059777, 16.257470950922553 ], [ -96.410151549988257, 16.256372479627284 ], [ -96.410421278729103, 16.255623490171029 ], [ -96.411050028695342, 16.254990720968696 ], [ -96.411705828847417, 16.254528550790113 ], [ -96.412264580274439, 16.254033879696717 ], [ -96.41279371923639, 16.253319401257208 ], [ -96.413415799452181, 16.252950860311064 ], [ -96.413715519295167, 16.252390320453333 ], [ -96.414111858615172, 16.251893650058552 ], [ -96.414518778961948, 16.251515251038782 ], [ -96.414850248886566, 16.250895320157053 ], [ -96.415019379343448, 16.25032539978929 ], [ -96.415502909660489, 16.249563430490372 ], [ -96.416591508754323, 16.249616600260328 ], [ -96.417835579271468, 16.249267780553325 ], [ -96.418813629180704, 16.248655720945649 ], [ -96.419846908779618, 16.247940340091418 ], [ -96.420316450047423, 16.247228719924191 ], [ -96.422069549889343, 16.24869834045148 ], [ -96.425394310104792, 16.251485920456666 ], [ -96.428159540378317, 16.253493521082476 ], [ -96.43066059882203, 16.255360910238412 ], [ -96.432550420159131, 16.256773050747814 ], [ -96.435244509749865, 16.253279680949156 ], [ -96.440471799424216, 16.244275370466017 ], [ -96.443685260041619, 16.238741980988344 ], [ -96.444135650223757, 16.238996320230257 ], [ -96.453757878655509, 16.243664031032822 ], [ -96.454221918946672, 16.243860260557252 ], [ -96.455072450256282, 16.244244771221183 ], [ -96.456282119501608, 16.244839141037563 ], [ -96.461625139334444, 16.247411479721979 ], [ -96.464346598879459, 16.241022089897307 ], [ -96.46435416869349, 16.241065710037258 ], [ -96.46456188927462, 16.242257139627224 ], [ -96.464778198889093, 16.24349772016684 ], [ -96.468485659381898, 16.250890339612965 ], [ -96.468939079151156, 16.255548769628128 ], [ -96.474282659331692, 16.278000310534505 ], [ -96.47642605960246, 16.281453779742026 ], [ -96.47970902578632, 16.288562112375054 ], [ -96.480353649371949, 16.289957779786185 ], [ -96.48192337050402, 16.29335642191116 ], [ -96.486131888796962, 16.302467599536449 ], [ -96.494298198404422, 16.316387579457871 ], [ -96.494333769013622, 16.316360119964397 ], [ -96.494333799045464, 16.316360116567239 ], [ -96.494834588673527, 16.316304234580848 ], [ -96.494834618705426, 16.316304231183512 ], [ -96.498278250208088, 16.318085249658186 ], [ -96.499934619896962, 16.318997740051323 ], [ -96.500001279636535, 16.319034660086057 ], [ -96.500305090290738, 16.319202950559024 ], [ -96.500784459680247, 16.319468499082266 ], [ -96.500880848749958, 16.319521891142895 ], [ -96.502128446906411, 16.320276249683463 ], [ -96.502128478411294, 16.320276256263554 ], [ -96.502454349697004, 16.320352105408528 ], [ -96.502454378403087, 16.320352111884937 ], [ -96.502454408113607, 16.320352116594098 ], [ -96.503305889921734, 16.320498315223901 ], [ -96.503305918699425, 16.320498319898412 ], [ -96.503024821791612, 16.320660933227924 ], [ -96.503023769954154, 16.320661540267089 ], [ -96.503044539225982, 16.320661664264154 ], [ -96.503044568182588, 16.320661664434166 ], [ -96.50350854462603, 16.320664406458025 ], [ -96.503508573582636, 16.320664406628026 ], [ -96.503528050178005, 16.320664520587059 ], [ -96.503528079134597, 16.320664520757045 ], [ -96.503528319976638, 16.320665137770028 ], [ -96.503615858639222, 16.32088820101141 ], [ -96.503635569968623, 16.320938430188303 ], [ -96.505070683130072, 16.324595076439952 ], [ -96.505073080304399, 16.324601180309976 ], [ -96.505073053788195, 16.324601189253016 ], [ -96.503291626397669, 16.325162821649069 ], [ -96.503291576989398, 16.325162842375214 ], [ -96.503108379588824, 16.325253830610418 ], [ -96.50296481908623, 16.325355619925926 ], [ -96.502835150365982, 16.325502950125628 ], [ -96.502258999746786, 16.326487911251533 ], [ -96.501585279844164, 16.32750562040102 ], [ -96.500943060108909, 16.328481890544182 ], [ -96.500736689544794, 16.328864620969068 ], [ -96.500593709681254, 16.329337350105089 ], [ -96.500537048928209, 16.329851710771244 ], [ -96.500517400160192, 16.330421050419147 ], [ -96.500489750080689, 16.331035430003723 ], [ -96.500585018845484, 16.331323050740792 ], [ -96.500779459658574, 16.3316224599746 ], [ -96.501093920404486, 16.331888350333962 ], [ -96.501217180051071, 16.332074980754147 ], [ -96.501220978717456, 16.332272380091251 ], [ -96.501144679726664, 16.332566369576316 ], [ -96.50098382952595, 16.332935630354733 ], [ -96.50078959958239, 16.333338540916433 ], [ -96.500589489215372, 16.333868311168068 ], [ -96.500407719782885, 16.3345559701756 ], [ -96.500254480195537, 16.335428220089586 ], [ -96.500223889641703, 16.335733139835583 ], [ -96.500155710159106, 16.336203649886347 ], [ -96.499951849689282, 16.336836851083419 ], [ -96.49976144879966, 16.337080829985108 ], [ -96.499545629326846, 16.337283940646874 ], [ -96.498908250070741, 16.337632941161928 ], [ -96.498359880455595, 16.337941079853486 ], [ -96.498264739407958, 16.337987799581171 ], [ -96.498264710232874, 16.337987804815711 ], [ -96.498058277404567, 16.338019795879653 ], [ -96.498058248265295, 16.338019800213299 ], [ -96.498058222679106, 16.338019809189834 ], [ -96.497990884729717, 16.33804575892341 ], [ -96.497990860004975, 16.338045769736407 ], [ -96.497974380338377, 16.338112771057204 ], [ -96.498000149578573, 16.338183110179177 ], [ -96.498077537893678, 16.338259450419343 ], [ -96.498077566531592, 16.338259458698687 ], [ -96.498346512892184, 16.338340511348346 ], [ -96.498346539664126, 16.338340519558471 ], [ -96.497998199095392, 16.339438150955083 ], [ -96.49784228864209, 16.339816489816787 ], [ -96.49768190927179, 16.339963660443519 ], [ -96.497681882752232, 16.339963669385483 ], [ -96.497460594819131, 16.340039970358855 ], [ -96.497460568299473, 16.340039979300681 ], [ -96.49732587965525, 16.340149940903359 ], [ -96.497156020053609, 16.340339380505647 ], [ -96.496973219268369, 16.34060569080264 ], [ -96.49677581917382, 16.341308879946485 ], [ -96.496709029904736, 16.341841880378272 ], [ -96.496700659730152, 16.342002289594241 ], [ -96.496735919879669, 16.342212170232763 ], [ -96.496818419554359, 16.342447029804916 ], [ -96.496816800038374, 16.342590891162342 ], [ -96.49665377909011, 16.343032451012746 ], [ -96.49657811014778, 16.343342120988513 ], [ -96.496519220045215, 16.343837120768963 ], [ -96.496456879978297, 16.344192230674178 ], [ -96.496397019835982, 16.344371550774056 ], [ -96.496287980402627, 16.344552660481643 ], [ -96.495936719117338, 16.344747460774038 ], [ -96.495845288954698, 16.344918580036794 ], [ -96.495811349670717, 16.345129110542405 ], [ -96.495809919203424, 16.345231910387731 ], [ -96.49592241951936, 16.345412109645832 ], [ -96.495964950018845, 16.345538229792229 ], [ -96.495963119111153, 16.345630940167339 ], [ -96.495922919761469, 16.345685510389774 ], [ -96.495789450003741, 16.345790289568267 ], [ -96.490175480271972, 16.349417260484127 ], [ -96.49017545288865, 16.349417267588411 ], [ -96.49005684704612, 16.349448023095867 ], [ -96.490056819662783, 16.349448030200023 ], [ -96.490056790484985, 16.34944803543311 ], [ -96.485030767963934, 16.350393105075614 ], [ -96.485030739718866, 16.350393110342338 ], [ -96.485030778960081, 16.35038865454711 ], [ -96.485035738871247, 16.34984311073493 ], [ -96.485072278769138, 16.349680351106183 ], [ -96.48505118011613, 16.349562910254765 ], [ -96.484955017825939, 16.349337001124876 ], [ -96.484975579953343, 16.349139571026612 ], [ -96.48506153873214, 16.348937341191544 ], [ -96.485098600052908, 16.348656420378276 ], [ -96.48519339967433, 16.348532381750896 ], [ -96.485217829442774, 16.348343060898529 ], [ -96.485337678926783, 16.348100739820875 ], [ -96.485537479313805, 16.347771891023303 ], [ -96.485706289584215, 16.347510750818387 ], [ -96.485832478914489, 16.347280861293566 ], [ -96.485889079230361, 16.347202249824587 ], [ -96.48602711791645, 16.347106820190525 ], [ -96.486287965225401, 16.347002220571643 ], [ -96.486287995479515, 16.347002211770235 ], [ -96.486382151402751, 16.346972790912506 ], [ -96.486382178857497, 16.346972782007089 ], [ -96.486382205343304, 16.34697277396798 ], [ -96.486418492902942, 16.346961497900772 ], [ -96.486418520321877, 16.346961489896277 ], [ -96.486346258954796, 16.346739521063078 ], [ -96.48628901882185, 16.346637910023237 ], [ -96.486282678846152, 16.346548922720725 ], [ -96.486282656021075, 16.346548909241285 ], [ -96.486165649908045, 16.346476140156405 ], [ -96.486165621197301, 16.346476133676486 ], [ -96.485990766333714, 16.346436389229147 ], [ -96.485990737622984, 16.346436382749125 ], [ -96.485990708661021, 16.346436382575813 ], [ -96.485975610108312, 16.346436691605884 ], [ -96.485975580177339, 16.346436692298767 ], [ -96.485975550246437, 16.346436692991698 ], [ -96.485842479183589, 16.346439419076777 ], [ -96.485842449252615, 16.346439419769606 ], [ -96.485842420972503, 16.346439425937469 ], [ -96.485563047482046, 16.346498613665801 ], [ -96.485563018268792, 16.346498619798915 ], [ -96.485562989163228, 16.34649862322922 ], [ -96.485074288435129, 16.346549966354338 ], [ -96.485074258396438, 16.346549969749805 ], [ -96.48497438039135, 16.346634860849147 ], [ -96.484931938619553, 16.346714280247301 ], [ -96.484931909442139, 16.346714285479319 ], [ -96.484856337092538, 16.346727414995826 ], [ -96.484856307915109, 16.346727420227865 ], [ -96.484856278988985, 16.346727419153339 ], [ -96.484855504551248, 16.346727389482648 ], [ -96.484846489397853, 16.346727042862998 ], [ -96.48483670070398, 16.346726667507692 ], [ -96.484836670844743, 16.346726666398467 ], [ -96.484836640985492, 16.346726665289296 ], [ -96.484634359279781, 16.346718902753739 ], [ -96.484432078493981, 16.346711140878419 ], [ -96.484432048634744, 16.346711139769145 ], [ -96.484432018883211, 16.34671113595703 ], [ -96.484093278934935, 16.346667745030729 ], [ -96.484093249183488, 16.346667741218585 ], [ -96.484093219252458, 16.346667741911119 ], [ -96.48408260615571, 16.346668168673578 ], [ -96.484082576188769, 16.346668170267058 ], [ -96.484082546221899, 16.346668171860532 ], [ -96.48400079942023, 16.34667145964865 ], [ -96.484000769453289, 16.346671461242131 ], [ -96.484000740778512, 16.346671453860885 ], [ -96.483995970432616, 16.346670136156174 ], [ -96.483995941793737, 16.34667012787401 ], [ -96.483995914052088, 16.346670120527374 ], [ -96.483874256983114, 16.346636488738778 ], [ -96.483874228344263, 16.346636480456539 ], [ -96.48387419934636, 16.346636481183655 ], [ -96.483859670561117, 16.346637171175207 ], [ -96.48385964059419, 16.346637172768606 ], [ -96.483859610627263, 16.346637174362048 ], [ -96.483750908639522, 16.346642339659756 ], [ -96.483750872930329, 16.346642344648895 ], [ -96.48355779869523, 16.346723891219437 ], [ -96.483352688878753, 16.34688975066377 ], [ -96.483208168788877, 16.347059780466779 ], [ -96.48308381672868, 16.347203849658207 ], [ -96.483070349794147, 16.347195833305804 ], [ -96.482893058855467, 16.347090322733393 ], [ -96.482893032154578, 16.347090312718446 ], [ -96.482750915882534, 16.347040491752605 ], [ -96.482750888212621, 16.34704048260393 ], [ -96.482750859358347, 16.347040479727085 ], [ -96.482655059213172, 16.347036765323999 ], [ -96.482559259073227, 16.347033050859125 ], [ -96.482559229213948, 16.347033049749456 ], [ -96.482559200539171, 16.347033042367904 ], [ -96.482289456152827, 16.346966230433491 ], [ -96.482289428447061, 16.346966222185646 ], [ -96.482289399628655, 16.346966218407818 ], [ -96.482114888254202, 16.346945126659438 ], [ -96.482114858502683, 16.346945122846911 ], [ -96.482114828643418, 16.346945121737189 ], [ -96.482099513168663, 16.346944916139162 ], [ -96.482099483273473, 16.34694491593028 ], [ -96.482099453378282, 16.346944915721462 ], [ -96.481522749491887, 16.346937181841454 ], [ -96.481522719596711, 16.346937181632537 ], [ -96.481522692249342, 16.346937187834254 ], [ -96.481119208218118, 16.347034443372795 ], [ -96.481119174231267, 16.347034452034439 ], [ -96.480771403646699, 16.347178130702748 ], [ -96.480771378954913, 16.34717814061214 ], [ -96.48056116925892, 16.34741997052641 ], [ -96.480541909022165, 16.34743308094145 ], [ -96.480541878983161, 16.3474330843361 ], [ -96.480503058247223, 16.347437378673938 ], [ -96.480503028208219, 16.347437382068577 ], [ -96.480502999317906, 16.347437380092263 ], [ -96.480489599547326, 16.347435954395916 ], [ -96.480489569759825, 16.347435951483924 ], [ -96.480489539972382, 16.347435948571995 ], [ -96.480465429630783, 16.347433384824615 ], [ -96.480465395249681, 16.34743337993736 ], [ -96.480426222735815, 16.347414134393848 ], [ -96.480426198906244, 16.347414122680679 ], [ -96.480401709310271, 16.347379921038616 ], [ -96.48036301874572, 16.347344419993291 ], [ -96.480312378752402, 16.347314382771025 ], [ -96.480312352051712, 16.347314372755633 ], [ -96.480258606900122, 16.347296610992622 ], [ -96.48025857923038, 16.347296601843489 ], [ -96.480258554467738, 16.347296590095542 ], [ -96.480182502552353, 16.347257215109014 ], [ -96.48018247782565, 16.34725720246011 ], [ -96.48018245209397, 16.347257191578446 ], [ -96.4798194732506, 16.347101212617666 ], [ -96.479819447519048, 16.347101201735992 ], [ -96.479819420818359, 16.347101191720419 ], [ -96.479685346246455, 16.347052461683322 ], [ -96.479685318612752, 16.347052451633118 ], [ -96.479685290907184, 16.347052443384758 ], [ -96.479606706909436, 16.347032489226766 ], [ -96.479606678234816, 16.347032481844636 ], [ -96.479606649524271, 16.347032475363456 ], [ -96.479533107193646, 16.347015728537421 ], [ -96.479533078483115, 16.34701572205616 ], [ -96.479533051099793, 16.347015729158457 ], [ -96.479525859746047, 16.347017826617879 ], [ -96.479525831393687, 16.347017834586413 ], [ -96.47952580397434, 16.347017842589551 ], [ -96.479499286149618, 16.34702557252421 ], [ -96.479499257797244, 16.347025580492701 ], [ -96.47948681790399, 16.347038420145452 ], [ -96.479460630027532, 16.347104181213325 ], [ -96.47944933933087, 16.347210741222565 ], [ -96.479440459664872, 16.347341431084786 ], [ -96.479437489420164, 16.347458820142801 ], [ -96.479463509142192, 16.347514280486529 ], [ -96.479506909197141, 16.347583570217516 ], [ -96.479557659376937, 16.347633171329615 ], [ -96.479642150387519, 16.347686049896009 ], [ -96.479798399865388, 16.347770680421629 ], [ -96.479936999860826, 16.347858121115461 ], [ -96.480055709031504, 16.347951170562467 ], [ -96.480119090090767, 16.348015183066522 ], [ -96.48019590750242, 16.34817477050985 ], [ -96.480195933234285, 16.34817478139151 ], [ -96.480415517153205, 16.348270632646425 ], [ -96.480985048922975, 16.348609740734858 ], [ -96.481197828604024, 16.348828830628428 ], [ -96.48124917890938, 16.349017220925113 ], [ -96.481230260108021, 16.349251371242246 ], [ -96.481217309267933, 16.349440891312867 ], [ -96.481121150224922, 16.349604680319441 ], [ -96.481000119967831, 16.34970768047539 ], [ -96.481000094342477, 16.349707690350169 ], [ -96.480793194609419, 16.349786589844193 ], [ -96.480793168050894, 16.349786599684325 ], [ -96.480859690353839, 16.349868020997977 ], [ -96.480859720213715, 16.349868022107955 ], [ -96.48096734510942, 16.349872640952722 ], [ -96.481074970012287, 16.349877259719587 ], [ -96.481074999872106, 16.349877260829501 ], [ -96.481213059770909, 16.350037050446417 ], [ -96.481214000331121, 16.350198890981627 ], [ -96.481323220203464, 16.350283910436797 ], [ -96.481239189807312, 16.350417721290089 ], [ -96.480871576072715, 16.350552140070587 ], [ -96.480871549514049, 16.350552149910598 ], [ -96.480871520515294, 16.350552150637192 ], [ -96.480692400270158, 16.350550021433229 ], [ -96.4806923703742, 16.350550021224144 ], [ -96.480692344605927, 16.350550011243399 ], [ -96.480336084682932, 16.350409131421291 ], [ -96.480336052454746, 16.350409119395813 ], [ -96.480139111891532, 16.350310412941525 ], [ -96.480139088061506, 16.350310401228256 ], [ -96.480048398604538, 16.350169770330396 ], [ -96.479913709927942, 16.349886259965562 ] ] ] ] } },
{ "type": "Feature", "properties": { "CVEGEO": "20112", "CVE_ENT": "20", "CVE_MUN": "112", "PAISAJE": "Valles Centrales", "ID_PAISA": 1, "NOM_MUN": "San Baltazar Chichicápam", "HAS_MUN": 9243.6, "RM": "R1" }, "geometry": { "type": "MultiPolygon", "coordinates": [ [ [ [ -96.484538369873874, 16.747152399916548 ], [ -96.485813369982253, 16.74749294992829 ], [ -96.486111029690491, 16.747575380058464 ], [ -96.487837450159674, 16.748046430208777 ], [ -96.488815379721956, 16.74831368968081 ], [ -96.488643110239153, 16.747237290458269 ], [ -96.488364220315248, 16.746980779796981 ], [ -96.488404199578085, 16.746523620226018 ], [ -96.488459580268966, 16.746211460307187 ], [ -96.488441030090613, 16.745941459929828 ], [ -96.488228290448518, 16.743573449831278 ], [ -96.488231139813351, 16.743418090299148 ], [ -96.488181690360847, 16.743251820361067 ], [ -96.487649089976699, 16.743038860121828 ], [ -96.486768770312409, 16.742207139716477 ], [ -96.486794290209772, 16.741838619579067 ], [ -96.486035170310387, 16.741519250345487 ], [ -96.485851780276334, 16.741200999581583 ], [ -96.485670490377032, 16.740351260436043 ], [ -96.485967850284865, 16.74010240039777 ], [ -96.485976369570579, 16.739905829876108 ], [ -96.485962449933169, 16.739712569706533 ], [ -96.486054709609235, 16.739622540414825 ], [ -96.486046250211601, 16.739592230109618 ], [ -96.486015250068149, 16.73957073987031 ], [ -96.485651749824427, 16.738721259666018 ], [ -96.485842710188507, 16.738062630151234 ], [ -96.485964089870592, 16.737611919976739 ], [ -96.485729709882236, 16.73653241983661 ], [ -96.48533807987161, 16.734902620340481 ], [ -96.485212349607849, 16.734438650241142 ], [ -96.485707349545237, 16.734505720095147 ], [ -96.485803780155933, 16.73439687981659 ], [ -96.485669450212612, 16.733931049580875 ], [ -96.485670859845214, 16.733863769645104 ], [ -96.485556279676985, 16.732935799782279 ], [ -96.485214850167026, 16.732197539966382 ], [ -96.485457479786092, 16.731206349855846 ], [ -96.486627179902698, 16.729267519572229 ], [ -96.48674774980941, 16.729065799984919 ], [ -96.486717520044536, 16.728863940182592 ], [ -96.486689969975316, 16.728658169741284 ], [ -96.486124090418457, 16.727474450258779 ], [ -96.48646509024222, 16.726653719804993 ], [ -96.486742889534924, 16.726594860336782 ], [ -96.487062139560365, 16.726588720226495 ], [ -96.487207849861122, 16.727017740274629 ], [ -96.487467600320215, 16.726761659813938 ], [ -96.487735050398484, 16.726532820137756 ], [ -96.487708320384357, 16.726219569710079 ], [ -96.488054489689418, 16.725596419546047 ], [ -96.487811460090455, 16.725375659632007 ], [ -96.487343619570353, 16.72508977963043 ], [ -96.487162879976651, 16.724869319818591 ], [ -96.487126600181881, 16.724738600142263 ], [ -96.487126750073841, 16.724375710412023 ], [ -96.487334169758526, 16.724217380319551 ], [ -96.48801867976583, 16.723519249751689 ], [ -96.487793659672121, 16.722719740432588 ], [ -96.487586139550046, 16.721684780004409 ], [ -96.487256060409422, 16.721042799875331 ], [ -96.487549939617068, 16.720040109575763 ], [ -96.48819254003682, 16.71906594043957 ], [ -96.48866513999468, 16.718414910217167 ], [ -96.488554020224001, 16.718322629689972 ], [ -96.485319689708078, 16.71669835013072 ], [ -96.477358819886362, 16.709972740236562 ], [ -96.4773194297088, 16.709942489861394 ], [ -96.475627150066288, 16.708521489628879 ], [ -96.471537459578087, 16.702035919640974 ], [ -96.469068740153318, 16.693253970284612 ], [ -96.466395450223601, 16.683586199900958 ], [ -96.462089740049436, 16.663535490179044 ], [ -96.476279579918, 16.669645250120301 ], [ -96.489384260144988, 16.671729879982998 ], [ -96.506319739622015, 16.697821089600534 ], [ -96.518196139987765, 16.706113319690228 ], [ -96.518222420197034, 16.707181940178739 ], [ -96.518477770330279, 16.717847250431497 ], [ -96.516995089994396, 16.723990250309424 ], [ -96.51663665996692, 16.730041950120402 ], [ -96.515621480298663, 16.7374199395963 ], [ -96.514735710353065, 16.743856829590623 ], [ -96.5139723498976, 16.750000030309046 ], [ -96.513693049961461, 16.752247629707934 ], [ -96.512955490176779, 16.756014219984543 ], [ -96.518496429742939, 16.756683999680991 ], [ -96.518693979896724, 16.756918029595777 ], [ -96.518747820115323, 16.756991570031946 ], [ -96.52326924977524, 16.762177750366963 ], [ -96.52766620041244, 16.769500880413801 ], [ -96.532328059930862, 16.777269309590626 ], [ -96.538666830054268, 16.787327060096597 ], [ -96.544904119895477, 16.796199599592807 ], [ -96.545594400213304, 16.797181460177534 ], [ -96.549188340274128, 16.80282308017896 ], [ -96.55206516962032, 16.80628481979284 ], [ -96.557972290009829, 16.818185750153077 ], [ -96.560687650407374, 16.82644647959216 ], [ -96.560441940141132, 16.831636859676504 ], [ -96.556728970407747, 16.844727169703106 ], [ -96.545575800137726, 16.848124179669131 ], [ -96.533845460231035, 16.851696090008236 ], [ -96.524637250080616, 16.839201970029986 ], [ -96.518659020439301, 16.832047479787796 ], [ -96.513129540469421, 16.829365569614328 ], [ -96.505735779805406, 16.825087089568459 ], [ -96.501967619996464, 16.821502260220274 ], [ -96.500992060088549, 16.819008339829907 ], [ -96.498954780417961, 16.815053980401423 ], [ -96.49417036958954, 16.801277119978682 ], [ -96.493038169645104, 16.798199229550772 ], [ -96.492312050176196, 16.796264290199812 ], [ -96.49172438039497, 16.794776180124241 ], [ -96.489694829946316, 16.792467260056714 ], [ -96.488044379826917, 16.790829779644074 ], [ -96.484973479651174, 16.788363919836655 ], [ -96.480405219582067, 16.785151260016764 ], [ -96.480134349980844, 16.784913199856497 ], [ -96.4800798600929, 16.78487478015165 ], [ -96.471378309852028, 16.777524830393713 ], [ -96.464867890080626, 16.774109380051115 ], [ -96.462920549590734, 16.772917029571062 ], [ -96.460441119860562, 16.770988920278274 ], [ -96.454824510456447, 16.766162620004526 ], [ -96.465994739796272, 16.761906179985122 ], [ -96.466566289818843, 16.759903279827085 ], [ -96.468474649948263, 16.755478280172692 ], [ -96.471207419851027, 16.750000580070171 ], [ -96.471372680221393, 16.749669339781985 ], [ -96.473590600079376, 16.747903060283875 ], [ -96.478384450215856, 16.743297889985005 ], [ -96.484538369873874, 16.747152399916548 ] ] ] ] } },
{ "type": "Feature", "properties": { "CVEGEO": "20064", "CVE_ENT": "20", "CVE_MUN": "064", "PAISAJE": "Sierra de Yautepec", "ID_PAISA": 2, "NOM_MUN": "Nejapa de Madero", "HAS_MUN": 50605.7, "RM": "R4" }, "geometry": { "type": "MultiPolygon", "coordinates": [ [ [ [ -95.957091289556786, 16.641075431259285 ], [ -95.957050620275652, 16.638583219765636 ], [ -95.956859970014648, 16.62702834958754 ], [ -95.954267450406576, 16.629019060770826 ], [ -95.952260649993306, 16.630546080015069 ], [ -95.949274680454963, 16.616900580102197 ], [ -95.929421320471761, 16.597826949870207 ], [ -95.92956734040591, 16.588070340452504 ], [ -95.941574059790355, 16.559787119566199 ], [ -95.948837320333041, 16.547495229894295 ], [ -95.960628659987862, 16.54376158020187 ], [ -95.998806690160251, 16.531340890452118 ], [ -95.984845290059766, 16.516921140599042 ], [ -95.982283519812839, 16.507292200207797 ], [ -95.983322429758189, 16.494823950737196 ], [ -95.982614059666801, 16.465576290563629 ], [ -95.986807289030409, 16.466947781240467 ], [ -95.999363478708219, 16.466427051149232 ], [ -96.018498089594431, 16.462896750003502 ], [ -96.027842779172104, 16.471399521061432 ], [ -96.018381319148617, 16.483298889836675 ], [ -96.032097949441038, 16.493264261574474 ], [ -96.03508707924567, 16.488808200138582 ], [ -96.047678569261592, 16.497196200613985 ], [ -96.059701249870059, 16.505204001044874 ], [ -96.059881939993829, 16.517303029753879 ], [ -96.059880719362596, 16.517722630890724 ], [ -96.06061764949709, 16.52338595204796 ], [ -96.058766490400487, 16.530034460541998 ], [ -96.055469998852203, 16.535522489944398 ], [ -96.04478915002403, 16.566543259985721 ], [ -96.046573519069327, 16.581424431148683 ], [ -96.0484522490149, 16.598968200933285 ], [ -96.049376919951257, 16.613148540605412 ], [ -96.049745460279198, 16.618799620854038 ], [ -96.048731799155206, 16.628327120506416 ], [ -96.057144689026572, 16.634547479703144 ], [ -96.060744119930717, 16.637208710421017 ], [ -96.053242920358016, 16.634405649786444 ], [ -96.04475717959761, 16.631234370328116 ], [ -96.037198000405539, 16.632331420297369 ], [ -96.033601650256387, 16.632291720556562 ], [ -96.021316419837405, 16.642946620197616 ], [ -96.021130882757149, 16.643107521007632 ], [ -96.021064030293346, 16.643165495540437 ], [ -96.019336482145874, 16.644663621451315 ], [ -96.019328146173393, 16.644670850854503 ], [ -96.019012046197417, 16.644944966324733 ], [ -96.018899388754733, 16.645042660197042 ], [ -96.018766794254944, 16.645157642119472 ], [ -96.018738580654556, 16.645182108725905 ], [ -96.018711320715994, 16.64520574868887 ], [ -96.018631284906917, 16.645275152273371 ], [ -96.01857838920742, 16.645321022124612 ], [ -96.018541836602651, 16.645352719761743 ], [ -96.018540942265602, 16.645353495514566 ], [ -96.018503937117799, 16.645385585771336 ], [ -96.018404656946728, 16.64547167768594 ], [ -96.010391230362856, 16.652420149985637 ], [ -96.001735743890308, 16.650921003286012 ], [ -96.00173526045397, 16.650920919674995 ], [ -95.983250830352432, 16.650944179861924 ], [ -95.969315749858083, 16.655202350990724 ], [ -95.966547819565903, 16.655652119733791 ], [ -95.954729750099077, 16.65794064959805 ], [ -95.957091289556786, 16.641075431259285 ] ] ], [ [ [ -95.582186449949845, 16.867313850420022 ], [ -95.581501489931867, 16.867340259757537 ], [ -95.580460720053523, 16.867075259821366 ], [ -95.57987288992733, 16.866627720369539 ], [ -95.579487949995908, 16.866118181298685 ], [ -95.578618479806181, 16.865458049542259 ], [ -95.578135079747781, 16.865364950016485 ], [ -95.577269119953684, 16.865449169671884 ], [ -95.577067059684495, 16.865468879706309 ], [ -95.564979399829227, 16.844386829592171 ], [ -95.565676910232128, 16.844468829766146 ], [ -95.566422829829136, 16.844660379992707 ], [ -95.566761979664349, 16.844444679898256 ], [ -95.566855309707222, 16.843939980007036 ], [ -95.566207719980085, 16.842856149802177 ], [ -95.566793909587091, 16.842689520352376 ], [ -95.567781680416005, 16.842895420123103 ], [ -95.568181400303999, 16.842538050366478 ], [ -95.568330539548668, 16.842270001024374 ], [ -95.568168229630572, 16.841844949800503 ], [ -95.568571260322784, 16.841535339731269 ], [ -95.569392140313823, 16.841424399600168 ], [ -95.569859889631871, 16.840977280289586 ], [ -95.569998310166497, 16.840518660064539 ], [ -95.570084450077772, 16.840090911318111 ], [ -95.570669399839815, 16.839640320117091 ], [ -95.571191689592581, 16.839632949532376 ], [ -95.571952449540561, 16.839625890328985 ], [ -95.572915170054998, 16.839121890302835 ], [ -95.57340353395783, 16.838782120255392 ], [ -95.573669539579996, 16.838597050362758 ], [ -95.573757925280773, 16.83850417144707 ], [ -95.574357720314396, 16.837873880344144 ], [ -95.574789680259343, 16.837362001282965 ], [ -95.574807002262617, 16.836822472565881 ], [ -95.574807079847673, 16.836820060277596 ], [ -95.574460757888758, 16.836203536829753 ], [ -95.574416539991347, 16.836124819703226 ], [ -95.57485637943536, 16.835770746792537 ], [ -95.574994199643228, 16.835659799747297 ], [ -95.575561490268768, 16.834422309695427 ], [ -95.575889685110567, 16.834072882101086 ], [ -95.576303079783585, 16.833632739910062 ], [ -95.576741629954057, 16.833147799567879 ], [ -95.577439679593269, 16.832336060362309 ], [ -95.578060820132805, 16.832007059991692 ], [ -95.578641909989358, 16.83179902135381 ], [ -95.579495879569777, 16.831655830248867 ], [ -95.579980179848647, 16.831529509549306 ], [ -95.580603489948771, 16.831361081068238 ], [ -95.581435310399485, 16.83119001963221 ], [ -95.582227599603399, 16.831180060236246 ], [ -95.582949890257083, 16.831246619880961 ], [ -95.583474979727754, 16.831074001315919 ], [ -95.584271350421147, 16.830676780942085 ], [ -95.584944919605249, 16.83016710968381 ], [ -95.585506999989917, 16.829521740353364 ], [ -95.585912219690201, 16.828856749882224 ], [ -95.586150549859184, 16.828253029753608 ], [ -95.586802109736823, 16.827317949843682 ], [ -95.587468249669811, 16.826497680097074 ], [ -95.587985510130238, 16.825991420555507 ], [ -95.588287890020311, 16.825354629865025 ], [ -95.588966450433375, 16.824749889997687 ], [ -95.589341859726886, 16.824350370158704 ], [ -95.590000220013607, 16.824220860449916 ], [ -95.590539800222246, 16.824151459630695 ], [ -95.591227879897019, 16.824263090315089 ], [ -95.591660289843901, 16.824242109559229 ], [ -95.592179090369754, 16.824311339973974 ], [ -95.592875769545216, 16.823766580277855 ], [ -95.593669970003674, 16.823277320420353 ], [ -95.594205430334242, 16.82303536995828 ], [ -95.594873920165185, 16.822825059814079 ], [ -95.595381459681789, 16.822929030436814 ], [ -95.595628739947372, 16.82219845985221 ], [ -95.595168800372505, 16.822070420270911 ], [ -95.594367060275047, 16.821731180374467 ], [ -95.593833089802331, 16.821524140077269 ], [ -95.593253970322095, 16.821444740310131 ], [ -95.592831950234512, 16.821396419580857 ], [ -95.592245510231166, 16.821006399678463 ], [ -95.591730999584058, 16.820603290756512 ], [ -95.591398880057554, 16.820288280293944 ], [ -95.591222769976866, 16.81995830958855 ], [ -95.591035420443504, 16.819663150316504 ], [ -95.590787979524578, 16.819369290833528 ], [ -95.590477510457021, 16.818950149584079 ], [ -95.590132030231757, 16.818577860399021 ], [ -95.589519150195414, 16.818084850043213 ], [ -95.589271970465177, 16.817802459724941 ], [ -95.588734479608348, 16.817445879588131 ], [ -95.588224769983228, 16.817249881302825 ], [ -95.587646250185969, 16.817193400392014 ], [ -95.587293320254403, 16.81701702098249 ], [ -95.586443119690117, 16.816655690076725 ], [ -95.585775290376219, 16.816382549616591 ], [ -95.585211859560886, 16.815945889659883 ], [ -95.584254660433189, 16.815126619630231 ], [ -95.583746119980603, 16.814470060108675 ], [ -95.583142139623362, 16.813904849575945 ], [ -95.582369449659438, 16.81395833996072 ], [ -95.582049459863143, 16.814124879982174 ], [ -95.581271220301701, 16.814445350396785 ], [ -95.58060008985737, 16.814783719561063 ], [ -95.579989320202799, 16.815012460035096 ], [ -95.579836859981313, 16.815943680382272 ], [ -95.578637490195064, 16.815582920582472 ], [ -95.578044019797645, 16.815409029726453 ], [ -95.577485820241009, 16.815512489879762 ], [ -95.576799230028158, 16.815527829727618 ], [ -95.576493630271671, 16.81589728997066 ], [ -95.57595368949238, 16.81577645114622 ], [ -95.574456780123555, 16.816574849816455 ], [ -95.57410919971808, 16.816507340185701 ], [ -95.57380818011741, 16.816276740584573 ], [ -95.573374780406141, 16.815672620320949 ], [ -95.572406979587214, 16.815533289603664 ], [ -95.571583000290005, 16.815820310290711 ], [ -95.571413110156158, 16.816120569935968 ], [ -95.571013319518642, 16.816645581200408 ], [ -95.57051292023543, 16.817014089816944 ], [ -95.570204179623232, 16.817450879836588 ], [ -95.569855259640875, 16.818080980086602 ], [ -95.569317600286709, 16.818375319847043 ], [ -95.568430830437393, 16.818336979719049 ], [ -95.567862289606168, 16.818327429703825 ], [ -95.56771784964242, 16.81875027966262 ], [ -95.567544089900011, 16.819635570284738 ], [ -95.567461380280434, 16.820407220242704 ], [ -95.566770709615881, 16.82067742970214 ], [ -95.566083090310343, 16.820880320937682 ], [ -95.565461980437732, 16.821131459676653 ], [ -95.564708460348399, 16.821579060208855 ], [ -95.563577149701828, 16.821891259720719 ], [ -95.562910020106088, 16.821322230130228 ], [ -95.562365750421819, 16.821126110299613 ], [ -95.561275249857758, 16.821347749822596 ], [ -95.560808909711184, 16.821461510567925 ], [ -95.559805049942895, 16.821652739941499 ], [ -95.559240050170871, 16.821733309644582 ], [ -95.558714570186453, 16.821898280424765 ], [ -95.55794971960546, 16.821592579818375 ], [ -95.558045799641064, 16.821072570981144 ], [ -95.557495490009188, 16.820163649805185 ], [ -95.556917109533401, 16.819600720621477 ], [ -95.556373970285122, 16.819002399998659 ], [ -95.556017780106558, 16.818169820133551 ], [ -95.555988570327955, 16.818010109803765 ], [ -95.558295770308092, 16.816998919667217 ], [ -95.564672799549797, 16.811207140007919 ], [ -95.569161060210774, 16.779402800199883 ], [ -95.56821338039488, 16.777365059569551 ], [ -95.568087950040265, 16.768567749937223 ], [ -95.581076230001344, 16.756290520324043 ], [ -95.582514709643732, 16.754934910427703 ], [ -95.582553949496685, 16.754894821312686 ], [ -95.582618920314928, 16.7548364009503 ], [ -95.585280120211479, 16.752321350769648 ], [ -95.591416690129279, 16.746330020089353 ], [ -95.600825580315842, 16.739135229846994 ], [ -95.611886170034339, 16.713082150152271 ], [ -95.612141249542574, 16.71223413981901 ], [ -95.612387860446404, 16.711988420199656 ], [ -95.612902460380568, 16.711909569912784 ], [ -95.613290969569292, 16.712132260710966 ], [ -95.613484280276637, 16.71279573977008 ], [ -95.613626539856511, 16.713310750292194 ], [ -95.613807599972688, 16.713963019914306 ], [ -95.614061520407503, 16.714659860788156 ], [ -95.614467429567313, 16.715146800074727 ], [ -95.615269120368225, 16.715626090401383 ], [ -95.616188369791331, 16.715976740466331 ], [ -95.61698562949708, 16.716226140909225 ], [ -95.617512140005047, 16.716745219587494 ], [ -95.617839459971009, 16.717509690463942 ], [ -95.617983800386526, 16.718128170415312 ], [ -95.618056939973997, 16.718782420968004 ], [ -95.618393780219648, 16.719420230083358 ], [ -95.618776690442729, 16.719965060432472 ], [ -95.619471739835163, 16.720503949726083 ], [ -95.619868309837372, 16.721129090291189 ], [ -95.620553319844703, 16.721771689904873 ], [ -95.621100369958697, 16.722117910944903 ], [ -95.62209371947678, 16.721963081284304 ], [ -95.623046429559508, 16.722302220175674 ], [ -95.623709420142774, 16.72278550995502 ], [ -95.624374430425618, 16.723171179589887 ], [ -95.625029109885119, 16.723492260438434 ], [ -95.625495910008411, 16.723425820378186 ], [ -95.62641500025606, 16.723313079841752 ], [ -95.626953219891348, 16.722674019586794 ], [ -95.627309119800401, 16.722037280335112 ], [ -95.633570019633254, 16.721419320169677 ], [ -95.627231449749814, 16.726774630218671 ], [ -95.626579279655871, 16.727178170290209 ], [ -95.62799228961758, 16.730003970068932 ], [ -95.627881570017252, 16.730466279857886 ], [ -95.62792793978862, 16.730983030401134 ], [ -95.62805788955211, 16.730876970374009 ], [ -95.628605259805084, 16.730636449759729 ], [ -95.664340749911645, 16.709255709935718 ], [ -95.666860799542135, 16.707582950920209 ], [ -95.66779423001968, 16.706914970302165 ], [ -95.668571200101525, 16.70673018028447 ], [ -95.669393110068285, 16.706360571235113 ], [ -95.669928479837736, 16.706076030114399 ], [ -95.671074859908472, 16.705735819589428 ], [ -95.674699970032208, 16.704344079721135 ], [ -95.680445340467415, 16.700084149575734 ], [ -95.682521919552002, 16.699989030319284 ], [ -95.681056259878048, 16.698087849919578 ], [ -95.678506780313953, 16.697621771185801 ], [ -95.672114310018785, 16.696775179871839 ], [ -95.671369450142095, 16.696395260076724 ], [ -95.671746049539522, 16.695695400184281 ], [ -95.673413920272253, 16.694062420413058 ], [ -95.673226519617316, 16.691714949609022 ], [ -95.668024520134608, 16.688889680107398 ], [ -95.664644200259346, 16.689487661129956 ], [ -95.654772489513377, 16.675010150398833 ], [ -95.651585220230146, 16.671763710048531 ], [ -95.652668379936159, 16.662880049549891 ], [ -95.661302180153598, 16.648639380155963 ], [ -95.687746200035264, 16.63815410979792 ], [ -95.676525749610818, 16.637605460950493 ], [ -95.678445369903528, 16.628055280829475 ], [ -95.678851979984188, 16.626087509936646 ], [ -95.679659000042363, 16.621908599761056 ], [ -95.679499879593934, 16.619777139864578 ], [ -95.679355459854847, 16.617622290050242 ], [ -95.678300999642715, 16.611999710195828 ], [ -95.689121819932822, 16.614680341022208 ], [ -95.694201519227889, 16.614300570459278 ], [ -95.694664628798904, 16.614265940669689 ], [ -95.699681920058694, 16.613405620962983 ], [ -95.706275169384782, 16.612254199558674 ], [ -95.706562600168439, 16.612215750245387 ], [ -95.709273849977833, 16.611853139890584 ], [ -95.712381860360892, 16.61143625039632 ], [ -95.718719850268599, 16.610342850048607 ], [ -95.729223629637602, 16.608997829666581 ], [ -95.729932660352816, 16.608504950115929 ], [ -95.731631250161271, 16.607426710160723 ], [ -95.735568630367126, 16.603708419801588 ], [ -95.746347949937956, 16.587288620352265 ], [ -95.746765279658149, 16.581986420990209 ], [ -95.748241980388357, 16.57917142078259 ], [ -95.750754050035013, 16.575672109871814 ], [ -95.751200910290635, 16.571047740401543 ], [ -95.755227149772381, 16.562572339899699 ], [ -95.755642948964251, 16.563546229781338 ], [ -95.759674198838155, 16.570926770484348 ], [ -95.762920248751797, 16.578654619656756 ], [ -95.764203998609773, 16.580958020175967 ], [ -95.764638710127244, 16.582506659701181 ], [ -95.765024889481367, 16.583825821277429 ], [ -95.766202259568544, 16.586359259553625 ], [ -95.771004630168605, 16.595711690193802 ], [ -95.771929970032403, 16.597740769838726 ], [ -95.772626858666655, 16.599230969716373 ], [ -95.772917619156516, 16.600504520830011 ], [ -95.772981739631078, 16.601744490297762 ], [ -95.773173289987639, 16.605246221144714 ], [ -95.774635319264576, 16.607296179726678 ], [ -95.775079679371444, 16.608178710516093 ], [ -95.774927908854565, 16.609063510368674 ], [ -95.774383738856415, 16.610236890554983 ], [ -95.773992680217319, 16.610892941843808 ], [ -95.774090369725542, 16.611524151133331 ], [ -95.774496659336876, 16.611775230582872 ], [ -95.77487915009776, 16.612037890218083 ], [ -95.774988059181936, 16.612473851804122 ], [ -95.774560749989448, 16.613003721337922 ], [ -95.774275418560649, 16.613222980854303 ], [ -95.773728048658654, 16.613523650531391 ], [ -95.773478119524896, 16.61365090973413 ], [ -95.773024138768278, 16.613399999651808 ], [ -95.772628748727698, 16.612873279702679 ], [ -95.772139629101133, 16.61279474168089 ], [ -95.771579339930071, 16.612819849546714 ], [ -95.770947418671113, 16.612822251649156 ], [ -95.770721890074881, 16.613098692228455 ], [ -95.770711750271886, 16.613592521239607 ], [ -95.770524980420774, 16.614695650521522 ], [ -95.770467999157006, 16.615419320939807 ], [ -95.770219779199934, 16.616017399832611 ], [ -95.769910288676527, 16.616156372011627 ], [ -95.76948162865375, 16.616318769975113 ], [ -95.769210148942463, 16.617077709964459 ], [ -95.769355179700668, 16.617616879644864 ], [ -95.769764169180249, 16.618602891252088 ], [ -95.770115119794852, 16.619189490321563 ], [ -95.783151980080589, 16.619948369727595 ], [ -95.788253149518042, 16.643111580361342 ], [ -95.771379539017659, 16.653601461692272 ], [ -95.76025414037376, 16.663910601010386 ], [ -95.756808849666456, 16.667464921025054 ], [ -95.757952088713552, 16.672459830926265 ], [ -95.758340170000849, 16.69627591962416 ], [ -95.73968659928893, 16.702119280652834 ], [ -95.735710579217439, 16.71715318106941 ], [ -95.736759948957612, 16.717251851756458 ], [ -95.737413820291806, 16.717585450804837 ], [ -95.738364059722329, 16.718108571028814 ], [ -95.739254180027544, 16.718751550620158 ], [ -95.739748879381452, 16.718759881206505 ], [ -95.740280849744664, 16.719214120704578 ], [ -95.740672689238465, 16.719595850061857 ], [ -95.740785320222486, 16.719906851776511 ], [ -95.741295540180886, 16.72072762071808 ], [ -95.741347649918239, 16.721128720262964 ], [ -95.741163140283547, 16.722277030258326 ], [ -95.741138619719919, 16.722723780619585 ], [ -95.741373180037073, 16.722914120862896 ], [ -95.742128859167465, 16.722799909965698 ], [ -95.742882199841915, 16.722522050754634 ], [ -95.743693319421368, 16.721960680432847 ], [ -95.744089549393891, 16.721568490322625 ], [ -95.744841178849711, 16.721171599581861 ], [ -95.745161510207296, 16.720709781100201 ], [ -95.745257739413333, 16.719875171062363 ], [ -95.745120709288841, 16.718939461223766 ], [ -95.74488231863613, 16.718481319654888 ], [ -95.744477048748408, 16.717162291946885 ], [ -95.744650569918761, 16.716326630812841 ], [ -95.74499828863803, 16.715786291210048 ], [ -95.745734228828297, 16.715374720118316 ], [ -95.746504708622567, 16.715215680460474 ], [ -95.74715624901566, 16.715385569607928 ], [ -95.747741289318697, 16.715228999570691 ], [ -95.748294689885483, 16.714989429969393 ], [ -95.74863564961781, 16.714915750265273 ], [ -95.749203740276869, 16.714655221245167 ], [ -95.749788569509448, 16.714483720614997 ], [ -95.750300179801741, 16.714595981927427 ], [ -95.750704920193826, 16.714798921044363 ], [ -95.750987318617064, 16.715092781154222 ], [ -95.751145688653978, 16.715358520500487 ], [ -95.751305749049379, 16.715743309849838 ], [ -95.751361049853841, 16.716286551871686 ], [ -95.751550178936142, 16.716669780291223 ], [ -95.751758879293448, 16.717084830616717 ], [ -95.751997278617907, 16.717542970281759 ], [ -95.752484400292545, 16.718101971224467 ], [ -95.752768089531671, 16.718485090777978 ], [ -95.752989969834445, 16.718869052201299 ], [ -95.75308716982137, 16.71918025108122 ], [ -95.75329124940707, 16.719400750151589 ], [ -95.753546170226883, 16.719933059591323 ], [ -95.753800259391696, 16.720405881139058 ], [ -95.75364474030961, 16.720842459712987 ], [ -95.753396289608105, 16.721333880713694 ], [ -95.753046218984082, 16.721710580857881 ], [ -95.752712049501582, 16.722116819747654 ], [ -95.75219156894228, 16.722466020619272 ], [ -95.75171510875613, 16.722650939603245 ], [ -95.751008119652596, 16.722928220843414 ], [ -95.75037734913515, 16.723130091754555 ], [ -95.749791429827184, 16.723227180977666 ], [ -95.749296519560218, 16.723204000896878 ], [ -95.748775149213031, 16.723236490832207 ], [ -95.748311138670616, 16.723212910035866 ], [ -95.747878888849598, 16.723248421061886 ], [ -95.747901169071042, 16.723724319582164 ], [ -95.748972949565029, 16.724096970632889 ], [ -95.749701569632805, 16.724250949757305 ], [ -95.750290050122715, 16.724332399955561 ], [ -95.75093884921786, 16.724308879828715 ], [ -95.751494508720938, 16.724256830975289 ], [ -95.751868348757867, 16.724460180970521 ], [ -95.752280979577748, 16.724543291058815 ], [ -95.72692887961702, 16.750000051272544 ], [ -95.726085708679634, 16.750846491263985 ], [ -95.708530829537608, 16.768811030478972 ], [ -95.708469599623413, 16.769885051012107 ], [ -95.709013968901928, 16.770073690252268 ], [ -95.708878919781398, 16.77168880065879 ], [ -95.709542878584116, 16.771971061466232 ], [ -95.709375909252657, 16.773478340765248 ], [ -95.709440249588837, 16.773954310549133 ], [ -95.710344518860325, 16.775426509890917 ], [ -95.7109633387592, 16.776969830423866 ], [ -95.711140749894156, 16.777391419665548 ], [ -95.711013709634813, 16.777752822057799 ], [ -95.711224148608309, 16.778258600749727 ], [ -95.710295779868375, 16.779485282003726 ], [ -95.71069351874398, 16.780610140840647 ], [ -95.71069393968763, 16.782059741184415 ], [ -95.710438350013078, 16.783106599684213 ], [ -95.709475769219154, 16.783457982155397 ], [ -95.709210878667719, 16.784416940614019 ], [ -95.709605999382902, 16.785986151137973 ], [ -95.709828710032696, 16.786904690795222 ], [ -95.709111459636603, 16.788067251046584 ], [ -95.709037650477555, 16.788098569781425 ], [ -95.671601059021441, 16.804413400712825 ], [ -95.672024320166898, 16.805300180345082 ], [ -95.672512219247594, 16.805881181195485 ], [ -95.673090830203108, 16.80615866115869 ], [ -95.673455049416248, 16.80612543015102 ], [ -95.673690539204188, 16.80650894040053 ], [ -95.673985799533057, 16.80669199999835 ], [ -95.67451631905962, 16.807105400255324 ], [ -95.674732979729455, 16.807163310714248 ], [ -95.675022178664634, 16.807110650831561 ], [ -95.675006950209749, 16.8074429097611 ], [ -95.675142650063876, 16.807611060626552 ], [ -95.675521719576025, 16.807805800326292 ], [ -95.675988690077773, 16.808331459987901 ], [ -95.676604000329618, 16.808341370952686 ], [ -95.676888620196905, 16.808572709739252 ], [ -95.678007689710881, 16.808982950298997 ], [ -95.679782339706577, 16.809911399679425 ], [ -95.68101730920236, 16.810982430383117 ], [ -95.682141428898504, 16.811732180157332 ], [ -95.683857150335442, 16.811384030138637 ], [ -95.68546943039928, 16.813004090357516 ], [ -95.687979448872298, 16.814841481243391 ], [ -95.687371109408915, 16.816172480426335 ], [ -95.686445949449094, 16.816955690949666 ], [ -95.685071779360271, 16.817966060960345 ], [ -95.683820338965944, 16.819114740613049 ], [ -95.682813170368803, 16.820327219620395 ], [ -95.682258170328666, 16.822058460316569 ], [ -95.681421260056084, 16.822788830573185 ], [ -95.680735169570966, 16.823613140691045 ], [ -95.679903629208383, 16.824727120801541 ], [ -95.677340110156152, 16.823818420967065 ], [ -95.675209938770791, 16.822076151216013 ], [ -95.671995029678015, 16.82140143099226 ], [ -95.670556679632412, 16.820447150371461 ], [ -95.66863378011945, 16.819048220094171 ], [ -95.667904420356024, 16.818076401005879 ], [ -95.667420309379594, 16.817285151320885 ], [ -95.666861709304314, 16.817367940437776 ], [ -95.666208919864332, 16.818450221636756 ], [ -95.666012629731284, 16.818584551305271 ], [ -95.664875968694787, 16.819131341235643 ], [ -95.662884540414922, 16.820082121046724 ], [ -95.662192889013085, 16.819821220984394 ], [ -95.661925888913174, 16.8197937395243 ], [ -95.66207931898424, 16.819393029556082 ], [ -95.66214728924156, 16.818893350426734 ], [ -95.661955339064633, 16.818564580848392 ], [ -95.662176459487583, 16.81812963088559 ], [ -95.661902479940338, 16.817364381177487 ], [ -95.66163994965892, 16.816807311195628 ], [ -95.661354858881339, 16.816542140435637 ], [ -95.661538020389827, 16.816082061033789 ], [ -95.661416348766693, 16.815790920825712 ], [ -95.661178739898048, 16.815477541764899 ], [ -95.661324339735927, 16.815050489568183 ], [ -95.661840979232736, 16.814775620018978 ], [ -95.661882010633875, 16.814715330502459 ], [ -95.662024380125999, 16.814506140982395 ], [ -95.661971655806681, 16.814384967346953 ], [ -95.661844443654758, 16.814092606902651 ], [ -95.661820778923058, 16.814038220175917 ], [ -95.661757829265397, 16.813645620737677 ], [ -95.66185770979375, 16.813233981315332 ], [ -95.661964935145264, 16.812952624790494 ], [ -95.662062428942846, 16.812696800668228 ], [ -95.661528615056156, 16.812601800388936 ], [ -95.661201805048208, 16.81254363877094 ], [ -95.660723637316835, 16.812458539597113 ], [ -95.660382019272319, 16.812397740879611 ], [ -95.65984565938281, 16.812257690700992 ], [ -95.65934694953215, 16.812080401264367 ], [ -95.658581109726654, 16.811906550881151 ], [ -95.658225398945987, 16.812106450037426 ], [ -95.657937429073783, 16.812282370082361 ], [ -95.657817818580483, 16.811916431685027 ], [ -95.657548349411158, 16.811648720717855 ], [ -95.657282218586488, 16.811315681321915 ], [ -95.656787739400414, 16.811038659989951 ], [ -95.656196520081849, 16.8109306499395 ], [ -95.617695749258203, 16.827273649931598 ], [ -95.616397308909114, 16.826784219532414 ], [ -95.615336649931479, 16.826174522231231 ], [ -95.614271339458227, 16.825875661285373 ], [ -95.613296379697402, 16.825839480970863 ], [ -95.612172599031126, 16.825611000405239 ], [ -95.611218090193475, 16.825424779578913 ], [ -95.610588749604446, 16.825254400272264 ], [ -95.609768140404185, 16.825640831034068 ], [ -95.609585568935216, 16.826059150800713 ], [ -95.609599169717328, 16.826634420388544 ], [ -95.609442378845486, 16.827121230840472 ], [ -95.609202170297934, 16.827644521331973 ], [ -95.60881774853209, 16.828170911490318 ], [ -95.608688518951709, 16.828806770514934 ], [ -95.609005799807875, 16.829513462012628 ], [ -95.60940822043149, 16.829746340523137 ], [ -95.610186419243348, 16.83010912119633 ], [ -95.611066819932176, 16.830722749858566 ], [ -95.611776819241797, 16.831248150654179 ], [ -95.612685279997663, 16.832033919738617 ], [ -95.613837520274515, 16.832952451359596 ], [ -95.614546689802992, 16.833443250984818 ], [ -95.614658050194919, 16.834591862066699 ], [ -95.614515650196623, 16.8356884312999 ], [ -95.614244578611007, 16.836431049893079 ], [ -95.613589690021513, 16.836710149836552 ], [ -95.612552979747008, 16.837112821039273 ], [ -95.61169377898959, 16.837396420187229 ], [ -95.61116945924725, 16.837603580471377 ], [ -95.610610250168435, 16.837857631191152 ], [ -95.609895059700861, 16.837620150342289 ], [ -95.609500579779052, 16.837720910535666 ], [ -95.609100859031031, 16.838109481286761 ], [ -95.608519230341443, 16.837926570765948 ], [ -95.608249078671889, 16.837690831082305 ], [ -95.607512858611884, 16.838086850359112 ], [ -95.607278370178435, 16.838345150509308 ], [ -95.606777539692999, 16.839541740663051 ], [ -95.606676858997588, 16.840372690900313 ], [ -95.60644675022138, 16.841321620267276 ], [ -95.606497970020158, 16.84247145967835 ], [ -95.606451718780463, 16.843566000952329 ], [ -95.60657013975225, 16.844507150397231 ], [ -95.606777229470211, 16.845124222009005 ], [ -95.607395399992825, 16.845835749891432 ], [ -95.608215749119651, 16.84645078018486 ], [ -95.609218880369198, 16.84665895051959 ], [ -95.610305939921219, 16.846853769745536 ], [ -95.611011109377856, 16.847172110917882 ], [ -95.612277648649169, 16.847547481504556 ], [ -95.612683998681604, 16.847638000475801 ], [ -95.612959340139454, 16.847901481629396 ], [ -95.613366449122964, 16.848336939586581 ], [ -95.613783620405371, 16.849977169766536 ], [ -95.614042309829131, 16.85074266130999 ], [ -95.614258889912449, 16.851255821200123 ], [ -95.614537778969392, 16.851859740792069 ], [ -95.614939739044758, 16.85156315073138 ], [ -95.614920689644606, 16.850757850209604 ], [ -95.614926999992662, 16.850009570495512 ], [ -95.615157079908968, 16.849567061578597 ], [ -95.615601850310682, 16.849050820248394 ], [ -95.616031859311789, 16.848926292183723 ], [ -95.617023579385261, 16.849157690160315 ], [ -95.617763918932738, 16.849440601717873 ], [ -95.618527509572331, 16.849688540786449 ], [ -95.619408918808176, 16.849830290702631 ], [ -95.620184219002994, 16.849560000683397 ], [ -95.620604479469023, 16.849021310510324 ], [ -95.620993800206989, 16.848701940632957 ], [ -95.62180925956774, 16.8486033708718 ], [ -95.622326750400546, 16.848614999612437 ], [ -95.622785169914209, 16.848673979599628 ], [ -95.623310259643134, 16.84850128103999 ], [ -95.623998478950355, 16.848106280950088 ], [ -95.624691309924273, 16.847400341127699 ], [ -95.625204678613571, 16.846733000253899 ], [ -95.626073940331054, 16.84636845961121 ], [ -95.626469028555292, 16.846290711090425 ], [ -95.627095480058983, 16.846334431611396 ], [ -95.627666148838472, 16.846563580479778 ], [ -95.628186859194187, 16.846713172168041 ], [ -95.628677549702061, 16.846610321460844 ], [ -95.629468479766416, 16.84648929046886 ], [ -95.630399109658399, 16.846753459918556 ], [ -95.630501689148602, 16.847545909742433 ], [ -95.63073681951883, 16.847983861309398 ], [ -95.630929779844962, 16.848686940184304 ], [ -95.631125199060122, 16.849566380847985 ], [ -95.63136214936516, 16.850136599698835 ], [ -95.631782320218434, 16.850704481552658 ], [ -95.632574279333937, 16.851509652199887 ], [ -95.63317184883897, 16.85206969051163 ], [ -95.63354200034118, 16.852589001283821 ], [ -95.634032779867781, 16.853260020883461 ], [ -95.641100920295997, 16.853848661197386 ], [ -95.619400349629885, 16.874312490189666 ], [ -95.617710689035661, 16.874073510036411 ], [ -95.616759489518856, 16.874036890005808 ], [ -95.615369258716967, 16.873745200786296 ], [ -95.614205079747435, 16.872838540698751 ], [ -95.613202679785317, 16.871145549638459 ], [ -95.612447430282273, 16.870241430893159 ], [ -95.611775629643518, 16.869300831162452 ], [ -95.610893490437491, 16.867605219842204 ], [ -95.610669520250354, 16.866781381128853 ], [ -95.610121750393532, 16.86549282978871 ], [ -95.609598260127683, 16.864721660632704 ], [ -95.608504340299888, 16.864239182060683 ], [ -95.606958119428, 16.863962430034345 ], [ -95.605727850074985, 16.863816851004874 ], [ -95.603826750233594, 16.863789511064937 ], [ -95.602846089258819, 16.864029750350433 ], [ -95.602046770082652, 16.864818449574038 ], [ -95.601236880006311, 16.865665000282835 ], [ -95.599884709959554, 16.866983831065522 ], [ -95.598741450304303, 16.867975769566094 ], [ -95.597672890128933, 16.869081109616854 ], [ -95.596260428667094, 16.869883340431141 ], [ -95.595345458986316, 16.870870200194258 ], [ -95.595157419345583, 16.871564970974049 ], [ -95.594827488882999, 16.872366400083131 ], [ -95.594493879616067, 16.87250031977997 ], [ -95.593467510070028, 16.87284515033388 ], [ -95.592910019410269, 16.873179620793241 ], [ -95.592384780022684, 16.873858690215457 ], [ -95.591989850403493, 16.874454379851706 ], [ -95.591636180044603, 16.874569320051872 ], [ -95.591799490390144, 16.874032739664369 ], [ -95.591706090376846, 16.873643379729963 ], [ -95.591670619996918, 16.873160709863466 ], [ -95.591526540410555, 16.872151030452965 ], [ -95.59109049029226, 16.871348259566563 ], [ -95.590282079920058, 16.870688370250839 ], [ -95.589551710103748, 16.870077139692476 ], [ -95.589057169857085, 16.869454119845454 ], [ -95.588185949920501, 16.868725030126971 ], [ -95.587210969945275, 16.868617550009631 ], [ -95.586359119870977, 16.868553859625962 ], [ -95.585661650154009, 16.868463371201255 ], [ -95.584685049889458, 16.868191520245013 ], [ -95.5839347697504, 16.868000739789426 ], [ -95.583023879750002, 16.867629349842066 ], [ -95.582186449949845, 16.867313850420022 ] ] ] ] } },
{ "type": "Feature", "properties": { "CVEGEO": "20226", "CVE_ENT": "20", "CVE_MUN": "226", "PAISAJE": "Valles Centrales", "ID_PAISA": 1, "NOM_MUN": "San Lorenzo Albarradas", "HAS_MUN": 13473.8, "RM": "R1" }, "geometry": { "type": "MultiPolygon", "coordinates": [ [ [ [ -96.241776890160537, 16.966345880416114 ], [ -96.241339549868002, 16.965549369617307 ], [ -96.241325759046816, 16.965549343244572 ], [ -96.240552910432939, 16.965547849807226 ], [ -96.240550225833175, 16.965537569880411 ], [ -96.240293799938129, 16.964555660414376 ], [ -96.239589289570731, 16.964053479615579 ], [ -96.239580862259601, 16.964051015302015 ], [ -96.239140379687683, 16.963922229945279 ], [ -96.237814550177276, 16.963363089723348 ], [ -96.237813848287345, 16.96336067845284 ], [ -96.237301079761977, 16.961599290355704 ], [ -96.236888880343358, 16.960993859737737 ], [ -96.236906969562611, 16.959917220057779 ], [ -96.236887521203741, 16.95990754453663 ], [ -96.236575889782017, 16.959752510367306 ], [ -96.236575935387961, 16.95975189058543 ], [ -96.236598519634924, 16.959447480356513 ], [ -96.236388599911436, 16.958967179987475 ], [ -96.236277290333064, 16.958545380008076 ], [ -96.23585348032374, 16.958090279853266 ], [ -96.235835308801114, 16.958081325765576 ], [ -96.234856520052702, 16.95759903044215 ], [ -96.233736110337816, 16.957437659762064 ], [ -96.232566819907532, 16.957126799883621 ], [ -96.231645829858266, 16.956884510290926 ], [ -96.231643316146744, 16.956878649196764 ], [ -96.230937679881322, 16.955233489726321 ], [ -96.230921032384344, 16.95522967845482 ], [ -96.230713859623862, 16.955182249692868 ], [ -96.230695322160415, 16.95517214163052 ], [ -96.229433420381326, 16.95448405996153 ], [ -96.229432970985869, 16.954484099464135 ], [ -96.228071179628273, 16.954604280095825 ], [ -96.227550079545921, 16.954588770343882 ], [ -96.22753731452876, 16.954578655246099 ], [ -96.226864110449796, 16.954045170273282 ], [ -96.226659149685446, 16.95390410972513 ], [ -96.225884449984022, 16.953437690194015 ], [ -96.22587602579695, 16.953434005646532 ], [ -96.225705970379494, 16.953359630315497 ], [ -96.225329399993726, 16.953311540031269 ], [ -96.225223950468489, 16.95326394985177 ], [ -96.225213287696832, 16.953257594736598 ], [ -96.224608880171516, 16.952897369879359 ], [ -96.224592146928984, 16.95288866626403 ], [ -96.22417130960288, 16.952669770244679 ], [ -96.223523820012204, 16.952363220029529 ], [ -96.2231736198557, 16.952204230002252 ], [ -96.221971279981943, 16.951839819569066 ], [ -96.221675780283448, 16.95169470957217 ], [ -96.221254720354736, 16.951603020100887 ], [ -96.220764219969695, 16.951502880222904 ], [ -96.220361320379141, 16.951358600377539 ], [ -96.217696620044208, 16.950537709987845 ], [ -96.217580939749695, 16.950536059878566 ], [ -96.21687658003448, 16.950336540149188 ], [ -96.216121349582778, 16.950109309967011 ], [ -96.216119991210135, 16.950104433058485 ], [ -96.215282000267962, 16.947095819804719 ], [ -96.214934459990019, 16.946714660329746 ], [ -96.214919373459608, 16.946709112863395 ], [ -96.214098720165083, 16.946407370072677 ], [ -96.214097474704857, 16.946403742438871 ], [ -96.213573379897213, 16.944876829897289 ], [ -96.213557567642184, 16.944877066527727 ], [ -96.211534340092356, 16.944907340385036 ], [ -96.207752480012545, 16.94369773965651 ], [ -96.20775626652572, 16.943694850627363 ], [ -96.2099877998414, 16.941992259932253 ], [ -96.209946909879321, 16.940983690000312 ], [ -96.20992750366409, 16.940974032637516 ], [ -96.204424779712497, 16.938235430377734 ], [ -96.204424832913915, 16.938234811824081 ], [ -96.205035399924554, 16.931158140001866 ], [ -96.205616219527613, 16.928900110350771 ], [ -96.205654970431723, 16.928832880076008 ], [ -96.205271340315178, 16.926924250446831 ], [ -96.204274350162152, 16.926052909735294 ], [ -96.203225999593599, 16.925256889886093 ], [ -96.203214811740764, 16.925252831893609 ], [ -96.201871449530699, 16.924765570125448 ], [ -96.200001259829477, 16.924048349915125 ], [ -96.198162580390488, 16.923469620389049 ], [ -96.197272420299498, 16.923161459700136 ], [ -96.19665261998405, 16.922981770277097 ], [ -96.196129539694923, 16.922864749741507 ], [ -96.193922750240873, 16.922700909916411 ], [ -96.192533020107078, 16.92261553964909 ], [ -96.191445350312009, 16.922430260417343 ], [ -96.191086319553335, 16.922308229690383 ], [ -96.190106249687673, 16.922272449716811 ], [ -96.189397510413627, 16.922176920017911 ], [ -96.189142550174509, 16.922218850065558 ], [ -96.186590179546499, 16.922049370188876 ], [ -96.18657109066838, 16.922039073734066 ], [ -96.186381420463945, 16.921936770011577 ], [ -96.186380822006555, 16.921936607529688 ], [ -96.185215739966068, 16.921620980428383 ], [ -96.185145249927473, 16.921645119955411 ], [ -96.184737579651795, 16.922993090118577 ], [ -96.184568309752734, 16.923377350235448 ], [ -96.184549707152186, 16.923365156455169 ], [ -96.181505770140646, 16.921369890085561 ], [ -96.183248889879451, 16.920662149613236 ], [ -96.183859520265486, 16.920224049964286 ], [ -96.186516429629194, 16.918546119829696 ], [ -96.18722416980529, 16.918176880430611 ], [ -96.188205690105136, 16.91766887960372 ], [ -96.191427720352848, 16.915766580112525 ], [ -96.191566849687817, 16.915736139845791 ], [ -96.194988399712997, 16.91250240013186 ], [ -96.19840954970725, 16.908747510413956 ], [ -96.198252769951793, 16.907790750230518 ], [ -96.200148580427438, 16.904489309596016 ], [ -96.203929479562632, 16.895218620296912 ], [ -96.205430679334711, 16.894302475025871 ], [ -96.205434309607028, 16.894300259580522 ], [ -96.210172490128699, 16.898059169620012 ], [ -96.210690859867242, 16.898629599780989 ], [ -96.21100330385751, 16.898924956221908 ], [ -96.211006650338206, 16.898928119666166 ], [ -96.211450860257557, 16.899125680026739 ], [ -96.21220546034219, 16.899374219830555 ], [ -96.212749619798487, 16.89955776962557 ], [ -96.213288970239745, 16.899456490423862 ], [ -96.21388694042399, 16.899057139760654 ], [ -96.2145792804655, 16.899037630061443 ], [ -96.214993259999744, 16.898798169577116 ], [ -96.215030920143761, 16.89878042023172 ], [ -96.2156228596387, 16.898555549695722 ], [ -96.216949690382833, 16.897824550305032 ], [ -96.21777941987628, 16.89747608031178 ], [ -96.218795319910058, 16.896360220184512 ], [ -96.219412550280992, 16.895773890433826 ], [ -96.220367769971162, 16.89505238017296 ], [ -96.22151674010334, 16.893146879796294 ], [ -96.221834979800519, 16.892651549695977 ], [ -96.222790149807793, 16.890880850101126 ], [ -96.225225480107966, 16.886595939865106 ], [ -96.225943089744121, 16.885275850099944 ], [ -96.226589229907802, 16.884236290326609 ], [ -96.230395290230675, 16.877841910144678 ], [ -96.230333757594678, 16.877802857952659 ], [ -96.230092540389066, 16.877649769590565 ], [ -96.23001134998232, 16.877597660039147 ], [ -96.23001061263443, 16.877599342262339 ], [ -96.229876909626554, 16.877904290401698 ], [ -96.229785599724167, 16.877862449840297 ], [ -96.229713119819806, 16.877903060099811 ], [ -96.22932536974416, 16.877890250096293 ], [ -96.22909994987198, 16.877839089977314 ], [ -96.229089775763356, 16.877830876851565 ], [ -96.22836285015849, 16.877244089715244 ], [ -96.228354979090327, 16.877243104401888 ], [ -96.227092550387198, 16.87708499970919 ], [ -96.225574719920743, 16.876590259609259 ], [ -96.22557220488109, 16.876585458713958 ], [ -96.225255570082169, 16.875981109658706 ], [ -96.224961200032283, 16.875765430352057 ], [ -96.224756319759067, 16.875012120172663 ], [ -96.224497120029724, 16.874598980339876 ], [ -96.223957879698901, 16.874282030023814 ], [ -96.223956933628131, 16.874282578636457 ], [ -96.223508350177369, 16.87454267981704 ], [ -96.223047450163278, 16.874980379978165 ], [ -96.222656060338011, 16.874780290365301 ], [ -96.221690660203322, 16.874652460419309 ], [ -96.219921850055002, 16.87483674974925 ], [ -96.219908462529716, 16.874825807117894 ], [ -96.219531969566219, 16.87451808014637 ], [ -96.219523340268211, 16.874516589801509 ], [ -96.218822780198039, 16.874395629722827 ], [ -96.218814539055955, 16.874387247094628 ], [ -96.218250950399351, 16.87381398008969 ], [ -96.21823152922093, 16.873803662000558 ], [ -96.21792891873622, 16.8736428912351 ], [ -96.217585430101735, 16.873607319621545 ], [ -96.216238770089817, 16.87371342005757 ], [ -96.216241029122443, 16.873701397671375 ], [ -96.216301079523859, 16.873381820418309 ], [ -96.21576340025743, 16.872897049913274 ], [ -96.215756369620422, 16.872897910348282 ], [ -96.214875450373555, 16.87300567993816 ], [ -96.214339800300195, 16.872776399833466 ], [ -96.214339635675074, 16.872774329464434 ], [ -96.214315119931669, 16.872466219939419 ], [ -96.214867179747316, 16.871320050172027 ], [ -96.214846580704645, 16.871312176201542 ], [ -96.213830779976661, 16.8709238900042 ], [ -96.21255215042676, 16.870727769828196 ], [ -96.212263079547441, 16.870743520336422 ], [ -96.211293979773913, 16.870615849916543 ], [ -96.2112904809984, 16.870607633244212 ], [ -96.211109140137467, 16.87018174979718 ], [ -96.211090506927164, 16.870173290561432 ], [ -96.210743520236704, 16.87001576968721 ], [ -96.210242080363869, 16.869808680262896 ], [ -96.210238720655056, 16.869804999764099 ], [ -96.209757119706524, 16.86927741960389 ], [ -96.20914846034519, 16.868767569576217 ], [ -96.209123829599591, 16.867864540381312 ], [ -96.208901260257036, 16.86772974986199 ], [ -96.208899779390876, 16.867730300150182 ], [ -96.208551550111949, 16.86785978033565 ], [ -96.207729830075095, 16.868484659866237 ], [ -96.207438849573961, 16.868442309831327 ], [ -96.207427322444772, 16.868433143899431 ], [ -96.2061607101801, 16.867425969662005 ], [ -96.206154126511819, 16.867425863369355 ], [ -96.205758339837757, 16.867419489763783 ], [ -96.204967339840067, 16.867946999911098 ], [ -96.20450150998451, 16.867965460390025 ], [ -96.204498536190485, 16.867954492805012 ], [ -96.203910820029463, 16.865786679772341 ], [ -96.203892400368062, 16.865780061599096 ], [ -96.202620450199447, 16.865323059991489 ], [ -96.202618260421787, 16.865318936237799 ], [ -96.202377490411124, 16.864865509867659 ], [ -96.202361224228454, 16.864861136876822 ], [ -96.20175748981876, 16.864698819824572 ], [ -96.201163180042627, 16.864602379920061 ], [ -96.20017377002435, 16.864958490191267 ], [ -96.20015626577532, 16.864947483956009 ], [ -96.199177289938689, 16.864331919736831 ], [ -96.199174817858392, 16.864332261487256 ], [ -96.198816030259806, 16.864381859592783 ], [ -96.197803179684968, 16.864989429689142 ], [ -96.196553539643944, 16.865048830207133 ], [ -96.196537132731308, 16.865038370332872 ], [ -96.195519179657794, 16.864389420099542 ], [ -96.195516459426003, 16.864389751210553 ], [ -96.195120660099846, 16.864437890090006 ], [ -96.194566419588455, 16.865074949998263 ], [ -96.193928629844564, 16.86474842013104 ], [ -96.193928490943961, 16.864747975728598 ], [ -96.193666259766886, 16.863907309980007 ], [ -96.192758479871742, 16.862896949851557 ], [ -96.192744369357996, 16.862892543379633 ], [ -96.192188260222991, 16.86271888027337 ], [ -96.191241400230467, 16.86273353994541 ], [ -96.190347029870026, 16.863326890015248 ], [ -96.189902819539824, 16.863817830372966 ], [ -96.189885768920732, 16.863804894095317 ], [ -96.189614599654291, 16.863599149881644 ], [ -96.19005493992529, 16.86298619991793 ], [ -96.189989419856317, 16.862458339966153 ], [ -96.189390679957427, 16.861531429926419 ], [ -96.188522569914639, 16.861053419614997 ], [ -96.188521250777512, 16.861053069138606 ], [ -96.187240920056951, 16.860713029970714 ], [ -96.187234362076978, 16.860706128638252 ], [ -96.186114570033894, 16.859527680381628 ], [ -96.186103436289457, 16.859526083052124 ], [ -96.184701140150821, 16.859324920354485 ], [ -96.183814449569979, 16.859366479815161 ], [ -96.183806647919809, 16.859355617752257 ], [ -96.183485149579539, 16.858907970088641 ], [ -96.183224969842584, 16.858173170440615 ], [ -96.182885940305553, 16.857792150307954 ], [ -96.182874192715957, 16.857790454680732 ], [ -96.181758680086602, 16.85762942003964 ], [ -96.181536619761857, 16.857760290240719 ], [ -96.180710420240771, 16.857547830422991 ], [ -96.175377520233525, 16.856758050155523 ], [ -96.171395400186597, 16.856836480162716 ], [ -96.168029459534736, 16.857361370313395 ], [ -96.168016081748547, 16.857350108297364 ], [ -96.158446110356664, 16.849293370039877 ], [ -96.154855460180258, 16.838071569660443 ], [ -96.150920479963347, 16.825230169913073 ], [ -96.150170450455917, 16.810988029804111 ], [ -96.153626979942374, 16.811728309694796 ], [ -96.159949650008613, 16.813093109550696 ], [ -96.162092260169885, 16.813610030073988 ], [ -96.166417580119571, 16.814237519975695 ], [ -96.167677770447611, 16.814451400021383 ], [ -96.168712250092327, 16.814619089852616 ], [ -96.170998059840102, 16.814435580039628 ], [ -96.173396340264944, 16.814323310294522 ], [ -96.177151369820223, 16.813929349799064 ], [ -96.18556945026144, 16.812264539927945 ], [ -96.190604339880764, 16.811432520161187 ], [ -96.198384577353863, 16.810728898482797 ], [ -96.198400140400622, 16.810727490221051 ], [ -96.201825969903027, 16.821155109594887 ], [ -96.205295720332586, 16.839332750328349 ], [ -96.217502825842288, 16.86714630194464 ], [ -96.217514229814128, 16.867172280053623 ], [ -96.218340280109146, 16.865558749746992 ], [ -96.218378110086093, 16.865494349926944 ], [ -96.219913830133791, 16.862690519883245 ], [ -96.221578180461961, 16.861118599931856 ], [ -96.224666979623464, 16.858260249789765 ], [ -96.225446519892927, 16.857565689995784 ], [ -96.226973920311906, 16.856183090205135 ], [ -96.228063939608973, 16.855063770408989 ], [ -96.231130689691369, 16.852247079759561 ], [ -96.23341283004612, 16.850261539892433 ], [ -96.234877229912243, 16.848899370206016 ], [ -96.235757829995123, 16.847999150121641 ], [ -96.23589502989654, 16.847804140225168 ], [ -96.23920647016952, 16.84488289693256 ], [ -96.239210909605006, 16.844878979890151 ], [ -96.239654750359378, 16.84530045977198 ], [ -96.241474027051368, 16.847097169773971 ], [ -96.241478279811133, 16.847101369880356 ], [ -96.24709797045773, 16.849364879789984 ], [ -96.248792994649747, 16.850087689242045 ], [ -96.248809459539657, 16.85009471026591 ], [ -96.249021207408006, 16.850330058963404 ], [ -96.249026579781585, 16.850336029988345 ], [ -96.251421449713618, 16.851075449725428 ], [ -96.251957451509341, 16.851021409433784 ], [ -96.251957540061298, 16.85102140020809 ], [ -96.253598341178318, 16.851896968164493 ], [ -96.253617459826046, 16.851907170199397 ], [ -96.254371467827298, 16.85217066339332 ], [ -96.254390030257127, 16.852177149673633 ], [ -96.254399208947333, 16.85221787357327 ], [ -96.254400179650432, 16.852222179679725 ], [ -96.259235220062436, 16.853794750418555 ], [ -96.259545719566958, 16.853913800315929 ], [ -96.262906120465033, 16.855484459953271 ], [ -96.262999280053194, 16.855441580174421 ], [ -96.265429599613256, 16.856431229591749 ], [ -96.267419630195164, 16.857196249696567 ], [ -96.267894709641737, 16.857394050235783 ], [ -96.268852230149605, 16.857744400222359 ], [ -96.270566580430838, 16.858295740160887 ], [ -96.270849349890398, 16.858387199560021 ], [ -96.271327449975573, 16.858571119871428 ], [ -96.273523690126865, 16.859523419722048 ], [ -96.274883999654904, 16.860062859962969 ], [ -96.274948629609469, 16.860077920360123 ], [ -96.276242450135058, 16.86056582968925 ], [ -96.279066580424825, 16.861641599611129 ], [ -96.281864579959489, 16.86264758015492 ], [ -96.285317400208058, 16.864071060197183 ], [ -96.289844480023618, 16.865786890394794 ], [ -96.291156770401997, 16.866287749656586 ], [ -96.291632050466902, 16.866508719796013 ], [ -96.294972540146588, 16.867695120381569 ], [ -96.296851230075418, 16.868348830279231 ], [ -96.297533318710236, 16.868668455818725 ], [ -96.297553259573576, 16.868677799543921 ], [ -96.297522492930469, 16.86873549342236 ], [ -96.297521060205796, 16.868738179880683 ], [ -96.299649420076065, 16.869515230294393 ], [ -96.301234629623934, 16.870071860248721 ], [ -96.302154029691607, 16.870396980260129 ], [ -96.303759619825556, 16.871080749956242 ], [ -96.306088400464688, 16.872000599623654 ], [ -96.307686170374708, 16.87260571979515 ], [ -96.30927526037307, 16.873150250076545 ], [ -96.310179949722297, 16.873442020432027 ], [ -96.310873820233482, 16.872810000170936 ], [ -96.313200470286944, 16.872769032185527 ], [ -96.313213659987554, 16.872768799870858 ], [ -96.314700230220566, 16.875277749955998 ], [ -96.309283019566251, 16.891494200359396 ], [ -96.308831280098588, 16.892718860439309 ], [ -96.304038030304852, 16.907006259904968 ], [ -96.303988539638695, 16.907052060320396 ], [ -96.303848169710847, 16.907387049771735 ], [ -96.30332082970763, 16.908919379800352 ], [ -96.302987279800192, 16.909797689823396 ], [ -96.302582370295852, 16.911266140293666 ], [ -96.3019053703281, 16.913219689828669 ], [ -96.301660249553265, 16.913655319594756 ], [ -96.300502919644401, 16.917346319947981 ], [ -96.299841740183666, 16.919546739792953 ], [ -96.299410109552554, 16.921072619837354 ], [ -96.299001970221298, 16.92204187959527 ], [ -96.298996940207502, 16.922154219589959 ], [ -96.297485600014994, 16.926668940316702 ], [ -96.296788309550593, 16.928352689835968 ], [ -96.296534319871128, 16.929474799971775 ], [ -96.296379399774708, 16.930198140148168 ], [ -96.29547862984677, 16.932634509863433 ], [ -96.295440319980273, 16.932843919653877 ], [ -96.295171999725412, 16.933589109556753 ], [ -96.294717680237071, 16.934546750015055 ], [ -96.294362180122235, 16.936026320442025 ], [ -96.293666509628551, 16.93774990963708 ], [ -96.293656520074762, 16.937794450039146 ], [ -96.293641889928608, 16.937859719989159 ], [ -96.293635110365415, 16.938143659981108 ], [ -96.293424849896368, 16.938887650357188 ], [ -96.293003120385322, 16.940125259693307 ], [ -96.292138320119477, 16.942603340288311 ], [ -96.29119120038429, 16.945519660140409 ], [ -96.291181950261816, 16.945574379719837 ], [ -96.290940950102737, 16.94631626000989 ], [ -96.289596889598599, 16.950301289685388 ], [ -96.287388260183974, 16.95012513990871 ], [ -96.285063219849235, 16.949193999769125 ], [ -96.284342060229775, 16.949128109797805 ], [ -96.284338862748896, 16.949119287528475 ], [ -96.28377919954147, 16.947575200331269 ], [ -96.28350734017377, 16.946638659872711 ], [ -96.282918749868145, 16.94473685036013 ], [ -96.282888909744685, 16.944662030204736 ], [ -96.282846119615073, 16.944574399942823 ], [ -96.28283414789729, 16.944579385004833 ], [ -96.282738310217383, 16.944619290116176 ], [ -96.279748710401421, 16.946591420176496 ], [ -96.278994540286078, 16.946943459705917 ], [ -96.277252660308605, 16.947996909690154 ], [ -96.274603200003199, 16.949143310410236 ], [ -96.273940659704181, 16.949285419607225 ], [ -96.272489679767958, 16.950130970058474 ], [ -96.270564659850606, 16.950936140168373 ], [ -96.268438979694551, 16.951898460313441 ], [ -96.266280340215673, 16.952934969765423 ], [ -96.265520829940073, 16.953046690145573 ], [ -96.264566630188682, 16.953495290186591 ], [ -96.264352489977071, 16.953484400358267 ], [ -96.259590679582502, 16.955228510099136 ], [ -96.254673480375871, 16.957132849908625 ], [ -96.250412620281651, 16.959886619900274 ], [ -96.249669489719878, 16.960442830093371 ], [ -96.247170380180606, 16.963435569687071 ], [ -96.246872350239329, 16.963904369657158 ], [ -96.245989999649566, 16.964915200302148 ], [ -96.245505289606797, 16.965504549563594 ], [ -96.245010170115719, 16.966149260324123 ], [ -96.244311770359829, 16.96717398014972 ], [ -96.243832229853751, 16.968101689685142 ], [ -96.242969570249386, 16.969073689610614 ], [ -96.242952788590713, 16.96906038219154 ], [ -96.242423970451298, 16.968641050024228 ], [ -96.242519380397169, 16.967768230146607 ], [ -96.242306600129865, 16.967276049820132 ], [ -96.242199109704046, 16.967129880325139 ], [ -96.241735350447172, 16.966744509883959 ], [ -96.241776890160537, 16.966345880416114 ] ] ] ] } },
{ "type": "Feature", "properties": { "CVEGEO": "20362", "CVE_ENT": "20", "CVE_MUN": "362", "PAISAJE": "Valles Centrales", "ID_PAISA": 1, "NOM_MUN": "Santa Catarina Cuixtla", "HAS_MUN": 2569.7, "RM": "R2" }, "geometry": { "type": "MultiPolygon", "coordinates": [ [ [ [ -96.628138079362387, 16.329373199727833 ], [ -96.625475262737766, 16.319823439111584 ], [ -96.624071818965362, 16.314789740369019 ], [ -96.624238398780747, 16.312001999548535 ], [ -96.624558659596403, 16.306757860464462 ], [ -96.624738720364192, 16.303909680580492 ], [ -96.624869538798038, 16.301569429554476 ], [ -96.625000799680919, 16.299220999879783 ], [ -96.625078738754794, 16.297848539703534 ], [ -96.625096710082744, 16.296948691160598 ], [ -96.624837219861021, 16.296633981344403 ], [ -96.623624548963448, 16.295151340404995 ], [ -96.621577019742105, 16.292656309784409 ], [ -96.630188149388189, 16.28778117041556 ], [ -96.637902649207234, 16.283403999886083 ], [ -96.637786860037991, 16.282535520152734 ], [ -96.640022450231768, 16.276653909788532 ], [ -96.644636979763504, 16.266824341299273 ], [ -96.647197090189749, 16.266752169816939 ], [ -96.647889740130182, 16.266507490581162 ], [ -96.648487510278699, 16.266447200841466 ], [ -96.649122030367167, 16.26655923089568 ], [ -96.649851398813396, 16.266498430251321 ], [ -96.650268479302881, 16.266185910041514 ], [ -96.650971938881781, 16.265722629891275 ], [ -96.651414170476869, 16.265640019601769 ], [ -96.651784259254526, 16.265511780757116 ], [ -96.652238348828959, 16.265406181007368 ], [ -96.652811110201284, 16.265127541024452 ], [ -96.653491318844701, 16.264802311267232 ], [ -96.654100199173484, 16.264569400842959 ], [ -96.654673119239092, 16.26432526101771 ], [ -96.65535317963041, 16.263988551020098 ], [ -96.65599852040117, 16.263859030946239 ], [ -96.656500550007451, 16.263787650534404 ], [ -96.657253398778835, 16.263646121251533 ], [ -96.657647570261759, 16.263529261120432 ], [ -96.658316459487708, 16.263330630197522 ], [ -96.658531260284491, 16.263237621300394 ], [ -96.659151379127707, 16.262866710502671 ], [ -96.659641288838657, 16.262760850179152 ], [ -96.660059819305275, 16.262735941170437 ], [ -96.660622859272578, 16.26288283067074 ], [ -96.66118451043657, 16.262776659753349 ], [ -96.661723150349175, 16.262843151258796 ], [ -96.662632379287089, 16.26287345086547 ], [ -96.663061678719899, 16.262618401272654 ], [ -96.663335919175381, 16.262433079839695 ], [ -96.663526569033394, 16.2622941695506 ], [ -96.664075770291248, 16.262084520083029 ], [ -96.664948939441061, 16.262080449963932 ], [ -96.665643378944594, 16.262203660969739 ], [ -96.665905949561292, 16.262087420237204 ], [ -96.666252508614264, 16.262028280448213 ], [ -96.666871919641821, 16.26201751068243 ], [ -96.6674222301707, 16.261841740141854 ], [ -96.667783079147569, 16.261743181081439 ], [ -96.668108248756937, 16.2616326804464 ], [ -96.668444649956328, 16.261568369905401 ], [ -96.668814829744619, 16.261654030585078 ], [ -96.669185280197581, 16.261716661194818 ], [ -96.669544859327701, 16.261710141019549 ], [ -96.669795030114727, 16.261805580842044 ], [ -96.670114879805567, 16.262051660704827 ], [ -96.670050709090702, 16.262338319961167 ], [ -96.669876370306014, 16.262784550201786 ], [ -96.66965411988825, 16.264035419697326 ], [ -96.67498739957685, 16.267974460985439 ], [ -96.675437339328823, 16.268223600779923 ], [ -96.675534320198466, 16.268855350837207 ], [ -96.675404689224663, 16.269349890776812 ], [ -96.675084459528279, 16.26982200111815 ], [ -96.674085889370247, 16.270445541277944 ], [ -96.672504919492795, 16.271472999791072 ], [ -96.669568050370387, 16.273102029656272 ], [ -96.668593510309023, 16.273817379729323 ], [ -96.668619110028672, 16.274483831256003 ], [ -96.668894140072084, 16.274908221102574 ], [ -96.670289920248578, 16.275846400538697 ], [ -96.6709223496416, 16.276327180084099 ], [ -96.671363978892785, 16.276705089630227 ], [ -96.671639228929308, 16.277209911236078 ], [ -96.67253313983899, 16.277494550542173 ], [ -96.673328420120953, 16.277786650329716 ], [ -96.673367889697246, 16.277822290700346 ], [ -96.673775879837464, 16.277781890156593 ], [ -96.674064199927287, 16.277728431251315 ], [ -96.674388309170951, 16.27768683040512 ], [ -96.674880169475941, 16.277647630305882 ], [ -96.675228449473053, 16.277594999806361 ], [ -96.675531319293654, 16.27736906120402 ], [ -96.675832078626044, 16.277292709765089 ], [ -96.676202428618026, 16.277366880948925 ], [ -96.676629909421081, 16.277625879771328 ], [ -96.676890079007265, 16.277859550278908 ], [ -96.677209089116033, 16.278163060207451 ], [ -96.677710079103079, 16.278319540186541 ], [ -96.678151620455935, 16.278440649915339 ], [ -96.678518380116273, 16.278756340959742 ], [ -96.678670859279904, 16.278977000198758 ], [ -96.678700829756053, 16.279380050605749 ], [ -96.678622349064881, 16.279827599936322 ], [ -96.678534618825651, 16.280091059815508 ], [ -96.678363489964042, 16.280318720084686 ], [ -96.678109849570276, 16.280453231268321 ], [ -96.677844719552056, 16.280553120521166 ], [ -96.677422539882954, 16.280742881270637 ], [ -96.677120648725747, 16.280899719703143 ], [ -96.676803059300568, 16.281309429979398 ], [ -96.676308948774619, 16.281498221105316 ], [ -96.675731919331227, 16.281628260829795 ], [ -96.675311109759164, 16.281725980205241 ], [ -96.674865110392545, 16.281903820028056 ], [ -96.674310429037661, 16.282137720141812 ], [ -96.673961510135214, 16.282236420534517 ], [ -96.673683549934964, 16.282393600873256 ], [ -96.673332689321199, 16.282618830198633 ], [ -96.672984999430838, 16.282637030557282 ], [ -96.672635629639828, 16.282758749873491 ], [ -96.672142109539479, 16.282912920932457 ], [ -96.671721278609056, 16.283010629857237 ], [ -96.671193120043625, 16.28307238002186 ], [ -96.670569338797463, 16.283121229888948 ], [ -96.670138539137582, 16.283080710678782 ], [ -96.669853569052648, 16.282904200296887 ], [ -96.669532970244973, 16.282704180062535 ], [ -96.669150879052125, 16.282618380348033 ], [ -96.66875635041734, 16.28255540009253 ], [ -96.668481709177172, 16.282494111042919 ], [ -96.668132939914472, 16.282581310499495 ], [ -96.667750880298541, 16.282483950475363 ], [ -96.667428998918538, 16.282375970516931 ], [ -96.666872479235508, 16.282108111168167 ], [ -96.666337199426209, 16.281991630873332 ], [ -96.66627751903232, 16.281980710479921 ], [ -96.666170819034562, 16.282027740514152 ], [ -96.666134599247798, 16.28198209122673 ], [ -96.665753679360407, 16.282008779876168 ], [ -96.665182539892413, 16.282071799988824 ], [ -96.664813540052904, 16.282098369823476 ], [ -96.664443940305176, 16.282067451034518 ], [ -96.66424204984483, 16.282126889727458 ], [ -96.664147229590753, 16.282173820399887 ], [ -96.664040508895724, 16.282220830167212 ], [ -96.66370831927658, 16.282350539959712 ], [ -96.663399349034108, 16.282422509940254 ], [ -96.663270249102595, 16.282607740522238 ], [ -96.663115878688728, 16.282655230296982 ], [ -96.662984860050059, 16.282656491101189 ], [ -96.662501768841679, 16.283167110217349 ], [ -96.662490819541688, 16.283259200936303 ], [ -96.66224427922208, 16.283606549889914 ], [ -96.661959599634855, 16.283724290703635 ], [ -96.661715110007748, 16.284267090876032 ], [ -96.661374708900752, 16.284753319596863 ], [ -96.66113140022803, 16.285411110180384 ], [ -96.661314019903671, 16.285837320013631 ], [ -96.666872679412549, 16.288659510428023 ], [ -96.676103429883852, 16.291001310011048 ], [ -96.672761920208856, 16.294809459931521 ], [ -96.666229090285228, 16.303194879910567 ], [ -96.660744320129993, 16.308569710317354 ], [ -96.658360569867298, 16.313419680314031 ], [ -96.655634259578562, 16.314854460249624 ], [ -96.651512820066543, 16.317507429648298 ], [ -96.642915830171361, 16.325091569941645 ], [ -96.63827179997574, 16.329617420120616 ], [ -96.637432418975649, 16.328756311062737 ], [ -96.637048890044468, 16.328620020699844 ], [ -96.636440029795409, 16.328910291042575 ], [ -96.635950289924935, 16.329073540438031 ], [ -96.635101079963604, 16.329146380260841 ], [ -96.634119800038434, 16.329139340539363 ], [ -96.633413178626824, 16.32901594007183 ], [ -96.632801739256735, 16.328765710132203 ], [ -96.632107779216298, 16.328780311036173 ], [ -96.631163119429033, 16.3289110611137 ], [ -96.630361860319042, 16.328995171335322 ], [ -96.629561478706677, 16.329263309987567 ], [ -96.629275049056346, 16.329425570516708 ], [ -96.628138079362387, 16.329373199727833 ] ] ] ] } },
{ "type": "Feature", "properties": { "CVEGEO": "20343", "CVE_ENT": "20", "CVE_MUN": "343", "PAISAJE": "Valles Centrales", "ID_PAISA": 1, "NOM_MUN": "San Sebastián Abasolo", "HAS_MUN": 1539.9, "RM": "R1" }, "geometry": { "type": "MultiPolygon", "coordinates": [ [ [ [ -96.594068186897999, 17.006676872652765 ], [ -96.594060078770568, 17.006201049730226 ], [ -96.594107770050741, 17.005943580078679 ], [ -96.594109354774616, 17.005939080827282 ], [ -96.594452088684193, 17.004966420472162 ], [ -96.594862479492591, 17.003813341194459 ], [ -96.595082508877027, 17.00315457028589 ], [ -96.595112799422523, 17.003103830525781 ], [ -96.594645690393008, 17.002951971013292 ], [ -96.593630509430596, 17.00263159973866 ], [ -96.593171890331391, 17.002489579940562 ], [ -96.592612649548968, 17.002317551087227 ], [ -96.592366979981989, 17.002241000809313 ], [ -96.59231330422665, 17.00240386971107 ], [ -96.592181539448632, 17.002803690659736 ], [ -96.59198617022048, 17.003407979679142 ], [ -96.59183808971521, 17.004059600110175 ], [ -96.591769858613219, 17.00468220089282 ], [ -96.59172415041499, 17.004972850911443 ], [ -96.591685799312827, 17.005166620148721 ], [ -96.591608229962986, 17.005341221211943 ], [ -96.591531659797411, 17.005585539645857 ], [ -96.591405139419962, 17.005891281120896 ], [ -96.591327249346847, 17.006063650095555 ], [ -96.591174249727828, 17.006336079590294 ], [ -96.591080448933383, 17.006303620847266 ], [ -96.590916650351289, 17.006246910214035 ], [ -96.590453198756293, 17.00610322983497 ], [ -96.590260550303498, 17.00604596966075 ], [ -96.589964658674461, 17.005940769537474 ], [ -96.589537350433403, 17.005772949936215 ], [ -96.589200429189717, 17.005644050913993 ], [ -96.58910293960416, 17.005603830456486 ], [ -96.589040549165048, 17.005582220941534 ], [ -96.588936419075168, 17.00555288007109 ], [ -96.58880139318876, 17.005505199987663 ], [ -96.588779480095667, 17.005497460567867 ], [ -96.58854568862408, 17.005418400836717 ], [ -96.588424569018443, 17.005383340115433 ], [ -96.588203540306012, 17.00532450983118 ], [ -96.587924629734843, 17.005252220882809 ], [ -96.587642779816733, 17.005179091070811 ], [ -96.587319449937993, 17.005100381241462 ], [ -96.586892679661503, 17.004997800972902 ], [ -96.586692450460063, 17.004941090086383 ], [ -96.586662778925245, 17.004961661085979 ], [ -96.586503720442622, 17.004935450422945 ], [ -96.586257539968358, 17.004868620686128 ], [ -96.585748248961323, 17.00472271979076 ], [ -96.585222229278301, 17.004564719725199 ], [ -96.5847993203665, 17.004430490362285 ], [ -96.584493918852971, 17.004329649508161 ], [ -96.584180459866019, 17.004213460877594 ], [ -96.583650399860204, 17.00401058108827 ], [ -96.583278250473811, 17.003870974606563 ], [ -96.583264140024156, 17.0038656798957 ], [ -96.583390148579966, 17.003456861207997 ], [ -96.583259450200416, 17.003409251268248 ], [ -96.582828259259841, 17.003252180008772 ], [ -96.582477259262873, 17.003096830106561 ], [ -96.582334139350806, 17.002999320173974 ], [ -96.58194779889358, 17.002686630968931 ], [ -96.581506049813669, 17.002314769564393 ], [ -96.581001829372681, 17.001776420736075 ], [ -96.580887896340187, 17.001631907775778 ], [ -96.580867519115444, 17.001606060291522 ], [ -96.58047069039948, 17.001477521202343 ], [ -96.579983828872727, 17.001320481083503 ], [ -96.579843179376965, 17.001216819968725 ], [ -96.579943219929291, 17.000919740762711 ], [ -96.580043619470459, 16.999962029686085 ], [ -96.579970660422433, 16.999239739654318 ], [ -96.579614198713571, 16.998102519917463 ], [ -96.579314309446431, 16.997172431049556 ], [ -96.578865248590319, 16.994848420500148 ], [ -96.578539709579132, 16.993590310076655 ], [ -96.578481569994139, 16.992789800802491 ], [ -96.577949320465322, 16.990789719629284 ], [ -96.577676889730895, 16.989569770815645 ], [ -96.577417628760159, 16.989227400011806 ], [ -96.57706171909355, 16.988543579586143 ], [ -96.576429459393594, 16.988090890393515 ], [ -96.576057219067437, 16.987683920209669 ], [ -96.575553720241672, 16.98692858091546 ], [ -96.575083659279741, 16.986137049811852 ], [ -96.574642289462361, 16.985616620398783 ], [ -96.574396379509309, 16.985208999670949 ], [ -96.574236509290841, 16.98481697000075 ], [ -96.573912279102117, 16.984435230768902 ], [ -96.573709860144149, 16.984117850365628 ], [ -96.573377199944474, 16.983840420567198 ], [ -96.572948258713708, 16.983459280996026 ], [ -96.572617600042989, 16.982992620202982 ], [ -96.572463770384914, 16.982806201312904 ], [ -96.572329180322384, 16.982269149672018 ], [ -96.572258660215141, 16.982013480622083 ], [ -96.57198817897229, 16.981517979668368 ], [ -96.571844539150035, 16.981165280974682 ], [ -96.571596940138875, 16.980923420125723 ], [ -96.571617628972717, 16.980589569914347 ], [ -96.571772260224733, 16.980311510638078 ], [ -96.572335120269457, 16.979929940287654 ], [ -96.572421550425759, 16.979729680269124 ], [ -96.572139920394278, 16.978702659826691 ], [ -96.571757890184912, 16.976953849613512 ], [ -96.57144964975781, 16.975728140229648 ], [ -96.570776540257157, 16.973497400045424 ], [ -96.570439200088742, 16.972517320222259 ], [ -96.570167800061412, 16.971669660255039 ], [ -96.570204880151621, 16.970640290014387 ], [ -96.574563539704371, 16.97194049087673 ], [ -96.578214830284665, 16.973027980053946 ], [ -96.579669909236841, 16.973461180665936 ], [ -96.581233858722442, 16.973929460544806 ], [ -96.583003910193938, 16.974455541077791 ], [ -96.584662279967276, 16.974952750866759 ], [ -96.586465509821522, 16.975518201014175 ], [ -96.586548520442477, 16.975544229683713 ], [ -96.586650168734664, 16.975573119906976 ], [ -96.586809028769423, 16.975618260869446 ], [ -96.587015030454467, 16.975676820315392 ], [ -96.58726705998987, 16.975748430565087 ], [ -96.587401849372739, 16.975786739563805 ], [ -96.587565219532607, 16.975833170978451 ], [ -96.587743249438631, 16.975883750056465 ], [ -96.587851110254817, 16.975914420749945 ], [ -96.587872878793959, 16.975920890111329 ], [ -96.587983889835741, 16.975953910054443 ], [ -96.588125998679971, 16.975996169997273 ], [ -96.588273628990862, 16.976040061304118 ], [ -96.58842356906537, 16.976084659687064 ], [ -96.588596629229059, 16.976136119546656 ], [ -96.58883014899655, 16.976205569639433 ], [ -96.589027539111413, 16.9762642597419 ], [ -96.589197379547542, 16.976314770867408 ], [ -96.589356259857638, 16.976362020082465 ], [ -96.589380549852791, 16.97636940105135 ], [ -96.589541310003611, 16.976418219719481 ], [ -96.589700459061618, 16.976466520797658 ], [ -96.589871340062246, 16.976518420363746 ], [ -96.590033229810984, 16.976567550532835 ], [ -96.590141829372911, 16.976599850752372 ], [ -96.590387739475119, 16.976672949860593 ], [ -96.590512920162041, 16.976710150099731 ], [ -96.590633378808505, 16.976745970076305 ], [ -96.590766979193489, 16.976785680027433 ], [ -96.590900549234462, 16.976825399597384 ], [ -96.591035339481664, 16.976865459653546 ], [ -96.591159599468767, 16.976902400080963 ], [ -96.591358708908786, 16.97696157952327 ], [ -96.591465798791958, 16.976993421070095 ], [ -96.591522980251838, 16.977010230855651 ], [ -96.591551600453002, 16.977018650360545 ], [ -96.591576848907252, 16.977026060350482 ], [ -96.59167490998334, 16.977054890982942 ], [ -96.591858078918818, 16.977108741192417 ], [ -96.591961379865836, 16.977139109671359 ], [ -96.592094140182724, 16.977178141135482 ], [ -96.592197519620996, 16.977208521333893 ], [ -96.592375339720647, 16.977260800022101 ], [ -96.592524370299046, 16.97730462051851 ], [ -96.59271768897878, 16.9773614506074 ], [ -96.592871520385785, 16.977406660935262 ], [ -96.593018660103269, 16.977449920879362 ], [ -96.593133749623519, 16.977483749894731 ], [ -96.593320450193886, 16.977538629846222 ], [ -96.593466419219979, 16.977581539718418 ], [ -96.593626429441741, 16.977628579682911 ], [ -96.593778549218101, 16.977673309606185 ], [ -96.593895968573563, 16.97770782060724 ], [ -96.594001279006264, 16.977738770090905 ], [ -96.5941668287211, 16.977090569770063 ], [ -96.594615169937683, 16.975330680055745 ], [ -96.595065149564221, 16.973575261115393 ], [ -96.595557778595179, 16.971642601065405 ], [ -96.596456000414889, 16.96812358049085 ], [ -96.596905520119194, 16.966366430063587 ], [ -96.606944509562979, 16.968518510116848 ], [ -96.610649319664574, 16.971793979717969 ], [ -96.614676720424384, 16.972592580217079 ], [ -96.616254430253178, 16.972905420249923 ], [ -96.616884220205819, 16.973049580455136 ], [ -96.617187149877608, 16.973110480148474 ], [ -96.622699379582698, 16.974322230349831 ], [ -96.628122620247723, 16.975431490164596 ], [ -96.629126369873944, 16.975361180438828 ], [ -96.64484659996431, 16.977551880187082 ], [ -96.650910740334126, 16.977814220356571 ], [ -96.655606489959595, 16.986158510202991 ], [ -96.648959970132935, 16.986668819616419 ], [ -96.640806739612501, 16.986944909889818 ], [ -96.627205979621081, 16.987510399810787 ], [ -96.62598882024902, 16.987550199564041 ], [ -96.62594134974745, 16.985924340133053 ], [ -96.625791400050701, 16.980116349653212 ], [ -96.618358213022034, 16.979635787381241 ], [ -96.61710726648775, 16.979554877030882 ], [ -96.617029184255927, 16.979549825160944 ], [ -96.616980720410297, 16.979546689968622 ], [ -96.616188673315534, 16.979520960253431 ], [ -96.611311579787014, 16.979362430229216 ], [ -96.610781739586983, 16.983492120172581 ], [ -96.606086629648473, 16.98180811972755 ], [ -96.606413230013203, 16.980967539609555 ], [ -96.607886150455144, 16.981120199649467 ], [ -96.606422519796411, 16.975320290346907 ], [ -96.60525418007488, 16.970672379994049 ], [ -96.601913509689624, 16.982364310214091 ], [ -96.602557519724456, 16.982547600412907 ], [ -96.602243519606844, 16.983690220082877 ], [ -96.601611570180012, 16.983296849735204 ], [ -96.600122569721336, 16.983126249946327 ], [ -96.598879369590605, 16.986810949807474 ], [ -96.602499969732236, 16.987903280383879 ], [ -96.602680320396033, 16.988153859591243 ], [ -96.602508630154986, 16.990492200454668 ], [ -96.606918090028714, 16.994404680303198 ], [ -96.606842219887227, 16.994433029849837 ], [ -96.605450847496627, 16.998878714574246 ], [ -96.605422740461648, 16.998966049796255 ], [ -96.603337969741148, 16.998477199878703 ], [ -96.601963449044618, 16.998112251143937 ], [ -96.601963421985559, 16.998112318820791 ], [ -96.601646650255802, 16.998901179702209 ], [ -96.601300549808244, 16.999996800821702 ], [ -96.601261308763654, 17.000118120484736 ], [ -96.601010780086213, 17.001062459585711 ], [ -96.600624909163884, 17.002304911077527 ], [ -96.600610429425856, 17.002351539809105 ], [ -96.600577194784094, 17.002458549176133 ], [ -96.600546888957481, 17.002556121257211 ], [ -96.600069798590638, 17.004061570261317 ], [ -96.5998999795885, 17.00440697180197 ], [ -96.599933489233408, 17.004511150086866 ], [ -96.599938519058711, 17.004514049810762 ], [ -96.599985948883102, 17.004541250110076 ], [ -96.601258550278047, 17.00488312027403 ], [ -96.601336519685177, 17.004904080359371 ], [ -96.601306979384461, 17.004996679567945 ], [ -96.601224420410318, 17.005255369636551 ], [ -96.599421750335011, 17.004696290030807 ], [ -96.599283050067328, 17.004907579847767 ], [ -96.599159319955277, 17.005377319798125 ], [ -96.598554769602259, 17.006754050242737 ], [ -96.598382320355043, 17.006726250252672 ], [ -96.597661579815096, 17.006662970093267 ], [ -96.597059947587056, 17.006610154379164 ], [ -96.596919518442604, 17.006597826442068 ], [ -96.59606425971927, 17.00652274100927 ], [ -96.595702675742601, 17.006499260012163 ], [ -96.594990829044789, 17.006453031313697 ], [ -96.594511819189989, 17.006574650331039 ], [ -96.594147119410579, 17.006739859819461 ], [ -96.594070460164531, 17.006810280067718 ], [ -96.594068186897999, 17.006676872652765 ] ] ] ] } },
{ "type": "Feature", "properties": { "CVEGEO": "20384", "CVE_ENT": "20", "CVE_MUN": "384", "PAISAJE": "Valles Centrales", "ID_PAISA": 1, "NOM_MUN": "Santa Cruz Xitla", "HAS_MUN": 5714.6, "RM": "R2" }, "geometry": { "type": "MultiPolygon", "coordinates": [ [ [ [ -96.684673879546438, 16.383445109920068 ], [ -96.684233319370946, 16.383243399562691 ], [ -96.683789090178081, 16.383283310967311 ], [ -96.683176968973243, 16.383332290909607 ], [ -96.682684459579988, 16.383394520103796 ], [ -96.682374399987566, 16.383286661187483 ], [ -96.682052479913679, 16.383167220964317 ], [ -96.681614448881419, 16.382792999568387 ], [ -96.681439219929999, 16.38247993963644 ], [ -96.681239628595321, 16.382201120587911 ], [ -96.680967140368352, 16.381978691035524 ], [ -96.680693349782914, 16.381848379615686 ], [ -96.68026407912707, 16.381692880378573 ], [ -96.679940659466865, 16.381676919695618 ], [ -96.679616148784106, 16.381729890194634 ], [ -96.679245109843151, 16.381690290849754 ], [ -96.678824919379991, 16.381730451157964 ], [ -96.678537719395081, 16.381691950404875 ], [ -96.678254109431208, 16.381623340230984 ], [ -96.67808384913215, 16.381582141252036 ], [ -96.67785934988143, 16.381360420738766 ], [ -96.677803709376292, 16.381072079875274 ], [ -96.677714419505961, 16.3806221208146 ], [ -96.6776481691398, 16.380241630232955 ], [ -96.677582079438594, 16.379947570249623 ], [ -96.677547000266699, 16.379791540175948 ], [ -96.677493599513994, 16.379353721123135 ], [ -96.677052338866034, 16.379197979931458 ], [ -96.67702236994154, 16.379207121345296 ], [ -96.676582658998967, 16.379341029977013 ], [ -96.676148050446926, 16.379542089766716 ], [ -96.675689969545047, 16.379708310472907 ], [ -96.675435179334045, 16.379911800461212 ], [ -96.675262949236128, 16.380208461231589 ], [ -96.675210709995426, 16.38049532010039 ], [ -96.674755459550965, 16.38047754965104 ], [ -96.674288290191058, 16.380447979709132 ], [ -96.673946048751063, 16.3800866497131 ], [ -96.673711599694002, 16.379726770952526 ], [ -96.673487338991791, 16.379493570366876 ], [ -96.672973629443277, 16.37937143049691 ], [ -96.672898540335879, 16.379417970960429 ], [ -96.672537999075715, 16.379641421303585 ], [ -96.672039379079209, 16.380117649885065 ], [ -96.671592289419436, 16.38035297104005 ], [ -96.671292179806798, 16.380403279854907 ], [ -96.670949980028126, 16.380460631310285 ], [ -96.670895228729535, 16.380469820560606 ], [ -96.670291979912705, 16.380725999890828 ], [ -96.669622999746466, 16.380567169777095 ], [ -96.669195829591544, 16.380273631068217 ], [ -96.669093579671255, 16.379892540328512 ], [ -96.669088782867505, 16.379840789724923 ], [ -96.669086450263933, 16.379815620571964 ], [ -96.669031619876591, 16.379224460215667 ], [ -96.669109442400753, 16.378750563368015 ], [ -96.669110778586642, 16.378742420382554 ], [ -96.669413849510079, 16.378516599833862 ], [ -96.669539199736903, 16.378150229580594 ], [ -96.669699088625023, 16.377876399649082 ], [ -96.669831888635358, 16.377805060628571 ], [ -96.669928798822085, 16.377753019796327 ], [ -96.670182720385, 16.377607051061155 ], [ -96.670298460320794, 16.377079421064177 ], [ -96.670569979637676, 16.376554060349093 ], [ -96.670936260355688, 16.376110519577576 ], [ -96.671364519119493, 16.375529800223251 ], [ -96.671521999790272, 16.375349220787314 ], [ -96.671681659855722, 16.375166110077036 ], [ -96.671631779427884, 16.374486691132962 ], [ -96.672238488714953, 16.374000449551076 ], [ -96.673026659410297, 16.373401770772148 ], [ -96.673992680418422, 16.372931980528097 ], [ -96.674275890358416, 16.372429780274508 ], [ -96.674499260374432, 16.371915259944856 ], [ -96.674684379366468, 16.371437460177251 ], [ -96.674698769931183, 16.371400310044038 ], [ -96.674660739264297, 16.370732570464888 ], [ -96.674728919340211, 16.370181381161995 ], [ -96.674870830386865, 16.369504620744618 ], [ -96.675095149114426, 16.368932570422075 ], [ -96.675248398850471, 16.36830202069337 ], [ -96.675301549072671, 16.368064680162036 ], [ -96.67536397970504, 16.367785940977065 ], [ -96.675397258683091, 16.367603059757474 ], [ -96.67546836879977, 16.367212200973352 ], [ -96.675632580063905, 16.366650769768963 ], [ -96.675843690283713, 16.366159060232878 ], [ -96.676128889700067, 16.36551884989597 ], [ -96.67618459927769, 16.365001939685051 ], [ -96.676276999900125, 16.364428059638367 ], [ -96.676450950228727, 16.364016339795192 ], [ -96.676610549923026, 16.363765430953748 ], [ -96.676261518766481, 16.363351030508721 ], [ -96.673027908847928, 16.35951154101696 ], [ -96.672169768751985, 16.358492570329396 ], [ -96.668250460275502, 16.363611200859427 ], [ -96.666874648818549, 16.365407910857463 ], [ -96.666566279250517, 16.365026030498932 ], [ -96.665647650370914, 16.363888420723182 ], [ -96.665622459308636, 16.36385721964724 ], [ -96.664394249658699, 16.363046621304466 ], [ -96.663658449090818, 16.362560969537235 ], [ -96.661503719108865, 16.361138780523593 ], [ -96.661374148637861, 16.361553430971416 ], [ -96.661317488840254, 16.362186310236027 ], [ -96.66154599928862, 16.362892910060875 ], [ -96.66158491004883, 16.363013230359932 ], [ -96.661610620008034, 16.36336961963579 ], [ -96.661648939522621, 16.363852520922812 ], [ -96.661521379205695, 16.365369291058478 ], [ -96.661404599591719, 16.365600381145462 ], [ -96.660894830389267, 16.365858260534758 ], [ -96.66040721930149, 16.365954920901835 ], [ -96.660072969566983, 16.36590064954849 ], [ -96.659609309383185, 16.366008580802774 ], [ -96.659412598652395, 16.366126400990378 ], [ -96.65894604905516, 16.366405889621287 ], [ -96.658669219561133, 16.366823750391404 ], [ -96.658448523212726, 16.367156875542364 ], [ -96.658371060076661, 16.367273799967759 ], [ -96.658154093442306, 16.367712631828301 ], [ -96.658102579334084, 16.367816820412973 ], [ -96.658110200061415, 16.368552649814372 ], [ -96.658031740061077, 16.369076311045784 ], [ -96.65796527989994, 16.369519920063091 ], [ -96.65777017972394, 16.370246221195689 ], [ -96.657605969855851, 16.370500750911546 ], [ -96.657047319234522, 16.370644090246621 ], [ -96.656500109618733, 16.370741319811 ], [ -96.655974478617694, 16.370619860165608 ], [ -96.655865029869133, 16.370604550678468 ], [ -96.655694682909981, 16.37058071265006 ], [ -96.655282249878837, 16.370523000156147 ], [ -96.655238722630457, 16.370540087951849 ], [ -96.654815538706345, 16.3707062204547 ], [ -96.654771859236362, 16.370723350465003 ], [ -96.654132680410342, 16.370983660122892 ], [ -96.653857950345753, 16.371076890202918 ], [ -96.653166459598793, 16.371472919670818 ], [ -96.651681740302465, 16.371321519928845 ], [ -96.649547279639009, 16.370551260215038 ], [ -96.64922459383196, 16.370508242465416 ], [ -96.649213319841195, 16.37050674084589 ], [ -96.649285940066349, 16.370434420092185 ], [ -96.650425889565369, 16.368284740067448 ], [ -96.648563170079441, 16.36563994027409 ], [ -96.648249584908811, 16.365577605148459 ], [ -96.648237658957754, 16.365575234532773 ], [ -96.647970250264436, 16.365522079905254 ], [ -96.646767050281042, 16.365079119763703 ], [ -96.646555950975198, 16.365065916726191 ], [ -96.646553279891478, 16.365065750046565 ], [ -96.645371213087941, 16.360831679426987 ], [ -96.645368720364985, 16.360822750102994 ], [ -96.645328989390862, 16.360683957426868 ], [ -96.645325180154728, 16.360670649786051 ], [ -96.641095370324507, 16.358179579911688 ], [ -96.64050770956834, 16.357692249736473 ], [ -96.640058576309656, 16.357282587657799 ], [ -96.640050969829204, 16.357275649927818 ], [ -96.639294058062575, 16.356670761192071 ], [ -96.639293819678713, 16.356670570330355 ], [ -96.639281712681154, 16.356670315469412 ], [ -96.638535044455935, 16.35665457415314 ], [ -96.638525339995439, 16.356654369894716 ], [ -96.638522699078479, 16.356654128367374 ], [ -96.636534213269059, 16.356472494832925 ], [ -96.63652168005747, 16.356471350067125 ], [ -96.634710950356208, 16.355449019948235 ], [ -96.63463470954963, 16.355373380157744 ], [ -96.634517999731912, 16.355154080439707 ], [ -96.63443730976114, 16.354955629643285 ], [ -96.634265490152501, 16.354874770015286 ], [ -96.633582970088653, 16.354844750068811 ], [ -96.632355878969875, 16.354769518953916 ], [ -96.632344149914545, 16.354768799894533 ], [ -96.632343533780386, 16.35476907265636 ], [ -96.631995489668526, 16.354923179871811 ], [ -96.631894753810442, 16.354960198696336 ], [ -96.631877550225468, 16.354966520432679 ], [ -96.632117379575035, 16.354632419761263 ], [ -96.638811120132374, 16.343860490247891 ], [ -96.640904830027196, 16.340715429813059 ], [ -96.644546649750652, 16.335309539859772 ], [ -96.644267140050161, 16.335080049738206 ], [ -96.643564429780966, 16.334466370395091 ], [ -96.642200600104417, 16.333309779562175 ], [ -96.638648310010112, 16.330200819783943 ], [ -96.638276636353936, 16.329624914366413 ], [ -96.63827179997574, 16.329617420120616 ], [ -96.642915830171361, 16.325091569941645 ], [ -96.651512820066543, 16.317507429648298 ], [ -96.655634259578562, 16.314854460249624 ], [ -96.658360569867298, 16.313419680314031 ], [ -96.660744320129993, 16.308569710317354 ], [ -96.666229090285228, 16.303194879910567 ], [ -96.672761920208856, 16.294809459931521 ], [ -96.676103429883852, 16.291001310011048 ], [ -96.680156449668004, 16.286886030512921 ], [ -96.68483548895675, 16.281923460214209 ], [ -96.689712578774518, 16.276806220024785 ], [ -96.695072719418775, 16.273988081251858 ], [ -96.6983378803113, 16.272320289962231 ], [ -96.702941118738039, 16.275295139752 ], [ -96.704297170024361, 16.276171449718934 ], [ -96.710927970015135, 16.28044297127548 ], [ -96.714047419888999, 16.283156970811842 ], [ -96.718949780396429, 16.287335829652537 ], [ -96.715762429977829, 16.289445819646357 ], [ -96.712168620065299, 16.291103850396251 ], [ -96.705236150194963, 16.29420194116544 ], [ -96.702269600346384, 16.296079429720816 ], [ -96.699250200020884, 16.299440420058222 ], [ -96.689661279951792, 16.308817720371334 ], [ -96.687835229554878, 16.317039150022964 ], [ -96.687752480116046, 16.317843449686809 ], [ -96.686910150441037, 16.326029649697954 ], [ -96.688793180101712, 16.331047709590894 ], [ -96.690464820462523, 16.335381479750925 ], [ -96.700539519995985, 16.34105538114818 ], [ -96.699675220063256, 16.343561479747425 ], [ -96.700259860107607, 16.345204090221348 ], [ -96.699592860060022, 16.346415509927265 ], [ -96.699157630218352, 16.347205971257452 ], [ -96.699101140201648, 16.349341259839218 ], [ -96.699973489933129, 16.349906179753916 ], [ -96.702211879843574, 16.350148920149859 ], [ -96.703027290038534, 16.352846889798926 ], [ -96.702121180205154, 16.352968450193806 ], [ -96.700147090239042, 16.353192369656931 ], [ -96.692926509832773, 16.350031460381548 ], [ -96.69447274021843, 16.351898220427163 ], [ -96.695394179548785, 16.353010650419357 ], [ -96.705626550041146, 16.355558890093253 ], [ -96.705801460429399, 16.355560659876602 ], [ -96.706280150359405, 16.355514219971244 ], [ -96.70642361996785, 16.355631140881215 ], [ -96.707232979611888, 16.355717820026797 ], [ -96.707250540282374, 16.355936220318696 ], [ -96.707849659644751, 16.355982889571308 ], [ -96.708235709736741, 16.356012970237771 ], [ -96.708690770122544, 16.356048429745407 ], [ -96.709026420061221, 16.356323369891776 ], [ -96.709296580125127, 16.357510119635212 ], [ -96.709748969532825, 16.358397290393182 ], [ -96.710162719820971, 16.359208690345394 ], [ -96.710120980073484, 16.359891980155016 ], [ -96.710371229566761, 16.360685089562473 ], [ -96.710387970230926, 16.361372219660808 ], [ -96.710603169920802, 16.361538939854313 ], [ -96.710792800114476, 16.362902780429522 ], [ -96.710389380170469, 16.36368775002023 ], [ -96.711920149925547, 16.364012880059811 ], [ -96.712207489984934, 16.364233540037649 ], [ -96.71305442992724, 16.364799109671829 ], [ -96.71324189023052, 16.364924291178671 ], [ -96.713310309920487, 16.36557224996681 ], [ -96.712745419662753, 16.36628032026071 ], [ -96.712950120210976, 16.367969690406433 ], [ -96.712972780102618, 16.368156710303722 ], [ -96.713109629712065, 16.369285969850061 ], [ -96.713230260430777, 16.369520910093367 ], [ -96.713364120064895, 16.369781650448559 ], [ -96.71384177954512, 16.370711920634431 ], [ -96.714426030221659, 16.371849779970866 ], [ -96.71416383018321, 16.372198139973854 ], [ -96.713936720277516, 16.372638599768191 ], [ -96.713904680292572, 16.372700750350162 ], [ -96.713570600468017, 16.373409419885679 ], [ -96.712926200153873, 16.374021850062746 ], [ -96.712146770287248, 16.374850879614712 ], [ -96.711755999765231, 16.375340229877786 ], [ -96.711383680247167, 16.376197889818748 ], [ -96.710663339885159, 16.377085279907 ], [ -96.710261997783277, 16.377680935449998 ], [ -96.710130059686279, 16.377876749815453 ], [ -96.710087319529023, 16.377940180255958 ], [ -96.709725489679073, 16.378052720073338 ], [ -96.709267379531113, 16.378195200316611 ], [ -96.708622309993515, 16.378558890019434 ], [ -96.708579478965035, 16.378583044413606 ], [ -96.708485109983997, 16.37863625987293 ], [ -96.707339030312269, 16.379173259939066 ], [ -96.706813429673929, 16.379816920183945 ], [ -96.706390819850512, 16.380511660434674 ], [ -96.706385833666232, 16.380937399053188 ], [ -96.706381459800383, 16.381310820282703 ], [ -96.706325564377863, 16.382260498122669 ], [ -96.706316819686322, 16.382409080402333 ], [ -96.705620379998763, 16.382650199689721 ], [ -96.705291490288189, 16.38276405993696 ], [ -96.704808110150196, 16.382942109624256 ], [ -96.704128220303843, 16.383484170095176 ], [ -96.703451850139984, 16.383726549800208 ], [ -96.702776079993043, 16.383918980237041 ], [ -96.702255710156109, 16.384113109763121 ], [ -96.701649819842444, 16.384379969578713 ], [ -96.701370369894533, 16.384503060317918 ], [ -96.701083149604088, 16.385424600423903 ], [ -96.700521519895517, 16.38598782009694 ], [ -96.699682509930341, 16.386781540191429 ], [ -96.69921158030337, 16.387206369884783 ], [ -96.698583120311412, 16.387687380410938 ], [ -96.698440969892005, 16.387953889569282 ], [ -96.698025879742474, 16.388732139714303 ], [ -96.697662370391257, 16.389854079675708 ], [ -96.697724134165924, 16.391018858064466 ], [ -96.697726089742545, 16.391055740001491 ], [ -96.697757361558374, 16.39115643097696 ], [ -96.697837884018014, 16.391415701455134 ], [ -96.697865487388526, 16.391504579385895 ], [ -96.697908745404163, 16.391643866675558 ], [ -96.697909902046931, 16.391647589367196 ], [ -96.697936316500247, 16.391732637909278 ], [ -96.697988419876935, 16.391900400122097 ], [ -96.698004180989983, 16.391912437420459 ], [ -96.698172845656259, 16.392041248079035 ], [ -96.698232652714481, 16.392086922995905 ], [ -96.6985099797228, 16.392298720256594 ], [ -96.69882782998134, 16.392694259798006 ], [ -96.699233736186201, 16.393325729585136 ], [ -96.699238119681908, 16.393332549575565 ], [ -96.699247346470088, 16.393662687126955 ], [ -96.699249859561547, 16.393752620385531 ], [ -96.699108732885421, 16.393987716653772 ], [ -96.698870441716196, 16.394384673513304 ], [ -96.698801229692734, 16.394499970346072 ], [ -96.698781348774148, 16.394567598779339 ], [ -96.698762401710994, 16.394632053751533 ], [ -96.698715390855043, 16.394791976356899 ], [ -96.698690106587023, 16.394877987768659 ], [ -96.698664193525786, 16.394966137776102 ], [ -96.698649659615597, 16.395015579804735 ], [ -96.698647498567055, 16.395021262099849 ], [ -96.698586055560796, 16.395182897414596 ], [ -96.698579425519753, 16.395200337880617 ], [ -96.698462599710595, 16.395507660071232 ], [ -96.698391219314601, 16.395659816570795 ], [ -96.698287310933281, 16.395881312096172 ], [ -96.698186729805059, 16.396095712465975 ], [ -96.6981606930228, 16.396151213487926 ], [ -96.698134202287477, 16.396207680922981 ], [ -96.697792504697162, 16.396936043568054 ], [ -96.69778518082876, 16.396951655572479 ], [ -96.697777088470204, 16.396968904907169 ], [ -96.697758848566636, 16.39700778491979 ], [ -96.697709482954636, 16.397113013279057 ], [ -96.69768264577111, 16.397170218209627 ], [ -96.697644575868694, 16.397251367411066 ], [ -96.69762078010443, 16.397302090440348 ], [ -96.697052119851492, 16.397750459698774 ], [ -96.696903749892314, 16.398328850298853 ], [ -96.696898940207959, 16.398738219860459 ], [ -96.696857139959249, 16.399283650277262 ], [ -96.696991449640933, 16.399899260279412 ], [ -96.697198549698072, 16.400345080053555 ], [ -96.697539940382185, 16.40063871534441 ], [ -96.697544393716626, 16.400642545882469 ], [ -96.697650447688503, 16.400733765311028 ], [ -96.69768126729403, 16.400760273172217 ], [ -96.697701180233935, 16.400777400017404 ], [ -96.697638235425231, 16.400865257476607 ], [ -96.697614506913496, 16.400898377231361 ], [ -96.697557503552176, 16.400977940637098 ], [ -96.697473633866281, 16.401095003502618 ], [ -96.697390850406933, 16.401210550438378 ], [ -96.697382919775734, 16.401221620277276 ], [ -96.697020526825924, 16.401759467551479 ], [ -96.697012520106597, 16.401771350367024 ], [ -96.696977834442592, 16.401813715642053 ], [ -96.696953641312575, 16.401843266334815 ], [ -96.696671367981509, 16.402188042212593 ], [ -96.696632221823279, 16.402235855202626 ], [ -96.6963068903314, 16.402633220808966 ], [ -96.695713119396771, 16.402245379582478 ], [ -96.695285230238781, 16.401997950666946 ], [ -96.694963179100554, 16.401878430104038 ], [ -96.694316198859966, 16.401846480755562 ], [ -96.693993619179295, 16.401773000956247 ], [ -96.693653289079691, 16.401273580384164 ], [ -96.693394549704152, 16.400936421089821 ], [ -96.692797340273117, 16.400778620915187 ], [ -96.692284288975856, 16.400610460918227 ], [ -96.691928908629805, 16.400318020347569 ], [ -96.691790310159234, 16.399959479867348 ], [ -96.691661688938169, 16.399739091072476 ], [ -96.691079649125442, 16.399374421112014 ], [ -96.690566599725031, 16.399206250054956 ], [ -96.690173570201708, 16.399028290449202 ], [ -96.689952630427811, 16.398565059629284 ], [ -96.689875019722422, 16.398138370625951 ], [ -96.689869368750209, 16.397712650611602 ], [ -96.690030619954186, 16.39734675058752 ], [ -96.690000140231277, 16.3969782002481 ], [ -96.689922309357499, 16.396562969541101 ], [ -96.689845280197375, 16.396101769675713 ], [ -96.689710649400354, 16.395478691197216 ], [ -96.689572549878562, 16.395085650802493 ], [ -96.689600969348319, 16.394786950007074 ], [ -96.689051418781887, 16.394652800258783 ], [ -96.688720229624735, 16.394349150571053 ], [ -96.688634458659919, 16.393669249838752 ], [ -96.688607119858304, 16.393082220992572 ], [ -96.688553569099966, 16.392655780912246 ], [ -96.688501280020802, 16.392137399787398 ], [ -96.688386999301542, 16.391756181037856 ], [ -96.688501218887851, 16.391332140586208 ], [ -96.688390769860149, 16.390697939825952 ], [ -96.688072709025704, 16.390313850793728 ], [ -96.68793013905605, 16.389967689743735 ], [ -96.687829689294858, 16.389723820766548 ], [ -96.687697228630654, 16.389232880935584 ], [ -96.687636539504851, 16.389007940907909 ], [ -96.68741934942841, 16.388291710645063 ], [ -96.687223619986625, 16.387748261119718 ], [ -96.686675308895218, 16.387533630275534 ], [ -96.686306619003531, 16.387333000403093 ], [ -96.685928449233657, 16.386959630269004 ], [ -96.686163380278586, 16.38647974100795 ], [ -96.686215749625418, 16.386181310957312 ], [ -96.686375859223389, 16.385895981146025 ], [ -96.686379598925811, 16.385642891292321 ], [ -96.686191620305195, 16.385387259837941 ], [ -96.685501138738744, 16.385055601167263 ], [ -96.685189829141663, 16.385028231158 ], [ -96.684831489319478, 16.384942709834917 ], [ -96.68459622949841, 16.384640379695821 ], [ -96.684626649584558, 16.384203679635807 ], [ -96.684596690043634, 16.383800630709825 ], [ -96.684673879546438, 16.383445109920068 ] ] ] ] } },
{ "type": "Feature", "properties": { "CVEGEO": "20546", "CVE_ENT": "20", "CVE_MUN": "546", "PAISAJE": "Valles Centrales", "ID_PAISA": 1, "NOM_MUN": "Teotitlán del Valle", "HAS_MUN": 10804.6, "RM": "R1" }, "geometry": { "type": "MultiPolygon", "coordinates": [ [ [ [ -96.481631260095881, 17.113246969618274 ], [ -96.479919820281864, 17.111033779990201 ], [ -96.473832509810848, 17.111787460223088 ], [ -96.471081980396136, 17.109617630324436 ], [ -96.47010137020618, 17.109687139623382 ], [ -96.469260920099387, 17.108082149811707 ], [ -96.467788279816816, 17.107247629827491 ], [ -96.467158280286412, 17.106969620145769 ], [ -96.469321290242959, 17.100365519861207 ], [ -96.469764820012912, 17.095326000405194 ], [ -96.469800910204725, 17.092387320223107 ], [ -96.468494200310275, 17.08842088029424 ], [ -96.464831799675352, 17.083559170343406 ], [ -96.46309704959387, 17.080759619835078 ], [ -96.465516089993329, 17.074823149808733 ], [ -96.468454550374901, 17.073348660458343 ], [ -96.468886450081271, 17.069513520082392 ], [ -96.468561309847303, 17.064594170107434 ], [ -96.470017429525029, 17.059682940185684 ], [ -96.468731679626501, 17.056260339874402 ], [ -96.468003539792392, 17.053368909869583 ], [ -96.466924150151655, 17.051401630199333 ], [ -96.47245277951896, 17.039533250345929 ], [ -96.478896780063494, 17.025682200447548 ], [ -96.484163430135766, 17.014381859701679 ], [ -96.487059909765122, 17.008143979597175 ], [ -96.490408169527157, 17.00097254030819 ], [ -96.494801580239098, 16.991540890094498 ], [ -96.496883079940716, 16.987051679767685 ], [ -96.498958380304444, 16.987661630341705 ], [ -96.501623120383599, 16.988452599594162 ], [ -96.504587170017743, 16.989332350357529 ], [ -96.506237939626146, 16.989822279677419 ], [ -96.50719831970784, 16.990108450135544 ], [ -96.508111400459924, 16.990380489703192 ], [ -96.509019126444599, 16.990650954053869 ], [ -96.509624592697321, 16.990831353789858 ], [ -96.510263066552028, 16.991021584902928 ], [ -96.510898130493104, 16.991210796893093 ], [ -96.512452649666869, 16.991673939754591 ], [ -96.517837169222673, 16.992833850427534 ], [ -96.520845119132929, 16.993583740666292 ], [ -96.522530349482267, 16.994007571118377 ], [ -96.523717888782713, 16.994305340285507 ], [ -96.525489179495864, 16.994706720061792 ], [ -96.525514429221289, 16.994773950113132 ], [ -96.52557862919312, 16.994948280163555 ], [ -96.526659599295627, 16.997867620362527 ], [ -96.527933819315351, 17.001445400510335 ], [ -96.528960889052669, 17.004342830046934 ], [ -96.528420399828633, 17.006360661032431 ], [ -96.527614260364885, 17.009419020510432 ], [ -96.527547379003494, 17.009675999719146 ], [ -96.527878858697946, 17.010861139992969 ], [ -96.528110089581219, 17.011696419973244 ], [ -96.528499459053791, 17.013103980810175 ], [ -96.528983599527834, 17.014830220049976 ], [ -96.529250012613801, 17.015780142156327 ], [ -96.529377509665196, 17.01623474018519 ], [ -96.529453519610527, 17.016505800080974 ], [ -96.52948735643119, 17.016626451054751 ], [ -96.529504299124952, 17.016686863265807 ], [ -96.529542519260772, 17.016823141086515 ], [ -96.52963862921375, 17.017148350181774 ], [ -96.530325418902621, 17.019472200331659 ], [ -96.530419987220014, 17.019867796702801 ], [ -96.530437770179873, 17.019942180045785 ], [ -96.530821219423473, 17.021142881328661 ], [ -96.53191046099127, 17.024665128909195 ], [ -96.532072259565012, 17.025233181211131 ], [ -96.532300650306709, 17.026025630389356 ], [ -96.532616749632822, 17.02713337011803 ], [ -96.533071829052489, 17.028664369772411 ], [ -96.533463320036617, 17.029979749672695 ], [ -96.533977660389908, 17.031715060269054 ], [ -96.534371830000637, 17.033389720514208 ], [ -96.535139889492427, 17.036649290062712 ], [ -96.535701889803647, 17.03903298014086 ], [ -96.536178309116536, 17.04105842086825 ], [ -96.537205420301518, 17.044615860107676 ], [ -96.538128280114208, 17.050766089600117 ], [ -96.537180019408581, 17.05494163046631 ], [ -96.536726168998143, 17.057250220993595 ], [ -96.536323648980058, 17.059199980616807 ], [ -96.53858688935334, 17.061180580819087 ], [ -96.539570828783553, 17.062424340799701 ], [ -96.54062481936225, 17.063911720608427 ], [ -96.542226859146723, 17.066521079897996 ], [ -96.547482109121972, 17.058078180161822 ], [ -96.553988709351714, 17.04550212118107 ], [ -96.554682448789322, 17.037864740669352 ], [ -96.554963909944306, 17.034892340106598 ], [ -96.555239628983983, 17.031992920111865 ], [ -96.557331049192541, 17.026513780471142 ], [ -96.558848149684508, 17.022325490195406 ], [ -96.559707015619551, 17.019284565649055 ], [ -96.5598786342605, 17.018676909372129 ], [ -96.560588719796741, 17.016162650609541 ], [ -96.568968030209675, 17.019189170191517 ], [ -96.568967480945744, 17.019019839581414 ], [ -96.56893968888329, 17.010453180207794 ], [ -96.570686289727476, 17.011391720147532 ], [ -96.573103349153953, 17.012721019623335 ], [ -96.573210619784732, 17.012729980504041 ], [ -96.573326690268487, 17.012787630748129 ], [ -96.573504340205176, 17.012881280781606 ], [ -96.573647889362007, 17.012992049706984 ], [ -96.573813198670777, 17.013277950653293 ], [ -96.574064738701964, 17.013552970803421 ], [ -96.574227880190719, 17.013752570351045 ], [ -96.574458429740162, 17.01401318039126 ], [ -96.574906179245986, 17.014323369981426 ], [ -96.575284938907458, 17.014526770246896 ], [ -96.575883430399742, 17.014810381151833 ], [ -96.576473109220743, 17.015012800209622 ], [ -96.576722740192295, 17.015143060633484 ], [ -96.576986048871888, 17.015273800416292 ], [ -96.577156248697648, 17.015403799808176 ], [ -96.577457659368378, 17.015593180713406 ], [ -96.57801361998186, 17.015867941199875 ], [ -96.578434229253048, 17.016021000267724 ], [ -96.578753750010122, 17.016150051287525 ], [ -96.578908080002705, 17.016198580839589 ], [ -96.579076280150048, 17.016209479660095 ], [ -96.579230780445158, 17.016253250430079 ], [ -96.57941254006397, 17.016298019984013 ], [ -96.579612919179553, 17.016310079851799 ], [ -96.579847248579426, 17.016342451129422 ], [ -96.580104919231516, 17.016391320161627 ], [ -96.580362978810754, 17.016457680478638 ], [ -96.580635860344117, 17.016549260927626 ], [ -96.581010510206667, 17.016700340234742 ], [ -96.581117939224058, 17.016770720227079 ], [ -96.581456848599885, 17.016536771263784 ], [ -96.581577089562671, 17.016373799751825 ], [ -96.581322181436846, 17.017350137160943 ], [ -96.58103331129152, 17.018456535483761 ], [ -96.580766139059961, 17.019479820042978 ], [ -96.580783908623701, 17.019505830930289 ], [ -96.580747249889058, 17.019592709956147 ], [ -96.580711140280087, 17.019738261214865 ], [ -96.580680015147934, 17.019901538347906 ], [ -96.580672378637829, 17.019941600411549 ], [ -96.580629679406499, 17.020162460270505 ], [ -96.580597278717022, 17.020388399841586 ], [ -96.580546318992916, 17.020585090849735 ], [ -96.580517588555068, 17.020712030898579 ], [ -96.58049941893951, 17.020792309968865 ], [ -96.580475705418351, 17.02087091300772 ], [ -96.580448629777052, 17.020960661326818 ], [ -96.580392768938367, 17.021183420656161 ], [ -96.580361569056208, 17.021311400289235 ], [ -96.580318428842531, 17.021446250765738 ], [ -96.580259679812684, 17.02166191988546 ], [ -96.580218629517887, 17.021852450762633 ], [ -96.580172749970529, 17.021988659837959 ], [ -96.580172396495698, 17.021990294837501 ], [ -96.580166233763748, 17.022018797951532 ], [ -96.580123508749011, 17.022216430418158 ], [ -96.580121510960211, 17.022228604656849 ], [ -96.580116940362288, 17.02225645017845 ], [ -96.580088203763651, 17.022381569020443 ], [ -96.579902060966489, 17.023192038732361 ], [ -96.579859510454128, 17.023377303605386 ], [ -96.579854706935407, 17.023398218606026 ], [ -96.579850162857895, 17.023418003815969 ], [ -96.57967895824315, 17.024163419933586 ], [ -96.579662949057635, 17.024233122932849 ], [ -96.579654916769272, 17.024268093584638 ], [ -96.579580580412795, 17.024591749716095 ], [ -96.579053030237148, 17.026788570573753 ], [ -96.578369599874762, 17.029651339672526 ], [ -96.580516949915491, 17.03262685083801 ], [ -96.580855980459006, 17.037262739851297 ], [ -96.587109350191639, 17.043061461077816 ], [ -96.591712919353554, 17.045628370459902 ], [ -96.596013819731695, 17.048032650863735 ], [ -96.590369380413733, 17.05186854104182 ], [ -96.589274619625954, 17.054226819975305 ], [ -96.588855720201167, 17.057035850921441 ], [ -96.587109048960031, 17.058150940424508 ], [ -96.580621079100851, 17.06234717994986 ], [ -96.57101704998658, 17.068555720545987 ], [ -96.566181629443335, 17.071682519582566 ], [ -96.558332339928754, 17.07674772057138 ], [ -96.546684279101058, 17.084267919889573 ], [ -96.546764818936154, 17.085137150153642 ], [ -96.547691449296892, 17.087400630095281 ], [ -96.540010229664361, 17.097112820093411 ], [ -96.537828339459892, 17.100263341069081 ], [ -96.53461082887317, 17.1059938605467 ], [ -96.531350179159546, 17.10842604992888 ], [ -96.528583548852964, 17.10908833966316 ], [ -96.523281090429506, 17.113989050084236 ], [ -96.515676649923265, 17.109808630093454 ], [ -96.511463999650815, 17.104336340017753 ], [ -96.506662460243646, 17.10266824979265 ], [ -96.502774120231393, 17.105503940274048 ], [ -96.498716626977696, 17.108561564869927 ], [ -96.498686430161612, 17.108584319778341 ], [ -96.49856952241737, 17.108580529383786 ], [ -96.498543269845172, 17.108579677987471 ], [ -96.49848478595176, 17.108577781637493 ], [ -96.498484400253886, 17.108577769210115 ], [ -96.498453023869985, 17.108576751288489 ], [ -96.498421249591289, 17.108575720482559 ], [ -96.497906278785322, 17.108559019855626 ], [ -96.497874483837009, 17.108557989073624 ], [ -96.497813256015604, 17.108556002927912 ], [ -96.49777611579168, 17.10855479832162 ], [ -96.497733042831427, 17.108553400927153 ], [ -96.497689975501643, 17.108552003728065 ], [ -96.496334020378214, 17.10850801964418 ], [ -96.496018940049112, 17.108578260108533 ], [ -96.495792122593315, 17.108743679751043 ], [ -96.495764326495589, 17.108763952014371 ], [ -96.49538403229262, 17.109041302310018 ], [ -96.495330637844489, 17.109080242663776 ], [ -96.495248776397972, 17.109139944559583 ], [ -96.49514529923988, 17.109215410177431 ], [ -96.495066034342855, 17.109273218163704 ], [ -96.4945955635404, 17.109616329195308 ], [ -96.494225010865932, 17.109886568688559 ], [ -96.494188813389982, 17.109912967636337 ], [ -96.494156508620762, 17.109936526678961 ], [ -96.494156378928409, 17.109936621284408 ], [ -96.494123572807794, 17.109960545832358 ], [ -96.494085223783159, 17.109988513452084 ], [ -96.494083703306401, 17.109989622028483 ], [ -96.494046658913533, 17.110016638449778 ], [ -96.494008099838027, 17.110044759135455 ], [ -96.493793339864936, 17.11020137972055 ], [ -96.493346887395376, 17.110639601922667 ], [ -96.493245349519157, 17.110739267815227 ], [ -96.49276469335706, 17.111211057235973 ], [ -96.492758312774455, 17.111217320193333 ], [ -96.492742421001736, 17.111232918346154 ], [ -96.492731918094947, 17.111243227126657 ], [ -96.492705516549137, 17.111269141032007 ], [ -96.492652896275885, 17.111320790349822 ], [ -96.492426489637111, 17.111543019621653 ], [ -96.492359900659892, 17.111607659782486 ], [ -96.492346804967752, 17.11162037210638 ], [ -96.492341548502779, 17.111625474797087 ], [ -96.492333179418978, 17.111633598880186 ], [ -96.492312989418323, 17.111653197465319 ], [ -96.492284429348103, 17.111680920997014 ], [ -96.492277852157201, 17.111687305891397 ], [ -96.492262607728819, 17.111702103845147 ], [ -96.491800986351606, 17.112150209950411 ], [ -96.491693161983207, 17.112254877412422 ], [ -96.491541518792303, 17.11240208009395 ], [ -96.491130151082629, 17.112801399465322 ], [ -96.491038969371147, 17.112889909883819 ], [ -96.491013390433551, 17.112914739848886 ], [ -96.490983889379493, 17.112943376318256 ], [ -96.490689180141885, 17.113229450129516 ], [ -96.490460708266298, 17.113183522101288 ], [ -96.489782122746178, 17.113047108837147 ], [ -96.489679069587652, 17.113026392295772 ], [ -96.488420859698479, 17.112773450330121 ], [ -96.481631260095881, 17.113246969618274 ] ] ] ] } },
{ "type": "Feature", "properties": { "CVEGEO": "20068", "CVE_ENT": "20", "CVE_MUN": "068", "PAISAJE": "Valles Centrales", "ID_PAISA": 1, "NOM_MUN": "Ocotlán de Morelos", "HAS_MUN": 3718.2, "RM": "R1" }, "geometry": { "type": "MultiPolygon", "coordinates": [ [ [ [ -96.65055819214696, 16.778056379964507 ], [ -96.649604343324754, 16.793074228966745 ], [ -96.65308151630596, 16.808968563665807 ], [ -96.655725109900658, 16.82744329100835 ], [ -96.655724549178842, 16.827445179996339 ], [ -96.655724280229236, 16.827446120384593 ], [ -96.651231539467574, 16.827045481262672 ], [ -96.650470509618046, 16.826977599603474 ], [ -96.648405340448164, 16.826789260218476 ], [ -96.648250119480878, 16.826779519735791 ], [ -96.647714019077412, 16.826731290424693 ], [ -96.64688054995375, 16.82665694739558 ], [ -96.645943412124424, 16.826573351049355 ], [ -96.627454629128621, 16.82492286105774 ], [ -96.617682779992265, 16.826763319904817 ], [ -96.617680179783235, 16.826763800246599 ], [ -96.61768291956696, 16.826759739676021 ], [ -96.623819629934232, 16.817647230677036 ], [ -96.633150549415248, 16.806707490369529 ], [ -96.633369949313845, 16.804964950025557 ], [ -96.633713888700882, 16.802233030311143 ], [ -96.633899200284063, 16.800761060773585 ], [ -96.634240108997915, 16.798053200450948 ], [ -96.634782078687053, 16.793747940263625 ], [ -96.635197579219508, 16.790447110525459 ], [ -96.635518309972412, 16.787899059830544 ], [ -96.635533169738125, 16.787810460086909 ], [ -96.635553419566818, 16.787638369913608 ], [ -96.635892770259687, 16.785118540334576 ], [ -96.635932244441179, 16.784825404799605 ], [ -96.635999479014643, 16.784326120204515 ], [ -96.636439880330954, 16.78105577077692 ], [ -96.637656218788777, 16.772022310365291 ], [ -96.638363580362565, 16.766768350300026 ], [ -96.638364050131216, 16.766764941305642 ], [ -96.63836371934083, 16.766764770461133 ], [ -96.636197060283507, 16.765691480154029 ], [ -96.63010982904477, 16.764114420466687 ], [ -96.630109079523422, 16.764114220044934 ], [ -96.630109968654935, 16.764110829833175 ], [ -96.631724018934662, 16.757963849962081 ], [ -96.631921179339599, 16.757212920177292 ], [ -96.632193658857858, 16.756175150374684 ], [ -96.632438829086638, 16.755676141292696 ], [ -96.633004120106619, 16.754525549777515 ], [ -96.634882740416103, 16.750701719720556 ], [ -96.635328089696443, 16.749795200663844 ], [ -96.635774430246158, 16.748886679835326 ], [ -96.635608579356187, 16.748858780992958 ], [ -96.633899509680376, 16.748571310370505 ], [ -96.633991242850954, 16.748130285493939 ], [ -96.634093519700571, 16.747638571155729 ], [ -96.634827309608951, 16.748000231192194 ], [ -96.63527617978707, 16.747993310358762 ], [ -96.635794969428915, 16.747574000901409 ], [ -96.636018660052599, 16.747344249976695 ], [ -96.636215029959686, 16.746957110254677 ], [ -96.636312769956916, 16.746801340824302 ], [ -96.636239779957336, 16.746553090889247 ], [ -96.636255450005336, 16.746242290005707 ], [ -96.636130979084982, 16.746030290556121 ], [ -96.636244999503148, 16.745602719655249 ], [ -96.635712489719779, 16.745495940540749 ], [ -96.635554859987664, 16.74558445989798 ], [ -96.63548782019528, 16.745457260717949 ], [ -96.635679048810601, 16.745259659635785 ], [ -96.635222079836424, 16.744761480459097 ], [ -96.635269419744631, 16.744531941049047 ], [ -96.634839888975961, 16.744633080585505 ], [ -96.634088579850754, 16.744816050998985 ], [ -96.633250109808401, 16.744600460533434 ], [ -96.632470418929486, 16.744331200069684 ], [ -96.631578110435129, 16.744090620080208 ], [ -96.63079282885974, 16.744075550654944 ], [ -96.630066488997386, 16.743980750564528 ], [ -96.629959704039791, 16.743919707305608 ], [ -96.629304488766863, 16.743545150038578 ], [ -96.628734378632615, 16.743462229538196 ], [ -96.62801831884498, 16.743656110285663 ], [ -96.627288449232537, 16.743619140091234 ], [ -96.626800308971383, 16.743458739536326 ], [ -96.626331710165644, 16.74341257966822 ], [ -96.6260158601402, 16.743684021226429 ], [ -96.623713249401661, 16.743110549990934 ], [ -96.622678569343989, 16.742701370806319 ], [ -96.621984229066612, 16.742568290283845 ], [ -96.621256399602373, 16.742371230214214 ], [ -96.620701120423021, 16.74220758054442 ], [ -96.619619548863369, 16.741418139598931 ], [ -96.619097819388571, 16.740828061223961 ], [ -96.618489219256958, 16.740293140506356 ], [ -96.617615220450205, 16.739947370263529 ], [ -96.616469738657159, 16.739530281126783 ], [ -96.615884910397483, 16.738745940746938 ], [ -96.615630619604772, 16.738421089707142 ], [ -96.615148949506121, 16.738026661129911 ], [ -96.614520488597762, 16.737546370011863 ], [ -96.613915719918637, 16.737047569843739 ], [ -96.612962200363143, 16.736540201230415 ], [ -96.612132029622444, 16.73602718101996 ], [ -96.611469739704987, 16.735707851107975 ], [ -96.611424268731582, 16.735641746221269 ], [ -96.611203428873921, 16.735320691089534 ], [ -96.611184162499541, 16.735204796669841 ], [ -96.611049880278301, 16.734397030134129 ], [ -96.610862149729499, 16.73402098038709 ], [ -96.610392719808289, 16.733889340247195 ], [ -96.609569049610869, 16.733654709570349 ], [ -96.609188550219713, 16.733339230779016 ], [ -96.609021818669461, 16.732897430156758 ], [ -96.608744819238282, 16.732084200330817 ], [ -96.608437509335346, 16.731636220218093 ], [ -96.607573229354287, 16.731242139578814 ], [ -96.6072979786356, 16.730861679548898 ], [ -96.607230888843233, 16.730318680458169 ], [ -96.607363149271322, 16.729496450977628 ], [ -96.607442658868266, 16.728740801122651 ], [ -96.60739698002088, 16.728339340946672 ], [ -96.607218940191288, 16.727711019751421 ], [ -96.606970629535368, 16.726980680255309 ], [ -96.606639519391734, 16.726351079724715 ], [ -96.606242950304676, 16.726114751233411 ], [ -96.605535629510243, 16.725806029578905 ], [ -96.60534626043497, 16.725749980531713 ], [ -96.605148819661238, 16.725726091305447 ], [ -96.604659709840902, 16.72569971956753 ], [ -96.604242218733873, 16.725673859929731 ], [ -96.603884549962558, 16.725625419989797 ], [ -96.603526368755695, 16.725645940142506 ], [ -96.603036818963034, 16.72567703066197 ], [ -96.602642910075033, 16.725685820197917 ], [ -96.602094140198801, 16.725659030740925 ], [ -96.601640830013167, 16.725632909675753 ], [ -96.601318890283395, 16.725596221311601 ], [ -96.600948950077097, 16.725593650624081 ], [ -96.600639279084717, 16.72561183054491 ], [ -96.603780679696484, 16.720868770862005 ], [ -96.606406540233237, 16.716844941174386 ], [ -96.608412489749981, 16.717699570717208 ], [ -96.611419309740782, 16.720810820128655 ], [ -96.622564769696709, 16.706519059822991 ], [ -96.624520308718701, 16.706466030886212 ], [ -96.624562619583983, 16.70605271982431 ], [ -96.626903829716937, 16.702936280357132 ], [ -96.629106878892117, 16.702790019544842 ], [ -96.633854710224398, 16.706122431252528 ], [ -96.633855508789026, 16.706725320467672 ], [ -96.633819118819787, 16.707373600180912 ], [ -96.633808979716449, 16.707784119913494 ], [ -96.633805519068986, 16.707851601125959 ], [ -96.633807819177747, 16.708222680588797 ], [ -96.633791719967164, 16.708336710046193 ], [ -96.633742030406623, 16.710083549700009 ], [ -96.633736680412113, 16.710343660812814 ], [ -96.633705288790352, 16.711375139791166 ], [ -96.633698740070187, 16.711605230577597 ], [ -96.637437489523876, 16.711320910518346 ], [ -96.637591479101332, 16.711415600252796 ], [ -96.638043819051788, 16.711590090041483 ], [ -96.638230249921605, 16.711622619908521 ], [ -96.640732000420556, 16.712579399710865 ], [ -96.640740708946026, 16.712559719872871 ], [ -96.641005089765358, 16.712642140243833 ], [ -96.641164080271324, 16.712694910219945 ], [ -96.641518628932943, 16.712778631267511 ], [ -96.642841149122262, 16.713285539971274 ], [ -96.643593519817017, 16.71355999985877 ], [ -96.644509650274202, 16.713888230192033 ], [ -96.645867199848411, 16.714414539597481 ], [ -96.646826399541752, 16.714766340141836 ], [ -96.646987649387853, 16.714824171018194 ], [ -96.647955278680016, 16.715194079955424 ], [ -96.648150549617938, 16.71526966014163 ], [ -96.649649179067069, 16.715863570651997 ], [ -96.651138979053059, 16.716563489841356 ], [ -96.651392878842216, 16.716687979947732 ], [ -96.653142048615209, 16.717823629693687 ], [ -96.653485309565141, 16.718101310097421 ], [ -96.655193539549671, 16.719242550310298 ], [ -96.65747624996456, 16.720629781265828 ], [ -96.656470718562403, 16.72235518119437 ], [ -96.656275019624672, 16.722717859764362 ], [ -96.655918939252203, 16.723390710521937 ], [ -96.655780109562357, 16.723628109895209 ], [ -96.655704539125196, 16.723740399930762 ], [ -96.655644399895635, 16.723826121039522 ], [ -96.655549308895132, 16.723950689945266 ], [ -96.655446029617082, 16.724136450748816 ], [ -96.655376619947162, 16.724252140310245 ], [ -96.655320850370629, 16.724352780895615 ], [ -96.655265149265915, 16.724463709855691 ], [ -96.655196658973708, 16.724572629947591 ], [ -96.655131688888503, 16.72468322048044 ], [ -96.655064480354113, 16.724793540977245 ], [ -96.654975199475089, 16.724888710396385 ], [ -96.654606509016645, 16.725597910750992 ], [ -96.65459599898476, 16.725629550257519 ], [ -96.654227319214712, 16.726272950729641 ], [ -96.65411457875453, 16.726450321239607 ], [ -96.653740169965189, 16.727118111125343 ], [ -96.652780768670965, 16.728812510395084 ], [ -96.652731660153762, 16.728931820750073 ], [ -96.652247909141451, 16.72974328014217 ], [ -96.652213309383583, 16.729795290418757 ], [ -96.652166779098735, 16.729941651010538 ], [ -96.652088509424289, 16.729970580372118 ], [ -96.651465828844536, 16.731081120858565 ], [ -96.651414720006358, 16.731151659600819 ], [ -96.651203659740304, 16.731478231123848 ], [ -96.651125849384641, 16.731707881309223 ], [ -96.65035725902483, 16.732997340881614 ], [ -96.648785228833447, 16.73571465979332 ], [ -96.648752490314109, 16.735757400635897 ], [ -96.647216949776919, 16.738346399885785 ], [ -96.646926449822828, 16.73883643100018 ], [ -96.646299819587526, 16.739892711282707 ], [ -96.646277249808008, 16.739931120834235 ], [ -96.646162320309884, 16.740124910425831 ], [ -96.645873459073002, 16.740782460924926 ], [ -96.645675228783617, 16.741230951175183 ], [ -96.645404779340097, 16.741850060446907 ], [ -96.645381149279686, 16.741898691064296 ], [ -96.647033919857279, 16.74179532082427 ], [ -96.648583178848838, 16.741771250600628 ], [ -96.650312920044854, 16.741845970418289 ], [ -96.651857918785311, 16.741893751098793 ], [ -96.652258519740897, 16.741906150009534 ], [ -96.652541119935663, 16.741905849754396 ], [ -96.653523200393735, 16.741987479877302 ], [ -96.653737800303162, 16.74198712105931 ], [ -96.654824048765548, 16.741985370330401 ], [ -96.655394548652112, 16.741984449677556 ], [ -96.655941429457826, 16.741993120020471 ], [ -96.65626107995115, 16.741998179644551 ], [ -96.65803477987194, 16.74211877132813 ], [ -96.659991218574262, 16.742429420855199 ], [ -96.660270880172433, 16.742489051128711 ], [ -96.660375079870036, 16.742494289713608 ], [ -96.66054865966197, 16.742505109831804 ], [ -96.660575785532046, 16.742503458493655 ], [ -96.662253650384315, 16.742401310165459 ], [ -96.663213105064656, 16.745304288335355 ], [ -96.663298170346323, 16.745561661120092 ], [ -96.662664229725252, 16.745572280884367 ], [ -96.662096378840857, 16.745465309674099 ], [ -96.661455369105354, 16.745377719541839 ], [ -96.661341180222578, 16.745365860524863 ], [ -96.660736630235021, 16.745335709616835 ], [ -96.659856749839733, 16.745319139874706 ], [ -96.659860119169608, 16.74526515111728 ], [ -96.658377419156864, 16.743932149952446 ], [ -96.658128049946768, 16.743727880041853 ], [ -96.657998399141817, 16.74358142012823 ], [ -96.657248769859677, 16.74331292121613 ], [ -96.656719519379507, 16.743669880608881 ], [ -96.655956829415203, 16.743880450148961 ], [ -96.655834508584874, 16.743871381038872 ], [ -96.655768170187002, 16.743833770852554 ], [ -96.65461701930316, 16.743336051035293 ], [ -96.654442019797315, 16.743262420496897 ], [ -96.654233599654745, 16.743184800657463 ], [ -96.654056850006896, 16.743160660105612 ], [ -96.653856509757361, 16.743111230893167 ], [ -96.653624919213769, 16.743071371049982 ], [ -96.653407228809286, 16.743070520731244 ], [ -96.65325560033537, 16.7430374598062 ], [ -96.652553819696649, 16.74303742104917 ], [ -96.651551860282083, 16.743198461057485 ], [ -96.651008139158307, 16.743274120016679 ], [ -96.650749458735973, 16.743614450916265 ], [ -96.650588738714276, 16.744016050572085 ], [ -96.650576228907042, 16.744060260283149 ], [ -96.650462489273792, 16.744321830732865 ], [ -96.650379339156913, 16.744459999781075 ], [ -96.650235279215494, 16.744594049999435 ], [ -96.650116320156116, 16.744713461247621 ], [ -96.649904799379598, 16.744970119650166 ], [ -96.649736370232759, 16.745238220166538 ], [ -96.648957178927716, 16.746114880268141 ], [ -96.648221859212981, 16.747946600737517 ], [ -96.647221829690963, 16.748331279663972 ], [ -96.646483230117582, 16.748109570617196 ], [ -96.645767119474101, 16.747957229994448 ], [ -96.644930889062096, 16.747813890105107 ], [ -96.644330879266832, 16.747284821136848 ], [ -96.643656120373279, 16.745802970687471 ], [ -96.643425859100475, 16.745733659673846 ], [ -96.642914570161452, 16.746160250240244 ], [ -96.63906373959172, 16.748825490846187 ], [ -96.638852200340551, 16.748971895213216 ], [ -96.63838335005758, 16.749296380907047 ], [ -96.63864162832472, 16.750000096050673 ], [ -96.63886564816417, 16.750610463027225 ], [ -96.638955199867539, 16.750854450401913 ], [ -96.638955607638749, 16.750854810024094 ], [ -96.640146779669365, 16.751903110401138 ], [ -96.64564899908035, 16.75374604992308 ], [ -96.646384490277313, 16.753428910845145 ], [ -96.647228549418571, 16.753066461283229 ], [ -96.647807680074706, 16.752771281316665 ], [ -96.648602419078031, 16.75256951958216 ], [ -96.649348998635801, 16.752378950406772 ], [ -96.649488406815408, 16.752360614153837 ], [ -96.649863547573545, 16.752311271835815 ], [ -96.650347458963083, 16.752247620537386 ], [ -96.651020080012728, 16.752309570195688 ], [ -96.651687280150853, 16.753073260541981 ], [ -96.652065569966254, 16.753892551066059 ], [ -96.652527599844717, 16.754781350777868 ], [ -96.652952480355523, 16.755681110051512 ], [ -96.653361849605076, 16.756518851016732 ], [ -96.653945280469046, 16.756989569940128 ], [ -96.654477584429983, 16.757413114947823 ], [ -96.654526380374321, 16.757451940994947 ], [ -96.654604498887068, 16.757597782411668 ], [ -96.654615650204477, 16.757618600857665 ], [ -96.654810829397263, 16.757982980743535 ], [ -96.655161340247318, 16.758532663103662 ], [ -96.655197832127513, 16.758589890105178 ], [ -96.655278050003389, 16.758715689666506 ], [ -96.655330052072884, 16.758790235550045 ], [ -96.655331716146449, 16.758792620462227 ], [ -96.655429872260314, 16.758933329391756 ], [ -96.65558189029251, 16.75915125056968 ], [ -96.655611819213149, 16.759177859666273 ], [ -96.656036720077552, 16.75955562957822 ], [ -96.656272704344858, 16.759778185830079 ], [ -96.65629204778233, 16.759796429703236 ], [ -96.656425211586765, 16.759922015596107 ], [ -96.656454398719418, 16.759949540609806 ], [ -96.656467620127458, 16.75997832347095 ], [ -96.656495057022425, 16.760038054092352 ], [ -96.656584445762959, 16.76023265556881 ], [ -96.656601762982177, 16.76027035244017 ], [ -96.656615382050248, 16.76030000198659 ], [ -96.656747749873972, 16.76058816844737 ], [ -96.656760709478547, 16.760616381168003 ], [ -96.656761820103782, 16.760618779606176 ], [ -96.656760568762465, 16.760619969931863 ], [ -96.656657648183767, 16.760718601161734 ], [ -96.656513957588913, 16.760856303423708 ], [ -96.656498895296437, 16.760870738256997 ], [ -96.656481732580104, 16.760887185324211 ], [ -96.65586535192422, 16.761477875432735 ], [ -96.655847991418909, 16.761494513098281 ], [ -96.655660707138964, 16.761673989878279 ], [ -96.653650400056392, 16.763600449909401 ], [ -96.647274279276218, 16.764842970175046 ], [ -96.647268569472402, 16.764844081317129 ], [ -96.647274138658901, 16.76484654994168 ], [ -96.652912769298354, 16.767345520783845 ], [ -96.65055819214696, 16.778056379964507 ] ] ], [ [ [ -96.683381748912026, 16.854914649768538 ], [ -96.683356279239618, 16.855138311231947 ], [ -96.683285689713941, 16.856457139956582 ], [ -96.68322713962192, 16.857551260784959 ], [ -96.683222449563814, 16.857638890111112 ], [ -96.683195250033805, 16.858147200918168 ], [ -96.68316231033306, 16.85876246013369 ], [ -96.683157180356062, 16.858876046208813 ], [ -96.68315655443736, 16.858889910407026 ], [ -96.683155049170466, 16.85892322013899 ], [ -96.683096309858172, 16.860223580760756 ], [ -96.683122078802782, 16.86022954959428 ], [ -96.683122126223026, 16.860229560319198 ], [ -96.683122179228377, 16.860229572146643 ], [ -96.683121938600792, 16.860233140866459 ], [ -96.682921018903585, 16.863236180663499 ], [ -96.682833690059994, 16.864541200761337 ], [ -96.682511821564987, 16.871973708794556 ], [ -96.682482089826252, 16.872660231201884 ], [ -96.682246939454828, 16.872687888167263 ], [ -96.681302576461647, 16.872798954202533 ], [ -96.681173068664165, 16.872814185317171 ], [ -96.678926076764213, 16.873078425023902 ], [ -96.678745319338731, 16.873099680764156 ], [ -96.678723609440183, 16.873102233865843 ], [ -96.678674068698527, 16.873108058765723 ], [ -96.678645674330909, 16.873111398026502 ], [ -96.67725260772265, 16.873275209463198 ], [ -96.677198330026997, 16.873281591569462 ], [ -96.676824999763795, 16.873325489788979 ], [ -96.676824719425014, 16.873325681169959 ], [ -96.676766117107576, 16.873363521730507 ], [ -96.676506686820701, 16.873531044370395 ], [ -96.676449379091025, 16.873568049633899 ], [ -96.67553250980059, 16.874160120651709 ], [ -96.675411286438532, 16.874238397370025 ], [ -96.675116419495126, 16.874428801149421 ], [ -96.67410304982198, 16.875083179766609 ], [ -96.673216618883487, 16.875655571284252 ], [ -96.672477148983333, 16.87613305085236 ], [ -96.672170648587084, 16.876330970498735 ], [ -96.671853536942237, 16.87653572796836 ], [ -96.670414860399617, 16.877464659594025 ], [ -96.669145719950521, 16.875824281200554 ], [ -96.669064831379529, 16.875720416681887 ], [ -96.668608395428734, 16.875134330595174 ], [ -96.668582207663377, 16.875100703771587 ], [ -96.668559571411919, 16.875071637746757 ], [ -96.668411261325019, 16.874881198384205 ], [ -96.668410949356371, 16.874880799755921 ], [ -96.66839673779225, 16.874862215850001 ], [ -96.66838802030388, 16.874850816454273 ], [ -96.668386014822275, 16.874848194107177 ], [ -96.668373952415465, 16.87483242284053 ], [ -96.668042505904012, 16.874399032208355 ], [ -96.668011954236547, 16.874359082250795 ], [ -96.667990697700787, 16.874331287560548 ], [ -96.667973889632606, 16.874309309585655 ], [ -96.666974289834499, 16.873017550631246 ], [ -96.666940185892344, 16.872973466877738 ], [ -96.666881708662856, 16.872897880304997 ], [ -96.666557019954723, 16.873301681151219 ], [ -96.665956199621121, 16.873240170311337 ], [ -96.665879796701645, 16.873239656590137 ], [ -96.665571379340363, 16.873237580264934 ], [ -96.665103180439473, 16.873142370141586 ], [ -96.664599000317111, 16.873012509997796 ], [ -96.664242508919372, 16.87286931078075 ], [ -96.664191399295447, 16.872848780056415 ], [ -96.66370007891868, 16.872626921294053 ], [ -96.66334066022813, 16.872451910524585 ], [ -96.663221799780501, 16.872427681109972 ], [ -96.662932349740558, 16.872368661191643 ], [ -96.662366520288529, 16.872445401208164 ], [ -96.661824430179138, 16.872511050507676 ], [ -96.661426939115003, 16.872657710410284 ], [ -96.660847878589792, 16.872895350686118 ], [ -96.659897378884125, 16.872958020705038 ], [ -96.659747050125404, 16.872795169793086 ], [ -96.65938447876438, 16.872402399801938 ], [ -96.659251426271027, 16.87226427628806 ], [ -96.659150120025913, 16.872159109836527 ], [ -96.659039478682374, 16.872044230940336 ], [ -96.65887145918164, 16.871869800233117 ], [ -96.658621770137998, 16.871500021346439 ], [ -96.658598166675858, 16.871445188213727 ], [ -96.658279109623834, 16.870703981167292 ], [ -96.658010138899854, 16.869724910875682 ], [ -96.658010019050138, 16.869724420677507 ], [ -96.658010279764468, 16.869721319562906 ], [ -96.658062689970563, 16.869126660470375 ], [ -96.658150539826281, 16.868644031023841 ], [ -96.658179379410726, 16.868023060297617 ], [ -96.658435650176358, 16.867566679945785 ], [ -96.658642689687099, 16.867197939909069 ], [ -96.658671398712386, 16.866588521093217 ], [ -96.658832369082205, 16.865979910344652 ], [ -96.658956739208222, 16.865406739844751 ], [ -96.658956999108511, 16.86540554978771 ], [ -96.658956879974085, 16.865403150364035 ], [ -96.65893319879963, 16.864932979913565 ], [ -96.6589257092254, 16.864784170548699 ], [ -96.658677879404095, 16.864172860385615 ], [ -96.65859752041662, 16.863666169933346 ], [ -96.658554050404817, 16.863067680188944 ], [ -96.658067569811749, 16.862491780390094 ], [ -96.658065460187231, 16.862489289686305 ], [ -96.65806770948079, 16.862488219790439 ], [ -96.658487880213457, 16.862285000592177 ], [ -96.659364539434307, 16.862440460657652 ], [ -96.660851509816595, 16.862979549672289 ], [ -96.661571119362023, 16.863225980858186 ], [ -96.661979690105923, 16.863263169824453 ], [ -96.66285696918689, 16.863338119801892 ], [ -96.663479450219029, 16.86371034119276 ], [ -96.664245109094523, 16.864233150451867 ], [ -96.664866940084309, 16.8646974206126 ], [ -96.66537020024866, 16.864930780784164 ], [ -96.665778218954898, 16.865037060839242 ], [ -96.666148449185016, 16.865379060074869 ], [ -96.666552800024107, 16.865752570649207 ], [ -96.666881720089222, 16.866056380937454 ], [ -96.667048859852187, 16.865539510931384 ], [ -96.667501939027488, 16.865655980276557 ], [ -96.667882119270814, 16.865753710762409 ], [ -96.668492049647227, 16.865910489992821 ], [ -96.669107179812869, 16.866068619777927 ], [ -96.669421569475787, 16.866149420973095 ], [ -96.670273429940124, 16.866380620385719 ], [ -96.670456019653884, 16.866415309754316 ], [ -96.670959618769146, 16.866544750811787 ], [ -96.67148484915819, 16.866679751053752 ], [ -96.671867940057027, 16.866876000577896 ], [ -96.672287720415, 16.867091030798989 ], [ -96.67242395669534, 16.867160809868345 ], [ -96.672495630265374, 16.867197520892166 ], [ -96.673677219755675, 16.867802750718685 ], [ -96.674218649142603, 16.868080090059319 ], [ -96.675152139978849, 16.868558250789491 ], [ -96.675757412233537, 16.869198209859984 ], [ -96.675792850870153, 16.869235678206067 ], [ -96.675879820291215, 16.869327631313695 ], [ -96.676336820582719, 16.869293700382691 ], [ -96.678477859248034, 16.869134720432957 ], [ -96.678763428937145, 16.867674711191679 ], [ -96.679247138665744, 16.865802550915102 ], [ -96.679698058883915, 16.862837550123732 ], [ -96.679884939070917, 16.861608749962009 ], [ -96.680319320325665, 16.86076674970445 ], [ -96.681301769494766, 16.858862291153031 ], [ -96.681778658857084, 16.857937829993656 ], [ -96.681860980169319, 16.857423371260829 ], [ -96.682054519000943, 16.856213570477706 ], [ -96.682307969646558, 16.854629421312552 ], [ -96.682530720427351, 16.853236980379577 ], [ -96.682677340340803, 16.852320421363377 ], [ -96.683381748912026, 16.854914649768538 ] ] ] ] } },
{ "type": "Feature", "properties": { "CVEGEO": "20197", "CVE_ENT": "20", "CVE_MUN": "197", "PAISAJE": "Valles Centrales", "ID_PAISA": 1, "NOM_MUN": "San Juan Guelavía", "HAS_MUN": 3182.8, "RM": "R1" }, "geometry": { "type": "MultiPolygon", "coordinates": [ [ [ [ -96.542047679898886, 16.976376540799357 ], [ -96.540616049100549, 16.976307229912159 ], [ -96.538780280018997, 16.97618882119826 ], [ -96.534363750407138, 16.974999769647688 ], [ -96.529798709314164, 16.973598800123728 ], [ -96.526192519637874, 16.972381260807023 ], [ -96.52187887868908, 16.97099677978661 ], [ -96.521536918855134, 16.971740649959155 ], [ -96.521419780356226, 16.971696001275067 ], [ -96.521301629369503, 16.971651510386373 ], [ -96.521019458927071, 16.971545599710453 ], [ -96.520905859215247, 16.971502569527537 ], [ -96.520786249743452, 16.971457890889699 ], [ -96.520675599710017, 16.971415661006453 ], [ -96.520567280006489, 16.971375169912239 ], [ -96.520455750419103, 16.971333061084199 ], [ -96.520331708649096, 16.97128583055504 ], [ -96.520074890136314, 16.971189280872949 ], [ -96.519961350240337, 16.971146980285653 ], [ -96.519834969215495, 16.971100230597905 ], [ -96.519709680026622, 16.971052511017056 ], [ -96.519594739576931, 16.971009979760037 ], [ -96.5194709990012, 16.970963120946656 ], [ -96.519302720308332, 16.970901650171943 ], [ -96.513754830417753, 16.963529220439792 ], [ -96.513304889818656, 16.962915980409441 ], [ -96.512994979661798, 16.96253517022021 ], [ -96.508598110261914, 16.955999579696631 ], [ -96.508190119594005, 16.955582450058962 ], [ -96.506634969712096, 16.954767879793078 ], [ -96.506875710436304, 16.954081619599261 ], [ -96.506952800356544, 16.953808169758467 ], [ -96.5069440298074, 16.953738659947668 ], [ -96.507050950314849, 16.953541029628543 ], [ -96.507171000449759, 16.953273970046958 ], [ -96.507276420142901, 16.953002579691315 ], [ -96.507364830451991, 16.952760800294278 ], [ -96.507484820366471, 16.952512549654518 ], [ -96.507583030381866, 16.952257550167122 ], [ -96.507674510122982, 16.95200170998238 ], [ -96.50774710962169, 16.951751540340144 ], [ -96.507736630372932, 16.951432260300496 ], [ -96.507678200444843, 16.95104329000954 ], [ -96.507744459805821, 16.950688569730172 ], [ -96.507807689625281, 16.950510549993471 ], [ -96.507854479660239, 16.950337380186717 ], [ -96.50794496991854, 16.949905539757104 ], [ -96.507981679608434, 16.949735949567458 ], [ -96.508071310309589, 16.94956674985815 ], [ -96.508084430119936, 16.949577580332026 ], [ -96.508105249790532, 16.949495230225274 ], [ -96.508154019753917, 16.949364000147717 ], [ -96.508163179675577, 16.949226969985755 ], [ -96.508211619800662, 16.949100910178839 ], [ -96.508220260183137, 16.948994119626231 ], [ -96.508296749780172, 16.948720430236701 ], [ -96.508384919703872, 16.948466020403124 ], [ -96.508412419633302, 16.948346650091167 ], [ -96.508437399736664, 16.948218290052232 ], [ -96.508443080203634, 16.948183429737739 ], [ -96.508488690368111, 16.947967260370447 ], [ -96.508506509846484, 16.947890030097245 ], [ -96.508533489565451, 16.947781719981975 ], [ -96.508565340354096, 16.947664660131665 ], [ -96.508610230225699, 16.947549630253764 ], [ -96.508637370086959, 16.947466580299288 ], [ -96.508660279728531, 16.947360260161631 ], [ -96.508676200384116, 16.947282180385002 ], [ -96.508713660161888, 16.947159849674566 ], [ -96.508744089731948, 16.947046349918722 ], [ -96.508782910082218, 16.946938880281415 ], [ -96.508820120440177, 16.946821349719166 ], [ -96.50883756989991, 16.946687709760081 ], [ -96.5088617496545, 16.946630779618054 ], [ -96.508883049670743, 16.94654187954735 ], [ -96.508894519931118, 16.946468200277621 ], [ -96.508947920264376, 16.945863170019198 ], [ -96.509043310000934, 16.945424419618682 ], [ -96.509111649941133, 16.944964630357436 ], [ -96.509124059758989, 16.944764680333183 ], [ -96.509115829704839, 16.94451031958798 ], [ -96.50914330991256, 16.944095940309129 ], [ -96.509212420131988, 16.943550880408505 ], [ -96.509188779874734, 16.942966680033223 ], [ -96.509264619726252, 16.942136349848791 ], [ -96.509291580144449, 16.941860049978875 ], [ -96.50933711021321, 16.941312550360831 ], [ -96.509425149718197, 16.940270579593481 ], [ -96.509449309967479, 16.940209459813008 ], [ -96.509423630129845, 16.939478260125341 ], [ -96.509514089777795, 16.938650349577404 ], [ -96.509512050399323, 16.937897520378659 ], [ -96.50949974957841, 16.937809909549021 ], [ -96.508702370008265, 16.929558279970671 ], [ -96.520091909659399, 16.929566710075804 ], [ -96.524972820216377, 16.931576449981787 ], [ -96.530944660333006, 16.932108980438336 ], [ -96.535475660165957, 16.931890820375912 ], [ -96.54633545979695, 16.930716999547595 ], [ -96.562224059625493, 16.929820660252538 ], [ -96.562337979914773, 16.929816400329717 ], [ -96.567655490463366, 16.933819219817309 ], [ -96.567634950163736, 16.939876310378381 ], [ -96.5676113197636, 16.946752320045135 ], [ -96.57105112045609, 16.947654429951562 ], [ -96.569252310095763, 16.957928981079906 ], [ -96.568392859188762, 16.962882550272074 ], [ -96.570204880151621, 16.970640290014387 ], [ -96.570167800061412, 16.971669660255039 ], [ -96.570439200088742, 16.972517320222259 ], [ -96.570776540257157, 16.973497400045424 ], [ -96.57144964975781, 16.975728140229648 ], [ -96.571757890184912, 16.976953849613512 ], [ -96.572139920394278, 16.978702659826691 ], [ -96.572421550425759, 16.979729680269124 ], [ -96.566266419893438, 16.983790600853872 ], [ -96.560865569091305, 16.987318339883789 ], [ -96.554924398663658, 16.980282490941725 ], [ -96.550477879933041, 16.976620170018958 ], [ -96.542047679898886, 16.976376540799357 ] ] ] ] } },
{ "type": "Feature", "properties": { "CVEGEO": "20411", "CVE_ENT": "20", "CVE_MUN": "411", "PAISAJE": "Valles Centrales", "ID_PAISA": 1, "NOM_MUN": "Santa María Guelacé", "HAS_MUN": 739.2, "RM": "R1" }, "geometry": { "type": "MultiPolygon", "coordinates": [ [ [ [ -96.599159319955277, 17.005377319798125 ], [ -96.599283050067328, 17.004907579847767 ], [ -96.599421750335011, 17.004696290030807 ], [ -96.601224420410318, 17.005255369636551 ], [ -96.601306979384461, 17.004996679567945 ], [ -96.601336519685177, 17.004904080359371 ], [ -96.601258550278047, 17.00488312027403 ], [ -96.599985948883102, 17.004541250110076 ], [ -96.599938519058711, 17.004514049810762 ], [ -96.599933489233408, 17.004511150086866 ], [ -96.599899979411902, 17.004406976312563 ], [ -96.600069798590638, 17.004061570261317 ], [ -96.600546888957481, 17.002556121257211 ], [ -96.600577194784094, 17.002458549176133 ], [ -96.600610429425856, 17.002351539809105 ], [ -96.600624909163884, 17.002304911077527 ], [ -96.601010780086213, 17.001062459585711 ], [ -96.601261308763654, 17.000118120484736 ], [ -96.601300549808244, 16.999996800821702 ], [ -96.601646650255802, 16.998901179702209 ], [ -96.601963449044618, 16.998112251143937 ], [ -96.603337969705848, 16.998477200780798 ], [ -96.604772742485125, 16.998813637994967 ], [ -96.605422740461648, 16.998966049796255 ], [ -96.605450841306904, 16.998878728804229 ], [ -96.606035850881852, 16.99700955535944 ], [ -96.606842219887227, 16.994433029849837 ], [ -96.606918090028714, 16.994404680303198 ], [ -96.602508630154986, 16.990492200454668 ], [ -96.602680320396033, 16.988153859591243 ], [ -96.602499969732236, 16.987903280383879 ], [ -96.598879369590605, 16.986810949807474 ], [ -96.600122569721336, 16.983126249946327 ], [ -96.601611570180012, 16.983296849735204 ], [ -96.602243519606844, 16.983690220082877 ], [ -96.602557519724456, 16.982547600412907 ], [ -96.601913509689624, 16.982364310214091 ], [ -96.60525418007488, 16.970672379994049 ], [ -96.606422519796411, 16.975320290346907 ], [ -96.607886150455144, 16.981120199649467 ], [ -96.606413230013203, 16.980967539609555 ], [ -96.606086629648473, 16.98180811972755 ], [ -96.610781739586983, 16.983492120172581 ], [ -96.611311579787014, 16.979362430229216 ], [ -96.616188673315534, 16.979520960253431 ], [ -96.616980720410297, 16.979546689968622 ], [ -96.617029184255927, 16.979549825160944 ], [ -96.61710726648775, 16.979554877030882 ], [ -96.618358213022034, 16.979635787381241 ], [ -96.625791400050701, 16.980116349653212 ], [ -96.62594134974745, 16.985924340133053 ], [ -96.62598882024902, 16.987550199564041 ], [ -96.625402570113152, 16.995108750121506 ], [ -96.625169080168803, 16.999864349602053 ], [ -96.624631899615608, 17.002874474182963 ], [ -96.624630659994764, 17.002881419874722 ], [ -96.624631784963341, 17.002893774545971 ], [ -96.62463226015123, 17.002898999722834 ], [ -96.624630969436836, 17.00289834246405 ], [ -96.624511260238563, 17.002837350212058 ], [ -96.623648909640494, 17.002654229692677 ], [ -96.623358450020291, 17.002592550115345 ], [ -96.622645910108005, 17.002450650321109 ], [ -96.622347769820479, 17.00239871011776 ], [ -96.621708245726865, 17.002266290795372 ], [ -96.62083026006664, 17.002084490209484 ], [ -96.620785858849061, 17.002063550976288 ], [ -96.620021350287246, 17.001927319951804 ], [ -96.619643569309517, 17.001853850681421 ], [ -96.619390276685834, 17.001799925026845 ], [ -96.619060979726484, 17.001729819618948 ], [ -96.618969939933081, 17.00170986037428 ], [ -96.618836149631647, 17.001692649882479 ], [ -96.618617060431106, 17.001670750249978 ], [ -96.6184534597148, 17.001630579896815 ], [ -96.61734895003454, 17.001410769824489 ], [ -96.617040279766982, 17.00133832008051 ], [ -96.616883569706289, 17.001269849926814 ], [ -96.616707579698627, 17.001225030154892 ], [ -96.616577279659381, 17.001242370017547 ], [ -96.616453919724833, 17.001258750008766 ], [ -96.616324139834347, 17.001235579783781 ], [ -96.616226349687807, 17.001188450372808 ], [ -96.61608531964734, 17.001091690005023 ], [ -96.61589223004367, 17.001039490383743 ], [ -96.615651650443127, 17.000995649693728 ], [ -96.615403770475567, 17.000978859575032 ], [ -96.615399720216331, 17.001173089602151 ], [ -96.615386549764651, 17.001301850406296 ], [ -96.615353120276438, 17.001437290429969 ], [ -96.615212000172875, 17.001536830304282 ], [ -96.615133689844129, 17.00164477968336 ], [ -96.615074979840415, 17.0017816304299 ], [ -96.615010310120752, 17.001867629942335 ], [ -96.614881020423638, 17.002161379571856 ], [ -96.614824169821816, 17.002391370180824 ], [ -96.614765780204621, 17.002567829980606 ], [ -96.614678250086953, 17.002811090138056 ], [ -96.614586769694796, 17.002997720361513 ], [ -96.614572879887746, 17.003031139701463 ], [ -96.614563549628755, 17.003054019580436 ], [ -96.614485619852601, 17.003245319642744 ], [ -96.61448771991995, 17.003410549921817 ], [ -96.614537179994613, 17.003592829975844 ], [ -96.614648749884623, 17.003818890384984 ], [ -96.614795290256581, 17.004116909790227 ], [ -96.614836779581509, 17.004226879774428 ], [ -96.614909050440374, 17.004468890185791 ], [ -96.614924919702702, 17.004538490229805 ], [ -96.614939800240037, 17.004591089722432 ], [ -96.614946719562312, 17.004615630253625 ], [ -96.614907169669948, 17.004627830239261 ], [ -96.614905619813172, 17.004751480392073 ], [ -96.614907550036264, 17.00500498009389 ], [ -96.614851719742063, 17.005351199811678 ], [ -96.614826979840458, 17.005457649645443 ], [ -96.614860058851647, 17.005547249683172 ], [ -96.61494282989085, 17.005656090366738 ], [ -96.61504129018526, 17.005770490247556 ], [ -96.615166279595599, 17.005916350251088 ], [ -96.615231849724069, 17.006023349561882 ], [ -96.615282739762279, 17.006120830414208 ], [ -96.615316550070588, 17.006244380291143 ], [ -96.615300549529067, 17.006365340383589 ], [ -96.615246230178926, 17.006445380261699 ], [ -96.615202289641871, 17.006555000246095 ], [ -96.61512903038566, 17.006798910195112 ], [ -96.615108659557151, 17.006916679741373 ], [ -96.615105149882183, 17.007231919854846 ], [ -96.6151094197823, 17.007368649840956 ], [ -96.614695080475755, 17.007496139795908 ], [ -96.614171679951795, 17.00767888956721 ], [ -96.613903549663206, 17.007772120013644 ], [ -96.613730599057575, 17.007813951030695 ], [ -96.613578740349482, 17.007878889961862 ], [ -96.613512770092953, 17.007927481935937 ], [ -96.613367770325354, 17.008098750312865 ], [ -96.61337552890221, 17.00811235324937 ], [ -96.613681919633194, 17.008649539576879 ], [ -96.613765369636127, 17.008992250394229 ], [ -96.613761959828182, 17.009005944640499 ], [ -96.613620460258971, 17.009574290264055 ], [ -96.613476690195512, 17.010127030231825 ], [ -96.613310150001496, 17.010785660201723 ], [ -96.612104398587206, 17.011131940203391 ], [ -96.611047709755724, 17.010858770442212 ], [ -96.609844340364191, 17.010489060958875 ], [ -96.608664708812881, 17.010190720457651 ], [ -96.607214828716081, 17.009818089724803 ], [ -96.605966718955045, 17.009486340175407 ], [ -96.605822778808545, 17.009307820042547 ], [ -96.605814031646119, 17.009296967865907 ], [ -96.605705708635995, 17.009162600031271 ], [ -96.605456369565289, 17.008837540402869 ], [ -96.605319969529418, 17.008654049609426 ], [ -96.604058450216627, 17.008294629799231 ], [ -96.603029308736311, 17.008008569855111 ], [ -96.601567230351819, 17.007614830430899 ], [ -96.600526119982163, 17.0073351401936 ], [ -96.599750510421487, 17.007104420184763 ], [ -96.598554769602259, 17.006754050242737 ], [ -96.599159319955277, 17.005377319798125 ] ] ] ] } },
{ "type": "Feature", "properties": { "CVEGEO": "20410", "CVE_ENT": "20", "CVE_MUN": "410", "PAISAJE": "Sierra de Yautepec", "ID_PAISA": 2, "NOM_MUN": "Santa María Ecatepec", "HAS_MUN": 11755.7, "RM": "R4" }, "geometry": { "type": "MultiPolygon", "coordinates": [ [ [ [ -95.828213280279641, 16.314478680453878 ], [ -95.845598107750206, 16.318062857289327 ], [ -95.855333075767405, 16.314586434127865 ], [ -95.87867424541831, 16.327050038827355 ], [ -95.851631319885882, 16.384395169857068 ], [ -95.850302519662421, 16.387211750344232 ], [ -95.850497179965302, 16.387779249601969 ], [ -95.85027558015156, 16.388697430211565 ], [ -95.850041250365663, 16.389286569747419 ], [ -95.84988089035221, 16.38974288038893 ], [ -95.846724000084009, 16.388526579745566 ], [ -95.845092919813979, 16.388634599553164 ], [ -95.84449568033385, 16.414661140132139 ], [ -95.844866849863564, 16.438795520278095 ], [ -95.825769709355811, 16.426233089555595 ], [ -95.808627078995684, 16.417180520178928 ], [ -95.802963969682679, 16.416821219767218 ], [ -95.781887879632265, 16.412170831321749 ], [ -95.776926448927142, 16.411027260381047 ], [ -95.756841180151596, 16.407003369801348 ], [ -95.749587749653912, 16.399805949569057 ], [ -95.748281979839348, 16.398510170440126 ], [ -95.746566970235818, 16.396315889704464 ], [ -95.73800434009533, 16.385359110056047 ], [ -95.767163799699077, 16.342844509600816 ], [ -95.762717199606726, 16.342438539980474 ], [ -95.762935309863991, 16.342120279579941 ], [ -95.780373290263171, 16.334596399814927 ], [ -95.828213280279641, 16.314478680453878 ] ] ] ] } },
{ "type": "Feature", "properties": { "CVEGEO": "20200", "CVE_ENT": "20", "CVE_MUN": "200", "PAISAJE": "Sierra de Yautepec", "ID_PAISA": 2, "NOM_MUN": "San Juan Juquila Mixes", "HAS_MUN": 31675.1, "RM": "R3" }, "geometry": { "type": "MultiPolygon", "coordinates": [ [ [ [ -95.925671510087355, 16.997781020210088 ], [ -95.92312488993818, 16.99718311041191 ], [ -95.921048540414816, 16.997456949961716 ], [ -95.919324030170898, 16.999050289826105 ], [ -95.918474820268273, 16.998322399843566 ], [ -95.91770645098714, 16.997718477445758 ], [ -95.91734733987245, 16.99743622024539 ], [ -95.916567950387261, 16.99649625013064 ], [ -95.916018536580864, 16.996345159788422 ], [ -95.915169180275385, 16.996111580381356 ], [ -95.914142483209531, 16.996041621375195 ], [ -95.913544170063886, 16.996000849563099 ], [ -95.912655483615836, 16.995977443976638 ], [ -95.912268890100393, 16.995967259909403 ], [ -95.911269599704042, 16.995156659717715 ], [ -95.911159404088806, 16.995491104304339 ], [ -95.910930280358016, 16.996186489762085 ], [ -95.910590028382217, 16.996116077023611 ], [ -95.908944820335222, 16.995775600223585 ], [ -95.908345620387934, 16.993325230458009 ], [ -95.906834979853727, 16.992603740086494 ], [ -95.906365910125558, 16.991377490193251 ], [ -95.905386140259552, 16.992042620029686 ], [ -95.905231220362083, 16.993412950162476 ], [ -95.905488540149392, 16.995124419684782 ], [ -95.903939650413747, 16.995403949767692 ], [ -95.902254149984643, 16.994028449878499 ], [ -95.900693510072202, 16.993111850231919 ], [ -95.899572320271091, 16.99284663029086 ], [ -95.897846859559181, 16.992299600339859 ], [ -95.896922950278395, 16.991296250039536 ], [ -95.89536208981572, 16.990356570381273 ], [ -95.894125650162295, 16.989379229972077 ], [ -95.89185955024135, 16.988883450151164 ], [ -95.890212950386626, 16.989014280359143 ], [ -95.889292150248892, 16.989563820146312 ], [ -95.887565550010962, 16.990132539928645 ], [ -95.886489599898709, 16.990810059714892 ], [ -95.885780890142783, 16.99213966006716 ], [ -95.88471695007658, 16.992817000331328 ], [ -95.882805019928696, 16.992881370358962 ], [ -95.881045200252174, 16.993749420315162 ], [ -95.878949520281751, 16.993470420144188 ], [ -95.878548339885143, 16.9933534599874 ], [ -95.87871570974157, 16.992920539963666 ], [ -95.877944119779215, 16.992433090031305 ], [ -95.877711170133196, 16.992285919954956 ], [ -95.876990580052592, 16.992196350087013 ], [ -95.87656934969587, 16.992054720080322 ], [ -95.876246460415842, 16.991936289968503 ], [ -95.876096620076666, 16.991729350024467 ], [ -95.876021260206912, 16.991410720198903 ], [ -95.875966019654101, 16.990863489997892 ], [ -95.875817939732173, 16.990168980289898 ], [ -95.875698880461968, 16.989714690031551 ], [ -95.875398690135697, 16.989310349943203 ], [ -95.875101889730772, 16.988829650367435 ], [ -95.874802719555504, 16.988626120244376 ], [ -95.874133459870038, 16.988024939933307 ], [ -95.873955480190233, 16.988227950244745 ], [ -95.873638250424037, 16.988654739573629 ], [ -95.873266940361958, 16.98892683027519 ], [ -95.872467229961202, 16.989247719955227 ], [ -95.871862510176328, 16.989433170315234 ], [ -95.871200230201424, 16.989682659621202 ], [ -95.870981769548763, 16.989173079944837 ], [ -95.870843060209253, 16.988717319622516 ], [ -95.870555849594496, 16.98842527995534 ], [ -95.870432350409033, 16.987825780392182 ], [ -95.869639459551621, 16.988095279588098 ], [ -95.870435449923036, 16.987455020091375 ], [ -95.872144170173328, 16.98628842955835 ], [ -95.873050739864112, 16.985497520138402 ], [ -95.8725455997849, 16.984260030290752 ], [ -95.872834830382601, 16.983072460041775 ], [ -95.874844979621656, 16.981743450143725 ], [ -95.874430320022825, 16.979990149896469 ], [ -95.875161279780286, 16.978860399584565 ], [ -95.874142749761774, 16.977757140228558 ], [ -95.874543769688074, 16.976523599950212 ], [ -95.876097019833992, 16.975874949988381 ], [ -95.876228739984427, 16.974562379612571 ], [ -95.876073630078636, 16.973448089553379 ], [ -95.876542909696511, 16.972224220212322 ], [ -95.875414770139571, 16.971234260325517 ], [ -95.874338220247864, 16.97060027982668 ], [ -95.872482979648552, 16.969030520329621 ], [ -95.870811120080987, 16.967769539783593 ], [ -95.868673720323102, 16.967285450359231 ], [ -95.866989629810732, 16.966933830094167 ], [ -95.865457059576116, 16.966830539751527 ], [ -95.864052939640018, 16.966625829818231 ], [ -95.863561429722694, 16.966016709819552 ], [ -95.863261910213126, 16.965696020363897 ], [ -95.862767849624319, 16.965556740247777 ], [ -95.862273089995952, 16.96537271998228 ], [ -95.861812350266987, 16.965068549908185 ], [ -95.861214889919637, 16.964921630273054 ], [ -95.860725509783151, 16.964529229766018 ], [ -95.859364539949581, 16.964335019904901 ], [ -95.858248680394055, 16.963977740220734 ], [ -95.857268110046263, 16.962675310357611 ], [ -95.859479690179469, 16.962539460026242 ], [ -95.8613821099501, 16.962763000087037 ], [ -95.863421279938308, 16.962203140223366 ], [ -95.864544049989846, 16.961398770058306 ], [ -95.866675489583059, 16.960423819940747 ], [ -95.867897680012959, 16.961205979909348 ], [ -95.869723219959624, 16.96220089027096 ], [ -95.871687580361737, 16.963832340017142 ], [ -95.872489980464266, 16.964024049691719 ], [ -95.873481889815963, 16.964109220169018 ], [ -95.875001220388668, 16.963266510383026 ], [ -95.876120370229032, 16.962094060104612 ], [ -95.876406999613437, 16.96181318012048 ], [ -95.876967449701013, 16.961448660340913 ], [ -95.877548030402863, 16.961609660209621 ], [ -95.878750429808548, 16.961743459614038 ], [ -95.879569769796504, 16.961651399865861 ], [ -95.880209199957108, 16.961108060237532 ], [ -95.880368030449418, 16.960129379993997 ], [ -95.8795422503905, 16.959013110032657 ], [ -95.87872111975102, 16.957422049821883 ], [ -95.877677139896932, 16.956419710047701 ], [ -95.87686148954549, 16.957110719821262 ], [ -95.875513569829323, 16.957786229944983 ], [ -95.874426570442722, 16.958555739922144 ], [ -95.872201970237114, 16.958576880345799 ], [ -95.870828540066626, 16.958325309597821 ], [ -95.869780720275827, 16.956920420395335 ], [ -95.870257149854439, 16.955190400024943 ], [ -95.870839739593748, 16.953240820097456 ], [ -95.870919520392704, 16.951526140184235 ], [ -95.870770940283478, 16.949836599572393 ], [ -95.870842029708953, 16.948712120303238 ], [ -95.871920969887611, 16.946688889895693 ], [ -95.872241169539464, 16.94515238027622 ], [ -95.873620569951754, 16.944240149983901 ], [ -95.873624290322823, 16.942666079613875 ], [ -95.873870060417232, 16.94071968999425 ], [ -95.872500880191453, 16.938386060009254 ], [ -95.871429649908663, 16.936738830165744 ], [ -95.869488659704302, 16.935262710062943 ], [ -95.86894704980142, 16.933956519549117 ], [ -95.868175880125222, 16.933429540076283 ], [ -95.867782369845983, 16.933209890149463 ], [ -95.867038770102084, 16.932544819756316 ], [ -95.864611090189285, 16.933226779661169 ], [ -95.863217769567157, 16.933389450056591 ], [ -95.862128999888895, 16.933963400061511 ], [ -95.8619598499196, 16.934289169765748 ], [ -95.861333650027007, 16.934389250158649 ], [ -95.860497170293243, 16.934335370099738 ], [ -95.858557769637628, 16.934405400321648 ], [ -95.856564620040558, 16.934290019797142 ], [ -95.855953890019791, 16.933871919664281 ], [ -95.854268579599847, 16.933696149561911 ], [ -95.852916089535384, 16.933933080039061 ], [ -95.851311920284516, 16.934940690200616 ], [ -95.84956661987755, 16.936166450316101 ], [ -95.84625335042756, 16.93893616984823 ], [ -95.84601781964156, 16.939381339786795 ], [ -95.845496489808994, 16.938847510361985 ], [ -95.844106829998921, 16.938135770388381 ], [ -95.844297999688621, 16.93673060016161 ], [ -95.844852509593039, 16.935598059645017 ], [ -95.844757519978373, 16.93446011963584 ], [ -95.845992799811683, 16.932838119839325 ], [ -95.845156430052327, 16.930867349697259 ], [ -95.845036619546917, 16.929637549835313 ], [ -95.845878229861142, 16.928352830376156 ], [ -95.844830049804855, 16.926867220007363 ], [ -95.844291019853529, 16.925813919875736 ], [ -95.843403060261053, 16.924402380462414 ], [ -95.843734369751814, 16.922217799809587 ], [ -95.844974259751496, 16.921266280337292 ], [ -95.846824980076889, 16.920578719707624 ], [ -95.847731890416796, 16.919008970456265 ], [ -95.847433539916238, 16.918001020062448 ], [ -95.847372620120453, 16.916639379993576 ], [ -95.847800739729919, 16.915257690019345 ], [ -95.848018259845119, 16.91358076964848 ], [ -95.848199429818678, 16.912176849605643 ], [ -95.847778580386191, 16.911092720202152 ], [ -95.847314949715525, 16.909853490096094 ], [ -95.847573510217984, 16.908214920020662 ], [ -95.847757619630741, 16.907005599942462 ], [ -95.847819230103141, 16.905980650276426 ], [ -95.846396619930843, 16.905533310446913 ], [ -95.846042660445448, 16.903513979630361 ], [ -95.843489339739591, 16.903199150003399 ], [ -95.842864563127691, 16.90348455954879 ], [ -95.842083079842254, 16.90384154992044 ], [ -95.840998819838461, 16.904379259922596 ], [ -95.839697950067418, 16.903952540065298 ], [ -95.838407400427243, 16.904978549629579 ], [ -95.836878400119105, 16.904770230004264 ], [ -95.835672629849881, 16.904394200093915 ], [ -95.833272819778571, 16.904911120412951 ], [ -95.832015850354594, 16.905796600119963 ], [ -95.831066420451236, 16.906590219799874 ], [ -95.829904720240108, 16.907312060406952 ], [ -95.828779249717428, 16.90832736955316 ], [ -95.826833909767245, 16.908816779959558 ], [ -95.82553251021659, 16.908169909757113 ], [ -95.825583551750157, 16.907709499377095 ], [ -95.825744339783824, 16.906259140032656 ], [ -95.82712745995002, 16.904760980276674 ], [ -95.828936689734192, 16.902775110068028 ], [ -95.829943599542403, 16.901807260150459 ], [ -95.831578580411403, 16.900657259885641 ], [ -95.833104229743711, 16.900231449730317 ], [ -95.835358000449574, 16.90028694003804 ], [ -95.836552719623796, 16.899520109887735 ], [ -95.836768460414419, 16.898172230302642 ], [ -95.836217049972618, 16.896848890080644 ], [ -95.836360719810756, 16.895507580322722 ], [ -95.836813860446995, 16.89404198037451 ], [ -95.837158320023576, 16.892313310130842 ], [ -95.83766531977831, 16.891250260225579 ], [ -95.839368180366577, 16.890785779584927 ], [ -95.838248750244986, 16.889358259766155 ], [ -95.836302910356181, 16.886983580339347 ], [ -95.833785212931659, 16.887349510581281 ], [ -95.814235650157514, 16.890189400334329 ], [ -95.77766387985325, 16.88636832013102 ], [ -95.777643350061496, 16.886369510065631 ], [ -95.783023420416541, 16.875420690230051 ], [ -95.785961769967088, 16.869440419821629 ], [ -95.792948780022357, 16.855216029905986 ], [ -95.793071399406955, 16.855062769640135 ], [ -95.793332259473615, 16.854692480682939 ], [ -95.809497378963073, 16.831742110467019 ], [ -95.837274089718733, 16.799798219619749 ], [ -95.837327539483923, 16.799731380279262 ], [ -95.838039998667597, 16.796547860942365 ], [ -95.842092139170347, 16.778440480596345 ], [ -95.842833880337935, 16.777632680398362 ], [ -95.843018678602988, 16.777703459956623 ], [ -95.843291819994803, 16.777878249974972 ], [ -95.843479488980947, 16.77802444972891 ], [ -95.843705150157362, 16.778125491273247 ], [ -95.843968680087073, 16.778173919675083 ], [ -95.844223770041395, 16.778269290217551 ], [ -95.844595620439108, 16.778449619600398 ], [ -95.844660398896622, 16.778523659961913 ], [ -95.844809548964932, 16.778677851192658 ], [ -95.844905288852573, 16.778877401026598 ], [ -95.844970539568351, 16.779107141020781 ], [ -95.845112178596906, 16.779276310837005 ], [ -95.845359709010452, 16.779287749762975 ], [ -95.845568140189613, 16.779269999697561 ], [ -95.845853739117231, 16.779243721201048 ], [ -95.846054219573574, 16.779211201144353 ], [ -95.846600139443609, 16.779017650053849 ], [ -95.84670738028268, 16.778959859783715 ], [ -95.846784488610069, 16.778940710634206 ], [ -95.846992050251487, 16.77886343033936 ], [ -95.847260078802151, 16.77869603023597 ], [ -95.847528338632401, 16.778543540359948 ], [ -95.847864479612468, 16.778278479825449 ], [ -95.848288398708164, 16.778198219811156 ], [ -95.848651720010267, 16.778200630795233 ], [ -95.849139139858394, 16.778231080087917 ], [ -95.849677549904143, 16.778369230878198 ], [ -95.849912909958277, 16.778391889988001 ], [ -95.850346449724711, 16.77843796989626 ], [ -95.850686909279673, 16.778463000952296 ], [ -95.850940819346548, 16.778385091109289 ], [ -95.851195399259765, 16.778351799672787 ], [ -95.851427458658705, 16.778363479730704 ], [ -95.851845750249851, 16.778424630015028 ], [ -95.852240219673106, 16.778441489826527 ], [ -95.852651678658589, 16.778562281222612 ], [ -95.853078169582247, 16.778775020803863 ], [ -95.853201479684088, 16.778814689789144 ], [ -95.853374029669808, 16.778797780395397 ], [ -95.853660080303399, 16.778801260834594 ], [ -95.854053749115991, 16.778766031134179 ], [ -95.854352249074125, 16.778568460344083 ], [ -95.854773149825334, 16.778287340454764 ], [ -95.855208749415198, 16.777953940603716 ], [ -95.855720739399004, 16.777559950157759 ], [ -95.856310139233656, 16.777509800301406 ], [ -95.858670740112544, 16.778823459591635 ], [ -95.881539830286343, 16.764639510280823 ], [ -95.877370910389473, 16.747765220269539 ], [ -95.879303279721071, 16.748527690077641 ], [ -95.881315260246339, 16.748954000603561 ], [ -95.882145829346115, 16.749089510704536 ], [ -95.88248514026688, 16.74860074033808 ], [ -95.882812029553975, 16.748089140522236 ], [ -95.883295349241251, 16.747597819634304 ], [ -95.88382971977677, 16.747278260636701 ], [ -95.88448577922297, 16.747048680869334 ], [ -95.885578059104617, 16.746386111252502 ], [ -95.886480889709119, 16.745864821181147 ], [ -95.887120198914786, 16.745370951268225 ], [ -95.88813023034345, 16.744134680435824 ], [ -95.889254649766897, 16.742585891336187 ], [ -95.890174520279515, 16.742351860027036 ], [ -95.890680350182009, 16.742446830459212 ], [ -95.891535309847228, 16.74260496993827 ], [ -95.89277210935613, 16.742641550614248 ], [ -95.893750620095076, 16.742993110025317 ], [ -95.894920379424846, 16.743306920161359 ], [ -95.896465320338649, 16.743119820744642 ], [ -95.897080738952113, 16.74289666048675 ], [ -95.897837429889265, 16.742648971349372 ], [ -95.898511230030479, 16.742427830105694 ], [ -95.899116648913932, 16.742220950668603 ], [ -95.899781379381224, 16.741855291192657 ], [ -95.900552460362775, 16.741200029622973 ], [ -95.901066769747715, 16.740661630868175 ], [ -95.901729569203937, 16.740344800119463 ], [ -95.902507169747565, 16.739942490204793 ], [ -95.903635970311896, 16.739730920900548 ], [ -95.904901380247608, 16.738958310006218 ], [ -95.905711029157473, 16.738028941107654 ], [ -95.907464549524278, 16.737618951145773 ], [ -95.908036219095152, 16.741854259871779 ], [ -95.909648490409907, 16.747272089906946 ], [ -95.910063520432587, 16.750000049745889 ], [ -95.911420889603036, 16.758921120050424 ], [ -95.912784180223326, 16.767880049823805 ], [ -95.910076110080894, 16.779947999690542 ], [ -95.907343970325414, 16.79271238012187 ], [ -95.915418280060294, 16.799811769730361 ], [ -95.916821780127691, 16.800704749880829 ], [ -95.920635769655078, 16.802216179978483 ], [ -95.922071569585626, 16.802522199557018 ], [ -95.923664630379022, 16.803720710128168 ], [ -95.924754380056712, 16.803964830210809 ], [ -95.929371109527253, 16.807088580258483 ], [ -95.931899660247979, 16.809240660348596 ], [ -95.933673630224277, 16.81025628013241 ], [ -95.935006690128475, 16.811118890435083 ], [ -95.935923370422202, 16.811605449814135 ], [ -95.937980659895388, 16.813449829772253 ], [ -95.939151629907741, 16.814885880343716 ], [ -95.940514540106307, 16.815928519908997 ], [ -95.941895429563601, 16.816252289549858 ], [ -95.943073739781241, 16.817622819756473 ], [ -95.943859339543394, 16.818787020375087 ], [ -95.944495050085465, 16.819415140366385 ], [ -95.945113140269797, 16.819611779891488 ], [ -95.946240049874433, 16.820833090312444 ], [ -95.948237289589343, 16.821873120377688 ], [ -95.950909569575259, 16.824368510215667 ], [ -95.952081799598091, 16.827316459861425 ], [ -95.953374630371755, 16.827966460018921 ], [ -95.95688806033553, 16.83289838025204 ], [ -95.957973150039976, 16.833137309553386 ], [ -95.968962799623569, 16.842366750115534 ], [ -95.971543290154287, 16.844659909981651 ], [ -95.971605919543407, 16.844816200146308 ], [ -95.97200074999175, 16.845924599643201 ], [ -95.971992340297234, 16.84757511035523 ], [ -95.973750549925214, 16.85094324998353 ], [ -95.974206549581965, 16.851621649543198 ], [ -95.974316549657502, 16.853214279864506 ], [ -95.976490709674692, 16.859605339755927 ], [ -95.975717879643256, 16.861496309673385 ], [ -95.971610480284696, 16.866536489570102 ], [ -95.96794422000913, 16.873764980255935 ], [ -95.966902519972578, 16.875522220266586 ], [ -95.964399710308541, 16.876805229867877 ], [ -95.964276710405045, 16.877280310440398 ], [ -95.964508110251245, 16.879619089826434 ], [ -95.965171679971789, 16.880354200206462 ], [ -95.966281449550465, 16.882540169819954 ], [ -95.967630459590708, 16.886313740029586 ], [ -95.967809020268149, 16.887542519828834 ], [ -95.968580799724876, 16.888518909767498 ], [ -95.968654479926983, 16.889500630388827 ], [ -95.968521220036791, 16.890440619688157 ], [ -95.96771865026237, 16.891764089812312 ], [ -95.966985479830669, 16.895506340205959 ], [ -95.967455289879553, 16.896608600300855 ], [ -95.96905029006416, 16.898822140245048 ], [ -95.969986539710561, 16.899604079968334 ], [ -95.970997419846825, 16.90100140012235 ], [ -95.970286660009421, 16.90676787998779 ], [ -95.968385920439943, 16.909154060083203 ], [ -95.965455980328471, 16.916827480171669 ], [ -95.963473319561231, 16.918777740189832 ], [ -95.959713779572184, 16.922352419746918 ], [ -95.957523000459588, 16.923816319992557 ], [ -95.957858510328805, 16.927912449814485 ], [ -95.953022449970433, 16.934398089599945 ], [ -95.952999429563562, 16.946624910323951 ], [ -95.949960089964364, 16.962429739657338 ], [ -95.949344800067578, 16.965067890302251 ], [ -95.946553950287864, 16.981689140331635 ], [ -95.945969647190495, 16.987732921378687 ], [ -95.945527897628466, 16.992301881366473 ], [ -95.945415480439948, 16.993464550097503 ], [ -95.945333580337987, 16.993780969779959 ], [ -95.945166041723695, 16.995022337140554 ], [ -95.945166037763386, 16.99502236318235 ], [ -95.945165999823956, 16.995022649871327 ], [ -95.940794939640242, 16.995457750344087 ], [ -95.939724880251802, 16.996557230298006 ], [ -95.937677579730277, 16.995436340118747 ], [ -95.935506509732818, 16.995676829713208 ], [ -95.935169979701755, 16.997089059643308 ], [ -95.935265059897844, 16.998180829713924 ], [ -95.93466726012673, 16.999739570166042 ], [ -95.933928429747056, 17.000000059604787 ], [ -95.933492599877397, 17.000153719749839 ], [ -95.931820919724061, 17.000181690407331 ], [ -95.930593219791319, 17.000101679775959 ], [ -95.930314939775144, 17.00000014003459 ], [ -95.928444289519618, 16.999317580258321 ], [ -95.927390169759178, 16.998545799675085 ], [ -95.925671510087355, 16.997781020210088 ] ] ] ] } },
{ "type": "Feature", "properties": { "CVEGEO": "20061", "CVE_ENT": "20", "CVE_MUN": "061", "PAISAJE": "Valles Centrales", "ID_PAISA": 1, "NOM_MUN": "Monjas", "HAS_MUN": 2252.6, "RM": "R2" }, "geometry": { "type": "MultiPolygon", "coordinates": [ [ [ [ -96.627606990657, 16.413079516999286 ], [ -96.627596939744052, 16.413078140985423 ], [ -96.627159411515748, 16.413254961998621 ], [ -96.627150260160761, 16.413258660878668 ], [ -96.626905629069469, 16.412941709612877 ], [ -96.626883918145026, 16.412904150353111 ], [ -96.626620146550493, 16.412447858162142 ], [ -96.626542599737846, 16.412313710795758 ], [ -96.626348199054888, 16.412066819885272 ], [ -96.626090888948553, 16.411856509863782 ], [ -96.625824600148121, 16.411656859852663 ], [ -96.625820664894178, 16.411654870332484 ], [ -96.625338773292498, 16.41141123961707 ], [ -96.625332978616427, 16.411408310217087 ], [ -96.625273118018256, 16.411343689189088 ], [ -96.625114228982284, 16.411172166432287 ], [ -96.625108002032292, 16.411165444119504 ], [ -96.62501416883174, 16.41106414992219 ], [ -96.624514549052932, 16.410905480651124 ], [ -96.624369889785456, 16.41059568010742 ], [ -96.624341349020938, 16.410566608205116 ], [ -96.62377740013072, 16.409992170145067 ], [ -96.623699396395125, 16.40991098245653 ], [ -96.623698549962256, 16.409910101798847 ], [ -96.623619178729612, 16.409827491193337 ], [ -96.623571263725651, 16.409706156920816 ], [ -96.623343024443571, 16.409128208312421 ], [ -96.623327678733489, 16.409089349712129 ], [ -96.6233198060212, 16.409031157147062 ], [ -96.623288449056361, 16.408799369945086 ], [ -96.623258229573665, 16.408469170273829 ], [ -96.623186879339599, 16.408038860248716 ], [ -96.623126478575713, 16.407577180642683 ], [ -96.623091739357818, 16.406931479694641 ], [ -96.62306628922093, 16.406543140544503 ], [ -96.622971839505766, 16.406268599877894 ], [ -96.622787379542046, 16.405732420648487 ], [ -96.622509260391197, 16.405158539719146 ], [ -96.622431628671322, 16.404844549658907 ], [ -96.622275999284099, 16.404460149881654 ], [ -96.622168598978362, 16.404009891262096 ], [ -96.622063279593689, 16.403573120723163 ], [ -96.622033549625399, 16.403362000495143 ], [ -96.621996418890404, 16.403160280040392 ], [ -96.622006749001869, 16.402894400182181 ], [ -96.622026170074321, 16.402620371276342 ], [ -96.622044488843031, 16.402261800244844 ], [ -96.622055858816424, 16.40184380061697 ], [ -96.622182858830698, 16.401655970243365 ], [ -96.622462149675442, 16.401570080006902 ], [ -96.622642319635716, 16.401359679738555 ], [ -96.622653028651897, 16.401153630556877 ], [ -96.62252561885154, 16.400893940763009 ], [ -96.622379109963134, 16.400762781313311 ], [ -96.622251950037736, 16.400502120568532 ], [ -96.622106278679198, 16.399969350517441 ], [ -96.621851244064231, 16.399290247312582 ], [ -96.621823908897909, 16.399217459522418 ], [ -96.621589999353219, 16.398703351065279 ], [ -96.621581510365402, 16.39850554084671 ], [ -96.621462420439983, 16.39818348024702 ], [ -96.621239910395701, 16.39756164960211 ], [ -96.621057029638578, 16.396883889932784 ], [ -96.620933019065802, 16.395975819627548 ], [ -96.620762718868832, 16.395240290112071 ], [ -96.620685029462408, 16.394292019787624 ], [ -96.620615110150752, 16.393600720516506 ], [ -96.620627379244851, 16.393033020128943 ], [ -96.620685399579941, 16.392654449651548 ], [ -96.620783749922396, 16.391698690414678 ], [ -96.620765548835038, 16.391324089511052 ], [ -96.620807858689503, 16.390516679783293 ], [ -96.620776859439829, 16.390326171005579 ], [ -96.620822118571894, 16.389697580923272 ], [ -96.6209751191668, 16.388756941082459 ], [ -96.621013019455177, 16.388226157220309 ], [ -96.621042778974882, 16.387809380576275 ], [ -96.621046849391377, 16.387497520556558 ], [ -96.621045011977898, 16.387120550600837 ], [ -96.621042909575181, 16.386689030182087 ], [ -96.620837738648447, 16.386119479984991 ], [ -96.620599279520079, 16.385557220391842 ], [ -96.620205818813389, 16.385010521103233 ], [ -96.619796368978342, 16.384820150105895 ], [ -96.61965351040395, 16.38473668086316 ], [ -96.619311418838933, 16.384454140218381 ], [ -96.619280965816031, 16.384422466580876 ], [ -96.619135889448643, 16.384271580880707 ], [ -96.619131950695106, 16.384269559554369 ], [ -96.61894665039037, 16.384174449564153 ], [ -96.618652611623801, 16.384068770535166 ], [ -96.618596153081995, 16.384048478994519 ], [ -96.618590118860354, 16.384046310434822 ], [ -96.61815135707478, 16.38416590736372 ], [ -96.618146429451969, 16.384167250069424 ], [ -96.617781890178435, 16.38407929087953 ], [ -96.617350308579702, 16.383889260668699 ], [ -96.617161679212984, 16.383687781086287 ], [ -96.617115620237243, 16.383663050338974 ], [ -96.616891170021319, 16.383425580113435 ], [ -96.616768520132524, 16.382985170089128 ], [ -96.616816879219499, 16.382088349723102 ], [ -96.616671441937754, 16.381662964558181 ], [ -96.61648693952715, 16.381123310507025 ], [ -96.615953279997498, 16.380589861236491 ], [ -96.615707549013663, 16.380286460060805 ], [ -96.61553318006699, 16.379998421020318 ], [ -96.615319819336548, 16.37968232127686 ], [ -96.61473901884105, 16.379320621143592 ], [ -96.614561445302357, 16.379124186651438 ], [ -96.614339849281194, 16.378879049951145 ], [ -96.614062648961465, 16.378411480012279 ], [ -96.614026308715651, 16.37823742955333 ], [ -96.613837738730723, 16.37773120056616 ], [ -96.613690399188414, 16.377222630807239 ], [ -96.613599949502003, 16.376896750160462 ], [ -96.613442049014935, 16.375852679529942 ], [ -96.613381769398373, 16.374786110197874 ], [ -96.613049180384678, 16.374023221239252 ], [ -96.612759769679172, 16.373391511181939 ], [ -96.612708320026698, 16.373078001068112 ], [ -96.612340308909609, 16.372283380949497 ], [ -96.611805062084485, 16.371873406263784 ], [ -96.611492689381066, 16.37163414062892 ], [ -96.611185548934714, 16.37142410618851 ], [ -96.611185525265327, 16.371424089990672 ], [ -96.610913518862262, 16.371238081235944 ], [ -96.610478388248737, 16.370813760498002 ], [ -96.610415942400678, 16.370752866157694 ], [ -96.610229438093612, 16.37057099463583 ], [ -96.610193398946592, 16.370535850807066 ], [ -96.610008089506138, 16.370246019877772 ], [ -96.609777479748729, 16.36988532120462 ], [ -96.609381129265117, 16.369445177694175 ], [ -96.609162168640708, 16.369202019542609 ], [ -96.608913258021758, 16.368909786790677 ], [ -96.608895042061775, 16.368888400903955 ], [ -96.608763719820942, 16.36873422132626 ], [ -96.608524879986732, 16.368417620449701 ], [ -96.608405743058626, 16.368301077854994 ], [ -96.608403558960248, 16.36829894134819 ], [ -96.60817055151422, 16.36807100610034 ], [ -96.608151763433696, 16.368052628332801 ], [ -96.608136370402946, 16.368037569724152 ], [ -96.608198534340403, 16.367911836699069 ], [ -96.608689568973432, 16.366918660177994 ], [ -96.609417080373049, 16.365452021238735 ], [ -96.609426304811208, 16.365458759575056 ], [ -96.609855309773423, 16.365772119851759 ], [ -96.610030088818718, 16.365806350173028 ], [ -96.610033484505308, 16.365805045132703 ], [ -96.610387349104187, 16.365669020717846 ], [ -96.610704999639026, 16.365497460514895 ], [ -96.611407688623657, 16.364784260051913 ], [ -96.611729998873514, 16.364520629561 ], [ -96.611880649121275, 16.36445011954854 ], [ -96.612205139756497, 16.364286479677592 ], [ -96.613299679694293, 16.362153951131827 ], [ -96.613694338784697, 16.361773520432205 ], [ -96.613988120436204, 16.36141551981687 ], [ -96.613998335252276, 16.361418564669773 ], [ -96.61403508996689, 16.361429519684574 ], [ -96.614035582908059, 16.361426434668005 ], [ -96.614062630270553, 16.361257019913339 ], [ -96.614084218898952, 16.361163539574719 ], [ -96.614111299710814, 16.36103430404879 ], [ -96.614111552180162, 16.361033099658147 ], [ -96.614113379318511, 16.361024379662503 ], [ -96.614228175141037, 16.360983868817307 ], [ -96.614421229749837, 16.360915739550741 ], [ -96.614688938843713, 16.360744660590306 ], [ -96.614759629466064, 16.360675349987854 ], [ -96.614836285897567, 16.360595885996371 ], [ -96.614858749050555, 16.360572600283525 ], [ -96.614875552738894, 16.360565595505786 ], [ -96.614980320038057, 16.36052192069188 ], [ -96.615233475890619, 16.360428138008182 ], [ -96.615275340242263, 16.360412629602578 ], [ -96.615549429090407, 16.360343861150785 ], [ -96.615567930835567, 16.360340434004666 ], [ -96.615862570000445, 16.360285861186888 ], [ -96.616618430455333, 16.360195859925092 ], [ -96.616938597661189, 16.360168966318284 ], [ -96.616960569441844, 16.360167121060744 ], [ -96.616988873457728, 16.360161604880851 ], [ -96.616989802890217, 16.360161423837653 ], [ -96.617039839900684, 16.360151671748593 ], [ -96.617074636765665, 16.360144890477219 ], [ -96.61707528273935, 16.360144765022437 ], [ -96.617081104213696, 16.360143629892846 ], [ -96.617207516865847, 16.360118993810847 ], [ -96.617236938620579, 16.360113260058334 ], [ -96.617237148020521, 16.360113114264689 ], [ -96.617484320444788, 16.359940199896968 ], [ -96.617883338698689, 16.359694539717125 ], [ -96.618064538640411, 16.359609540690894 ], [ -96.618166575164096, 16.359582019062376 ], [ -96.618410758515353, 16.359516155911084 ], [ -96.618620987121133, 16.359459451304641 ], [ -96.618654581803767, 16.359450389401861 ], [ -96.618658879030392, 16.359449229647154 ], [ -96.618658521246047, 16.359445188077519 ], [ -96.618658336028176, 16.359443101649422 ], [ -96.61865813263249, 16.359440809748829 ], [ -96.618657994765414, 16.359439260078549 ], [ -96.618655128000881, 16.35940692284861 ], [ -96.61865208883394, 16.359372650335111 ], [ -96.618604888896201, 16.359331175149432 ], [ -96.618604326791214, 16.359330681991381 ], [ -96.617116768868627, 16.358023549902335 ], [ -96.616815506845825, 16.357551757871839 ], [ -96.616799748987759, 16.357527080890215 ], [ -96.616836888759082, 16.357499690454965 ], [ -96.616865303460401, 16.357432376300249 ], [ -96.616867896461315, 16.357426232991891 ], [ -96.616893284744535, 16.357366089448334 ], [ -96.616893324994294, 16.357365991659076 ], [ -96.616895872551297, 16.357359959486029 ], [ -96.616905319034771, 16.357337581279914 ], [ -96.616905479613294, 16.357337200934779 ], [ -96.616548925455234, 16.35707594213001 ], [ -96.616475537862939, 16.357022168296218 ], [ -96.616473516193679, 16.357020686568472 ], [ -96.615866499776189, 16.356575899416825 ], [ -96.615811420415653, 16.356535539897337 ], [ -96.614793671387204, 16.355791314373 ], [ -96.614775341065169, 16.355777909670717 ], [ -96.614759368686478, 16.355766229889408 ], [ -96.61475768404884, 16.355764997658444 ], [ -96.614697490052222, 16.355720981279845 ], [ -96.614421079711363, 16.355618069099322 ], [ -96.614277788925747, 16.355564719924427 ], [ -96.614263588264365, 16.355559432785391 ], [ -96.614116449001529, 16.35550465002396 ], [ -96.614108453746098, 16.355498876086724 ], [ -96.614021815134763, 16.355436301672121 ], [ -96.613757378700555, 16.355245310402381 ], [ -96.6137619635021, 16.355236374765319 ], [ -96.613765297418112, 16.355229877661074 ], [ -96.613767661650002, 16.355225268989692 ], [ -96.613775509607137, 16.355209973531231 ], [ -96.61380947712874, 16.355143767540696 ], [ -96.613816510023412, 16.355130061162257 ], [ -96.614025557335097, 16.354728542050985 ], [ -96.614039026627836, 16.354702671270118 ], [ -96.614041090026987, 16.354698708528893 ], [ -96.614048572045704, 16.354684338145365 ], [ -96.614059420389083, 16.354663501609522 ], [ -96.614059622383138, 16.354663113749218 ], [ -96.614219656458744, 16.354355735482773 ], [ -96.614232942853846, 16.354330216267165 ], [ -96.614251120637931, 16.354295301563443 ], [ -96.614253413282341, 16.354290898718208 ], [ -96.614264679701307, 16.354269259006994 ], [ -96.614274589670785, 16.354250225426643 ], [ -96.61533465976423, 16.352214103485071 ], [ -96.615353877235137, 16.352177191047094 ], [ -96.61535976827453, 16.35216587664647 ], [ -96.615395956035343, 16.352096367841703 ], [ -96.616474910098844, 16.350023909997127 ], [ -96.622608153298231, 16.344293103344487 ], [ -96.624765436476508, 16.342277214585312 ], [ -96.625841052165455, 16.341272067533133 ], [ -96.62807788876961, 16.339181710162674 ], [ -96.6370057396622, 16.330806260403122 ], [ -96.63827179997574, 16.329617420120616 ], [ -96.638276636353936, 16.329624914366413 ], [ -96.638648310010112, 16.330200819783943 ], [ -96.642200600104417, 16.333309779562175 ], [ -96.643564429780966, 16.334466370395091 ], [ -96.644267140050161, 16.335080049738206 ], [ -96.644546649750652, 16.335309539859772 ], [ -96.640904830027196, 16.340715429813059 ], [ -96.638811120132374, 16.343860490247891 ], [ -96.632117379575035, 16.354632419761263 ], [ -96.631877550225468, 16.354966520432679 ], [ -96.631894753810442, 16.354960198696336 ], [ -96.631995489668526, 16.354923179871811 ], [ -96.632343533780386, 16.35476907265636 ], [ -96.632344149914545, 16.354768799894533 ], [ -96.632355878969875, 16.354769518953916 ], [ -96.633582970088653, 16.354844750068811 ], [ -96.634265490152501, 16.354874770015286 ], [ -96.63443730976114, 16.354955629643285 ], [ -96.634517999731912, 16.355154080439707 ], [ -96.63463470954963, 16.355373380157744 ], [ -96.634668135167786, 16.355406543059736 ], [ -96.634710950356208, 16.355449019948235 ], [ -96.63652168005747, 16.356471350067125 ], [ -96.636534213269059, 16.356472494832925 ], [ -96.638522699078479, 16.356654128367374 ], [ -96.638525339995439, 16.356654369894716 ], [ -96.638535044455935, 16.35665457415314 ], [ -96.639281712681154, 16.356670315469412 ], [ -96.639293819678713, 16.356670570330355 ], [ -96.639294058062575, 16.356670761192071 ], [ -96.640050969829204, 16.357275649927818 ], [ -96.640058576309656, 16.357282587657799 ], [ -96.64050770956834, 16.357692249736473 ], [ -96.641095370324507, 16.358179579911688 ], [ -96.645325180154728, 16.360670649786051 ], [ -96.645328989390862, 16.360683957426868 ], [ -96.645368720364985, 16.360822750102994 ], [ -96.645371213087941, 16.360831679426987 ], [ -96.646553279891478, 16.365065750046565 ], [ -96.646555950975198, 16.365065916726191 ], [ -96.646767050281042, 16.365079119763703 ], [ -96.647970250264436, 16.365522079905254 ], [ -96.648237658957754, 16.365575234532773 ], [ -96.648249584908811, 16.365577605148459 ], [ -96.648563170079441, 16.36563994027409 ], [ -96.650425889565369, 16.368284740067448 ], [ -96.649285940066349, 16.370434420092185 ], [ -96.649213319841195, 16.37050674084589 ], [ -96.64922459383196, 16.370508242465416 ], [ -96.649547279639009, 16.370551260215038 ], [ -96.651681740302465, 16.371321519928845 ], [ -96.653166459598793, 16.371472919670818 ], [ -96.653249140039449, 16.372045200247804 ], [ -96.649822849810818, 16.380410740216409 ], [ -96.635891519448549, 16.407609819638822 ], [ -96.633141000119366, 16.41297862065791 ], [ -96.632868119788739, 16.413485909984292 ], [ -96.632560620193317, 16.414257860964831 ], [ -96.632468369988658, 16.414982820274403 ], [ -96.632399309858513, 16.415546709678207 ], [ -96.63262963034822, 16.416143779625045 ], [ -96.63115550670905, 16.419092883925344 ], [ -96.631148340438344, 16.419107219794249 ], [ -96.630346459329857, 16.416820951036222 ], [ -96.630175909189205, 16.416212169881312 ], [ -96.629945628789997, 16.415626569758953 ], [ -96.629751120454472, 16.415017879726065 ], [ -96.629679369620902, 16.414764060724458 ], [ -96.629589138593474, 16.414481030111794 ], [ -96.629644769100892, 16.414333280470778 ], [ -96.629667949339577, 16.414174539831215 ], [ -96.629694368972636, 16.414005320862955 ], [ -96.629716230074294, 16.413782770104053 ], [ -96.629668600172948, 16.413640429630433 ], [ -96.629512200172186, 16.413530089869763 ], [ -96.629425399260469, 16.413354199971245 ], [ -96.629215950060171, 16.413281481208255 ], [ -96.628980421070963, 16.413247156443276 ], [ -96.628917449352159, 16.413237979733179 ], [ -96.628400259582762, 16.413214620974273 ], [ -96.628128551725737, 16.413157290048623 ], [ -96.628042680189765, 16.413139170691451 ], [ -96.627883865874267, 16.413117426634724 ], [ -96.62774470706907, 16.413098373155147 ], [ -96.627606990657, 16.413079516999286 ] ] ] ] } },
{ "type": "Feature", "properties": { "CVEGEO": "20561", "CVE_ENT": "20", "CVE_MUN": "561", "PAISAJE": "Valles Centrales", "ID_PAISA": 1, "NOM_MUN": "Yaxe", "HAS_MUN": 6017.2, "RM": "R1" }, "geometry": { "type": "MultiPolygon", "coordinates": [ [ [ [ -96.432606920456479, 16.739694650263608 ], [ -96.429627659532002, 16.738911150046309 ], [ -96.427916320181794, 16.738468170214674 ], [ -96.424623999828597, 16.737723030010311 ], [ -96.421645289950149, 16.737105320089974 ], [ -96.418890799569482, 16.736155709630502 ], [ -96.417484309698352, 16.732596979774879 ], [ -96.41690705959418, 16.730625220435485 ], [ -96.415477030087715, 16.729346229986295 ], [ -96.415547229943229, 16.726145150448509 ], [ -96.415303549614876, 16.723261149789721 ], [ -96.412161340032625, 16.722483110217784 ], [ -96.412714429635898, 16.719744150416066 ], [ -96.412539279869378, 16.713831140347136 ], [ -96.412781949644156, 16.710080510389041 ], [ -96.413817580208558, 16.705146250314353 ], [ -96.415525170322738, 16.702628739922289 ], [ -96.417624650427626, 16.699416719625855 ], [ -96.416596999965407, 16.697310480043566 ], [ -96.416036139763477, 16.696609709792408 ], [ -96.415124939664821, 16.69438545011328 ], [ -96.416025079590185, 16.692920120297849 ], [ -96.418028109835873, 16.689757979615088 ], [ -96.404919939675452, 16.69340575043157 ], [ -96.415227910256419, 16.677468779918648 ], [ -96.422815970307525, 16.668628860182718 ], [ -96.428687510055269, 16.666264850283039 ], [ -96.435521309982249, 16.665991510314935 ], [ -96.437636259704249, 16.665906829631826 ], [ -96.44320713990281, 16.664510880353134 ], [ -96.457418090008531, 16.66094881987858 ], [ -96.466690000337749, 16.658404399924773 ], [ -96.472171459723626, 16.656899860269309 ], [ -96.472799629822404, 16.660034380427859 ], [ -96.47222448044289, 16.663930859854247 ], [ -96.475221219822132, 16.666282999838486 ], [ -96.475549909617001, 16.668207109993432 ], [ -96.476279579918, 16.669645250120301 ], [ -96.462089740049436, 16.663535490179044 ], [ -96.466395450223601, 16.683586199900958 ], [ -96.469068740153318, 16.693253970284612 ], [ -96.471537459578087, 16.702035919640974 ], [ -96.475627150066288, 16.708521489628879 ], [ -96.4773194297088, 16.709942489861394 ], [ -96.477358819886362, 16.709972740236562 ], [ -96.485319689708078, 16.71669835013072 ], [ -96.488554020224001, 16.718322629689972 ], [ -96.48866513999468, 16.718414910217167 ], [ -96.48819254003682, 16.71906594043957 ], [ -96.487549939617068, 16.720040109575763 ], [ -96.487256060409422, 16.721042799875331 ], [ -96.487586139550046, 16.721684780004409 ], [ -96.487793659672121, 16.722719740432588 ], [ -96.48801867976583, 16.723519249751689 ], [ -96.487334169758526, 16.724217380319551 ], [ -96.487126750073841, 16.724375710412023 ], [ -96.487126600181881, 16.724738600142263 ], [ -96.487162879976651, 16.724869319818591 ], [ -96.487343619570353, 16.72508977963043 ], [ -96.487811460090455, 16.725375659632007 ], [ -96.488054489689418, 16.725596419546047 ], [ -96.487708320384357, 16.726219569710079 ], [ -96.487735050398484, 16.726532820137756 ], [ -96.487467600320215, 16.726761659813938 ], [ -96.487207849861122, 16.727017740274629 ], [ -96.487062139560365, 16.726588720226495 ], [ -96.486742889534924, 16.726594860336782 ], [ -96.48646509024222, 16.726653719804993 ], [ -96.486124090418457, 16.727474450258779 ], [ -96.486689969975316, 16.728658169741284 ], [ -96.486717520044536, 16.728863940182592 ], [ -96.48674774980941, 16.729065799984919 ], [ -96.486627179902698, 16.729267519572229 ], [ -96.485457479786092, 16.731206349855846 ], [ -96.485214850167026, 16.732197539966382 ], [ -96.485556279676985, 16.732935799782279 ], [ -96.485670859845214, 16.733863769645104 ], [ -96.485669450212612, 16.733931049580875 ], [ -96.485803780155933, 16.73439687981659 ], [ -96.485707349545237, 16.734505720095147 ], [ -96.485212349607849, 16.734438650241142 ], [ -96.48533807987161, 16.734902620340481 ], [ -96.485729709882236, 16.73653241983661 ], [ -96.485964089870592, 16.737611919976739 ], [ -96.485842710188507, 16.738062630151234 ], [ -96.485651749824427, 16.738721259666018 ], [ -96.486015250068149, 16.73957073987031 ], [ -96.486046250211601, 16.739592230109618 ], [ -96.486054709609235, 16.739622540414825 ], [ -96.485962449933169, 16.739712569706533 ], [ -96.485976369570579, 16.739905829876108 ], [ -96.485967850284865, 16.74010240039777 ], [ -96.485670490377032, 16.740351260436043 ], [ -96.485851780276334, 16.741200999581583 ], [ -96.486035170310387, 16.741519250345487 ], [ -96.486794290209772, 16.741838619579067 ], [ -96.486768770312409, 16.742207139716477 ], [ -96.487649089976699, 16.743038860121828 ], [ -96.488181690360847, 16.743251820361067 ], [ -96.488231139813351, 16.743418090299148 ], [ -96.488228290448518, 16.743573449831278 ], [ -96.488441030090613, 16.745941459929828 ], [ -96.488459580268966, 16.746211460307187 ], [ -96.488404199578085, 16.746523620226018 ], [ -96.488364220315248, 16.746980779796981 ], [ -96.488643110239153, 16.747237290458269 ], [ -96.488815379721956, 16.74831368968081 ], [ -96.487837450159674, 16.748046430208777 ], [ -96.486111029690491, 16.747575380058464 ], [ -96.485813369982253, 16.74749294992829 ], [ -96.484538369873874, 16.747152399916548 ], [ -96.478384450215856, 16.743297889985005 ], [ -96.473590600079376, 16.747903060283875 ], [ -96.471372680221393, 16.749669339781985 ], [ -96.471207419851027, 16.750000580070171 ], [ -96.468474649948263, 16.755478280172692 ], [ -96.466566289818843, 16.759903279827085 ], [ -96.461023689882367, 16.756615979803684 ], [ -96.456689290429182, 16.754099179602093 ], [ -96.452507770228053, 16.751653879900442 ], [ -96.449733370422777, 16.750000030258921 ], [ -96.43575994978805, 16.741669379989656 ], [ -96.432606920456479, 16.739694650263608 ] ] ] ] } },
{ "type": "Feature", "properties": { "CVEGEO": "20560", "CVE_ENT": "20", "CVE_MUN": "560", "PAISAJE": "Valles Centrales", "ID_PAISA": 1, "NOM_MUN": "Villa Díaz Ordaz", "HAS_MUN": 28378.4, "RM": "R1" }, "geometry": { "type": "MultiPolygon", "coordinates": [ [ [ [ -96.379610150402939, 17.154988290297922 ], [ -96.372130690286582, 17.145696799573969 ], [ -96.362526400263192, 17.13642237963969 ], [ -96.360454420056698, 17.133484580254187 ], [ -96.356011480124607, 17.121262540170033 ], [ -96.355767399754086, 17.120711110220416 ], [ -96.356506200042645, 17.118783110230847 ], [ -96.359991450002582, 17.118353109787968 ], [ -96.358554909990985, 17.115826749899039 ], [ -96.354805970375452, 17.11113885998412 ], [ -96.354549970253771, 17.110470580101346 ], [ -96.354744999858625, 17.109856179717383 ], [ -96.354854709715923, 17.109674859922627 ], [ -96.354353490390153, 17.109028880082658 ], [ -96.353761820080081, 17.108424290315259 ], [ -96.353975380249437, 17.107735320259227 ], [ -96.353293000387339, 17.106838140048627 ], [ -96.35255265004848, 17.105667519824234 ], [ -96.350796400363919, 17.104796309943552 ], [ -96.349964250170487, 17.105034229923199 ], [ -96.348537830304139, 17.104783919732387 ], [ -96.348192079909154, 17.104233579696725 ], [ -96.346619910390885, 17.105042050333996 ], [ -96.344796380253911, 17.104799450055548 ], [ -96.341581519705954, 17.103427819642313 ], [ -96.340421060409227, 17.102462149881401 ], [ -96.338983579927103, 17.103309920366694 ], [ -96.337194950112149, 17.103104140278603 ], [ -96.336496739901548, 17.102427910365304 ], [ -96.334223779756485, 17.102705489623574 ], [ -96.331956370389364, 17.103711120360849 ], [ -96.329775219669941, 17.103809430340966 ], [ -96.326901780162061, 17.104498599664989 ], [ -96.325857459851676, 17.10440143003877 ], [ -96.324754659690697, 17.103405950399985 ], [ -96.324567689989266, 17.102906339773796 ], [ -96.323606060168984, 17.101908969740222 ], [ -96.317600030087192, 17.099706139667518 ], [ -96.315000340125792, 17.100456709612018 ], [ -96.313894890129049, 17.100451859984585 ], [ -96.313568339882565, 17.10007340032729 ], [ -96.31245524959489, 17.100489919609231 ], [ -96.311443949996189, 17.100520939854274 ], [ -96.307890750180292, 17.100811489860206 ], [ -96.307548629631299, 17.101669849935853 ], [ -96.306726940162022, 17.101713619789603 ], [ -96.306445920400222, 17.102494309931892 ], [ -96.305462179730526, 17.10169281958515 ], [ -96.304682550120305, 17.102784970100057 ], [ -96.304043079819806, 17.102896709990858 ], [ -96.303578170241551, 17.103713650434717 ], [ -96.299792819645489, 17.10283608036962 ], [ -96.299495629901983, 17.102007660356083 ], [ -96.298146949907576, 17.102507650002792 ], [ -96.294318819996832, 17.101317199849507 ], [ -96.293453779996881, 17.101906719809499 ], [ -96.289152820324816, 17.101188550069374 ], [ -96.288089350245755, 17.100667320245329 ], [ -96.286918910331195, 17.101314799953229 ], [ -96.285657259526758, 17.101548110326785 ], [ -96.284599200431956, 17.101017689830709 ], [ -96.2815013804573, 17.101067600003788 ], [ -96.280690779751183, 17.100618320259095 ], [ -96.279541259969875, 17.100785199840232 ], [ -96.278981279562203, 17.099871119632176 ], [ -96.277808580248944, 17.100448200288653 ], [ -96.276311169908794, 17.099756029868598 ], [ -96.273877460241437, 17.10011568970236 ], [ -96.273412230314065, 17.100465940325972 ], [ -96.27278867998028, 17.099678220018514 ], [ -96.271673230065829, 17.100022970429816 ], [ -96.270725939624455, 17.099762570155395 ], [ -96.270327830123961, 17.100244949822194 ], [ -96.269350290106516, 17.100051279743536 ], [ -96.269202779774574, 17.099427230255678 ], [ -96.268505779792278, 17.099233860125032 ], [ -96.266003780173421, 17.100622599969075 ], [ -96.265338519610097, 17.101408199813456 ], [ -96.264675249932537, 17.101459619718376 ], [ -96.263325430432005, 17.100168890076016 ], [ -96.261643540357255, 17.100102969713703 ], [ -96.258369400272926, 17.101428090079143 ], [ -96.257743819941467, 17.102109970144102 ], [ -96.25702964962737, 17.101751120214281 ], [ -96.255708830161055, 17.101670380149244 ], [ -96.255425179879396, 17.101001820275865 ], [ -96.254746080352319, 17.100379230354751 ], [ -96.253155370069777, 17.100233059713229 ], [ -96.251720399760771, 17.098496849967539 ], [ -96.250073519953915, 17.097611379577561 ], [ -96.249711169679088, 17.096270249939717 ], [ -96.248864139822103, 17.09582155032027 ], [ -96.247237630033595, 17.090617109659068 ], [ -96.242844020350375, 17.079726879723776 ], [ -96.242210379578864, 17.077290349677096 ], [ -96.242006480097857, 17.077084059564875 ], [ -96.243575339674692, 17.07594478007022 ], [ -96.244487340266062, 17.076395979945779 ], [ -96.244888710399437, 17.07654508006128 ], [ -96.245526349957601, 17.075913620338067 ], [ -96.247312539688437, 17.075724060397409 ], [ -96.248767710452171, 17.075439310033474 ], [ -96.251062909807359, 17.073685220029283 ], [ -96.252237490145944, 17.074445060202986 ], [ -96.252600000198669, 17.074297280384755 ], [ -96.253125369954958, 17.073704370114559 ], [ -96.254331720135298, 17.073023199782462 ], [ -96.255188449582917, 17.072847259719847 ], [ -96.256669999690715, 17.072298939928771 ], [ -96.257155659798769, 17.07221248966659 ], [ -96.258177480281091, 17.0703764897074 ], [ -96.260736539641243, 17.069055629834164 ], [ -96.260766629610529, 17.068821829948511 ], [ -96.261892910090722, 17.067636509993012 ], [ -96.263848490366016, 17.067732819821057 ], [ -96.264341880049457, 17.067252429964139 ], [ -96.26718091004355, 17.066506089693529 ], [ -96.269204540448314, 17.065104880223419 ], [ -96.270280140102159, 17.064928619684384 ], [ -96.2707409497052, 17.065317660278119 ], [ -96.271334109783922, 17.065160480017781 ], [ -96.272026550097564, 17.065360059800991 ], [ -96.272391889892972, 17.064917370265611 ], [ -96.273495380275577, 17.064157890362463 ], [ -96.274422679599709, 17.064573779749111 ], [ -96.275312879885377, 17.06393657964961 ], [ -96.276628480352045, 17.063601950172636 ], [ -96.277148690455192, 17.06288454023861 ], [ -96.278468090059889, 17.062573399848535 ], [ -96.278601220057368, 17.061870150365099 ], [ -96.279784950240824, 17.061093750232434 ], [ -96.280718799988563, 17.061032080434771 ], [ -96.280719920373301, 17.060339110447359 ], [ -96.281463080362755, 17.059664420201909 ], [ -96.281989550284251, 17.058801249569417 ], [ -96.282443599740262, 17.058593089725864 ], [ -96.283197649901609, 17.058601919689828 ], [ -96.283699259797231, 17.058044019721972 ], [ -96.28558754022707, 17.058447570322429 ], [ -96.286094260255169, 17.057432370291107 ], [ -96.286877649782312, 17.057214539946724 ], [ -96.287820619710644, 17.057187599813492 ], [ -96.289567169697179, 17.0564841100881 ], [ -96.29102649027962, 17.056857430270941 ], [ -96.292047749768514, 17.056471030205785 ], [ -96.292946139645295, 17.05610847957777 ], [ -96.293741379966548, 17.055488690257935 ], [ -96.294113309932243, 17.055150580266396 ], [ -96.294299140100449, 17.054807650171696 ], [ -96.294291420258233, 17.054727030396315 ], [ -96.2948106604141, 17.051619520454572 ], [ -96.296547060457428, 17.05060155002646 ], [ -96.296215049658613, 17.049746679993394 ], [ -96.295026600364622, 17.048528819630334 ], [ -96.294675749976136, 17.047179309775995 ], [ -96.295299710158375, 17.046487339688134 ], [ -96.2954895797848, 17.046229550310439 ], [ -96.296647980091706, 17.045436339777389 ], [ -96.297025940141154, 17.045433310294424 ], [ -96.297194650013452, 17.045187579590397 ], [ -96.297182199627215, 17.04475941987441 ], [ -96.297100919642872, 17.044595950308199 ], [ -96.29695108991038, 17.044547779587148 ], [ -96.296763310108432, 17.0444666200741 ], [ -96.296633570110586, 17.044159349957539 ], [ -96.296663539864554, 17.044042309968717 ], [ -96.296515850127733, 17.043929520320617 ], [ -96.296369940311308, 17.04371059977456 ], [ -96.296428199740745, 17.043484580389563 ], [ -96.29666768020455, 17.043606909926186 ], [ -96.296709720202344, 17.043504629580177 ], [ -96.29676075026272, 17.043225340248004 ], [ -96.296973479972351, 17.043300290418305 ], [ -96.296989090067612, 17.043079940177901 ], [ -96.297225309674971, 17.043179570023408 ], [ -96.297235370095549, 17.042920819553132 ], [ -96.297560629683389, 17.043024260344382 ], [ -96.297434049867746, 17.042723600062239 ], [ -96.29783892039525, 17.042824050376719 ], [ -96.297691880027884, 17.042592109983872 ], [ -96.297742419789657, 17.04250703014073 ], [ -96.297924819823749, 17.042560579980325 ], [ -96.297924199855885, 17.042303370028137 ], [ -96.298099920455485, 17.042378550325147 ], [ -96.298151149730572, 17.042227859623999 ], [ -96.298362510381267, 17.042316750140213 ], [ -96.298786420233355, 17.042177180014068 ], [ -96.298775799926773, 17.041646740000964 ], [ -96.299397910446601, 17.041730449901866 ], [ -96.299268719927412, 17.041458749687415 ], [ -96.299613650322371, 17.041385820023489 ], [ -96.300224740452094, 17.041470290303362 ], [ -96.300516630129948, 17.041731780301365 ], [ -96.300606539908586, 17.041684169729479 ], [ -96.300733080395176, 17.041186979886362 ], [ -96.300683419733957, 17.040990580193768 ], [ -96.300908140058979, 17.040949219909255 ], [ -96.301280090375784, 17.040784029608883 ], [ -96.300987779650228, 17.040652849619363 ], [ -96.300749199809232, 17.040648799760849 ], [ -96.301501109597353, 17.040266539613746 ], [ -96.302015540096377, 17.040092689788032 ], [ -96.302307400227548, 17.040071739594342 ], [ -96.301969349910649, 17.039730850382949 ], [ -96.301808940478665, 17.039583019623681 ], [ -96.301563350179023, 17.039468740002921 ], [ -96.30163587974603, 17.03921822972789 ], [ -96.301787020239388, 17.039266349780466 ], [ -96.301941919981005, 17.039197379901754 ], [ -96.302336089877528, 17.038747710123605 ], [ -96.302493909547891, 17.038428079668869 ], [ -96.303037029613279, 17.037822600016352 ], [ -96.303072290286494, 17.037281599783935 ], [ -96.302880120362786, 17.036696950018211 ], [ -96.302797249831329, 17.036310370025937 ], [ -96.303157290411917, 17.035757349565994 ], [ -96.303663860018005, 17.035179780244729 ], [ -96.304855519684978, 17.033854660112468 ], [ -96.305775419781384, 17.032834319765776 ], [ -96.305938780048308, 17.032615380423259 ], [ -96.306592459933, 17.031647520091958 ], [ -96.30708057044977, 17.031325570283631 ], [ -96.309161139805255, 17.030839320188232 ], [ -96.309405019975671, 17.030812939586674 ], [ -96.311439140100205, 17.031512249768266 ], [ -96.311874030208187, 17.031474219710258 ], [ -96.313059399946624, 17.031092090447096 ], [ -96.313705060131738, 17.03076064962805 ], [ -96.315413940122411, 17.030770180446741 ], [ -96.315599370072732, 17.030704059635898 ], [ -96.316057909774287, 17.030732220035119 ], [ -96.316431750287592, 17.030502090324585 ], [ -96.317055549836951, 17.029825149784248 ], [ -96.317911549606464, 17.02938369026516 ], [ -96.31835116982684, 17.029333089954203 ], [ -96.318741980458512, 17.029403599931399 ], [ -96.319148260293858, 17.029595849865174 ], [ -96.319582719620428, 17.029792750006681 ], [ -96.320551149628415, 17.029868290002746 ], [ -96.321229399923055, 17.029933150280204 ], [ -96.323884169986925, 17.030560750057834 ], [ -96.324757169990022, 17.030728630200546 ], [ -96.325575350180017, 17.030572140179785 ], [ -96.326978519918029, 17.030647169954342 ], [ -96.326814290017865, 17.030364419700518 ], [ -96.326933650240463, 17.030276660306303 ], [ -96.327144309778433, 17.030339910340917 ], [ -96.327420799860775, 17.030743570424118 ], [ -96.327726939559327, 17.030822969996258 ], [ -96.328529969764219, 17.02988083029032 ], [ -96.328557860034849, 17.030306280011239 ], [ -96.328722820236266, 17.030626460221615 ], [ -96.329006680006884, 17.030772220026748 ], [ -96.329246769726339, 17.030769509993224 ], [ -96.329488819936003, 17.031219539938704 ], [ -96.329766029791841, 17.031578400387723 ], [ -96.329988320145915, 17.031740740306759 ], [ -96.330327720127556, 17.031833890291068 ], [ -96.330863570075635, 17.031879850019664 ], [ -96.331264289964082, 17.031809050295774 ], [ -96.33147778032712, 17.031901800242327 ], [ -96.331831920234848, 17.032217630378099 ], [ -96.332259769969596, 17.032379230243937 ], [ -96.332820279533863, 17.032250540394671 ], [ -96.330461979830474, 17.016365680166832 ], [ -96.327554000387991, 17.000936230433467 ], [ -96.324555089624781, 16.985244879657653 ], [ -96.337508429972246, 16.988985569998519 ], [ -96.354957430079395, 16.992779180026822 ], [ -96.36596468953627, 16.99517115000614 ], [ -96.379217149914382, 16.97998625979637 ], [ -96.395498909836959, 16.964622370050751 ], [ -96.404255739554387, 16.956395889875463 ], [ -96.408935600481016, 16.951975889642675 ], [ -96.417855979861059, 16.958347480185349 ], [ -96.427307920099082, 16.960318679796245 ], [ -96.430060170062646, 16.960892539710656 ], [ -96.430495660208308, 16.961299600143615 ], [ -96.431743480068462, 16.964287310201808 ], [ -96.43413904999808, 16.964078920363932 ], [ -96.436297650329678, 16.965577569864028 ], [ -96.436726220201166, 16.965893849820873 ], [ -96.438333059842037, 16.967082059998489 ], [ -96.438699449937516, 16.967135080075021 ], [ -96.438825569827259, 16.967145340058995 ], [ -96.43894454959856, 16.96719189016023 ], [ -96.440076259553038, 16.964866979716206 ], [ -96.441333749681135, 16.961934540045323 ], [ -96.444102450433974, 16.962782490296636 ], [ -96.444185280205545, 16.962803489972227 ], [ -96.446043850012131, 16.963348480392348 ], [ -96.447380490281901, 16.9637468296871 ], [ -96.449205220215518, 16.964290630310771 ], [ -96.451302020472312, 16.964608219817553 ], [ -96.451766630350207, 16.96469297012057 ], [ -96.452004400312646, 16.964717259642995 ], [ -96.452148429641824, 16.964735310206553 ], [ -96.452735880451201, 16.964838220287081 ], [ -96.454837860338671, 16.965144890037518 ], [ -96.455732380200686, 16.965275379774454 ], [ -96.459286399918923, 16.966510949815678 ], [ -96.457893319737764, 16.968329320296252 ], [ -96.457168549634048, 16.969275349897551 ], [ -96.455517579927701, 16.971430280282416 ], [ -96.453790230206749, 16.973722650384008 ], [ -96.45297893954907, 16.976999820407418 ], [ -96.452923229623963, 16.977224289843491 ], [ -96.451040430178168, 16.984795550036051 ], [ -96.450258520428065, 16.987106860362243 ], [ -96.449083110313268, 16.990581219826513 ], [ -96.44797266008932, 16.993863370080277 ], [ -96.447231919975039, 16.996052689751274 ], [ -96.447081080398107, 16.996498509883065 ], [ -96.446066649596034, 16.999496659642105 ], [ -96.445896280396198, 17.000000170063412 ], [ -96.445720859940977, 17.000480540015264 ], [ -96.44468339989686, 17.003321420353359 ], [ -96.444598649973344, 17.003553490394218 ], [ -96.444581649886644, 17.003600079795 ], [ -96.444203769785403, 17.004634750053171 ], [ -96.443932540402756, 17.005377449580497 ], [ -96.44350038016627, 17.006560780079994 ], [ -96.443307490350335, 17.007088910138464 ], [ -96.44168836953186, 17.01152215006157 ], [ -96.440719170127437, 17.014175750370736 ], [ -96.442709340307118, 17.015300519679286 ], [ -96.443036450421275, 17.016918659869756 ], [ -96.441434969574331, 17.023223879804465 ], [ -96.440113489760506, 17.027855489713737 ], [ -96.444575749646518, 17.03481120001706 ], [ -96.445119349928731, 17.036470509996217 ], [ -96.446052949977698, 17.037672660211371 ], [ -96.45331719990827, 17.040843019856652 ], [ -96.459464779625236, 17.045734820243958 ], [ -96.461808550350554, 17.046202370041325 ], [ -96.462106250258984, 17.046393370071616 ], [ -96.464629489688974, 17.048477180190606 ], [ -96.466924150151655, 17.051401630199333 ], [ -96.468003539792392, 17.053368909869583 ], [ -96.468731679626501, 17.056260339874402 ], [ -96.470017429525029, 17.059682940185684 ], [ -96.468561309847303, 17.064594170107434 ], [ -96.468886450081271, 17.069513520082392 ], [ -96.468454550374901, 17.073348660458343 ], [ -96.465516089993329, 17.074823149808733 ], [ -96.46309704959387, 17.080759619835078 ], [ -96.464831799675352, 17.083559170343406 ], [ -96.468494200310275, 17.08842088029424 ], [ -96.469800910204725, 17.092387320223107 ], [ -96.469764820012912, 17.095326000405194 ], [ -96.469321290242959, 17.100365519861207 ], [ -96.467158280286412, 17.106969620145769 ], [ -96.464680860293583, 17.106064779602463 ], [ -96.462978480071911, 17.107136600397261 ], [ -96.462845139806817, 17.10768734040472 ], [ -96.462157829662189, 17.108352979784467 ], [ -96.462331749620375, 17.109071710355607 ], [ -96.462071250196445, 17.110397719821361 ], [ -96.460609579968519, 17.11200311026596 ], [ -96.459155460446979, 17.11239243039654 ], [ -96.459150052066832, 17.112938165571073 ], [ -96.459148830393687, 17.113061460163944 ], [ -96.459133404638166, 17.113083665898294 ], [ -96.458849890588226, 17.113491785558974 ], [ -96.458725425473659, 17.11367095250732 ], [ -96.458707169982162, 17.113697230433512 ], [ -96.458690349704256, 17.113715880112633 ], [ -96.457706850072611, 17.11480634002314 ], [ -96.457548515355739, 17.114891748024831 ], [ -96.457187955687615, 17.11508623826715 ], [ -96.456496571619411, 17.115459174320726 ], [ -96.456093276466561, 17.115676710997832 ], [ -96.456083668168233, 17.115681893734887 ], [ -96.456060530634829, 17.115694374234408 ], [ -96.455903932448166, 17.115778843174901 ], [ -96.455783100906132, 17.115844018972638 ], [ -96.45570822936304, 17.115884404603129 ], [ -96.455519183554372, 17.115986373948161 ], [ -96.455476914736607, 17.116009173250973 ], [ -96.455467860639857, 17.116014056685913 ], [ -96.455442482037583, 17.116027745918512 ], [ -96.455417481867883, 17.116041231451305 ], [ -96.455411569720908, 17.116044419994633 ], [ -96.455396565857811, 17.116059874915777 ], [ -96.455377971034324, 17.11607902941153 ], [ -96.455333511267526, 17.116124827340208 ], [ -96.455254881230303, 17.116205822437117 ], [ -96.455091494711311, 17.116374125048402 ], [ -96.455084274611252, 17.116381561625939 ], [ -96.454946019524868, 17.116523975074127 ], [ -96.454887479951921, 17.116584275433443 ], [ -96.454689900456671, 17.116787796631716 ], [ -96.454622279818793, 17.116857450415594 ], [ -96.454620862923448, 17.116858707049889 ], [ -96.454536876601836, 17.1169332089659 ], [ -96.454387537906754, 17.117065682938328 ], [ -96.454365263993623, 17.11708544055216 ], [ -96.454337525081939, 17.117110046987676 ], [ -96.454320969437802, 17.117124732964928 ], [ -96.454297892463316, 17.117145204374346 ], [ -96.45427643611356, 17.117164236968499 ], [ -96.45395491040469, 17.117449450153263 ], [ -96.453747876567022, 17.117574826273383 ], [ -96.453727299041958, 17.11758728786139 ], [ -96.453706811099707, 17.117599694948215 ], [ -96.453664135153772, 17.117625539242237 ], [ -96.453640289509835, 17.117639980142354 ], [ -96.453616442922652, 17.117654421004097 ], [ -96.452929582105526, 17.118070370051424 ], [ -96.452904931106843, 17.11808529775449 ], [ -96.452859352771128, 17.118112898924579 ], [ -96.452846190714936, 17.118120869748346 ], [ -96.452822323712084, 17.118135323296535 ], [ -96.452798454791406, 17.11814977767364 ], [ -96.45198655788235, 17.118641437305669 ], [ -96.451961813229317, 17.118656421932993 ], [ -96.451923761919673, 17.118679465002607 ], [ -96.451894911153019, 17.118696935377333 ], [ -96.451870984249723, 17.118711424518498 ], [ -96.451847018828062, 17.118725936620621 ], [ -96.451071441566086, 17.119195595057107 ], [ -96.451032133950164, 17.119219398104633 ], [ -96.451005021525035, 17.119235816161403 ], [ -96.4509743490826, 17.119254389670658 ], [ -96.450950244757777, 17.119268985938216 ], [ -96.450925943924659, 17.11928370139486 ], [ -96.450052423348865, 17.119812660350195 ], [ -96.450013803111418, 17.11983604688762 ], [ -96.449986366810322, 17.11985266056233 ], [ -96.449963252488672, 17.119866656496789 ], [ -96.449929854795116, 17.119886880488476 ], [ -96.449904531767388, 17.119902214681208 ], [ -96.449901220205447, 17.119904220328348 ], [ -96.449877143639725, 17.119906685436725 ], [ -96.449861906011023, 17.119908245267151 ], [ -96.449618261478562, 17.119933186523436 ], [ -96.449486782597916, 17.119946645668843 ], [ -96.449382931112737, 17.119957276698294 ], [ -96.449034837564014, 17.119992908854915 ], [ -96.448914081934092, 17.120005269484093 ], [ -96.448909007120406, 17.120005788956597 ], [ -96.44842599282552, 17.120055230796623 ], [ -96.448404613101687, 17.120057419288479 ], [ -96.448377249862261, 17.120060219899162 ], [ -96.448370684799542, 17.120066544760522 ], [ -96.448367665758624, 17.120069453145351 ], [ -96.448316666578123, 17.120118584269463 ], [ -96.448161444538158, 17.120268122161335 ], [ -96.448117338767915, 17.12031061259707 ], [ -96.447949499432482, 17.1204723040807 ], [ -96.447888233355869, 17.120531326045043 ], [ -96.447847030130589, 17.120571020277545 ], [ -96.447830563977078, 17.120568968448083 ], [ -96.44780262015054, 17.120565486120956 ], [ -96.447245519554016, 17.120496060046204 ], [ -96.447179285202893, 17.120533189800405 ], [ -96.446467230038436, 17.120932339837655 ], [ -96.445844200235783, 17.121752539589497 ], [ -96.445802150351511, 17.122255049847794 ], [ -96.445537800398071, 17.122969169942269 ], [ -96.445021949798502, 17.123989580236042 ], [ -96.444586149668751, 17.124505859996415 ], [ -96.443884970430972, 17.125165629718925 ], [ -96.442513369642214, 17.125492309673319 ], [ -96.429316800092565, 17.133003799823424 ], [ -96.413747739890255, 17.140858909948161 ], [ -96.412800889620897, 17.141304979562719 ], [ -96.411095419730245, 17.142058819759505 ], [ -96.41094355016817, 17.142306709801229 ], [ -96.410916248811773, 17.142355432447037 ], [ -96.410853428762408, 17.142467542592197 ], [ -96.410758988699911, 17.142636083545785 ], [ -96.410698625469834, 17.142743809012131 ], [ -96.410288474046553, 17.143475772703894 ], [ -96.410103510190908, 17.143805859722512 ], [ -96.410066037441055, 17.143852289751852 ], [ -96.409743849906334, 17.144251490074186 ], [ -96.409729664488978, 17.144262226092817 ], [ -96.409685816587327, 17.144295412284364 ], [ -96.409466852186284, 17.14446113381327 ], [ -96.408769840833614, 17.144988655973251 ], [ -96.408732745390395, 17.145016730958659 ], [ -96.408718450215659, 17.145027550442219 ], [ -96.408093916070271, 17.145017142109143 ], [ -96.407155090453955, 17.145001489879022 ], [ -96.40691528000788, 17.145005250237201 ], [ -96.405548880295427, 17.145332490022135 ], [ -96.405114909923839, 17.145407289913994 ], [ -96.404787029664732, 17.145424580192177 ], [ -96.404568430362772, 17.145381020205036 ], [ -96.404403139974349, 17.145368380033553 ], [ -96.403915260175665, 17.144959879946619 ], [ -96.402597600314095, 17.144210090325807 ], [ -96.402367089889054, 17.144129000368551 ], [ -96.40210101977155, 17.144063260381593 ], [ -96.401458660160827, 17.144008219987313 ], [ -96.401045179744713, 17.144015940148904 ], [ -96.397947110419068, 17.144330780067683 ], [ -96.395857000247901, 17.144691520096387 ], [ -96.395663429984367, 17.144691799749978 ], [ -96.39533562014023, 17.144655369951288 ], [ -96.394139119859759, 17.144405289611797 ], [ -96.39394527989684, 17.144396309554928 ], [ -96.393560429589996, 17.144511379650172 ], [ -96.393305400054928, 17.144630050237566 ], [ -96.392615049624368, 17.145066630215123 ], [ -96.392286849824629, 17.145356340115551 ], [ -96.392151179842969, 17.145512580140856 ], [ -96.391805829594063, 17.146258420141052 ], [ -96.391166049550833, 17.147216379681005 ], [ -96.391086089911923, 17.147277220444437 ], [ -96.390971620193469, 17.147303910442325 ], [ -96.390852600379333, 17.147280920036181 ], [ -96.39065350991882, 17.147185079659888 ], [ -96.390477769813273, 17.147190980222447 ], [ -96.390073259595965, 17.147347879635259 ], [ -96.389905219938996, 17.147453420151212 ], [ -96.389770970408193, 17.147604479903361 ], [ -96.389696349745776, 17.147733179657468 ], [ -96.389562689711667, 17.148085259747212 ], [ -96.389455289644246, 17.148193950195633 ], [ -96.389321219577013, 17.148231180332619 ], [ -96.387597479669964, 17.148954400245557 ], [ -96.385135199840036, 17.151715569768342 ], [ -96.383789859575046, 17.152575909637797 ], [ -96.383152349685091, 17.152617749924769 ], [ -96.382806739672077, 17.152709429984906 ], [ -96.382227750042546, 17.153079000441402 ], [ -96.38178394993669, 17.153805980264881 ], [ -96.381021169886424, 17.154462089765399 ], [ -96.380772140051292, 17.154965619643193 ], [ -96.380507259694753, 17.155226419928486 ], [ -96.379610150402939, 17.154988290297922 ] ] ] ] } },
{ "type": "Feature", "properties": { "CVEGEO": "20380", "CVE_ENT": "20", "CVE_MUN": "380", "PAISAJE": "Valles Centrales", "ID_PAISA": 1, "NOM_MUN": "Santa Cruz Papalutla", "HAS_MUN": 1480.4, "RM": "R1" }, "geometry": { "type": "MultiPolygon", "coordinates": [ [ [ [ -96.570204880151621, 16.970640290014387 ], [ -96.568392859188762, 16.962882550272074 ], [ -96.569252310095763, 16.957928981079906 ], [ -96.57105112045609, 16.947654429951562 ], [ -96.5676113197636, 16.946752320045135 ], [ -96.567634950163736, 16.939876310378381 ], [ -96.567655490463366, 16.933819219817309 ], [ -96.567666169562401, 16.930390430912588 ], [ -96.576307749489743, 16.931131400854191 ], [ -96.581536400298717, 16.93118982000161 ], [ -96.585790169735347, 16.929906120600485 ], [ -96.587221319021154, 16.931180540551772 ], [ -96.592857060298925, 16.93546949029561 ], [ -96.599836309561582, 16.940699939794708 ], [ -96.60300597968633, 16.942492969913427 ], [ -96.602757570227737, 16.943474951013741 ], [ -96.601853089462551, 16.946995120267573 ], [ -96.601404370364392, 16.948755251220074 ], [ -96.600503550192983, 16.952282020838947 ], [ -96.600050148967213, 16.954043170840066 ], [ -96.599703229867856, 16.955448370693997 ], [ -96.599154979891466, 16.957569859999335 ], [ -96.59870205024707, 16.959334541023889 ], [ -96.598246089696502, 16.961093539834184 ], [ -96.597799879873179, 16.962851520380966 ], [ -96.596905520119194, 16.966366430063587 ], [ -96.596456000414889, 16.96812358049085 ], [ -96.595557778595179, 16.971642601065405 ], [ -96.595065149564221, 16.973575261115393 ], [ -96.594615169937683, 16.975330680055745 ], [ -96.5941668287211, 16.977090569770063 ], [ -96.594001279006264, 16.977738770090905 ], [ -96.593895968573563, 16.97770782060724 ], [ -96.593778549218101, 16.977673309606185 ], [ -96.593626429441741, 16.977628579682911 ], [ -96.593466419219979, 16.977581539718418 ], [ -96.593320450193886, 16.977538629846222 ], [ -96.593133749623519, 16.977483749894731 ], [ -96.593018660103269, 16.977449920879362 ], [ -96.592871520385785, 16.977406660935262 ], [ -96.59271768897878, 16.9773614506074 ], [ -96.592524370299046, 16.97730462051851 ], [ -96.592375339720647, 16.977260800022101 ], [ -96.592197519620996, 16.977208521333893 ], [ -96.592094140182724, 16.977178141135482 ], [ -96.591961379865836, 16.977139109671359 ], [ -96.591858078918818, 16.977108741192417 ], [ -96.59167490998334, 16.977054890982942 ], [ -96.591576848907252, 16.977026060350482 ], [ -96.591551600453002, 16.977018650360545 ], [ -96.591522980251838, 16.977010230855651 ], [ -96.591465798791958, 16.976993421070095 ], [ -96.591358708908786, 16.97696157952327 ], [ -96.591159599468767, 16.976902400080963 ], [ -96.591035339481664, 16.976865459653546 ], [ -96.590900549234462, 16.976825399597384 ], [ -96.590766979193489, 16.976785680027433 ], [ -96.590633378808505, 16.976745970076305 ], [ -96.590512920162041, 16.976710150099731 ], [ -96.590387739475119, 16.976672949860593 ], [ -96.590141829372911, 16.976599850752372 ], [ -96.590033229810984, 16.976567550532835 ], [ -96.589871340062246, 16.976518420363746 ], [ -96.589700459061618, 16.976466520797658 ], [ -96.589541310003611, 16.976418219719481 ], [ -96.589380549852791, 16.97636940105135 ], [ -96.589356259857638, 16.976362020082465 ], [ -96.589197379547542, 16.976314770867408 ], [ -96.589027539111413, 16.9762642597419 ], [ -96.58883014899655, 16.976205569639433 ], [ -96.588596629229059, 16.976136119546656 ], [ -96.58842356906537, 16.976084659687064 ], [ -96.588273628990862, 16.976040061304118 ], [ -96.588125998679971, 16.975996169997273 ], [ -96.587983889835741, 16.975953910054443 ], [ -96.587872878793959, 16.975920890111329 ], [ -96.587851110254817, 16.975914420749945 ], [ -96.587743249438631, 16.975883750056465 ], [ -96.587565219532607, 16.975833170978451 ], [ -96.587401849372739, 16.975786739563805 ], [ -96.58726705998987, 16.975748430565087 ], [ -96.587015030454467, 16.975676820315392 ], [ -96.586809028769423, 16.975618260869446 ], [ -96.586650168734664, 16.975573119906976 ], [ -96.586548520442477, 16.975544229683713 ], [ -96.586465509821522, 16.975518201014175 ], [ -96.584662279967276, 16.974952750866759 ], [ -96.583003910193938, 16.974455541077791 ], [ -96.581233858722442, 16.973929460544806 ], [ -96.579669909236841, 16.973461180665936 ], [ -96.578214830284665, 16.973027980053946 ], [ -96.574563539704371, 16.97194049087673 ], [ -96.570204880151621, 16.970640290014387 ] ] ] ] } },
{ "type": "Feature", "properties": { "CVEGEO": "20170", "CVE_ENT": "20", "CVE_MUN": "170", "PAISAJE": "Valles Centrales", "ID_PAISA": 1, "NOM_MUN": "San José Lachiguiri", "HAS_MUN": 7778.9, "RM": "R2" }, "geometry": { "type": "MultiPolygon", "coordinates": [ [ [ [ -96.310017739639846, 16.446113689953894 ], [ -96.310105549611848, 16.445723680243848 ], [ -96.310033460222471, 16.445746049650168 ], [ -96.310035819777013, 16.445527599994275 ], [ -96.310053910068916, 16.44494151021507 ], [ -96.309895059722862, 16.44410081955068 ], [ -96.309589889978497, 16.443534680399075 ], [ -96.309344139598295, 16.443003540127382 ], [ -96.309002450367771, 16.442494549806685 ], [ -96.308780279822685, 16.441998140072794 ], [ -96.308616249611774, 16.441663220246603 ], [ -96.308455079987425, 16.441052430355384 ], [ -96.308656550382395, 16.440088650098108 ], [ -96.308303649593583, 16.439510619821448 ], [ -96.308069800318222, 16.438979629574668 ], [ -96.307848400071109, 16.438414220252703 ], [ -96.307601229687322, 16.438021060295576 ], [ -96.307776480317074, 16.437275509942076 ], [ -96.308537619848437, 16.436581379802298 ], [ -96.308865519634296, 16.436113170345937 ], [ -96.308857549767197, 16.435733739561758 ], [ -96.308519779708817, 16.434845400279112 ], [ -96.308549079866282, 16.434328369588634 ], [ -96.308588690453277, 16.433972309903094 ], [ -96.308989450414899, 16.433412820066419 ], [ -96.309361250386246, 16.433324290061016 ], [ -96.309795349746054, 16.433006549860846 ], [ -96.310126200310407, 16.432262369743086 ], [ -96.310380510410667, 16.430816350394881 ], [ -96.310118510182321, 16.429549310098434 ], [ -96.309278120265759, 16.428906650426839 ], [ -96.308931479581616, 16.428641570081151 ], [ -96.308543860452119, 16.427948199678884 ], [ -96.307738280035636, 16.427170350284296 ], [ -96.307180999867356, 16.42668234988513 ], [ -96.306199349577724, 16.425581000347972 ], [ -96.305374599989932, 16.42435474986446 ], [ -96.305151849607583, 16.423915849769156 ], [ -96.304881890354793, 16.423419000355864 ], [ -96.304565520070653, 16.422772250300696 ], [ -96.304329750170766, 16.422436680051273 ], [ -96.303808420242348, 16.421948949956487 ], [ -96.303560119604199, 16.421659179719011 ], [ -96.303565340413797, 16.421164970459021 ], [ -96.304040539809094, 16.420341719769421 ], [ -96.303996430222142, 16.419984950053315 ], [ -96.303571259853499, 16.419452139812012 ], [ -96.302831309807644, 16.41927274028529 ], [ -96.302142120449631, 16.418817980166512 ], [ -96.301748490432246, 16.418699289613194 ], [ -96.301196770245554, 16.417682480133546 ], [ -96.30080374980443, 16.417506369888905 ], [ -96.30006917996775, 16.416821170182267 ], [ -96.299548939595979, 16.416230050095592 ], [ -96.299150680153915, 16.415410089574241 ], [ -96.298958249675607, 16.414362139662153 ], [ -96.298784309661841, 16.413831740219337 ], [ -96.298719280407283, 16.413187319784118 ], [ -96.298835349892173, 16.412383769593848 ], [ -96.298876259534453, 16.411901290104879 ], [ -96.299048949586393, 16.411408599734433 ], [ -96.299093339798674, 16.410592819783741 ], [ -96.299134999794944, 16.41004145021834 ], [ -96.299030879574801, 16.409707119663128 ], [ -96.298274139678981, 16.408849320004038 ], [ -96.297787850178835, 16.408442319602145 ], [ -96.297516619697191, 16.40806041975031 ], [ -96.296714490284629, 16.406972260188979 ], [ -96.296525570146628, 16.406619540151663 ], [ -96.296374169610488, 16.406336859959321 ], [ -96.296263420422306, 16.40618046000591 ], [ -96.295702150059824, 16.405387850441684 ], [ -96.295182710249108, 16.404727719845695 ], [ -96.29493522004897, 16.404369050115402 ], [ -96.294467889792543, 16.403295509780776 ], [ -96.294630489698449, 16.402618819806193 ], [ -96.294168780232567, 16.402154600230578 ], [ -96.293778999578493, 16.401679680216581 ], [ -96.293419820304834, 16.401699249842132 ], [ -96.293007509626378, 16.401086109759241 ], [ -96.292845350025829, 16.400578710282044 ], [ -96.292909380172077, 16.400177000195519 ], [ -96.29359644988962, 16.399689149953588 ], [ -96.293839909943131, 16.39928911999311 ], [ -96.294214450117025, 16.398936319747449 ], [ -96.294125630220549, 16.398280220396959 ], [ -96.293841780190434, 16.397967139996869 ], [ -96.293515650195189, 16.397124910176032 ], [ -96.293221859724923, 16.396616349749475 ], [ -96.292856710186911, 16.396072550067434 ], [ -96.29276781978669, 16.395416459704993 ], [ -96.29308114024181, 16.395201030413464 ], [ -96.293583879913115, 16.395171309838293 ], [ -96.294133540161582, 16.395233939769629 ], [ -96.294805719838365, 16.395021879724432 ], [ -96.295107290442729, 16.394783279701791 ], [ -96.295248519555585, 16.393864979861732 ], [ -96.295188030082599, 16.392783859911265 ], [ -96.295524739878559, 16.391995679813284 ], [ -96.296042710452795, 16.391136539918033 ], [ -96.296252940408507, 16.390471719953332 ], [ -96.296411750350572, 16.390162829825908 ], [ -96.296632079953113, 16.389682120227764 ], [ -96.297604659926279, 16.389334920398927 ], [ -96.298795540304866, 16.388713819965961 ], [ -96.299373430013532, 16.38836288981101 ], [ -96.300036690157398, 16.387851850328126 ], [ -96.300424830152352, 16.38733815029077 ], [ -96.300674140109635, 16.386374819983317 ], [ -96.300848680378508, 16.385698260089374 ], [ -96.301023450073345, 16.38499867997826 ], [ -96.301100249880392, 16.384516569621923 ], [ -96.301346079669088, 16.38388662992428 ], [ -96.301732619683762, 16.383522400197339 ], [ -96.302107720273014, 16.383112050422387 ], [ -96.302328549707269, 16.382585369720459 ], [ -96.302368619684074, 16.382183349573914 ], [ -96.302246199869543, 16.381308520132773 ], [ -96.302251749788127, 16.380768250411283 ], [ -96.302185880330399, 16.380204379600336 ], [ -96.302337059710482, 16.37947007998088 ], [ -96.302822229754483, 16.378830829856653 ], [ -96.303378380071976, 16.378261319798764 ], [ -96.303775399827273, 16.378046599910189 ], [ -96.304164710058032, 16.377417940375501 ], [ -96.304738029695713, 16.376354260277775 ], [ -96.304970280355832, 16.375873620249973 ], [ -96.305111880341016, 16.374909320435137 ], [ -96.305323120085149, 16.374152579936322 ], [ -96.305306850138024, 16.373416680009107 ], [ -96.305264369912138, 16.372898979815275 ], [ -96.305269920256549, 16.372358709760224 ], [ -96.305374709927193, 16.371485979732729 ], [ -96.305344200239773, 16.370968450122284 ], [ -96.305304890232804, 16.370151860384553 ], [ -96.305119370439215, 16.369586819751756 ], [ -96.304981650346903, 16.369022309879039 ], [ -96.304952340103469, 16.368389719744904 ], [ -96.30465968955626, 16.367777710319494 ], [ -96.304400850399944, 16.367361459647956 ], [ -96.304213370414942, 16.366980369614687 ], [ -96.303979230080529, 16.366495349630377 ], [ -96.30393511040856, 16.366138489617835 ], [ -96.304228919663771, 16.365486050315216 ], [ -96.304424350236573, 16.365097030381673 ], [ -96.304635580369222, 16.364340289770599 ], [ -96.304364980333631, 16.363900860433063 ], [ -96.304624620374881, 16.363087119681271 ], [ -96.304677980269503, 16.362558830324204 ], [ -96.304286279804103, 16.362267780053671 ], [ -96.303753779958257, 16.361504709999078 ], [ -96.304169979785541, 16.360658449616267 ], [ -96.304005829207924, 16.360113480029973 ], [ -96.303945179647101, 16.359721549921279 ], [ -96.30544314975009, 16.359054400996783 ], [ -96.305419250226635, 16.358577950629169 ], [ -96.305858249115474, 16.357966801261259 ], [ -96.306119260187671, 16.357673971288953 ], [ -96.306622080003635, 16.35710986011475 ], [ -96.306361979910264, 16.356503800586218 ], [ -96.30678057032442, 16.3550764809344 ], [ -96.30740869035175, 16.354645650775261 ], [ -96.307949058892817, 16.354608619689277 ], [ -96.307954940198414, 16.35426597101732 ], [ -96.307959289433001, 16.354062511116972 ], [ -96.307851510385589, 16.353921080725058 ], [ -96.308147749049482, 16.353823260001651 ], [ -96.313630579193074, 16.353012741134815 ], [ -96.325611118731302, 16.3487505397683 ], [ -96.33216351029543, 16.349619310211722 ], [ -96.335131449934849, 16.3486323708374 ], [ -96.334750848590417, 16.348311181191843 ], [ -96.3387043488963, 16.34787034095276 ], [ -96.336414678750174, 16.345361571112413 ], [ -96.338171799289128, 16.343647649794065 ], [ -96.352573599920632, 16.329597819613486 ], [ -96.353414520381946, 16.339027829944524 ], [ -96.353092019912083, 16.340283550204841 ], [ -96.35286742993172, 16.341837350347991 ], [ -96.353365449576444, 16.342925430425328 ], [ -96.356712079665442, 16.34686429010706 ], [ -96.356824969974326, 16.347507150329889 ], [ -96.356884939841251, 16.347552650166431 ], [ -96.357107169729261, 16.348436050246622 ], [ -96.357242059790053, 16.348871799980806 ], [ -96.357496200223608, 16.349318059966613 ], [ -96.357503689759994, 16.350168720220605 ], [ -96.357774199757216, 16.351120689857535 ], [ -96.357886889739646, 16.35174056955519 ], [ -96.357959800010065, 16.352228279750229 ], [ -96.357988169631682, 16.352418019675941 ], [ -96.358235250322323, 16.353416169621699 ], [ -96.358561569729972, 16.353942320400645 ], [ -96.35899968030958, 16.354984889644832 ], [ -96.359228150411795, 16.355224449606553 ], [ -96.359541749775573, 16.355658739713984 ], [ -96.36028848982258, 16.356572319761064 ], [ -96.360773249815011, 16.35749955002429 ], [ -96.360820830443004, 16.357582720448768 ], [ -96.361172580020224, 16.358197549853223 ], [ -96.361417279778919, 16.358473539963359 ], [ -96.361617849900938, 16.358699750164043 ], [ -96.361895109863511, 16.359065349806112 ], [ -96.361970349525905, 16.359490110353942 ], [ -96.361925139688765, 16.359766380058417 ], [ -96.361524649657099, 16.360286979719731 ], [ -96.361088000228023, 16.360761889665419 ], [ -96.360845919789284, 16.361024519838637 ], [ -96.360639540104074, 16.361248399998008 ], [ -96.3601655399858, 16.36153967970526 ], [ -96.360049340447517, 16.361585110448832 ], [ -96.359654970446613, 16.361739289958852 ], [ -96.359287879603414, 16.361995200378406 ], [ -96.359048980391435, 16.362263200013413 ], [ -96.358792369950407, 16.362551059968389 ], [ -96.358710400046974, 16.362712679675514 ], [ -96.358736549998156, 16.362976879786483 ], [ -96.358596430295066, 16.363299910135396 ], [ -96.358595820214859, 16.363461110353114 ], [ -96.358592820060096, 16.364242630204405 ], [ -96.358430490372925, 16.364749779870767 ], [ -96.358175059653192, 16.365510619574902 ], [ -96.357987890034252, 16.365903019886812 ], [ -96.35790671966484, 16.366156580177307 ], [ -96.357751689778851, 16.366687519989433 ], [ -96.357727619616028, 16.366790340017769 ], [ -96.357844449570877, 16.367203249751341 ], [ -96.358217229838132, 16.367591080240075 ], [ -96.358685719855714, 16.368024110080821 ], [ -96.359347059736919, 16.368708480045818 ], [ -96.35947107989908, 16.36925928027512 ], [ -96.359980490312211, 16.369736950359439 ], [ -96.35997443037337, 16.369885939929013 ], [ -96.360055339978132, 16.370177549655832 ], [ -96.360004030155665, 16.370424320370045 ], [ -96.359838690282515, 16.370686650145885 ], [ -96.359463020409038, 16.371050450053016 ], [ -96.359156000059741, 16.371298079601956 ], [ -96.358962950210696, 16.371401680061517 ], [ -96.358740950341414, 16.371409090128612 ], [ -96.358538079727396, 16.371551910169963 ], [ -96.358349029786197, 16.371758629729385 ], [ -96.358248850030492, 16.3720004497731 ], [ -96.358189340233196, 16.372251709852957 ], [ -96.358035392855243, 16.372410629298944 ], [ -96.358026490070429, 16.372419819825705 ], [ -96.357791719911617, 16.372536599868614 ], [ -96.357541649934959, 16.372586910392101 ], [ -96.357338140029142, 16.372568620133194 ], [ -96.357027170344807, 16.372412490396034 ], [ -96.356768049943682, 16.372237230085549 ], [ -96.356487310161853, 16.372017340407815 ], [ -96.356312599553789, 16.37230782010603 ], [ -96.356316780765795, 16.372506175663041 ], [ -96.356320935823646, 16.372703270624161 ], [ -96.356324290446111, 16.372862420267474 ], [ -96.356419090335493, 16.373164550042691 ], [ -96.356527779754771, 16.37349926026997 ], [ -96.356546149756682, 16.373948619713563 ], [ -96.356354939712247, 16.374437229556865 ], [ -96.356330890648422, 16.374500054139663 ], [ -96.356289609306756, 16.374607893683422 ], [ -96.356265279830765, 16.374671450258852 ], [ -96.356192290274123, 16.375243579607005 ], [ -96.356085476666323, 16.376191179455816 ], [ -96.356011379794694, 16.376848519623824 ], [ -96.356015939318041, 16.377120374071097 ], [ -96.356019371001537, 16.377324955541084 ], [ -96.356023720183899, 16.377584229681013 ], [ -96.356091518106354, 16.377729059131791 ], [ -96.356153510062612, 16.377861479734523 ], [ -96.356237750355874, 16.378109139978427 ], [ -96.3562554587905, 16.378269686957605 ], [ -96.356268947286907, 16.378391974112976 ], [ -96.356281690410512, 16.378507510376583 ], [ -96.356250079386825, 16.378694378121473 ], [ -96.356229116143155, 16.378818302141823 ], [ -96.356175979771905, 16.379132419590054 ], [ -96.356139869520504, 16.379238409249126 ], [ -96.356039290210816, 16.379533620284285 ], [ -96.355882259945645, 16.379941879665992 ], [ -96.35572431472724, 16.380252807028434 ], [ -96.355597220214392, 16.380503000409689 ], [ -96.355567844427981, 16.380539267841364 ], [ -96.355438661342987, 16.380698755505296 ], [ -96.355381140047243, 16.380769769697242 ], [ -96.355359318916172, 16.380809607999684 ], [ -96.355097849882924, 16.381286970319191 ], [ -96.35489510263595, 16.381607266641986 ], [ -96.354844290250597, 16.381687539652994 ], [ -96.354722166750577, 16.382014007953909 ], [ -96.35460341988825, 16.382331450239587 ], [ -96.354567739950795, 16.383206139983017 ], [ -96.354620950341157, 16.383924909702952 ], [ -96.354671579975829, 16.384707319609184 ], [ -96.35478745959324, 16.385508149961002 ], [ -96.354966460075019, 16.385976880436335 ], [ -96.355104519587812, 16.386512490040598 ], [ -96.355317420352208, 16.387155019758278 ], [ -96.355475680167842, 16.387305230046032 ], [ -96.355550510144639, 16.387668569808859 ], [ -96.355518570330531, 16.388085509752766 ], [ -96.355742829978325, 16.388751679915021 ], [ -96.355773629991802, 16.389158689827426 ], [ -96.355703280245407, 16.389525490348909 ], [ -96.355541779963986, 16.389948460367606 ], [ -96.355439509721123, 16.390246110371962 ], [ -96.355286519648644, 16.390460629768466 ], [ -96.355105049541578, 16.390784260175099 ], [ -96.355063641152469, 16.390884396484378 ], [ -96.354881576208655, 16.391324686280267 ], [ -96.354836798810183, 16.391432970348664 ], [ -96.354813873879422, 16.391584051491989 ], [ -96.354790058875565, 16.391741000445244 ], [ -96.354834429552014, 16.391993180498837 ], [ -96.354987949229738, 16.392249509900534 ], [ -96.355105178609577, 16.392287437541281 ], [ -96.35531824981102, 16.392356370410742 ], [ -96.355839619966105, 16.392614889774826 ], [ -96.355959480268723, 16.39270894956729 ], [ -96.356130949960985, 16.392969120443389 ], [ -96.356233479737, 16.393162749604247 ], [ -96.356253980178593, 16.393336650068861 ], [ -96.356263950184143, 16.393430230348464 ], [ -96.356357279882232, 16.393624180408395 ], [ -96.356404539657461, 16.393733479866942 ], [ -96.35649785968792, 16.39378692037819 ], [ -96.356622260125221, 16.393760939695891 ], [ -96.356670339955429, 16.393655259867881 ], [ -96.356727850147635, 16.393611380251969 ], [ -96.356782050179774, 16.393647999633892 ], [ -96.356815520392203, 16.39380284999881 ], [ -96.356811259793503, 16.393974939720735 ], [ -96.356848709947769, 16.394054920373843 ], [ -96.356948250027614, 16.394054349854553 ], [ -96.357067250460901, 16.394019580050255 ], [ -96.357113179744488, 16.394112970195021 ], [ -96.357178110175042, 16.394185279732067 ], [ -96.357335259785316, 16.394213060115074 ], [ -96.357584449910888, 16.39431416986675 ], [ -96.357726450280012, 16.394380659755708 ], [ -96.357795780116035, 16.394566600004957 ], [ -96.35789807987625, 16.394809309809308 ], [ -96.357979450182413, 16.394934030077867 ], [ -96.358118429832274, 16.39497057996099 ], [ -96.358128709671902, 16.395071750422645 ], [ -96.358199690071331, 16.395185659585778 ], [ -96.358282280336226, 16.395192289572865 ], [ -96.358392080212241, 16.395238170389145 ], [ -96.358531260041076, 16.39535812017856 ], [ -96.358666800131004, 16.395323149814924 ], [ -96.358849460179229, 16.395343710309689 ], [ -96.358965340094514, 16.395386690372057 ], [ -96.359095519642537, 16.395482430403316 ], [ -96.35924621979575, 16.395594849942043 ], [ -96.359370350109131, 16.3956653700468 ], [ -96.359481660220993, 16.395663349833047 ], [ -96.35952036957859, 16.395724460098027 ], [ -96.359592890237252, 16.395830249717751 ], [ -96.359700649986479, 16.395852400409066 ], [ -96.359765649967045, 16.395820540406071 ], [ -96.359811459748101, 16.395760279675809 ], [ -96.359910420013549, 16.39571651017306 ], [ -96.359978259707177, 16.395717819765522 ], [ -96.360069599931435, 16.395763659712973 ], [ -96.360140290115964, 16.395759920321439 ], [ -96.360171000036061, 16.395725120017513 ], [ -96.360256169723485, 16.395668909565742 ], [ -96.360327250231848, 16.395675340424869 ], [ -96.360379340046904, 16.3957219401054 ], [ -96.360369289969768, 16.395825740446636 ], [ -96.360398289905135, 16.395966339822561 ], [ -96.360466090336075, 16.396080249981004 ], [ -96.360535979529445, 16.396140000262339 ], [ -96.36065028012014, 16.396239490034123 ], [ -96.360715199741421, 16.396358169966604 ], [ -96.360815309912752, 16.396530229925659 ], [ -96.361017819555727, 16.396696569589896 ], [ -96.361228660216625, 16.39682367976998 ], [ -96.361338230011469, 16.396867689905225 ], [ -96.361389480282128, 16.396932020149137 ], [ -96.361443090365228, 16.397070949724185 ], [ -96.361512429723817, 16.397113680362196 ], [ -96.3616741196292, 16.397150720169844 ], [ -96.361762550142771, 16.397269380153684 ], [ -96.361861199671679, 16.39735186037224 ], [ -96.361960600061138, 16.397487819660913 ], [ -96.362125489630714, 16.397606630014923 ], [ -96.36213940010785, 16.397727089980322 ], [ -96.362098619998491, 16.3978963398547 ], [ -96.362149419943918, 16.398036350270171 ], [ -96.362263680251544, 16.398189689806472 ], [ -96.362363969560803, 16.398317049544431 ], [ -96.362349050113551, 16.398477020289441 ], [ -96.362356780264648, 16.398622059904255 ], [ -96.362390149939486, 16.39863978011061 ], [ -96.362541999557649, 16.398678449667688 ], [ -96.362679719592833, 16.398729719784892 ], [ -96.362796260445464, 16.398714420062124 ], [ -96.362903659777075, 16.398672419661054 ], [ -96.362943860266412, 16.398690399937923 ], [ -96.362973349607287, 16.398803369554724 ], [ -96.362998489806728, 16.398939199656446 ], [ -96.36305358008569, 16.39901037018176 ], [ -96.363159090195381, 16.399001139681964 ], [ -96.363277710263816, 16.398877019967088 ], [ -96.363359509792801, 16.398808660413259 ], [ -96.363431119795351, 16.398868549777507 ], [ -96.363435949731098, 16.398992579818405 ], [ -96.363435250083413, 16.399130720147927 ], [ -96.363509680181807, 16.39924310972161 ], [ -96.363668689935508, 16.399339659845111 ], [ -96.363732479600245, 16.399470709544165 ], [ -96.363772710004383, 16.399736059637245 ], [ -96.363844550131276, 16.39990126027357 ], [ -96.363939170366365, 16.399921090009475 ], [ -96.364195980198886, 16.400093310416455 ], [ -96.364477489677412, 16.400347689947864 ], [ -96.365023919569254, 16.400784710026901 ], [ -96.36580405989514, 16.401414720243533 ], [ -96.366236370135141, 16.401838860186533 ], [ -96.366479319762433, 16.402872979827436 ], [ -96.366313950033174, 16.403494460013871 ], [ -96.366053950070878, 16.404438279979018 ], [ -96.365625779716439, 16.405210079729667 ], [ -96.365352860467297, 16.405889369697498 ], [ -96.365631680180002, 16.406900459847225 ], [ -96.365741579931068, 16.407544089637405 ], [ -96.365827549811158, 16.408164750108053 ], [ -96.365697510266997, 16.408636659956489 ], [ -96.365579109713693, 16.408993549613381 ], [ -96.365604169849277, 16.409315399960764 ], [ -96.365795849785528, 16.409360799947251 ], [ -96.366416720171472, 16.408956380315558 ], [ -96.366871180184262, 16.408839890259681 ], [ -96.367183599904024, 16.409218459673053 ], [ -96.367543950169534, 16.409573780093918 ], [ -96.368454289612757, 16.409800889949317 ], [ -96.368707580353302, 16.410352029602613 ], [ -96.368949579853449, 16.411110219608066 ], [ -96.369143399590811, 16.411776579928567 ], [ -96.369348659854637, 16.412281860402384 ], [ -96.369339750378217, 16.4131674196205 ], [ -96.369425169602309, 16.41361556997024 ], [ -96.369929250074904, 16.414027950262422 ], [ -96.370406829894833, 16.413681450285935 ], [ -96.370717420125359, 16.413507949699444 ], [ -96.371246059606307, 16.41410428003655 ], [ -96.371571599818452, 16.414781679933441 ], [ -96.371370030408912, 16.415311309734559 ], [ -96.371804880390755, 16.416448350185263 ], [ -96.372083419987362, 16.417378880429208 ], [ -96.372672799742091, 16.418193540164086 ], [ -96.372953770164401, 16.418463420444578 ], [ -96.373189580392989, 16.418439950138509 ], [ -96.373314549788745, 16.418543340139649 ], [ -96.373492799652396, 16.418825520191081 ], [ -96.37383989011559, 16.419056780139872 ], [ -96.374016580008458, 16.419201880070695 ], [ -96.374241279792713, 16.419296460093602 ], [ -96.374457879867165, 16.419293290280027 ], [ -96.374683050131196, 16.419176520079226 ], [ -96.375020910017227, 16.419094399728092 ], [ -96.375280509754774, 16.419001710008835 ], [ -96.375336219877497, 16.418889909701434 ], [ -96.375307490207064, 16.418725539596672 ], [ -96.375188769785751, 16.418571619981297 ], [ -96.375166800441008, 16.418434109592368 ], [ -96.375234020015384, 16.41833034019557 ], [ -96.375398970441225, 16.418241659776978 ], [ -96.375724909947053, 16.41816287954844 ], [ -96.376160890155575, 16.418088260087735 ], [ -96.376539090322765, 16.418010969723834 ], [ -96.376713419697694, 16.41799004993306 ], [ -96.37682391993205, 16.41802600008468 ], [ -96.376997919713745, 16.418096629644818 ], [ -96.377221230139611, 16.418251969695955 ], [ -96.37743390965413, 16.418423749909749 ], [ -96.377736200013075, 16.418601339759991 ], [ -96.377951510035132, 16.418599579806671 ], [ -96.378191400140693, 16.418389000275056 ], [ -96.378400649661913, 16.418309749780057 ], [ -96.378570259671989, 16.418316179538586 ], [ -96.378756020176255, 16.418459180230137 ], [ -96.379077630354601, 16.418638720413416 ], [ -96.379401080158601, 16.418773020403378 ], [ -96.379720570169567, 16.418826940311718 ], [ -96.380006380135029, 16.418820319864601 ], [ -96.380472080259921, 16.418762850229868 ], [ -96.38076756953005, 16.418578520185086 ], [ -96.381057180179354, 16.418538020003165 ], [ -96.381467919662555, 16.418666749658527 ], [ -96.38185654035459, 16.418815220456153 ], [ -96.382289829790594, 16.418913919762598 ], [ -96.382775720214823, 16.418767649649645 ], [ -96.383212549839286, 16.418516650398168 ], [ -96.383505920387933, 16.418383689617944 ], [ -96.383889749621332, 16.418387920215448 ], [ -96.384320119582384, 16.418558520414372 ], [ -96.384641490409066, 16.418786770347122 ], [ -96.385459520180774, 16.419279230141164 ], [ -96.379416950061852, 16.431197429815732 ], [ -96.378123939971161, 16.432956649927387 ], [ -96.377393770204804, 16.433951319641185 ], [ -96.376700680320383, 16.435095120017586 ], [ -96.37612582965572, 16.436134489928126 ], [ -96.37571786000187, 16.43642477025243 ], [ -96.375985280367416, 16.437027430273492 ], [ -96.376163490412011, 16.437183719588223 ], [ -96.368662120088459, 16.44127967963475 ], [ -96.365586017005242, 16.442959178600653 ], [ -96.365099473204836, 16.443224814327955 ], [ -96.364544419828079, 16.443527849979116 ], [ -96.336759660039107, 16.457518659672566 ], [ -96.326860249829991, 16.455772879972784 ], [ -96.326827049581595, 16.455763860366197 ], [ -96.326550060269156, 16.45569504984206 ], [ -96.325501570470792, 16.455434549637104 ], [ -96.31221018009245, 16.450459369919795 ], [ -96.308034853922365, 16.448174942122431 ], [ -96.308010979573879, 16.448161879618976 ], [ -96.307411139995651, 16.447893719679236 ], [ -96.307404799767099, 16.447664110075415 ], [ -96.307614570126503, 16.447056830062944 ], [ -96.308049320291602, 16.446681480354908 ], [ -96.308937980098435, 16.446379509583142 ], [ -96.310017739639846, 16.446113689953894 ] ] ] ] } },
{ "type": "Feature", "properties": { "CVEGEO": "20194", "CVE_ENT": "20", "CVE_MUN": "194", "PAISAJE": "Valles Centrales", "ID_PAISA": 1, "NOM_MUN": "San Juan del Río", "HAS_MUN": 7150.8, "RM": "R1" }, "geometry": { "type": "MultiPolygon", "coordinates": [ [ [ [ -96.1363339702757, 16.91972870969121 ], [ -96.135901220048396, 16.919636350641795 ], [ -96.135489379858839, 16.919693631278477 ], [ -96.134144689852661, 16.919826631088899 ], [ -96.133404059823505, 16.919628860479946 ], [ -96.132882420446265, 16.919344509680862 ], [ -96.132567579692051, 16.919223320418912 ], [ -96.131989539697116, 16.919302370241514 ], [ -96.131761709593917, 16.919345120610693 ], [ -96.131537479730468, 16.919352510997726 ], [ -96.131193199766471, 16.919287520735466 ], [ -96.130961920212926, 16.919191569661173 ], [ -96.130251630077069, 16.918850980243551 ], [ -96.129667969945856, 16.918859920210146 ], [ -96.127120020267128, 16.919277199633779 ], [ -96.126147229757763, 16.919539860673201 ], [ -96.124654430343398, 16.919228341104496 ], [ -96.124278340282089, 16.918686679756927 ], [ -96.123500060051668, 16.918115571143311 ], [ -96.123037719814576, 16.917738251122447 ], [ -96.122106249990821, 16.917181540098788 ], [ -96.121975540099925, 16.917095720383443 ], [ -96.121531880135535, 16.916587230076694 ], [ -96.121197580021388, 16.916389460529285 ], [ -96.120737750132292, 16.9162593998897 ], [ -96.120319999779014, 16.916021661274232 ], [ -96.119885539814433, 16.91566461982859 ], [ -96.118307800332914, 16.915247340058656 ], [ -96.117941110418698, 16.915055340168724 ], [ -96.116984289574987, 16.914170109950152 ], [ -96.116562030437692, 16.91379851044864 ], [ -96.116086399595233, 16.91331832053298 ], [ -96.115905080057104, 16.913086460070343 ], [ -96.115463920383476, 16.912506400018898 ], [ -96.11536681973304, 16.912088860698848 ], [ -96.115242460294439, 16.911973910098794 ], [ -96.114915739795279, 16.911813650829966 ], [ -96.114240740223096, 16.911196110308691 ], [ -96.113968740091252, 16.910696400186918 ], [ -96.113785060304096, 16.909731460339074 ], [ -96.113604919768775, 16.909003019689731 ], [ -96.112793819838231, 16.908496220949409 ], [ -96.111707020289202, 16.907558739742186 ], [ -96.110268459832099, 16.907421310674614 ], [ -96.109822400350922, 16.907273149820746 ], [ -96.108607850355867, 16.907371370587608 ], [ -96.107414149644654, 16.907670970679852 ], [ -96.106675369724016, 16.907816569835592 ], [ -96.10476231015636, 16.908306781069712 ], [ -96.104405649817622, 16.908222250806066 ], [ -96.104093489726765, 16.907452201199312 ], [ -96.103743289771913, 16.906833830266059 ], [ -96.103300170204662, 16.906340311276981 ], [ -96.102796490386908, 16.906015800633003 ], [ -96.101976380379256, 16.904918949801299 ], [ -96.101228170197857, 16.904205970317687 ], [ -96.100415779740842, 16.903609949935021 ], [ -96.099477510190496, 16.902953050358935 ], [ -96.098823979665738, 16.90262454013218 ], [ -96.097676000318742, 16.902159999793998 ], [ -96.097213430238, 16.901904380984057 ], [ -96.096294709588307, 16.902089201125531 ], [ -96.095555320068215, 16.902021429669013 ], [ -96.094670279849922, 16.902228021110744 ], [ -96.093721579739636, 16.901533249674394 ], [ -96.093105020179294, 16.900709659957556 ], [ -96.092689650106394, 16.900319580129491 ], [ -96.092435539819164, 16.900168109548872 ], [ -96.092033970260459, 16.899985060082621 ], [ -96.091360799797698, 16.899100980697771 ], [ -96.091065509529074, 16.898975030127598 ], [ -96.090574480128126, 16.898954511138186 ], [ -96.090273460162521, 16.898750720634428 ], [ -96.089965910052513, 16.898287619879593 ], [ -96.09516359990738, 16.893775419694833 ], [ -96.096739290339741, 16.892620949736539 ], [ -96.097508919780438, 16.892293320099412 ], [ -96.098060140238928, 16.892201230381964 ], [ -96.099471510311133, 16.891421179642879 ], [ -96.1000769498214, 16.890654180411836 ], [ -96.101226260097661, 16.889791449613885 ], [ -96.102920740316875, 16.887886829675022 ], [ -96.105253939692503, 16.886058120331988 ], [ -96.10622106044238, 16.885623660033069 ], [ -96.109337950011408, 16.88405038005433 ], [ -96.110647879775101, 16.883599030112304 ], [ -96.112600079847184, 16.882926350442382 ], [ -96.113622800387702, 16.881506449648217 ], [ -96.114881050426035, 16.881110429880845 ], [ -96.115987909827012, 16.879594250250992 ], [ -96.117640939746323, 16.87841953991957 ], [ -96.118601320135241, 16.877228219825657 ], [ -96.120400509560596, 16.875915309635236 ], [ -96.121468920099787, 16.875255319714014 ], [ -96.122067309651612, 16.874775429756376 ], [ -96.123888689948956, 16.87266614988777 ], [ -96.130156339841307, 16.868052910024709 ], [ -96.130605570443109, 16.867937980210076 ], [ -96.134287489788576, 16.866222150006436 ], [ -96.136328779926274, 16.86478702006875 ], [ -96.137149650150391, 16.864506579914185 ], [ -96.139292250048669, 16.864544200397489 ], [ -96.139460530485053, 16.864384941811622 ], [ -96.139488630297578, 16.864358348250565 ], [ -96.139939739650657, 16.863931419925549 ], [ -96.141483659631149, 16.863507220384754 ], [ -96.145712969480897, 16.862034468930752 ], [ -96.145735780437761, 16.862026524826252 ], [ -96.145956823071728, 16.861949548013133 ], [ -96.146522217416702, 16.861752651243378 ], [ -96.14654175870271, 16.861745845738852 ], [ -96.146572880599933, 16.861735007260666 ], [ -96.146604631840788, 16.86172394964056 ], [ -96.146780309875325, 16.861662769993305 ], [ -96.147096441360432, 16.861566472753889 ], [ -96.147118788385995, 16.861559665489303 ], [ -96.147164811933735, 16.861545646169787 ], [ -96.147226950222731, 16.861526717974069 ], [ -96.147434801591501, 16.861463402662327 ], [ -96.148078600200378, 16.861267290345619 ], [ -96.149082579667734, 16.860943600256419 ], [ -96.151450630248689, 16.860500720181758 ], [ -96.154889170089945, 16.859597940402555 ], [ -96.156148220335339, 16.859591679716459 ], [ -96.157029400337777, 16.859264080307661 ], [ -96.15857964991045, 16.859180549558264 ], [ -96.160487950260105, 16.85853789011184 ], [ -96.168029459534736, 16.857361370313395 ], [ -96.171395400186597, 16.856836480162716 ], [ -96.175377520233525, 16.856758050155523 ], [ -96.180710420240771, 16.857547830422991 ], [ -96.181536619761857, 16.857760290240719 ], [ -96.181758680086602, 16.85762942003964 ], [ -96.182874192715957, 16.857790454680732 ], [ -96.182885940305553, 16.857792150307954 ], [ -96.183224969842584, 16.858173170440615 ], [ -96.183485149579539, 16.858907970088641 ], [ -96.183806647919809, 16.859355617752257 ], [ -96.183814449569979, 16.859366479815161 ], [ -96.184701140150821, 16.859324920354485 ], [ -96.186103436289457, 16.859526083052124 ], [ -96.186114570033894, 16.859527680381628 ], [ -96.187234362076978, 16.860706128638252 ], [ -96.187240920056951, 16.860713029970714 ], [ -96.188521250777512, 16.861053069138606 ], [ -96.188522569914639, 16.861053419614997 ], [ -96.189390679957427, 16.861531429926419 ], [ -96.189989419856317, 16.862458339966153 ], [ -96.19005493992529, 16.86298619991793 ], [ -96.189614599654291, 16.863599149881644 ], [ -96.189885768920732, 16.863804894095317 ], [ -96.189902819539824, 16.863817830372966 ], [ -96.190347029870026, 16.863326890015248 ], [ -96.191241400230467, 16.86273353994541 ], [ -96.192188260222991, 16.86271888027337 ], [ -96.192744369357996, 16.862892543379633 ], [ -96.192758479871742, 16.862896949851557 ], [ -96.193666259766886, 16.863907309980007 ], [ -96.193928490943961, 16.864747975728598 ], [ -96.193928629844564, 16.86474842013104 ], [ -96.194566419588455, 16.865074949998263 ], [ -96.195120660099846, 16.864437890090006 ], [ -96.195516459426003, 16.864389751210553 ], [ -96.195519179657794, 16.864389420099542 ], [ -96.196537132731308, 16.865038370332872 ], [ -96.196553539643944, 16.865048830207133 ], [ -96.197803179684968, 16.864989429689142 ], [ -96.198816030259806, 16.864381859592783 ], [ -96.199174817858392, 16.864332261487256 ], [ -96.199177289938689, 16.864331919736831 ], [ -96.20015626577532, 16.864947483956009 ], [ -96.20017377002435, 16.864958490191267 ], [ -96.201163180042627, 16.864602379920061 ], [ -96.20175748981876, 16.864698819824572 ], [ -96.202361224228454, 16.864861136876822 ], [ -96.202377490411124, 16.864865509867659 ], [ -96.202618260421787, 16.865318936237799 ], [ -96.202620450199447, 16.865323059991489 ], [ -96.203892400368062, 16.865780061599096 ], [ -96.203910820029463, 16.865786679772341 ], [ -96.204498536190485, 16.867954492805012 ], [ -96.20450150998451, 16.867965460390025 ], [ -96.204967339840067, 16.867946999911098 ], [ -96.205758339837757, 16.867419489763783 ], [ -96.206154126511819, 16.867425863369355 ], [ -96.2061607101801, 16.867425969662005 ], [ -96.207427322444772, 16.868433143899431 ], [ -96.207438849573961, 16.868442309831327 ], [ -96.207729830075095, 16.868484659866237 ], [ -96.208551550111949, 16.86785978033565 ], [ -96.208899779390876, 16.867730300150182 ], [ -96.208901260257036, 16.86772974986199 ], [ -96.209123829599591, 16.867864540381312 ], [ -96.20914846034519, 16.868767569576217 ], [ -96.209757119706524, 16.86927741960389 ], [ -96.210238720655056, 16.869804999764099 ], [ -96.210242080363869, 16.869808680262896 ], [ -96.210743520236704, 16.87001576968721 ], [ -96.211090506927164, 16.870173290561432 ], [ -96.211109140137467, 16.87018174979718 ], [ -96.2112904809984, 16.870607633244212 ], [ -96.211293979773913, 16.870615849916543 ], [ -96.212263079547441, 16.870743520336422 ], [ -96.21255215042676, 16.870727769828196 ], [ -96.213830779976661, 16.8709238900042 ], [ -96.214846580704645, 16.871312176201542 ], [ -96.214867179747316, 16.871320050172027 ], [ -96.214315119931669, 16.872466219939419 ], [ -96.214339635675074, 16.872774329464434 ], [ -96.214339800300195, 16.872776399833466 ], [ -96.214875450373555, 16.87300567993816 ], [ -96.215756369620422, 16.872897910348282 ], [ -96.21576340025743, 16.872897049913274 ], [ -96.216301079523859, 16.873381820418309 ], [ -96.216241029122443, 16.873701397671375 ], [ -96.216238770089817, 16.87371342005757 ], [ -96.217585430101735, 16.873607319621545 ], [ -96.21792891873622, 16.8736428912351 ], [ -96.21823152922093, 16.873803662000558 ], [ -96.218250950399351, 16.87381398008969 ], [ -96.218814539055955, 16.874387247094628 ], [ -96.218822780198039, 16.874395629722827 ], [ -96.219523340268211, 16.874516589801509 ], [ -96.219531969566219, 16.87451808014637 ], [ -96.219908462529716, 16.874825807117894 ], [ -96.219921850055002, 16.87483674974925 ], [ -96.221690660203322, 16.874652460419309 ], [ -96.222656060338011, 16.874780290365301 ], [ -96.223047450163278, 16.874980379978165 ], [ -96.223508350177369, 16.87454267981704 ], [ -96.223956933628131, 16.874282578636457 ], [ -96.223957879698901, 16.874282030023814 ], [ -96.224497120029724, 16.874598980339876 ], [ -96.224756319759067, 16.875012120172663 ], [ -96.224961200032283, 16.875765430352057 ], [ -96.225255570082169, 16.875981109658706 ], [ -96.22557220488109, 16.876585458713958 ], [ -96.225574719920743, 16.876590259609259 ], [ -96.227092550387198, 16.87708499970919 ], [ -96.228354979090327, 16.877243104401888 ], [ -96.22836285015849, 16.877244089715244 ], [ -96.229089775763356, 16.877830876851565 ], [ -96.22909994987198, 16.877839089977314 ], [ -96.22932536974416, 16.877890250096293 ], [ -96.229713119819806, 16.877903060099811 ], [ -96.229785599724167, 16.877862449840297 ], [ -96.229876909626554, 16.877904290401698 ], [ -96.23001061263443, 16.877599342262339 ], [ -96.23001134998232, 16.877597660039147 ], [ -96.230092540389066, 16.877649769590565 ], [ -96.230333757594678, 16.877802857952659 ], [ -96.230395290230675, 16.877841910144678 ], [ -96.226589229907802, 16.884236290326609 ], [ -96.225943089744121, 16.885275850099944 ], [ -96.225225480107966, 16.886595939865106 ], [ -96.222790149807793, 16.890880850101126 ], [ -96.221834979800519, 16.892651549695977 ], [ -96.22151674010334, 16.893146879796294 ], [ -96.220367769971162, 16.89505238017296 ], [ -96.219412550280992, 16.895773890433826 ], [ -96.218795319910058, 16.896360220184512 ], [ -96.21777941987628, 16.89747608031178 ], [ -96.216949690382833, 16.897824550305032 ], [ -96.2156228596387, 16.898555549695722 ], [ -96.215030920143761, 16.89878042023172 ], [ -96.214993259999744, 16.898798169577116 ], [ -96.2145792804655, 16.899037630061443 ], [ -96.21388694042399, 16.899057139760654 ], [ -96.213288970239745, 16.899456490423862 ], [ -96.212749619798487, 16.89955776962557 ], [ -96.21220546034219, 16.899374219830555 ], [ -96.211450860257557, 16.899125680026739 ], [ -96.211006650338206, 16.898928119666166 ], [ -96.21100330385751, 16.898924956221908 ], [ -96.210690859867242, 16.898629599780989 ], [ -96.210172490128699, 16.898059169620012 ], [ -96.205434309607028, 16.894300259580522 ], [ -96.205430679334711, 16.894302475025871 ], [ -96.203929479562632, 16.895218620296912 ], [ -96.200148580427438, 16.904489309596016 ], [ -96.198252769951793, 16.907790750230518 ], [ -96.19840954970725, 16.908747510413956 ], [ -96.194988399712997, 16.91250240013186 ], [ -96.191566849687817, 16.915736139845791 ], [ -96.191427720352848, 16.915766580112525 ], [ -96.188205690105136, 16.91766887960372 ], [ -96.18722416980529, 16.918176880430611 ], [ -96.186516429629194, 16.918546119829696 ], [ -96.183859520265486, 16.920224049964286 ], [ -96.183248889879451, 16.920662149613236 ], [ -96.181505770140646, 16.921369890085561 ], [ -96.181371169973644, 16.921454629730089 ], [ -96.179501399897504, 16.922164859628953 ], [ -96.170349629643027, 16.923806850255865 ], [ -96.166034400098127, 16.924387230071314 ], [ -96.165945090214692, 16.924405690209003 ], [ -96.165263200437806, 16.925882509609263 ], [ -96.163463170182609, 16.928436950190484 ], [ -96.159396710049592, 16.93416389004927 ], [ -96.156709599826257, 16.936276569547736 ], [ -96.156506060380153, 16.937231259914494 ], [ -96.156198310314267, 16.936841630503398 ], [ -96.155583649753012, 16.936371920833228 ], [ -96.155200599901221, 16.936029170230487 ], [ -96.154523619961651, 16.934019850341734 ], [ -96.154143279878667, 16.933277749942803 ], [ -96.153474940364219, 16.931942620118171 ], [ -96.152369909943829, 16.930875740597418 ], [ -96.151911340401682, 16.930565431236403 ], [ -96.151337490409318, 16.930014860619629 ], [ -96.150430030049236, 16.929286659989959 ], [ -96.149677080099266, 16.928618181013171 ], [ -96.148800229757626, 16.927645770263023 ], [ -96.148255350399481, 16.92724944992699 ], [ -96.146534550113046, 16.926342800507935 ], [ -96.144296310429141, 16.924525110758388 ], [ -96.143457939829091, 16.923581060218719 ], [ -96.142938720223299, 16.922796800422763 ], [ -96.142196770120449, 16.921775540400862 ], [ -96.141835659753042, 16.921459941031681 ], [ -96.140827079940564, 16.92077335033559 ], [ -96.140487649635602, 16.920562459701443 ], [ -96.140282339771389, 16.920457309937671 ], [ -96.137996569613506, 16.919951339562289 ], [ -96.137660320457286, 16.919913150116873 ], [ -96.137113829795126, 16.919839000295685 ], [ -96.1363339702757, 16.91972870969121 ] ] ] ] } },
{ "type": "Feature", "properties": { "CVEGEO": "20316", "CVE_ENT": "20", "CVE_MUN": "316", "PAISAJE": "Sierra de Yautepec", "ID_PAISA": 2, "NOM_MUN": "San Pedro Mártir Quiechapa", "HAS_MUN": 12153.2, "RM": "R4" }, "geometry": { "type": "MultiPolygon", "coordinates": [ [ [ [ -96.259463650120111, 16.532892149676346 ], [ -96.268267249535199, 16.52783569130429 ], [ -96.250714830363833, 16.508732380771153 ], [ -96.246959480213533, 16.504648419629216 ], [ -96.246805458695604, 16.504269649795301 ], [ -96.247391109977613, 16.50132733990079 ], [ -96.244072510037185, 16.4952831212821 ], [ -96.241543418836685, 16.490668150051768 ], [ -96.231424180133544, 16.472213949970712 ], [ -96.226075219070154, 16.464057090946966 ], [ -96.222064519161805, 16.459138661315148 ], [ -96.219453909474097, 16.455940339939971 ], [ -96.210009538573161, 16.444411541100163 ], [ -96.203182319871274, 16.436077710880294 ], [ -96.195649088880515, 16.429863449863944 ], [ -96.18716331007542, 16.42287705043638 ], [ -96.198977719894032, 16.387043970896794 ], [ -96.239798279606546, 16.388633780263259 ], [ -96.25387904969881, 16.38309248113892 ], [ -96.295524739878559, 16.391995679813284 ], [ -96.295188030082599, 16.392783859911265 ], [ -96.295248519555585, 16.393864979861732 ], [ -96.295107290442729, 16.394783279701791 ], [ -96.294805719838365, 16.395021879724432 ], [ -96.294133540161582, 16.395233939769629 ], [ -96.293583879913115, 16.395171309838293 ], [ -96.29308114024181, 16.395201030413464 ], [ -96.29276781978669, 16.395416459704993 ], [ -96.292856710186911, 16.396072550067434 ], [ -96.293221859724923, 16.396616349749475 ], [ -96.293515650195189, 16.397124910176032 ], [ -96.293841780190434, 16.397967139996869 ], [ -96.294125630220549, 16.398280220396959 ], [ -96.294214450117025, 16.398936319747449 ], [ -96.293839909943131, 16.39928911999311 ], [ -96.29359644988962, 16.399689149953588 ], [ -96.292909380172077, 16.400177000195519 ], [ -96.292845350025829, 16.400578710282044 ], [ -96.293007509626378, 16.401086109759241 ], [ -96.293419820304834, 16.401699249842132 ], [ -96.293778999578493, 16.401679680216581 ], [ -96.294168780232567, 16.402154600230578 ], [ -96.294630489698449, 16.402618819806193 ], [ -96.294467889792543, 16.403295509780776 ], [ -96.29493522004897, 16.404369050115402 ], [ -96.295182710249108, 16.404727719845695 ], [ -96.295702150059824, 16.405387850441684 ], [ -96.296263420422306, 16.40618046000591 ], [ -96.296374169610488, 16.406336859959321 ], [ -96.296525570146628, 16.406619540151663 ], [ -96.296714490284629, 16.406972260188979 ], [ -96.297516619697191, 16.40806041975031 ], [ -96.297787850178835, 16.408442319602145 ], [ -96.298274139678981, 16.408849320004038 ], [ -96.299030879574801, 16.409707119663128 ], [ -96.299134999794944, 16.41004145021834 ], [ -96.299093339798674, 16.410592819783741 ], [ -96.299048949586393, 16.411408599734433 ], [ -96.298876259534453, 16.411901290104879 ], [ -96.298835349892173, 16.412383769593848 ], [ -96.298719280407283, 16.413187319784118 ], [ -96.298784309661841, 16.413831740219337 ], [ -96.298958249675607, 16.414362139662153 ], [ -96.299150680153915, 16.415410089574241 ], [ -96.299548939595979, 16.416230050095592 ], [ -96.30006917996775, 16.416821170182267 ], [ -96.30080374980443, 16.417506369888905 ], [ -96.301196770245554, 16.417682480133546 ], [ -96.301748490432246, 16.418699289613194 ], [ -96.302142120449631, 16.418817980166512 ], [ -96.302831309807644, 16.41927274028529 ], [ -96.303571259853499, 16.419452139812012 ], [ -96.303996430222142, 16.419984950053315 ], [ -96.304040539809094, 16.420341719769421 ], [ -96.303565340413797, 16.421164970459021 ], [ -96.303560119604199, 16.421659179719011 ], [ -96.303808420242348, 16.421948949956487 ], [ -96.304329750170766, 16.422436680051273 ], [ -96.304565520070653, 16.422772250300696 ], [ -96.304881890354793, 16.423419000355864 ], [ -96.305151849607583, 16.423915849769156 ], [ -96.305374599989932, 16.42435474986446 ], [ -96.306199349577724, 16.425581000347972 ], [ -96.307180999867356, 16.42668234988513 ], [ -96.307738280035636, 16.427170350284296 ], [ -96.308543860452119, 16.427948199678884 ], [ -96.308931479581616, 16.428641570081151 ], [ -96.309278120265759, 16.428906650426839 ], [ -96.310118510182321, 16.429549310098434 ], [ -96.310380510410667, 16.430816350394881 ], [ -96.310126200310407, 16.432262369743086 ], [ -96.309795349746054, 16.433006549860846 ], [ -96.309361250386246, 16.433324290061016 ], [ -96.308989450414899, 16.433412820066419 ], [ -96.308588690453277, 16.433972309903094 ], [ -96.308549079866282, 16.434328369588634 ], [ -96.308519779708817, 16.434845400279112 ], [ -96.308857549767197, 16.435733739561758 ], [ -96.308865519634296, 16.436113170345937 ], [ -96.308537619848437, 16.436581379802298 ], [ -96.307776480317074, 16.437275509942076 ], [ -96.307601229687322, 16.438021060295576 ], [ -96.307848400071109, 16.438414220252703 ], [ -96.308069800318222, 16.438979629574668 ], [ -96.308303649593583, 16.439510619821448 ], [ -96.308656550382395, 16.440088650098108 ], [ -96.308455079987425, 16.441052430355384 ], [ -96.308616249611774, 16.441663220246603 ], [ -96.308780279822685, 16.441998140072794 ], [ -96.309002450367771, 16.442494549806685 ], [ -96.309344139598295, 16.443003540127382 ], [ -96.309589889978497, 16.443534680399075 ], [ -96.309895059722862, 16.44410081955068 ], [ -96.310053910068916, 16.44494151021507 ], [ -96.310035819777013, 16.445527599994275 ], [ -96.310033460222471, 16.445746049650168 ], [ -96.310105549611848, 16.445723680243848 ], [ -96.310017739639846, 16.446113689953894 ], [ -96.308937980098435, 16.446379509583142 ], [ -96.308049320291602, 16.446681480354908 ], [ -96.307614570126503, 16.447056830062944 ], [ -96.307404799767099, 16.447664110075415 ], [ -96.307411139995651, 16.447893719679236 ], [ -96.306009779570772, 16.447267230196921 ], [ -96.290990220049366, 16.439572800109097 ], [ -96.289852979603126, 16.468779289566445 ], [ -96.286800620447224, 16.496329430258044 ], [ -96.284169940139634, 16.522140419989096 ], [ -96.284167850207893, 16.52218153967199 ], [ -96.284158230201768, 16.522255309735652 ], [ -96.280851170323487, 16.532996459587558 ], [ -96.279923860239592, 16.536008020216556 ], [ -96.259463650120111, 16.532892149676346 ] ] ] ] } },
{ "type": "Feature", "properties": { "CVEGEO": "20284", "CVE_ENT": "20", "CVE_MUN": "284", "PAISAJE": "Valles Centrales", "ID_PAISA": 1, "NOM_MUN": "San Miguel Tilquiápam", "HAS_MUN": 7125.6, "RM": "R1" }, "geometry": { "type": "MultiPolygon", "coordinates": [ [ [ [ -96.52326924977524, 16.762177750366963 ], [ -96.518747820115323, 16.756991570031946 ], [ -96.518693979896724, 16.756918029595777 ], [ -96.518496429742939, 16.756683999680991 ], [ -96.512955490176779, 16.756014219984543 ], [ -96.513693049961461, 16.752247629707934 ], [ -96.5139723498976, 16.750000030309046 ], [ -96.514735710353065, 16.743856829590623 ], [ -96.515621480298663, 16.7374199395963 ], [ -96.515698940003418, 16.737417309581303 ], [ -96.52570757993287, 16.736636750361829 ], [ -96.540319569604279, 16.727218970014988 ], [ -96.54031802018055, 16.726862489931591 ], [ -96.540656050125463, 16.726616519658471 ], [ -96.541066199873271, 16.726523480130297 ], [ -96.541415290077552, 16.726656770428573 ], [ -96.541983379998598, 16.726391459873586 ], [ -96.542221020128721, 16.72657589004233 ], [ -96.541535120177215, 16.727663319641401 ], [ -96.541348019903438, 16.728117019612966 ], [ -96.54203592035087, 16.728206030241576 ], [ -96.541786770083419, 16.728915970342939 ], [ -96.541893110093483, 16.729203309798223 ], [ -96.542738110390076, 16.729445999980861 ], [ -96.544060999864413, 16.72957785024315 ], [ -96.545366619788823, 16.730338319685636 ], [ -96.545897569987204, 16.730441180350148 ], [ -96.546579479978234, 16.730387600371969 ], [ -96.547106919915379, 16.730572829908123 ], [ -96.547193090343569, 16.73094377973225 ], [ -96.547942459576575, 16.730829919535527 ], [ -96.548498689902331, 16.730176260325198 ], [ -96.548513449886002, 16.729601659999393 ], [ -96.549312280153956, 16.729349220409286 ], [ -96.549807579756532, 16.729326350024937 ], [ -96.55005078003704, 16.729067090156462 ], [ -96.550295030292318, 16.728547909693457 ], [ -96.550614429976491, 16.728685289894784 ], [ -96.551173349731627, 16.729243820287408 ], [ -96.551550340072509, 16.729265179924123 ], [ -96.552115320151984, 16.729103120377886 ], [ -96.552358199918814, 16.729484739841695 ], [ -96.552470940233107, 16.729783279939468 ], [ -96.552699720204288, 16.730009739903679 ], [ -96.552977020334581, 16.73029795037947 ], [ -96.553160449798469, 16.730669970322644 ], [ -96.553448399877993, 16.730974939567599 ], [ -96.553885799931166, 16.731078180443848 ], [ -96.554201720145912, 16.731247859586492 ], [ -96.554359950236361, 16.73141700029986 ], [ -96.554445579569261, 16.732320969828677 ], [ -96.55463124989879, 16.732508169785902 ], [ -96.555747980365595, 16.732563290459979 ], [ -96.556408940420809, 16.732687259604941 ], [ -96.556652649657053, 16.732510880136733 ], [ -96.556961999871078, 16.732921290175465 ], [ -96.556823090389884, 16.73329805967046 ], [ -96.556025910155725, 16.734613880014876 ], [ -96.55635803028845, 16.73510797974064 ], [ -96.557210169829034, 16.735704749587175 ], [ -96.557481770307049, 16.736070950043466 ], [ -96.557362720282029, 16.736844380309329 ], [ -96.557979969937378, 16.737245880297625 ], [ -96.558467720124142, 16.737299570097854 ], [ -96.559020779667151, 16.737418579866539 ], [ -96.559678629708742, 16.737121709564207 ], [ -96.560142829823647, 16.73687125037355 ], [ -96.560959079759328, 16.737294949723982 ], [ -96.561352570420595, 16.737359750344059 ], [ -96.561714749829093, 16.737215600173098 ], [ -96.561871520012673, 16.737006710137631 ], [ -96.562292859592844, 16.737057880356833 ], [ -96.563047970265345, 16.737686449720705 ], [ -96.563345969625985, 16.738040739651172 ], [ -96.56375203015341, 16.738291660090386 ], [ -96.563712520026371, 16.738443060051381 ], [ -96.56339889010242, 16.73875347967309 ], [ -96.563275260167458, 16.73906453962158 ], [ -96.563408450236409, 16.739176690349506 ], [ -96.563836949719885, 16.739110310295597 ], [ -96.564087059572444, 16.739081570095387 ], [ -96.564320630305644, 16.739140599986023 ], [ -96.564559979729495, 16.739218770156182 ], [ -96.565253519777173, 16.739689339955287 ], [ -96.565535859754959, 16.739788860047266 ], [ -96.56679721968078, 16.739186140262817 ], [ -96.567238050413167, 16.738933090015564 ], [ -96.567624860268154, 16.739132290082111 ], [ -96.56835118001473, 16.739040860140332 ], [ -96.569109180073241, 16.739183540396084 ], [ -96.569918719618428, 16.739186999821076 ], [ -96.570438579978116, 16.739845950067444 ], [ -96.571107830122244, 16.740080650005016 ], [ -96.572001569869514, 16.740868719725619 ], [ -96.572604770448663, 16.741237230388307 ], [ -96.573731340283189, 16.741260429766388 ], [ -96.574564459982511, 16.741001879708598 ], [ -96.575391399662848, 16.741018909942952 ], [ -96.576220659944141, 16.740932549761986 ], [ -96.577140400382532, 16.740549350344374 ], [ -96.578066819887013, 16.73986768989532 ], [ -96.578468510195748, 16.739060280101928 ], [ -96.578663860393064, 16.738363519767638 ], [ -96.578687659569496, 16.737295660413334 ], [ -96.578918429547699, 16.736622630241794 ], [ -96.579352969611435, 16.735953709727127 ], [ -96.580042680128045, 16.735669229564788 ], [ -96.580748489580472, 16.73520122007886 ], [ -96.581725709968936, 16.734934090447858 ], [ -96.582650719560945, 16.73484964999718 ], [ -96.583584749577156, 16.734363339678481 ], [ -96.584223459989801, 16.735092060349903 ], [ -96.584601090218584, 16.73581248034786 ], [ -96.585559660347243, 16.736138579764951 ], [ -96.586518679995919, 16.736146740414139 ], [ -96.58728337009012, 16.736265890060949 ], [ -96.587660980375361, 16.737077750011871 ], [ -96.588152090086695, 16.737639200258155 ], [ -96.588508860066312, 16.738312889559218 ], [ -96.588878579547327, 16.738940750199841 ], [ -96.589243779913346, 16.739285630153802 ], [ -96.590261710110624, 16.73975763009561 ], [ -96.591034919711547, 16.73960100007637 ], [ -96.59229091968146, 16.738464199902829 ], [ -96.59703654957292, 16.743949310210049 ], [ -96.602726219596562, 16.749048830290871 ], [ -96.603102030187273, 16.750000030421951 ], [ -96.606653939612471, 16.75898944959086 ], [ -96.607436909541036, 16.762390749982131 ], [ -96.604970518891946, 16.776384154117029 ], [ -96.604406449367033, 16.779584125507963 ], [ -96.604379779753387, 16.779735420258575 ], [ -96.604234377884907, 16.779725723288074 ], [ -96.604173290366404, 16.779721649838613 ], [ -96.603713970112452, 16.779691019839415 ], [ -96.603370969632635, 16.779668140390296 ], [ -96.602886579568008, 16.779635850050109 ], [ -96.600505600199369, 16.779477029758535 ], [ -96.600246080118922, 16.780148910072914 ], [ -96.600026449612216, 16.78065373990999 ], [ -96.599823310180099, 16.780792379791261 ], [ -96.599765630109161, 16.7809514896778 ], [ -96.599883539811614, 16.780982199879347 ], [ -96.599224180008832, 16.782497719850571 ], [ -96.595313229563274, 16.791338200161494 ], [ -96.580321309730209, 16.839927339559232 ], [ -96.556728970407747, 16.844727169703106 ], [ -96.560441940141132, 16.831636859676504 ], [ -96.560687650407374, 16.82644647959216 ], [ -96.557972290009829, 16.818185750153077 ], [ -96.55206516962032, 16.80628481979284 ], [ -96.549188340274128, 16.80282308017896 ], [ -96.545594400213304, 16.797181460177534 ], [ -96.544904119895477, 16.796199599592807 ], [ -96.538666830054268, 16.787327060096597 ], [ -96.532328059930862, 16.777269309590626 ], [ -96.52766620041244, 16.769500880413801 ], [ -96.52326924977524, 16.762177750366963 ] ] ] ] } },
{ "type": "Feature", "properties": { "CVEGEO": "20475", "CVE_ENT": "20", "CVE_MUN": "475", "PAISAJE": "Valles Centrales", "ID_PAISA": 1, "NOM_MUN": "Santiago Matatlán", "HAS_MUN": 18428.4, "RM": "R1" }, "geometry": { "type": "MultiPolygon", "coordinates": [ [ [ [ -96.336027029535899, 16.838112520270798 ], [ -96.342671660012726, 16.820594549628709 ], [ -96.349079020233233, 16.803560079712561 ], [ -96.353611539586936, 16.807600649720218 ], [ -96.355796940089334, 16.809558260407208 ], [ -96.358791510207695, 16.812234489755614 ], [ -96.362861620036597, 16.815813770257126 ], [ -96.366796539852558, 16.819233680298513 ], [ -96.389182719816517, 16.813856090133044 ], [ -96.389132949678952, 16.814006079748879 ], [ -96.389091119693205, 16.814097370249058 ], [ -96.389454780438996, 16.813981289960058 ], [ -96.390119288644541, 16.813817480223896 ], [ -96.390276140306511, 16.813781649991231 ], [ -96.390510721268413, 16.813728035233719 ], [ -96.390751309088074, 16.813673049788754 ], [ -96.390901799545432, 16.813626849726958 ], [ -96.391292709990807, 16.813506860187427 ], [ -96.391291770102811, 16.813493019612505 ], [ -96.391287614467814, 16.813479121972286 ], [ -96.39125244936335, 16.813361540311615 ], [ -96.401868719920685, 16.810811140295144 ], [ -96.411626679588124, 16.814094319546456 ], [ -96.411808579779418, 16.813469400295062 ], [ -96.413920030306542, 16.805064519727431 ], [ -96.41378331019672, 16.802152430405791 ], [ -96.413676150054869, 16.799286579673971 ], [ -96.413606800196078, 16.797138969602464 ], [ -96.413358079584071, 16.789683090166804 ], [ -96.413239449615162, 16.783817819538363 ], [ -96.413221889769389, 16.780688180299961 ], [ -96.414019649847575, 16.774181459651079 ], [ -96.414596569627207, 16.770002029549989 ], [ -96.415257850468208, 16.765247259619045 ], [ -96.416981820039439, 16.757285920200744 ], [ -96.419758319838962, 16.754187030423822 ], [ -96.421800910080051, 16.751914230431623 ], [ -96.423011770161551, 16.750568710231423 ], [ -96.423172060324504, 16.750000030358187 ], [ -96.424084909745645, 16.746761350169017 ], [ -96.415655969734942, 16.739317459570938 ], [ -96.415113289525138, 16.7372117802771 ], [ -96.412769859856411, 16.728869259848491 ], [ -96.411657849604282, 16.724640599771863 ], [ -96.410607080015652, 16.720908170216468 ], [ -96.409101910354721, 16.715446400208435 ], [ -96.406873119652076, 16.707402829795182 ], [ -96.403883519971444, 16.697142030052049 ], [ -96.404919939675452, 16.69340575043157 ], [ -96.418028109835873, 16.689757979615088 ], [ -96.416025079590185, 16.692920120297849 ], [ -96.415124939664821, 16.69438545011328 ], [ -96.416036139763477, 16.696609709792408 ], [ -96.416596999965407, 16.697310480043566 ], [ -96.417624650427626, 16.699416719625855 ], [ -96.415525170322738, 16.702628739922289 ], [ -96.413817580208558, 16.705146250314353 ], [ -96.412781949644156, 16.710080510389041 ], [ -96.412539279869378, 16.713831140347136 ], [ -96.412714429635898, 16.719744150416066 ], [ -96.412161340032625, 16.722483110217784 ], [ -96.415303549614876, 16.723261149789721 ], [ -96.415547229943229, 16.726145150448509 ], [ -96.415477030087715, 16.729346229986295 ], [ -96.41690705959418, 16.730625220435485 ], [ -96.417484309698352, 16.732596979774879 ], [ -96.418890799569482, 16.736155709630502 ], [ -96.421645289950149, 16.737105320089974 ], [ -96.424623999828597, 16.737723030010311 ], [ -96.427916320181794, 16.738468170214674 ], [ -96.429627659532002, 16.738911150046309 ], [ -96.432606920456479, 16.739694650263608 ], [ -96.43575994978805, 16.741669379989656 ], [ -96.449733370422777, 16.750000030258921 ], [ -96.452507770228053, 16.751653879900442 ], [ -96.456689290429182, 16.754099179602093 ], [ -96.461023689882367, 16.756615979803684 ], [ -96.466566289818843, 16.759903279827085 ], [ -96.465994739796272, 16.761906179985122 ], [ -96.454824510456447, 16.766162620004526 ], [ -96.460441119860562, 16.770988920278274 ], [ -96.462920549590734, 16.772917029571062 ], [ -96.464867890080626, 16.774109380051115 ], [ -96.471378309852028, 16.777524830393713 ], [ -96.4800798600929, 16.78487478015165 ], [ -96.480134349980844, 16.784913199856497 ], [ -96.480405219582067, 16.785151260016764 ], [ -96.484973479651174, 16.788363919836655 ], [ -96.488044379826917, 16.790829779644074 ], [ -96.489694829946316, 16.792467260056714 ], [ -96.49172438039497, 16.794776180124241 ], [ -96.492312050176196, 16.796264290199812 ], [ -96.493038169645104, 16.798199229550772 ], [ -96.49417036958954, 16.801277119978682 ], [ -96.498954780417961, 16.815053980401423 ], [ -96.500992060088549, 16.819008339829907 ], [ -96.501967619996464, 16.821502260220274 ], [ -96.505735779805406, 16.825087089568459 ], [ -96.513129540469421, 16.829365569614328 ], [ -96.518659020439301, 16.832047479787796 ], [ -96.524637250080616, 16.839201970029986 ], [ -96.533845460231035, 16.851696090008236 ], [ -96.525887719528725, 16.860731940378546 ], [ -96.519385419589668, 16.862895279584126 ], [ -96.518506490224027, 16.867790279808172 ], [ -96.507224540081566, 16.864528910444761 ], [ -96.498607320232736, 16.862115680226115 ], [ -96.498164710389673, 16.86109119979783 ], [ -96.497779229727939, 16.860637680043752 ], [ -96.496552890272895, 16.859715339865563 ], [ -96.496082340207792, 16.859526970295455 ], [ -96.495490950290502, 16.858858999745756 ], [ -96.493632889730293, 16.857688549617041 ], [ -96.492455819778215, 16.857858780235951 ], [ -96.491888350151982, 16.857759510203675 ], [ -96.491270400294866, 16.857509380447215 ], [ -96.490390229871835, 16.85768008976045 ], [ -96.489347309772057, 16.859267569853575 ], [ -96.488074290424706, 16.860318199721974 ], [ -96.486879830301561, 16.861226259749611 ], [ -96.48635694971037, 16.861592879938787 ], [ -96.485822800060049, 16.861881319826882 ], [ -96.48512963035752, 16.862545119568786 ], [ -96.483797520062936, 16.861362659767156 ], [ -96.482576350053392, 16.860545829966011 ], [ -96.480791950044562, 16.860094820297206 ], [ -96.48002182985671, 16.859575739571689 ], [ -96.478796220280813, 16.859100000270711 ], [ -96.477982419593431, 16.858991220071246 ], [ -96.47664455031898, 16.857889920395166 ], [ -96.475536419799496, 16.85774634039732 ], [ -96.474876659842067, 16.857750999778162 ], [ -96.474286289643615, 16.857455519649427 ], [ -96.473515720105851, 16.856837050070876 ], [ -96.47257005960455, 16.856394169977232 ], [ -96.471834139614586, 16.856169919702999 ], [ -96.471548170049587, 16.855106220380872 ], [ -96.4714753501827, 16.854383230315008 ], [ -96.468766379698394, 16.852450510384529 ], [ -96.46768243028194, 16.851194460198123 ], [ -96.466405219791127, 16.85029831043623 ], [ -96.465692849897962, 16.849530849587595 ], [ -96.464561200101485, 16.848754720050724 ], [ -96.462906029549316, 16.847988030307565 ], [ -96.462634980213295, 16.847498320113317 ], [ -96.462112570208205, 16.846900650391579 ], [ -96.461457920059388, 16.845985290237159 ], [ -96.460774050087991, 16.845400419687724 ], [ -96.459227849675344, 16.844309650097575 ], [ -96.455782949690558, 16.842541480346021 ], [ -96.454294510258137, 16.842226139770879 ], [ -96.439040489860773, 16.833327280331918 ], [ -96.426344679905611, 16.841226349773319 ], [ -96.426669450436322, 16.843239780292805 ], [ -96.427272380319735, 16.847948449718658 ], [ -96.425753170394927, 16.86066859983751 ], [ -96.421912490411103, 16.88473095009131 ], [ -96.423334430420297, 16.905140139964015 ], [ -96.42687905028248, 16.91141225963645 ], [ -96.415335923336627, 16.918469456875691 ], [ -96.41525987574002, 16.918515945645133 ], [ -96.415222570173214, 16.918538751304219 ], [ -96.415216879860964, 16.918542229672003 ], [ -96.415216777830736, 16.918542177067462 ], [ -96.414668539682381, 16.918258480245392 ], [ -96.414425633448573, 16.917987891136242 ], [ -96.414282817390173, 16.917828799488639 ], [ -96.414061933983362, 16.917582741211866 ], [ -96.413769705500457, 16.91725720452208 ], [ -96.413670675678802, 16.917146886245902 ], [ -96.413650386496684, 16.91712428433982 ], [ -96.41363912450386, 16.917111738730004 ], [ -96.413630980821395, 16.91710266674573 ], [ -96.413630358615052, 16.917101973159074 ], [ -96.41316367433096, 16.916582091332607 ], [ -96.413143809971785, 16.916559963283866 ], [ -96.413122368110294, 16.916536076951886 ], [ -96.412604137283694, 16.915958766010124 ], [ -96.412599173002434, 16.915953236761968 ], [ -96.412586250186479, 16.915938840255212 ], [ -96.412567119566944, 16.915917529158705 ], [ -96.412310400060079, 16.915631540134463 ], [ -96.412057698796289, 16.91537268291215 ], [ -96.41204284526988, 16.915357467799357 ], [ -96.412018435998618, 16.915332463726561 ], [ -96.411787270904355, 16.915095666061386 ], [ -96.411733999028911, 16.915041096207684 ], [ -96.41144869926832, 16.91474884226864 ], [ -96.411176187159342, 16.91446968771951 ], [ -96.41095834658995, 16.914246535626848 ], [ -96.410937773980578, 16.914225462010997 ], [ -96.410916613094557, 16.91420378459355 ], [ -96.410641998485232, 16.913922473692558 ], [ -96.410483147031243, 16.913759747761151 ], [ -96.410285654100733, 16.913557435192672 ], [ -96.409903915589183, 16.913166381858094 ], [ -96.407787459605501, 16.910998229895085 ], [ -96.399827949966607, 16.905068710219641 ], [ -96.394902727666718, 16.901645395360287 ], [ -96.393801059612926, 16.900879630164184 ], [ -96.393552623105393, 16.900761451590306 ], [ -96.39070278020084, 16.899405770051459 ], [ -96.380128950235516, 16.895362979845746 ], [ -96.375318059566027, 16.893009890323661 ], [ -96.359079970373458, 16.88780876978425 ], [ -96.353741980369463, 16.886294739854371 ], [ -96.348684170334707, 16.884034090034113 ], [ -96.345258170202271, 16.882065850420634 ], [ -96.335469880443384, 16.875803430274964 ], [ -96.333242060055156, 16.874779219756515 ], [ -96.329576339834091, 16.867709339739168 ], [ -96.327380030065072, 16.863410170398232 ], [ -96.324969340367616, 16.858322540403144 ], [ -96.324655719748421, 16.850765830240793 ], [ -96.328080459572874, 16.846828880263356 ], [ -96.32953035009298, 16.84586803012402 ], [ -96.333116919986992, 16.843130510282634 ], [ -96.333333339892832, 16.842607740381624 ], [ -96.334461660011073, 16.839882120357956 ], [ -96.336027029535899, 16.838112520270798 ] ] ] ] } },
{ "type": "Feature", "properties": { "CVEGEO": "20126", "CVE_ENT": "20", "CVE_MUN": "126", "PAISAJE": "Valles Centrales", "ID_PAISA": 1, "NOM_MUN": "San Cristóbal Amatlán", "HAS_MUN": 13741.7, "RM": "R2" }, "geometry": { "type": "MultiPolygon", "coordinates": [ [ [ [ -96.415642460291494, 16.384240660367119 ], [ -96.411303519580159, 16.376915060027233 ], [ -96.413610399404405, 16.372482549545694 ], [ -96.415803909848506, 16.36719750980361 ], [ -96.40716610953524, 16.358807879922818 ], [ -96.400522059536556, 16.352402520819535 ], [ -96.398603998600336, 16.352139230852856 ], [ -96.398039518743985, 16.352040750195478 ], [ -96.392561569400868, 16.351802200699645 ], [ -96.391589418881978, 16.351318109858905 ], [ -96.391142570010814, 16.350948781049166 ], [ -96.390610689330543, 16.349359340459308 ], [ -96.38952754940928, 16.345507539762959 ], [ -96.386730618697484, 16.340393369999408 ], [ -96.386387909326842, 16.339661710844542 ], [ -96.385950950229017, 16.338879150485884 ], [ -96.38439051885203, 16.338520110424923 ], [ -96.383582229218646, 16.337696369799801 ], [ -96.383087980342978, 16.337661539586364 ], [ -96.380558920214881, 16.33662411069643 ], [ -96.380193848602289, 16.335791090213419 ], [ -96.380197279105474, 16.334926080094014 ], [ -96.379939049954672, 16.334271660045051 ], [ -96.37948551925966, 16.334002659898569 ], [ -96.378589140140747, 16.334070770708909 ], [ -96.375626739597749, 16.331607969611696 ], [ -96.370143308672112, 16.332850910730265 ], [ -96.366498199367072, 16.331967861054746 ], [ -96.363610799524224, 16.331995280125145 ], [ -96.362561028935389, 16.331575020366614 ], [ -96.36090740001886, 16.331238230314788 ], [ -96.352573599920632, 16.329597819613486 ], [ -96.338171799289128, 16.343647649794065 ], [ -96.336414678750174, 16.345361571112413 ], [ -96.3387043488963, 16.34787034095276 ], [ -96.334750848590417, 16.348311181191843 ], [ -96.335131449934849, 16.3486323708374 ], [ -96.33216351029543, 16.349619310211722 ], [ -96.325611118731302, 16.3487505397683 ], [ -96.313630579193074, 16.353012741134815 ], [ -96.308147749049482, 16.353823260001651 ], [ -96.307851510385589, 16.353921080725058 ], [ -96.307784149844267, 16.353832690368392 ], [ -96.307670198823118, 16.353730079613296 ], [ -96.307548999525167, 16.353695950041462 ], [ -96.307280019613032, 16.35380882970211 ], [ -96.307178939777785, 16.35391375122958 ], [ -96.307192859686154, 16.354045431165954 ], [ -96.307105150474328, 16.354167509736861 ], [ -96.306620910355917, 16.35432740002215 ], [ -96.306517999006388, 16.354309889765368 ], [ -96.306351828749072, 16.354191449862508 ], [ -96.306249598947389, 16.353997950105928 ], [ -96.306195919141516, 16.353731429870816 ], [ -96.30618679961313, 16.353673910433905 ], [ -96.306253458973472, 16.35282516992147 ], [ -96.306567030051909, 16.352674119580854 ], [ -96.306622369961488, 16.352462421230864 ], [ -96.306595909816906, 16.352097949914796 ], [ -96.306599648622608, 16.351824910883849 ], [ -96.306718178793645, 16.351593780016714 ], [ -96.306973288635973, 16.351066570107402 ], [ -96.307053460255162, 16.35095633966495 ], [ -96.307128318838792, 16.350826909787937 ], [ -96.307130600118839, 16.350660029738069 ], [ -96.307043279402009, 16.350527430986364 ], [ -96.3069296302629, 16.350406110432893 ], [ -96.306778828838247, 16.350313150760766 ], [ -96.306585879418705, 16.350234820025747 ], [ -96.306464829305384, 16.35013408062472 ], [ -96.306519059600205, 16.349443459540282 ], [ -96.306576419761427, 16.349395170838736 ], [ -96.306645688974541, 16.349315140435067 ], [ -96.306757379319521, 16.349200250581543 ], [ -96.307099618869898, 16.349121680611397 ], [ -96.307075619185909, 16.348959521303918 ], [ -96.306903489972385, 16.348891581145992 ], [ -96.306737520157938, 16.34875796982087 ], [ -96.30657527879535, 16.348727741007856 ], [ -96.306717180065434, 16.346920801327609 ], [ -96.306883310091706, 16.346845720071101 ], [ -96.3072573994762, 16.346734580001073 ], [ -96.307547850151025, 16.346586581184955 ], [ -96.307615080315529, 16.346312319924536 ], [ -96.307601429883476, 16.346160420741548 ], [ -96.307512999496723, 16.346108711155996 ], [ -96.307330260063452, 16.346050750558245 ], [ -96.307152278633765, 16.346028250843133 ], [ -96.306963949891511, 16.345995490032792 ], [ -96.306789429158243, 16.346000910238946 ], [ -96.306932949200075, 16.344173119921088 ], [ -96.307193419552632, 16.344140630947738 ], [ -96.307366909776903, 16.34410745009351 ], [ -96.307501829145181, 16.344210320196456 ], [ -96.30752576872618, 16.344377521292667 ], [ -96.307539059045709, 16.344554710536382 ], [ -96.307615969981342, 16.344682120705041 ], [ -96.307745379076351, 16.344805149976985 ], [ -96.308027378877597, 16.344889661119257 ], [ -96.30814845008679, 16.344855821177266 ], [ -96.308301879487757, 16.344756631143849 ], [ -96.308524569198468, 16.344577401241725 ], [ -96.308736400165955, 16.344415149556763 ], [ -96.308769799308976, 16.344273980416705 ], [ -96.308942628821086, 16.343907000856962 ], [ -96.308813979662688, 16.343728351182069 ], [ -96.308678978859078, 16.343630541222211 ], [ -96.30848665930047, 16.343506691115437 ], [ -96.308435550326166, 16.343409949626789 ], [ -96.308027308904272, 16.343354170599422 ], [ -96.30783765999459, 16.34341749047859 ], [ -96.307733020356068, 16.343400979606791 ], [ -96.307619200336376, 16.343288260808979 ], [ -96.307580450101995, 16.343055139833705 ], [ -96.307542459465381, 16.342766381116014 ], [ -96.307620199301937, 16.342522380576806 ], [ -96.307749059642376, 16.342301510141318 ], [ -96.307921140306917, 16.341990149733345 ], [ -96.30799645994361, 16.341849509582445 ], [ -96.308125339954699, 16.341628630901926 ], [ -96.308290678630087, 16.341425911232605 ], [ -96.308396909083029, 16.341326119660497 ], [ -96.308499849100514, 16.34108468087129 ], [ -96.308643648979213, 16.340998259790329 ], [ -96.308804369549918, 16.340939630362151 ], [ -96.308964909994472, 16.34089615076515 ], [ -96.309120819211145, 16.34080712023383 ], [ -96.309219290330276, 16.340699649956736 ], [ -96.309270719351161, 16.340581450826189 ], [ -96.309280600105865, 16.340434911201726 ], [ -96.309247908570427, 16.340333350861187 ], [ -96.309186969310929, 16.340188431233152 ], [ -96.309070428725434, 16.340083279511113 ], [ -96.308985059846052, 16.339998740211421 ], [ -96.30883773891432, 16.339843880780755 ], [ -96.308778090337796, 16.339604000042097 ], [ -96.308765150319729, 16.339401540086392 ], [ -96.30862804943375, 16.338959799766624 ], [ -96.308564048676445, 16.338655519580072 ], [ -96.308540119212097, 16.338488340852127 ], [ -96.308588119013777, 16.338313770727257 ], [ -96.308736519615522, 16.33819934052682 ], [ -96.308963748963947, 16.338070750574474 ], [ -96.309184350148001, 16.338043219908609 ], [ -96.30938343013193, 16.33805588064358 ], [ -96.309508289624361, 16.338128259720552 ], [ -96.309744180199488, 16.338206749666995 ], [ -96.309885880422328, 16.338198449763677 ], [ -96.310106480056803, 16.338170910442528 ], [ -96.310405720373637, 16.338144379845904 ], [ -96.310669110018793, 16.338056710110674 ], [ -96.310833769717036, 16.337902050427939 ], [ -96.310956630206746, 16.337736709896713 ], [ -96.311022719057576, 16.337504910527684 ], [ -96.310952779830373, 16.337251150033403 ], [ -96.310836570150897, 16.336931049928097 ], [ -96.310746800112781, 16.33656131012274 ], [ -96.310521540240586, 16.336163970355866 ], [ -96.310465258941818, 16.335677739750203 ], [ -96.310228949332725, 16.335320709803145 ], [ -96.310160949193062, 16.334925369770666 ], [ -96.310175058675881, 16.333893829856731 ], [ -96.310224340329086, 16.333358379729916 ], [ -96.310305218585682, 16.333037290666109 ], [ -96.310465378791406, 16.33282692126912 ], [ -96.310625708879002, 16.332606450888452 ], [ -96.31061813999068, 16.332393940903923 ], [ -96.310528200266901, 16.332069109994581 ], [ -96.310281118879743, 16.331732180472038 ], [ -96.309992659937947, 16.331354260118236 ], [ -96.309734429351451, 16.331061980912636 ], [ -96.309375218748229, 16.330490971097582 ], [ -96.309263620104986, 16.330216449902771 ], [ -96.309133520150496, 16.329759620546373 ], [ -96.309089549549029, 16.329142060251954 ], [ -96.309127000184816, 16.328727120043936 ], [ -96.309144949019299, 16.328565511214311 ], [ -96.309242289289969, 16.328349290211417 ], [ -96.309213179763077, 16.328176950346087 ], [ -96.309414649139882, 16.328014460292099 ], [ -96.309774798955161, 16.32775102061591 ], [ -96.309918549735784, 16.32759102028276 ], [ -96.310031149301281, 16.327410379943231 ], [ -96.31003342991113, 16.327243520581135 ], [ -96.309889118745147, 16.327059621296996 ], [ -96.309707109068157, 16.326951089571811 ], [ -96.309438629644958, 16.326910820614629 ], [ -96.309321720291877, 16.327145370459295 ], [ -96.309136479822314, 16.327451969797011 ], [ -96.30895287934483, 16.32763771031825 ], [ -96.308535120266171, 16.327632369763894 ], [ -96.308119029695106, 16.327506150481351 ], [ -96.307948319831169, 16.327379249851454 ], [ -96.307648280113398, 16.326453850588759 ], [ -96.307805779971218, 16.325970720585726 ], [ -96.307948709045064, 16.325703879774565 ], [ -96.307812419857029, 16.32548720003421 ], [ -96.307534278911064, 16.325456779932903 ], [ -96.307295418797025, 16.325365489573343 ], [ -96.306206719928738, 16.322007740631591 ], [ -96.307807199560912, 16.321920979632015 ], [ -96.308191120326256, 16.321320050795627 ], [ -96.311152059490965, 16.320801940624598 ], [ -96.317271049614661, 16.312631629953973 ], [ -96.317558089182157, 16.312347949566774 ], [ -96.322161460026592, 16.304634771200913 ], [ -96.325631220032065, 16.298820421247072 ], [ -96.327198939252668, 16.30027105017577 ], [ -96.327448549684519, 16.299853480882163 ], [ -96.328673709207195, 16.298151820814194 ], [ -96.329872218811289, 16.296702861013486 ], [ -96.330769059751034, 16.295527021200815 ], [ -96.331463738987992, 16.294245821182095 ], [ -96.332031890032852, 16.292457679963835 ], [ -96.332556119535013, 16.291126140002905 ], [ -96.332574419337064, 16.291060400349206 ], [ -96.332791380050352, 16.290682820667644 ], [ -96.333434249291486, 16.289780460091958 ], [ -96.333534369581145, 16.28971232109242 ], [ -96.334095419102056, 16.289591480989863 ], [ -96.334430119110891, 16.289521460926736 ], [ -96.334776979142489, 16.289520339940381 ], [ -96.335326579255025, 16.289346180217915 ], [ -96.335744320333589, 16.289103370319701 ], [ -96.336114649476201, 16.288964260697878 ], [ -96.336497109789207, 16.288882570869799 ], [ -96.336879969008251, 16.288915850099343 ], [ -96.337167369847307, 16.289018459795052 ], [ -96.337490689565797, 16.289132460983943 ], [ -96.338006109873277, 16.289441350442555 ], [ -96.338365858688832, 16.289704650032743 ], [ -96.338916682857032, 16.289939251845251 ], [ -96.338928769284109, 16.289944400694921 ], [ -96.339478689838458, 16.289850719616624 ], [ -96.339717600153051, 16.289769481105829 ], [ -96.339825109850963, 16.289723140909683 ], [ -96.33988038438531, 16.289620140616279 ], [ -96.339979650343807, 16.289435171309655 ], [ -96.340313649106704, 16.289181080533606 ], [ -96.340491889030204, 16.288847080287699 ], [ -96.340705030026868, 16.288213920985118 ], [ -96.341037579376959, 16.287545981226927 ], [ -96.34114357003719, 16.287051111349886 ], [ -96.341213250018939, 16.286452920262526 ], [ -96.341319539190437, 16.286073119638147 ], [ -96.341366999554779, 16.285958021030993 ], [ -96.341533378672153, 16.285658540610402 ], [ -96.341693628880236, 16.285652631172873 ], [ -96.342215059605294, 16.28563335086654 ], [ -96.343016060407422, 16.285538859728181 ], [ -96.34360084906055, 16.285146029705096 ], [ -96.344459768712227, 16.284499320302853 ], [ -96.345342948725218, 16.283967629509604 ], [ -96.34584316981622, 16.283368079946715 ], [ -96.346115709753803, 16.28261969060183 ], [ -96.346341119510043, 16.282101581231395 ], [ -96.346469219697781, 16.281100660372793 ], [ -96.346635380396634, 16.280732179606222 ], [ -96.346861368975524, 16.280386489896539 ], [ -96.347027908626004, 16.280121511204648 ], [ -96.347099120267742, 16.279971751312129 ], [ -96.347241980305384, 16.279764290531357 ], [ -96.347240460201718, 16.279327400331187 ], [ -96.347215198964193, 16.278959490888585 ], [ -96.347202580141087, 16.278763969876756 ], [ -96.347165508961723, 16.278419119986342 ], [ -96.347129019433538, 16.278246799774614 ], [ -96.347104489729148, 16.27807433972108 ], [ -96.347305489641045, 16.277395250995284 ], [ -96.347436139349767, 16.277130350128427 ], [ -96.347542348867165, 16.276727521296909 ], [ -96.347708568712875, 16.27638205968621 ], [ -96.347838109319071, 16.275795179690537 ], [ -96.34794347873185, 16.275162381226515 ], [ -96.348120550122673, 16.274494820001024 ], [ -96.348190598628975, 16.274000121001922 ], [ -96.348200688871728, 16.27347116983147 ], [ -96.348161690308714, 16.272585830263466 ], [ -96.348124519376228, 16.272206480564208 ], [ -96.348027978919632, 16.271965290466806 ], [ -96.347763678646558, 16.271621110795877 ], [ -96.347582999397943, 16.271253689591745 ], [ -96.347294619949665, 16.270863689831831 ], [ -96.347113939496921, 16.270496261282535 ], [ -96.347052430251367, 16.270013460310576 ], [ -96.347039110092823, 16.269634060824291 ], [ -96.347062459940503, 16.269461480710572 ], [ -96.347179659139172, 16.268782680436104 ], [ -96.347309908892214, 16.268414280856788 ], [ -96.347524508948325, 16.268218090416976 ], [ -96.349106460177623, 16.265740680988877 ], [ -96.349003419181798, 16.265672480582904 ], [ -96.348761509889798, 16.265249089661872 ], [ -96.348496380186731, 16.264894890005312 ], [ -96.348167459937358, 16.264058369806509 ], [ -96.347802109124714, 16.263141659794847 ], [ -96.347206148876893, 16.261732510193905 ], [ -96.347242089721391, 16.260410150870239 ], [ -96.348193079982209, 16.25887337955103 ], [ -96.348370458944387, 16.258733970103048 ], [ -96.348733580404442, 16.258052721130699 ], [ -96.348717308706014, 16.257558520864702 ], [ -96.348807490040258, 16.255637921134689 ], [ -96.34790683035547, 16.250887401089201 ], [ -96.346055688882643, 16.239406431104872 ], [ -96.344047380148396, 16.226949821341464 ], [ -96.344069079651774, 16.22692857996449 ], [ -96.350658539606613, 16.220497980809263 ], [ -96.357214459952928, 16.212996650061559 ], [ -96.369052379205741, 16.215053660918691 ], [ -96.379410318954783, 16.216852950543085 ], [ -96.380187399577338, 16.218233599962037 ], [ -96.381520690170078, 16.222474650407339 ], [ -96.385177219746993, 16.228213720762739 ], [ -96.386003998870834, 16.229833350653792 ], [ -96.384693890314722, 16.23120182095089 ], [ -96.383870680314431, 16.232985909791037 ], [ -96.383231940471219, 16.23695830965579 ], [ -96.383491779962085, 16.238225200224626 ], [ -96.384592769190945, 16.238854179895089 ], [ -96.38540996927243, 16.240569220272477 ], [ -96.385179769832718, 16.241879460984702 ], [ -96.385420910087689, 16.242568580834401 ], [ -96.385425131112825, 16.242707271928424 ], [ -96.385438379408953, 16.243142631107805 ], [ -96.385689419874112, 16.243361740757308 ], [ -96.386487629628931, 16.243697000761344 ], [ -96.386618510274261, 16.244013400004118 ], [ -96.386564200091598, 16.244688079708936 ], [ -96.386775940356472, 16.244866880067875 ], [ -96.38690251012035, 16.245204711321492 ], [ -96.38687962879338, 16.245454000102402 ], [ -96.387091549861012, 16.245845771301656 ], [ -96.387968228729719, 16.246667620417682 ], [ -96.388599520385483, 16.24681277967408 ], [ -96.389032139243909, 16.247993220609374 ], [ -96.389611320328342, 16.248095321264188 ], [ -96.38967222430729, 16.248601305659871 ], [ -96.38973375042913, 16.249112459720926 ], [ -96.389490820236446, 16.254812311113806 ], [ -96.389252690006828, 16.259849110002421 ], [ -96.389456510255229, 16.262481140889214 ], [ -96.388817170065025, 16.267459029694919 ], [ -96.396770580013552, 16.264487320980255 ], [ -96.399487200146055, 16.267414720736724 ], [ -96.404507618858347, 16.273078029596636 ], [ -96.406816079365569, 16.27425815044667 ], [ -96.41559490923737, 16.279824860245917 ], [ -96.419020709993433, 16.281429260939998 ], [ -96.422205999413876, 16.282661021016644 ], [ -96.428604259916582, 16.289504740219769 ], [ -96.429530219014552, 16.292165551145125 ], [ -96.433195518951237, 16.301200379819331 ], [ -96.432719049499582, 16.301700150297776 ], [ -96.432335288785637, 16.302313579750077 ], [ -96.432425659498605, 16.302391619545787 ], [ -96.433472658997132, 16.302070319830435 ], [ -96.434069258812301, 16.3022406500443 ], [ -96.434717550272666, 16.302103830853881 ], [ -96.434800539240499, 16.302691379582093 ], [ -96.434532549948443, 16.30312721984874 ], [ -96.433918979019722, 16.303759659994171 ], [ -96.433849569284803, 16.304064970574739 ], [ -96.434006719598401, 16.304438089951478 ], [ -96.433866578898147, 16.30467685081144 ], [ -96.433269538986153, 16.304904819634377 ], [ -96.433204260209621, 16.305144429925498 ], [ -96.43392868969211, 16.305777580867339 ], [ -96.434233289840748, 16.306215030884847 ], [ -96.434116799892976, 16.306499719815754 ], [ -96.433516679009202, 16.306547860472005 ], [ -96.433339819842217, 16.306789420412027 ], [ -96.433509480405064, 16.307640430960209 ], [ -96.433626709106832, 16.307972180271687 ], [ -96.43427008987355, 16.308139939868013 ], [ -96.434842090026308, 16.307982651048004 ], [ -96.434913400205858, 16.308056920534476 ], [ -96.434936940101295, 16.308132890584499 ], [ -96.434678939699907, 16.308401631278915 ], [ -96.434581260368148, 16.308720721210388 ], [ -96.434649309048325, 16.30882946130998 ], [ -96.436114689910468, 16.310013650732301 ], [ -96.435664309055667, 16.31071175112109 ], [ -96.434950849718533, 16.311301890360415 ], [ -96.435154179611544, 16.312001890211899 ], [ -96.434907150343264, 16.313617970793011 ], [ -96.435064719877772, 16.313842309758797 ], [ -96.435126769485365, 16.314512829733442 ], [ -96.434775049974462, 16.314995221147846 ], [ -96.434119489573519, 16.314617720500376 ], [ -96.433967349235047, 16.31527717034411 ], [ -96.436280620387308, 16.316343090796028 ], [ -96.436738750450431, 16.316802800080509 ], [ -96.436699978676643, 16.31700911024398 ], [ -96.437028660265881, 16.317632249583689 ], [ -96.437083849832533, 16.318627480099313 ], [ -96.43636968919121, 16.319687659556198 ], [ -96.436335219821075, 16.319833290933055 ], [ -96.436602659186391, 16.320385879828642 ], [ -96.4362094186571, 16.322629490070131 ], [ -96.431676419776068, 16.33463343089614 ], [ -96.429847279439016, 16.349432060735843 ], [ -96.430699479256731, 16.349209630505101 ], [ -96.441899078815865, 16.348076180147562 ], [ -96.454063320157346, 16.346837680131522 ], [ -96.456389779623777, 16.3645288211635 ], [ -96.456980478926852, 16.369754879693296 ], [ -96.458029460031867, 16.375875520915965 ], [ -96.456612909422404, 16.379551680847808 ], [ -96.4555812490661, 16.379458630102967 ], [ -96.45378293892405, 16.379296449563668 ], [ -96.451769979210312, 16.380851000039168 ], [ -96.445885939860815, 16.385394861300632 ], [ -96.445594150249278, 16.385620170394013 ], [ -96.437415649686088, 16.391927291083174 ], [ -96.437085628683846, 16.391802459580347 ], [ -96.430523879279576, 16.38932034028527 ], [ -96.42596233889995, 16.387594630718947 ], [ -96.420151969857358, 16.385347310050015 ], [ -96.418376798865353, 16.38463520031706 ], [ -96.41578553905039, 16.384293290241722 ], [ -96.415642460291494, 16.384240660367119 ] ] ] ] } }
]
}
